model,prompt_version,scoring_mode,matcher_version,language,category,threshold,n_gt_pos,n_gt_neg,tp,fp,fn,tn,precision,recall,specificity,accuracy,f1,fp_files,fn_files,flag_tp,flag_fp,flag_fn,flag_redundant,flag_precision,flag_recall,n_flags_at_or_above,n_flags_kept,n_flags_dropped,redundant_available
e2b_nothinking,v6,raw,mv1,ALL,PlatformMove,0.0,129,251,97,167,32,84,0.37,0.75,0.33,0.48,0.49,call;call;call;call;call;call;call;call;call;call;call;call;call;call;call;call;call;call;call;call;call;call;call;call;call;call;call;call;call;call;call;call;call;call;call;call;call;call;call;call;call;call;call;call;call;call;call;call;call;call;call;call;call;call;call;call;call;call;call;call;call;call;call;call;call;call;call;call;call;call;call;call;call;call;call;call;call;call;call;call;call;call;call;call;call;call;call;call;call;call;403927389;419887388;420599099;421372353;421661435;421956667;421961206;423163427;423219318;423324272;423562532;423662590;424793843;424880310;424950341;425134890;425141339;425392837;425627452;425778316;425908372;426076857;426101552;426107744;426108348;426126833;426127716;426195344;426204318;426432272;426460304;426565486;426582734;426591403;426593601;426600174;426604065;426608730;426610557;426620137;426633368;426636424;426636576;426648998;426649193;426652242;426848544;426848660;426855984;426863933;426864020;426864282;426864654;426864666;426865205;426865726;426865848;427012537;427012755;427018157;427030481;427035680;427037139;427303915;427305871;427305885;427305984;427306227;427306761;427307149;427307153;427307170;427307746;427308167;427310161;427313073;427314573,call;call;call;call;call;call;call;call;call;call;call;call;call;call;call;420511327;421888258;423505352;425476935;425656790;425939252;425971422;426023290;426303789;426377718;426439325;426534420;426593829;426634262;426639345;426649926;426657127,123,4580,67,,0.03,0.65,4703,4705,0,False
e2b_nothinking,v6,raw,mv1,ALL,PlatformMove,0.1,129,251,97,167,32,84,0.37,0.75,0.33,0.48,0.49,call;call;call;call;call;call;call;call;call;call;call;call;call;call;call;call;call;call;call;call;call;call;call;call;call;call;call;call;call;call;call;call;call;call;call;call;call;call;call;call;call;call;call;call;call;call;call;call;call;call;call;call;call;call;call;call;call;call;call;call;call;call;call;call;call;call;call;call;call;call;call;call;call;call;call;call;call;call;call;call;call;call;call;call;call;call;call;call;call;call;403927389;419887388;420599099;421372353;421661435;421956667;421961206;423163427;423219318;423324272;423562532;423662590;424793843;424880310;424950341;425134890;425141339;425392837;425627452;425778316;425908372;426076857;426101552;426107744;426108348;426126833;426127716;426195344;426204318;426432272;426460304;426565486;426582734;426591403;426593601;426600174;426604065;426608730;426610557;426620137;426633368;426636424;426636576;426648998;426649193;426652242;426848544;426848660;426855984;426863933;426864020;426864282;426864654;426864666;426865205;426865726;426865848;427012537;427012755;427018157;427030481;427035680;427037139;427303915;427305871;427305885;427305984;427306227;427306761;427307149;427307153;427307170;427307746;427308167;427310161;427313073;427314573,call;call;call;call;call;call;call;call;call;call;call;call;call;call;call;420511327;421888258;423505352;425476935;425656790;425939252;425971422;426023290;426303789;426377718;426439325;426534420;426593829;426634262;426639345;426649926;426657127,123,4580,67,,0.03,0.65,4703,4705,0,False
e2b_nothinking,v6,raw,mv1,ALL,PlatformMove,0.2,129,251,89,112,40,139,0.44,0.69,0.55,0.6,0.54,call;call;call;call;call;call;call;call;call;call;call;call;call;call;call;call;call;call;call;call;call;call;call;call;call;call;call;call;call;call;call;call;call;call;call;call;call;call;call;call;call;call;call;call;call;call;call;call;call;call;call;call;call;call;call;call;call;call;call;call;call;call;403927389;419887388;420599099;421372353;421961206;423219318;423324272;423562532;423662590;424880310;424950341;425134890;425141339;425778316;425908372;426076857;426101552;426107744;426127716;426432272;426460304;426565486;426582734;426591403;426593601;426600174;426610557;426620137;426636424;426636576;426652242;426848544;426855984;426864020;426864666;426865205;426865848;427012755;427018157;427030481;427035680;427037139;427305871;427305885;427305984;427307149;427307153;427307746;427308167;427314573,call;call;call;call;call;call;call;call;call;call;call;call;call;call;call;call;call;call;call;420511327;421888258;422797054;423505352;423978016;425476935;425656790;425939252;425971422;426023290;426252346;426303789;426377718;426439325;426534420;426583408;426593829;426634262;426639345;426649926;426657127,110,1481,80,,0.07,0.58,1591,4705,0,False
e2b_nothinking,v6,raw,mv1,ALL,PlatformMove,0.3,129,251,89,112,40,139,0.44,0.69,0.55,0.6,0.54,call;call;call;call;call;call;call;call;call;call;call;call;call;call;call;call;call;call;call;call;call;call;call;call;call;call;call;call;call;call;call;call;call;call;call;call;call;call;call;call;call;call;call;call;call;call;call;call;call;call;call;call;call;call;call;call;call;call;call;call;call;call;403927389;419887388;420599099;421372353;421961206;423219318;423324272;423562532;423662590;424880310;424950341;425134890;425141339;425778316;425908372;426076857;426101552;426107744;426127716;426432272;426460304;426565486;426582734;426591403;426593601;426600174;426610557;426620137;426636424;426636576;426652242;426848544;426855984;426864020;426864666;426865205;426865848;427012755;427018157;427030481;427035680;427037139;427305871;427305885;427305984;427307149;427307153;427307746;427308167;427314573,call;call;call;call;call;call;call;call;call;call;call;call;call;call;call;call;call;call;call;420511327;421888258;422797054;423505352;423978016;425476935;425656790;425939252;425971422;426023290;426252346;426303789;426377718;426439325;426534420;426583408;426593829;426634262;426639345;426649926;426657127,110,1477,80,,0.07,0.58,1587,4705,0,False
e2b_nothinking,v6,raw,mv1,ALL,PlatformMove,0.4,129,251,87,79,42,172,0.52,0.67,0.69,0.68,0.59,call;call;call;call;call;call;call;call;call;call;call;call;call;call;call;call;call;call;call;call;call;call;call;call;call;call;call;call;call;call;call;call;call;call;call;call;call;call;call;call;call;call;call;call;call;call;call;call;call;421372353;423219318;423324272;423562532;425134890;425141339;425908372;426101552;426107744;426432272;426460304;426582734;426593601;426600174;426610557;426620137;426636424;426636576;426848544;426855984;426864020;426864666;426865848;427030481;427035680;427305871;427305885;427305984;427308167;427314573,call;call;call;call;call;call;call;call;call;call;call;call;call;call;call;call;call;call;call;call;420511327;421888258;422797054;423505352;423978016;425476935;425656790;425939252;425971422;426023290;426252346;426303789;426377718;426439325;426534420;426573210;426583408;426593829;426634262;426639345;426649926;426657127,106,532,84,,0.17,0.56,638,4705,0,False
e2b_nothinking,v6,raw,mv1,ALL,PlatformMove,0.5,129,251,87,79,42,172,0.52,0.67,0.69,0.68,0.59,call;call;call;call;call;call;call;call;call;call;call;call;call;call;call;call;call;call;call;call;call;call;call;call;call;call;call;call;call;call;call;call;call;call;call;call;call;call;call;call;call;call;call;call;call;call;call;call;call;421372353;423219318;423324272;423562532;425134890;425141339;425908372;426101552;426107744;426432272;426460304;426582734;426593601;426600174;426610557;426620137;426636424;426636576;426848544;426855984;426864020;426864666;426865848;427030481;427035680;427305871;427305885;427305984;427308167;427314573,call;call;call;call;call;call;call;call;call;call;call;call;call;call;call;call;call;call;call;call;420511327;421888258;422797054;423505352;423978016;425476935;425656790;425939252;425971422;426023290;426252346;426303789;426377718;426439325;426534420;426573210;426583408;426593829;426634262;426639345;426649926;426657127,106,532,84,,0.17,0.56,638,4705,0,False
e2b_nothinking,v6,raw,mv1,ALL,PlatformMove,0.6,129,251,87,79,42,172,0.52,0.67,0.69,0.68,0.59,call;call;call;call;call;call;call;call;call;call;call;call;call;call;call;call;call;call;call;call;call;call;call;call;call;call;call;call;call;call;call;call;call;call;call;call;call;call;call;call;call;call;call;call;call;call;call;call;call;421372353;423219318;423324272;423562532;425134890;425141339;425908372;426101552;426107744;426432272;426460304;426582734;426593601;426600174;426610557;426620137;426636424;426636576;426848544;426855984;426864020;426864666;426865848;427030481;427035680;427305871;427305885;427305984;427308167;427314573,call;call;call;call;call;call;call;call;call;call;call;call;call;call;call;call;call;call;call;call;420511327;421888258;422797054;423505352;423978016;425476935;425656790;425939252;425971422;426023290;426252346;426303789;426377718;426439325;426534420;426573210;426583408;426593829;426634262;426639345;426649926;426657127,106,532,84,,0.17,0.56,638,4705,0,False
e2b_nothinking,v6,raw,mv1,ALL,PlatformMove,0.7,129,251,79,49,50,202,0.62,0.61,0.8,0.74,0.61,call;call;call;call;call;call;call;call;call;call;call;call;call;call;call;call;call;call;call;call;call;call;call;call;call;call;call;call;call;call;call;call;call;421372353;423324272;423562532;426101552;426582734;426600174;426610557;426620137;426636576;426864020;426864666;426865848;427030481;427035680;427308167;427314573,call;call;call;call;call;call;call;call;call;call;call;call;call;call;call;call;call;call;call;call;call;call;call;call;call;420511327;421888258;422797054;423505352;423887482;423978016;425476935;425656790;425912424;425939252;425971422;426023290;426252346;426303789;426377718;426439325;426534420;426573210;426583408;426593829;426634262;426639345;426642159;426649926;426657127,94,386,96,,0.2,0.49,480,4705,0,False
e2b_nothinking,v6,raw,mv1,ALL,PlatformMove,0.8,129,251,79,49,50,202,0.62,0.61,0.8,0.74,0.61,call;call;call;call;call;call;call;call;call;call;call;call;call;call;call;call;call;call;call;call;call;call;call;call;call;call;call;call;call;call;call;call;call;421372353;423324272;423562532;426101552;426582734;426600174;426610557;426620137;426636576;426864020;426864666;426865848;427030481;427035680;427308167;427314573,call;call;call;call;call;call;call;call;call;call;call;call;call;call;call;call;call;call;call;call;call;call;call;call;call;420511327;421888258;422797054;423505352;423887482;423978016;425476935;425656790;425912424;425939252;425971422;426023290;426252346;426303789;426377718;426439325;426534420;426573210;426583408;426593829;426634262;426639345;426642159;426649926;426657127,94,386,96,,0.2,0.49,480,4705,0,False
e2b_nothinking,v6,raw,mv1,ALL,PlatformMove,0.9,129,251,79,49,50,202,0.62,0.61,0.8,0.74,0.61,call;call;call;call;call;call;call;call;call;call;call;call;call;call;call;call;call;call;call;call;call;call;call;call;call;call;call;call;call;call;call;call;call;421372353;423324272;423562532;426101552;426582734;426600174;426610557;426620137;426636576;426864020;426864666;426865848;427030481;427035680;427308167;427314573,call;call;call;call;call;call;call;call;call;call;call;call;call;call;call;call;call;call;call;call;call;call;call;call;call;420511327;421888258;422797054;423505352;423887482;423978016;425476935;425656790;425912424;425939252;425971422;426023290;426252346;426303789;426377718;426439325;426534420;426573210;426583408;426593829;426634262;426639345;426642159;426649926;426657127,94,381,96,,0.2,0.49,475,4705,0,False
e2b_nothinking,v6,raw,mv1,ALL,PlatformMove,0.95,129,251,0,0,129,251,,0.0,1.0,0.66,,,call;call;call;call;call;call;call;call;call;call;call;call;call;call;call;call;call;call;call;call;call;call;call;call;call;call;call;call;call;call;call;call;call;call;call;call;call;call;call;call;call;call;call;call;call;call;call;call;call;call;call;call;call;call;call;call;call;call;call;call;call;call;call;call;call;call;call;call;call;call;call;call;call;call;call;call;call;420147298;420511327;421888258;422311857;422797054;423104500;423336284;423505352;423887482;423958539;423978016;424610958;424687669;425396309;425476935;425656790;425912424;425939252;425942168;425971422;426023290;426226216;426252346;426303789;426363836;426377718;426408577;426438311;426439325;426534420;426548691;426573210;426583408;426593829;426594432;426597928;426603278;426606195;426609609;426610860;426631751;426634262;426639345;426642159;426645015;426647598;426649926;426656120;426657127;426662883;426667318;426669005,0,0,190,,,0.0,0,4705,0,False
e2b_nothinking,v6,raw,mv1,ALL,PlatformMove,1.0,129,251,0,0,129,251,,0.0,1.0,0.66,,,call;call;call;call;call;call;call;call;call;call;call;call;call;call;call;call;call;call;call;call;call;call;call;call;call;call;call;call;call;call;call;call;call;call;call;call;call;call;call;call;call;call;call;call;call;call;call;call;call;call;call;call;call;call;call;call;call;call;call;call;call;call;call;call;call;call;call;call;call;call;call;call;call;call;call;call;call;420147298;420511327;421888258;422311857;422797054;423104500;423336284;423505352;423887482;423958539;423978016;424610958;424687669;425396309;425476935;425656790;425912424;425939252;425942168;425971422;426023290;426226216;426252346;426303789;426363836;426377718;426408577;426438311;426439325;426534420;426548691;426573210;426583408;426593829;426594432;426597928;426603278;426606195;426609609;426610860;426631751;426634262;426639345;426642159;426645015;426647598;426649926;426656120;426657127;426662883;426667318;426669005,0,0,190,,,0.0,0,4705,0,False
e2b_nothinking,v6,raw,mv1,ALL,PlatformMove,none,129,251,98,167,31,84,0.37,0.76,0.33,0.48,0.5,call;call;call;call;call;call;call;call;call;call;call;call;call;call;call;call;call;call;call;call;call;call;call;call;call;call;call;call;call;call;call;call;call;call;call;call;call;call;call;call;call;call;call;call;call;call;call;call;call;call;call;call;call;call;call;call;call;call;call;call;call;call;call;call;call;call;call;call;call;call;call;call;call;call;call;call;call;call;call;call;call;call;call;call;call;call;call;call;call;call;403927389;419887388;420599099;421372353;421661435;421956667;421961206;423163427;423219318;423324272;423562532;423662590;424793843;424880310;424950341;425134890;425141339;425392837;425627452;425778316;425908372;426076857;426101552;426107744;426108348;426126833;426127716;426195344;426204318;426432272;426460304;426565486;426582734;426591403;426593601;426600174;426604065;426608730;426610557;426620137;426633368;426636424;426636576;426648998;426649193;426652242;426848544;426848660;426855984;426863933;426864020;426864282;426864654;426864666;426865205;426865726;426865848;427012537;427012755;427018157;427030481;427035680;427037139;427303915;427305871;427305885;427305984;427306227;427306761;427307149;427307153;427307170;427307746;427308167;427310161;427313073;427314573,call;call;call;call;call;call;call;call;call;call;call;call;call;call;call;420511327;421888258;423505352;425476935;425656790;425939252;425971422;426023290;426303789;426439325;426534420;426593829;426634262;426639345;426649926;426657127,124,4581,66,,0.03,0.65,4705,4705,0,False
e2b_nothinking,v6,raw,mv1,ALL,SuspiciousActivity,0.0,70,310,54,131,16,179,0.29,0.77,0.58,0.61,0.42,call;call;call;call;call;call;call;call;call;call;call;call;call;call;call;call;call;call;call;call;call;call;call;call;call;call;call;call;call;call;call;call;call;call;call;call;call;call;call;call;call;call;call;call;call;call;call;call;call;call;call;call;call;call;call;call;call;call;call;call;call;call;call;call;call;call;call;call;call;call;call;call;call;call;403927389;420147298;420511327;420599099;421372353;421888258;423219318;423324272;423562532;423662590;424880310;425656790;425908372;425912424;425939252;425971422;426076857;426107744;426204318;426226216;426252346;426303789;426432272;426439325;426573210;426582734;426583408;426591403;426593601;426603278;426608730;426609609;426620137;426631751;426633368;426636576;426639345;426645015;426647598;426648998;426652242;426656120;426657127;426848544;426848660;426855984;426864282;426864654;427035680;427037139;427305871;427305885;427305984;427307149;427307153;427307746;427308167,call;call;call;call;call;call;call;call;423163427;423887482;424610958;426023290;426480223;426534420;426610860;427306879,63,801,29,,0.07,0.68,864,864,0,False
e2b_nothinking,v6,raw,mv1,ALL,SuspiciousActivity,0.1,70,310,54,131,16,179,0.29,0.77,0.58,0.61,0.42,call;call;call;call;call;call;call;call;call;call;call;call;call;call;call;call;call;call;call;call;call;call;call;call;call;call;call;call;call;call;call;call;call;call;call;call;call;call;call;call;call;call;call;call;call;call;call;call;call;call;call;call;call;call;call;call;call;call;call;call;call;call;call;call;call;call;call;call;call;call;call;call;call;call;403927389;420147298;420511327;420599099;421372353;421888258;423219318;423324272;423562532;423662590;424880310;425656790;425908372;425912424;425939252;425971422;426076857;426107744;426204318;426226216;426252346;426303789;426432272;426439325;426573210;426582734;426583408;426591403;426593601;426603278;426608730;426609609;426620137;426631751;426633368;426636576;426639345;426645015;426647598;426648998;426652242;426656120;426657127;426848544;426848660;426855984;426864282;426864654;427035680;427037139;427305871;427305885;427305984;427307149;427307153;427307746;427308167,call;call;call;call;call;call;call;call;423163427;423887482;424610958;426023290;426480223;426534420;426610860;427306879,63,801,29,,0.07,0.68,864,864,0,False
e2b_nothinking,v6,raw,mv1,ALL,SuspiciousActivity,0.2,70,310,51,122,19,188,0.29,0.73,0.61,0.63,0.42,call;call;call;call;call;call;call;call;call;call;call;call;call;call;call;call;call;call;call;call;call;call;call;call;call;call;call;call;call;call;call;call;call;call;call;call;call;call;call;call;call;call;call;call;call;call;call;call;call;call;call;call;call;call;call;call;call;call;call;call;call;call;call;call;call;call;call;403927389;420147298;420511327;420599099;421372353;421888258;423219318;423324272;423562532;423662590;424880310;425656790;425908372;425912424;425939252;425971422;426076857;426107744;426204318;426226216;426252346;426303789;426432272;426439325;426573210;426582734;426583408;426593601;426603278;426608730;426609609;426620137;426631751;426633368;426636576;426639345;426645015;426647598;426648998;426652242;426656120;426657127;426848544;426848660;426855984;426864282;426864654;427037139;427305871;427305885;427305984;427307149;427307153;427307746;427308167,call;call;call;call;call;call;call;call;call;call;422797054;423163427;423887482;424610958;426023290;426480223;426534420;426610860;427306879,57,586,35,,0.09,0.62,643,864,0,False
e2b_nothinking,v6,raw,mv1,ALL,SuspiciousActivity,0.3,70,310,51,122,19,188,0.29,0.73,0.61,0.63,0.42,call;call;call;call;call;call;call;call;call;call;call;call;call;call;call;call;call;call;call;call;call;call;call;call;call;call;call;call;call;call;call;call;call;call;call;call;call;call;call;call;call;call;call;call;call;call;call;call;call;call;call;call;call;call;call;call;call;call;call;call;call;call;call;call;call;call;call;403927389;420147298;420511327;420599099;421372353;421888258;423219318;423324272;423562532;423662590;424880310;425656790;425908372;425912424;425939252;425971422;426076857;426107744;426204318;426226216;426252346;426303789;426432272;426439325;426573210;426582734;426583408;426593601;426603278;426608730;426609609;426620137;426631751;426633368;426636576;426639345;426645015;426647598;426648998;426652242;426656120;426657127;426848544;426848660;426855984;426864282;426864654;427037139;427305871;427305885;427305984;427307149;427307153;427307746;427308167,call;call;call;call;call;call;call;call;call;call;422797054;423163427;423887482;424610958;426023290;426480223;426534420;426610860;427306879,57,586,35,,0.09,0.62,643,864,0,False
e2b_nothinking,v6,raw,mv1,ALL,SuspiciousActivity,0.4,70,310,51,90,19,220,0.36,0.73,0.71,0.71,0.48,call;call;call;call;call;call;call;call;call;call;call;call;call;call;call;call;call;call;call;call;call;call;call;call;call;call;call;call;call;call;call;call;call;call;call;call;call;call;call;call;call;call;call;call;call;call;call;call;call;call;403927389;420147298;420511327;421372353;421888258;423219318;423562532;423662590;424880310;425656790;425908372;425939252;425971422;426076857;426107744;426226216;426252346;426303789;426432272;426573210;426582734;426583408;426593601;426603278;426608730;426620137;426636576;426639345;426645015;426648998;426652242;426656120;426657127;426848660;426864654;427305871;427307149;427307153;427307746;427308167,call;call;call;call;call;call;call;call;call;call;422797054;423163427;423887482;424610958;426023290;426480223;426534420;426610860;427306879,57,322,35,,0.15,0.62,379,864,0,False
e2b_nothinking,v6,raw,mv1,ALL,SuspiciousActivity,0.5,70,310,51,90,19,220,0.36,0.73,0.71,0.71,0.48,call;call;call;call;call;call;call;call;call;call;call;call;call;call;call;call;call;call;call;call;call;call;call;call;call;call;call;call;call;call;call;call;call;call;call;call;call;call;call;call;call;call;call;call;call;call;call;call;call;call;403927389;420147298;420511327;421372353;421888258;423219318;423562532;423662590;424880310;425656790;425908372;425939252;425971422;426076857;426107744;426226216;426252346;426303789;426432272;426573210;426582734;426583408;426593601;426603278;426608730;426620137;426636576;426639345;426645015;426648998;426652242;426656120;426657127;426848660;426864654;427305871;427307149;427307153;427307746;427308167,call;call;call;call;call;call;call;call;call;call;422797054;423163427;423887482;424610958;426023290;426480223;426534420;426610860;427306879,57,322,35,,0.15,0.62,379,864,0,False
e2b_nothinking,v6,raw,mv1,ALL,SuspiciousActivity,0.6,70,310,51,90,19,220,0.36,0.73,0.71,0.71,0.48,call;call;call;call;call;call;call;call;call;call;call;call;call;call;call;call;call;call;call;call;call;call;call;call;call;call;call;call;call;call;call;call;call;call;call;call;call;call;call;call;call;call;call;call;call;call;call;call;call;call;403927389;420147298;420511327;421372353;421888258;423219318;423562532;423662590;424880310;425656790;425908372;425939252;425971422;426076857;426107744;426226216;426252346;426303789;426432272;426573210;426582734;426583408;426593601;426603278;426608730;426620137;426636576;426639345;426645015;426648998;426652242;426656120;426657127;426848660;426864654;427305871;427307149;427307153;427307746;427308167,call;call;call;call;call;call;call;call;call;call;422797054;423163427;423887482;424610958;426023290;426480223;426534420;426610860;427306879,57,322,35,,0.15,0.62,379,864,0,False
e2b_nothinking,v6,raw,mv1,ALL,SuspiciousActivity,0.7,70,310,30,31,40,279,0.49,0.43,0.9,0.81,0.46,call;call;call;call;call;call;call;call;call;call;call;call;call;call;call;call;call;call;call;424880310;425656790;425939252;426226216;426252346;426303789;426573210;426608730;426636576;426656120;426657127;427308167,call;call;call;call;call;call;call;call;call;call;call;call;call;call;call;call;call;call;call;call;call;call;call;call;call;call;422311857;422797054;423163427;423887482;424154820;424610958;425778316;426023290;426480223;426534420;426548691;426597928;426610860;427306879,34,109,58,,0.24,0.37,143,864,0,False
e2b_nothinking,v6,raw,mv1,ALL,SuspiciousActivity,0.8,70,310,29,30,41,280,0.49,0.41,0.9,0.81,0.45,call;call;call;call;call;call;call;call;call;call;call;call;call;call;call;call;call;call;424880310;425656790;425939252;426226216;426252346;426303789;426573210;426608730;426636576;426656120;426657127;427308167,call;call;call;call;call;call;call;call;call;call;call;call;call;call;call;call;call;call;call;call;call;call;call;call;call;call;call;422311857;422797054;423163427;423887482;424154820;424610958;425778316;426023290;426480223;426534420;426548691;426597928;426610860;427306879,33,107,59,,0.24,0.36,140,864,0,False
e2b_nothinking,v6,raw,mv1,ALL,SuspiciousActivity,0.9,70,310,27,24,43,286,0.53,0.39,0.92,0.82,0.45,call;call;call;call;call;call;call;call;call;call;call;call;call;call;call;424880310;425656790;425939252;426226216;426252346;426303789;426608730;426636576;426657127,call;call;call;call;call;call;call;call;call;call;call;call;call;call;call;call;call;call;call;call;call;call;call;call;call;call;call;call;422311857;422797054;423163427;423887482;424154820;424610958;425778316;426023290;426480223;426534420;426548691;426597928;426610860;426642159;427306879,31,95,61,,0.25,0.34,126,864,0,False
e2b_nothinking,v6,raw,mv1,ALL,SuspiciousActivity,0.95,70,310,0,0,70,310,,0.0,1.0,0.82,,,call;call;call;call;call;call;call;call;call;call;call;call;call;call;call;call;call;call;call;call;call;call;call;call;call;call;call;call;call;call;call;call;call;call;call;call;call;call;call;call;call;call;call;call;422311857;422797054;423104500;423163427;423336284;423887482;423978016;424154820;424610958;424687669;425396309;425476935;425778316;426023290;426377718;426408577;426480223;426534420;426548691;426578327;426593829;426597928;426606195;426610860;426642159;427306879,0,0,92,,,0.0,0,864,0,False
e2b_nothinking,v6,raw,mv1,ALL,SuspiciousActivity,1.0,70,310,0,0,70,310,,0.0,1.0,0.82,,,call;call;call;call;call;call;call;call;call;call;call;call;call;call;call;call;call;call;call;call;call;call;call;call;call;call;call;call;call;call;call;call;call;call;call;call;call;call;call;call;call;call;call;call;422311857;422797054;423104500;423163427;423336284;423887482;423978016;424154820;424610958;424687669;425396309;425476935;425778316;426023290;426377718;426408577;426480223;426534420;426548691;426578327;426593829;426597928;426606195;426610860;426642159;427306879,0,0,92,,,0.0,0,864,0,False
e2b_nothinking,v6,raw,mv1,ALL,SuspiciousActivity,none,70,310,54,131,16,179,0.29,0.77,0.58,0.61,0.42,call;call;call;call;call;call;call;call;call;call;call;call;call;call;call;call;call;call;call;call;call;call;call;call;call;call;call;call;call;call;call;call;call;call;call;call;call;call;call;call;call;call;call;call;call;call;call;call;call;call;call;call;call;call;call;call;call;call;call;call;call;call;call;call;call;call;call;call;call;call;call;call;call;call;403927389;420147298;420511327;420599099;421372353;421888258;423219318;423324272;423562532;423662590;424880310;425656790;425908372;425912424;425939252;425971422;426076857;426107744;426204318;426226216;426252346;426303789;426432272;426439325;426573210;426582734;426583408;426591403;426593601;426603278;426608730;426609609;426620137;426631751;426633368;426636576;426639345;426645015;426647598;426648998;426652242;426656120;426657127;426848544;426848660;426855984;426864282;426864654;427035680;427037139;427305871;427305885;427305984;427307149;427307153;427307746;427308167,call;call;call;call;call;call;call;call;423163427;423887482;424610958;426023290;426480223;426534420;426610860;427306879,63,801,29,,0.07,0.68,864,864,0,False
e2b_nothinking,v6,raw,mv1,ALL,Explicit-Flirting,0.0,112,268,60,104,52,164,0.37,0.54,0.61,0.59,0.43,call;call;call;call;call;call;call;call;call;call;call;call;call;call;call;call;call;call;call;call;call;call;call;call;call;call;call;call;call;call;call;call;call;call;call;call;call;call;call;call;call;call;call;call;call;call;call;call;call;call;call;call;call;call;call;call;call;call;call;call;call;403927389;419887388;420147298;420511327;420599099;421372353;421956667;423219318;423324272;423505352;423958539;424610958;425396309;425627452;425939252;425971422;426076857;426107744;426303789;426408577;426573210;426583408;426597928;426600174;426603278;426636576;426645015;426647598;426656120;426848660;426855984;426857244;426863933;426865726;427012755;427018157;427303915;427305984;427307149;427307153;427308167;427313073;427314573,call;call;call;call;call;call;call;call;call;call;call;call;call;call;call;call;call;call;call;call;call;call;call;call;call;call;call;call;422797054;423887482;424687669;424950341;425392837;425476935;426108828;426252346;426377718;426537197;426565486;426573512;426593829;426606195;426634262;426636424;426648998;426667318;426848544;426853539;427012537;427306227;427306761;427307746,73,969,155,,0.07,0.32,1042,1042,0,False
e2b_nothinking,v6,raw,mv1,ALL,Explicit-Flirting,0.1,112,268,60,104,52,164,0.37,0.54,0.61,0.59,0.43,call;call;call;call;call;call;call;call;call;call;call;call;call;call;call;call;call;call;call;call;call;call;call;call;call;call;call;call;call;call;call;call;call;call;call;call;call;call;call;call;call;call;call;call;call;call;call;call;call;call;call;call;call;call;call;call;call;call;call;call;call;403927389;419887388;420147298;420511327;420599099;421372353;421956667;423219318;423324272;423505352;423958539;424610958;425396309;425627452;425939252;425971422;426076857;426107744;426303789;426408577;426573210;426583408;426597928;426600174;426603278;426636576;426645015;426647598;426656120;426848660;426855984;426857244;426863933;426865726;427012755;427018157;427303915;427305984;427307149;427307153;427308167;427313073;427314573,call;call;call;call;call;call;call;call;call;call;call;call;call;call;call;call;call;call;call;call;call;call;call;call;call;call;call;call;422797054;423887482;424687669;424950341;425392837;425476935;426108828;426252346;426377718;426537197;426565486;426573512;426593829;426606195;426634262;426636424;426648998;426667318;426848544;426853539;427012537;427306227;427306761;427307746,73,969,155,,0.07,0.32,1042,1042,0,False
e2b_nothinking,v6,raw,mv1,ALL,Explicit-Flirting,0.2,112,268,50,87,62,181,0.36,0.45,0.68,0.61,0.4,call;call;call;call;call;call;call;call;call;call;call;call;call;call;call;call;call;call;call;call;call;call;call;call;call;call;call;call;call;call;call;call;call;call;call;call;call;call;call;call;call;call;call;call;call;call;call;call;call;call;419887388;420147298;420511327;421372353;421956667;423219318;423324272;423505352;423958539;424610958;425627452;425939252;425971422;426076857;426107744;426303789;426408577;426573210;426583408;426597928;426600174;426603278;426636576;426645015;426647598;426656120;426848660;426855984;426857244;426863933;426865726;427012755;427018157;427303915;427307149;427308167;427314573,call;call;call;call;call;call;call;call;call;call;call;call;call;call;call;call;call;call;call;call;call;call;call;call;call;call;call;call;call;call;call;call;421661435;422797054;423887482;424687669;424950341;425392837;425476935;425912424;426108828;426252346;426377718;426432272;426537197;426565486;426573512;426591403;426593829;426606195;426634262;426636424;426648998;426649193;426652242;426667318;426848544;426853539;427012537;427306227;427306761;427307746,62,613,166,,0.09,0.27,675,1042,0,False
e2b_nothinking,v6,raw,mv1,ALL,Explicit-Flirting,0.3,112,268,50,87,62,181,0.36,0.45,0.68,0.61,0.4,call;call;call;call;call;call;call;call;call;call;call;call;call;call;call;call;call;call;call;call;call;call;call;call;call;call;call;call;call;call;call;call;call;call;call;call;call;call;call;call;call;call;call;call;call;call;call;call;call;call;419887388;420147298;420511327;421372353;421956667;423219318;423324272;423505352;423958539;424610958;425627452;425939252;425971422;426076857;426107744;426303789;426408577;426573210;426583408;426597928;426600174;426603278;426636576;426645015;426647598;426656120;426848660;426855984;426857244;426863933;426865726;427012755;427018157;427303915;427307149;427308167;427314573,call;call;call;call;call;call;call;call;call;call;call;call;call;call;call;call;call;call;call;call;call;call;call;call;call;call;call;call;call;call;call;call;421661435;422797054;423887482;424687669;424950341;425392837;425476935;425912424;426108828;426252346;426377718;426432272;426537197;426565486;426573512;426591403;426593829;426606195;426634262;426636424;426648998;426649193;426652242;426667318;426848544;426853539;427012537;427306227;427306761;427307746,62,613,166,,0.09,0.27,675,1042,0,False
e2b_nothinking,v6,raw,mv1,ALL,Explicit-Flirting,0.4,112,268,43,60,69,208,0.42,0.38,0.78,0.66,0.4,call;call;call;call;call;call;call;call;call;call;call;call;call;call;call;call;call;call;call;call;call;call;call;call;call;call;call;call;call;call;call;call;call;call;call;call;419887388;420147298;421372353;421956667;423219318;423958539;425627452;425939252;425971422;426076857;426303789;426408577;426573210;426583408;426597928;426600174;426636576;426647598;426656120;426848660;426857244;426863933;427012755;427018157,call;call;call;call;call;call;call;call;call;call;call;call;call;call;call;call;call;call;call;call;call;call;call;call;call;call;call;call;call;call;call;call;call;call;421661435;422797054;423887482;424687669;424793843;424950341;425134890;425392837;425476935;425912424;426108828;426127716;426252346;426377718;426432272;426480223;426534420;426537197;426565486;426573512;426591403;426593829;426606195;426634262;426636424;426648998;426649193;426652242;426667318;426848544;426853539;427012537;427306227;427306761;427307746,53,333,175,,0.14,0.23,386,1042,0,False
e2b_nothinking,v6,raw,mv1,ALL,Explicit-Flirting,0.5,112,268,43,60,69,208,0.42,0.38,0.78,0.66,0.4,call;call;call;call;call;call;call;call;call;call;call;call;call;call;call;call;call;call;call;call;call;call;call;call;call;call;call;call;call;call;call;call;call;call;call;call;419887388;420147298;421372353;421956667;423219318;423958539;425627452;425939252;425971422;426076857;426303789;426408577;426573210;426583408;426597928;426600174;426636576;426647598;426656120;426848660;426857244;426863933;427012755;427018157,call;call;call;call;call;call;call;call;call;call;call;call;call;call;call;call;call;call;call;call;call;call;call;call;call;call;call;call;call;call;call;call;call;call;421661435;422797054;423887482;424687669;424793843;424950341;425134890;425392837;425476935;425912424;426108828;426127716;426252346;426377718;426432272;426480223;426534420;426537197;426565486;426573512;426591403;426593829;426606195;426634262;426636424;426648998;426649193;426652242;426667318;426848544;426853539;427012537;427306227;427306761;427307746,53,333,175,,0.14,0.23,386,1042,0,False
e2b_nothinking,v6,raw,mv1,ALL,Explicit-Flirting,0.6,112,268,43,60,69,208,0.42,0.38,0.78,0.66,0.4,call;call;call;call;call;call;call;call;call;call;call;call;call;call;call;call;call;call;call;call;call;call;call;call;call;call;call;call;call;call;call;call;call;call;call;call;419887388;420147298;421372353;421956667;423219318;423958539;425627452;425939252;425971422;426076857;426303789;426408577;426573210;426583408;426597928;426600174;426636576;426647598;426656120;426848660;426857244;426863933;427012755;427018157,call;call;call;call;call;call;call;call;call;call;call;call;call;call;call;call;call;call;call;call;call;call;call;call;call;call;call;call;call;call;call;call;call;call;421661435;422797054;423887482;424687669;424793843;424950341;425134890;425392837;425476935;425912424;426108828;426127716;426252346;426377718;426432272;426480223;426534420;426537197;426565486;426573512;426591403;426593829;426606195;426634262;426636424;426648998;426649193;426652242;426667318;426848544;426853539;427012537;427306227;427306761;427307746,53,333,175,,0.14,0.23,386,1042,0,False
e2b_nothinking,v6,raw,mv1,ALL,Explicit-Flirting,0.7,112,268,32,32,80,236,0.5,0.29,0.88,0.71,0.36,call;call;call;call;call;call;call;call;call;call;call;call;call;call;call;call;call;call;call;call;420147298;421372353;421956667;423958539;426408577;426573210;426583408;426597928;426636576;426647598;426848660;427018157,call;call;call;call;call;call;call;call;call;call;call;call;call;call;call;call;call;call;call;call;call;call;call;call;call;call;call;call;call;call;call;call;call;call;call;call;call;call;call;call;421661435;422797054;423887482;424687669;424793843;424950341;425134890;425392837;425476935;425656790;425912424;425942168;426108828;426127716;426252346;426377718;426432272;426480223;426534420;426537197;426565486;426573512;426591403;426593829;426606195;426620137;426634262;426636424;426648998;426649193;426652242;426662883;426667318;426848544;426853539;427012375;427012537;427306227;427306761;427307746,38,152,190,,0.2,0.17,190,1042,0,False
e2b_nothinking,v6,raw,mv1,ALL,Explicit-Flirting,0.8,112,268,32,31,80,237,0.51,0.29,0.88,0.71,0.37,call;call;call;call;call;call;call;call;call;call;call;call;call;call;call;call;call;call;call;420147298;421372353;421956667;423958539;426408577;426573210;426583408;426597928;426636576;426647598;426848660;427018157,call;call;call;call;call;call;call;call;call;call;call;call;call;call;call;call;call;call;call;call;call;call;call;call;call;call;call;call;call;call;call;call;call;call;call;call;call;call;call;call;421661435;422797054;423887482;424687669;424793843;424950341;425134890;425392837;425476935;425656790;425912424;425942168;426108828;426127716;426252346;426377718;426432272;426480223;426534420;426537197;426565486;426573512;426591403;426593829;426606195;426620137;426634262;426636424;426648998;426649193;426652242;426662883;426667318;426848544;426853539;427012375;427012537;427306227;427306761;427307746,38,151,190,,0.2,0.17,189,1042,0,False
e2b_nothinking,v6,raw,mv1,ALL,Explicit-Flirting,0.9,112,268,31,30,81,238,0.51,0.28,0.89,0.71,0.36,call;call;call;call;call;call;call;call;call;call;call;call;call;call;call;call;call;call;420147298;421372353;421956667;423958539;426408577;426573210;426583408;426597928;426636576;426647598;426848660;427018157,call;call;call;call;call;call;call;call;call;call;call;call;call;call;call;call;call;call;call;call;call;call;call;call;call;call;call;call;call;call;call;call;call;call;call;call;call;call;call;call;421661435;422797054;423887482;424687669;424793843;424950341;425134890;425392837;425476935;425656790;425912424;425942168;426108828;426127716;426252346;426377718;426432272;426480223;426534420;426537197;426565486;426573512;426591403;426593829;426604065;426606195;426620137;426634262;426636424;426648998;426649193;426652242;426662883;426667318;426848544;426853539;427012375;427012537;427306227;427306761;427307746,37,146,191,,0.2,0.16,183,1042,0,False
e2b_nothinking,v6,raw,mv1,ALL,Explicit-Flirting,0.95,112,268,0,0,112,268,,0.0,1.0,0.71,,,call;call;call;call;call;call;call;call;call;call;call;call;call;call;call;call;call;call;call;call;call;call;call;call;call;call;call;call;call;call;call;call;call;call;call;call;call;call;call;call;call;call;call;call;call;call;call;call;call;call;call;call;call;call;421661435;421961206;422311857;422797054;423662590;423887482;424687669;424793843;424880310;424950341;425134890;425141339;425392837;425476935;425656790;425778316;425908372;425912424;425942168;426108828;426126833;426127716;426252346;426363836;426377718;426432272;426460304;426480223;426534420;426537197;426548691;426565486;426573512;426582734;426591403;426593601;426593829;426604065;426606195;426610860;426620137;426631751;426633368;426634262;426636424;426642159;426648998;426649193;426652242;426662883;426667318;426848544;426853539;427012375;427012537;427306227;427306761;427307746,0,0,228,,,0.0,0,1042,0,False
e2b_nothinking,v6,raw,mv1,ALL,Explicit-Flirting,1.0,112,268,0,0,112,268,,0.0,1.0,0.71,,,call;call;call;call;call;call;call;call;call;call;call;call;call;call;call;call;call;call;call;call;call;call;call;call;call;call;call;call;call;call;call;call;call;call;call;call;call;call;call;call;call;call;call;call;call;call;call;call;call;call;call;call;call;call;421661435;421961206;422311857;422797054;423662590;423887482;424687669;424793843;424880310;424950341;425134890;425141339;425392837;425476935;425656790;425778316;425908372;425912424;425942168;426108828;426126833;426127716;426252346;426363836;426377718;426432272;426460304;426480223;426534420;426537197;426548691;426565486;426573512;426582734;426591403;426593601;426593829;426604065;426606195;426610860;426620137;426631751;426633368;426634262;426636424;426642159;426648998;426649193;426652242;426662883;426667318;426848544;426853539;427012375;427012537;427306227;427306761;427307746,0,0,228,,,0.0,0,1042,0,False
e2b_nothinking,v6,raw,mv1,ALL,Explicit-Flirting,none,112,268,60,104,52,164,0.37,0.54,0.61,0.59,0.43,call;call;call;call;call;call;call;call;call;call;call;call;call;call;call;call;call;call;call;call;call;call;call;call;call;call;call;call;call;call;call;call;call;call;call;call;call;call;call;call;call;call;call;call;call;call;call;call;call;call;call;call;call;call;call;call;call;call;call;call;call;403927389;419887388;420147298;420511327;420599099;421372353;421956667;423219318;423324272;423505352;423958539;424610958;425396309;425627452;425939252;425971422;426076857;426107744;426303789;426408577;426573210;426583408;426597928;426600174;426603278;426636576;426645015;426647598;426656120;426848660;426855984;426857244;426863933;426865726;427012755;427018157;427303915;427305984;427307149;427307153;427308167;427313073;427314573,call;call;call;call;call;call;call;call;call;call;call;call;call;call;call;call;call;call;call;call;call;call;call;call;call;call;call;call;422797054;423887482;424687669;424950341;425392837;425476935;426108828;426252346;426377718;426537197;426565486;426573512;426593829;426606195;426634262;426636424;426648998;426667318;426848544;426853539;427012537;427306227;427306761;427307746,73,969,155,,0.07,0.32,1042,1042,0,False
e2b_nothinking,v6,raw,mv1,ALL,ALL,0.0,213,167,158,113,55,54,0.58,0.74,0.32,0.56,0.65,call;call;call;call;call;call;call;call;call;call;call;call;call;call;call;call;call;call;call;call;call;call;call;call;call;call;call;call;call;call;call;call;call;call;call;call;call;call;call;call;call;call;call;call;call;call;call;call;call;call;call;call;call;call;call;call;call;call;call;call;call;call;403927389;419887388;420599099;421372353;421956667;423219318;423324272;423562532;425627452;426076857;426100823;426101552;426107744;426108348;426195344;426202313;426204264;426204318;426600174;426608730;426610557;426636576;426848660;426855984;426857244;426863933;426864020;426864282;426864654;426864666;426865205;426865726;426865848;427012373;427012755;427018157;427030481;427035680;427037139;427303915;427305871;427305885;427305984;427306937;427307149;427307153;427307170;427308167;427310161;427313073;427314573,call;call;call;call;call;call;call;call;call;call;call;call;call;call;call;call;call;call;call;call;call;call;call;call;call;call;call;420511327;421888258;423163427;423505352;424950341;425392837;425939252;425971422;426023290;426108828;426303789;426439325;426537197;426565486;426573512;426634262;426636424;426639345;426648998;426649926;426657127;426848544;426853539;427012537;427306227;427306761;427306879;427307746,260,8044,250,,0.03,0.51,8304,9000,0,False
e2b_nothinking,v6,raw,mv1,ALL,ALL,0.1,213,167,158,113,55,54,0.58,0.74,0.32,0.56,0.65,call;call;call;call;call;call;call;call;call;call;call;call;call;call;call;call;call;call;call;call;call;call;call;call;call;call;call;call;call;call;call;call;call;call;call;call;call;call;call;call;call;call;call;call;call;call;call;call;call;call;call;call;call;call;call;call;call;call;call;call;call;call;403927389;419887388;420599099;421372353;421956667;423219318;423324272;423562532;425627452;426076857;426100823;426101552;426107744;426108348;426195344;426202313;426204264;426204318;426600174;426608730;426610557;426636576;426848660;426855984;426857244;426863933;426864020;426864282;426864654;426864666;426865205;426865726;426865848;427012373;427012755;427018157;427030481;427035680;427037139;427303915;427305871;427305885;427305984;427306937;427307149;427307153;427307170;427308167;427310161;427313073;427314573,call;call;call;call;call;call;call;call;call;call;call;call;call;call;call;call;call;call;call;call;call;call;call;call;call;call;call;420511327;421888258;423163427;423505352;424950341;425392837;425939252;425971422;426023290;426108828;426303789;426439325;426537197;426565486;426573512;426634262;426636424;426639345;426648998;426649926;426657127;426848544;426853539;427012537;427306227;427306761;427306879;427307746,260,7913,250,,0.03,0.51,8173,9000,0,False
e2b_nothinking,v6,raw,mv1,ALL,ALL,0.2,213,167,145,97,68,70,0.6,0.68,0.42,0.57,0.64,call;call;call;call;call;call;call;call;call;call;call;call;call;call;call;call;call;call;call;call;call;call;call;call;call;call;call;call;call;call;call;call;call;call;call;call;call;call;call;call;call;call;call;call;call;call;call;call;call;call;call;call;call;403927389;419887388;420599099;421372353;421956667;423219318;423324272;423562532;425627452;426076857;426100823;426101552;426107744;426204318;426600174;426608730;426610557;426636576;426848660;426855984;426857244;426863933;426864020;426864282;426864654;426864666;426865205;426865726;426865848;427012755;427018157;427030481;427035680;427037139;427303915;427305871;427305885;427305984;427306937;427307149;427307153;427308167;427313073;427314573,call;call;call;call;call;call;call;call;call;call;call;call;call;call;call;call;call;call;call;call;call;call;call;call;call;call;call;call;call;call;call;call;420511327;421661435;421888258;422797054;423163427;423505352;424950341;425392837;425939252;425971422;426023290;426108828;426252346;426303789;426432272;426439325;426537197;426565486;426573512;426583408;426591403;426634262;426636424;426639345;426648998;426649193;426649926;426652242;426657127;426848544;426853539;427012537;427306227;427306761;427306879;427307746,230,3622,280,,0.06,0.45,3852,9000,0,False
e2b_nothinking,v6,raw,mv1,ALL,ALL,0.3,213,167,145,97,68,70,0.6,0.68,0.42,0.57,0.64,call;call;call;call;call;call;call;call;call;call;call;call;call;call;call;call;call;call;call;call;call;call;call;call;call;call;call;call;call;call;call;call;call;call;call;call;call;call;call;call;call;call;call;call;call;call;call;call;call;call;call;call;call;403927389;419887388;420599099;421372353;421956667;423219318;423324272;423562532;425627452;426076857;426100823;426101552;426107744;426204318;426600174;426608730;426610557;426636576;426848660;426855984;426857244;426863933;426864020;426864282;426864654;426864666;426865205;426865726;426865848;427012755;427018157;427030481;427035680;427037139;427303915;427305871;427305885;427305984;427306937;427307149;427307153;427308167;427313073;427314573,call;call;call;call;call;call;call;call;call;call;call;call;call;call;call;call;call;call;call;call;call;call;call;call;call;call;call;call;call;call;call;call;420511327;421661435;421888258;422797054;423163427;423505352;424950341;425392837;425939252;425971422;426023290;426108828;426252346;426303789;426432272;426439325;426537197;426565486;426573512;426583408;426591403;426634262;426636424;426639345;426648998;426649193;426649926;426652242;426657127;426848544;426853539;427012537;427306227;427306761;427306879;427307746,230,3618,280,,0.06,0.45,3848,9000,0,False
e2b_nothinking,v6,raw,mv1,ALL,ALL,0.4,213,167,136,70,77,97,0.66,0.64,0.58,0.61,0.65,call;call;call;call;call;call;call;call;call;call;call;call;call;call;call;call;call;call;call;call;call;call;call;call;call;call;call;call;call;call;call;call;call;call;call;call;403927389;419887388;421372353;421956667;423219318;423324272;423562532;425627452;426076857;426101552;426107744;426600174;426608730;426610557;426636576;426848660;426855984;426857244;426863933;426864020;426864654;426864666;426865848;427012755;427018157;427030481;427035680;427305871;427305885;427305984;427307149;427307153;427308167;427314573,call;call;call;call;call;call;call;call;call;call;call;call;call;call;call;call;call;call;call;call;call;call;call;call;call;call;call;call;call;call;call;call;call;call;call;420511327;421661435;421888258;422797054;423163427;423505352;424793843;424950341;425134890;425392837;425939252;425971422;426023290;426108828;426127716;426252346;426303789;426432272;426439325;426480223;426534420;426537197;426565486;426573210;426573512;426583408;426591403;426634262;426636424;426639345;426648998;426649193;426649926;426652242;426657127;426848544;426853539;427012537;427306227;427306761;427306879;427307746,216,1196,294,,0.15,0.42,1412,9000,0,False
e2b_nothinking,v6,raw,mv1,ALL,ALL,0.5,213,167,136,70,77,97,0.66,0.64,0.58,0.61,0.65,call;call;call;call;call;call;call;call;call;call;call;call;call;call;call;call;call;call;call;call;call;call;call;call;call;call;call;call;call;call;call;call;call;call;call;call;403927389;419887388;421372353;421956667;423219318;423324272;423562532;425627452;426076857;426101552;426107744;426600174;426608730;426610557;426636576;426848660;426855984;426857244;426863933;426864020;426864654;426864666;426865848;427012755;427018157;427030481;427035680;427305871;427305885;427305984;427307149;427307153;427308167;427314573,call;call;call;call;call;call;call;call;call;call;call;call;call;call;call;call;call;call;call;call;call;call;call;call;call;call;call;call;call;call;call;call;call;call;call;420511327;421661435;421888258;422797054;423163427;423505352;424793843;424950341;425134890;425392837;425939252;425971422;426023290;426108828;426127716;426252346;426303789;426432272;426439325;426480223;426534420;426537197;426565486;426573210;426573512;426583408;426591403;426634262;426636424;426639345;426648998;426649193;426649926;426652242;426657127;426848544;426853539;427012537;427306227;427306761;427306879;427307746,216,1196,294,,0.15,0.42,1412,9000,0,False
e2b_nothinking,v6,raw,mv1,ALL,ALL,0.6,213,167,136,70,77,97,0.66,0.64,0.58,0.61,0.65,call;call;call;call;call;call;call;call;call;call;call;call;call;call;call;call;call;call;call;call;call;call;call;call;call;call;call;call;call;call;call;call;call;call;call;call;403927389;419887388;421372353;421956667;423219318;423324272;423562532;425627452;426076857;426101552;426107744;426600174;426608730;426610557;426636576;426848660;426855984;426857244;426863933;426864020;426864654;426864666;426865848;427012755;427018157;427030481;427035680;427305871;427305885;427305984;427307149;427307153;427308167;427314573,call;call;call;call;call;call;call;call;call;call;call;call;call;call;call;call;call;call;call;call;call;call;call;call;call;call;call;call;call;call;call;call;call;call;call;420511327;421661435;421888258;422797054;423163427;423505352;424793843;424950341;425134890;425392837;425939252;425971422;426023290;426108828;426127716;426252346;426303789;426432272;426439325;426480223;426534420;426537197;426565486;426573210;426573512;426583408;426591403;426634262;426636424;426639345;426648998;426649193;426649926;426652242;426657127;426848544;426853539;427012537;427306227;427306761;427306879;427307746,216,1196,294,,0.15,0.42,1412,9000,0,False
e2b_nothinking,v6,raw,mv1,ALL,ALL,0.7,213,167,113,42,100,125,0.73,0.53,0.75,0.63,0.61,call;call;call;call;call;call;call;call;call;call;call;call;call;call;call;call;call;call;call;call;call;call;call;call;421372353;421956667;423324272;423562532;426101552;426600174;426608730;426610557;426636576;426848660;426864020;426864666;426865848;427018157;427030481;427035680;427308167;427314573,call;call;call;call;call;call;call;call;call;call;call;call;call;call;call;call;call;call;call;call;call;call;call;call;call;call;call;call;call;call;call;call;call;call;call;call;call;call;call;call;call;call;call;call;call;call;call;call;call;call;call;call;420511327;421661435;421888258;422797054;423163427;423505352;423887482;424154820;424793843;424950341;425134890;425392837;425656790;425912424;425939252;425971422;426023290;426108828;426127716;426252346;426303789;426432272;426439325;426480223;426534420;426537197;426565486;426573210;426573512;426583408;426591403;426620137;426634262;426636424;426639345;426648998;426649193;426649926;426652242;426657127;426848544;426853539;427012375;427012537;427306227;427306761;427306879;427307746,166,656,344,,0.2,0.33,822,9000,0,False
e2b_nothinking,v6,raw,mv1,ALL,ALL,0.8,213,167,112,42,101,125,0.73,0.53,0.75,0.62,0.61,call;call;call;call;call;call;call;call;call;call;call;call;call;call;call;call;call;call;call;call;call;call;call;call;421372353;421956667;423324272;423562532;426101552;426600174;426608730;426610557;426636576;426848660;426864020;426864666;426865848;427018157;427030481;427035680;427308167;427314573,call;call;call;call;call;call;call;call;call;call;call;call;call;call;call;call;call;call;call;call;call;call;call;call;call;call;call;call;call;call;call;call;call;call;call;call;call;call;call;call;call;call;call;call;call;call;call;call;call;call;call;call;call;420511327;421661435;421888258;422797054;423163427;423505352;423887482;424154820;424793843;424950341;425134890;425392837;425656790;425912424;425939252;425971422;426023290;426108828;426127716;426252346;426303789;426432272;426439325;426480223;426534420;426537197;426565486;426573210;426573512;426583408;426591403;426620137;426634262;426636424;426639345;426648998;426649193;426649926;426652242;426657127;426848544;426853539;427012375;427012537;427306227;427306761;427306879;427307746,165,653,345,,0.2,0.32,818,9000,0,False
e2b_nothinking,v6,raw,mv1,ALL,ALL,0.9,213,167,110,42,103,125,0.72,0.52,0.75,0.62,0.6,call;call;call;call;call;call;call;call;call;call;call;call;call;call;call;call;call;call;call;call;call;call;call;call;421372353;421956667;423324272;423562532;426101552;426600174;426608730;426610557;426636576;426848660;426864020;426864666;426865848;427018157;427030481;427035680;427308167;427314573,call;call;call;call;call;call;call;call;call;call;call;call;call;call;call;call;call;call;call;call;call;call;call;call;call;call;call;call;call;call;call;call;call;call;call;call;call;call;call;call;call;call;call;call;call;call;call;call;call;call;call;call;call;call;420511327;421661435;421888258;422797054;423163427;423505352;423887482;424154820;424793843;424950341;425134890;425392837;425656790;425912424;425939252;425971422;426023290;426108828;426127716;426252346;426303789;426432272;426439325;426480223;426534420;426537197;426565486;426573210;426573512;426583408;426591403;426604065;426620137;426634262;426636424;426639345;426648998;426649193;426649926;426652242;426657127;426848544;426853539;427012375;427012537;427306227;427306761;427306879;427307746,162,631,348,,0.2,0.32,793,9000,0,False
e2b_nothinking,v6,raw,mv1,ALL,ALL,0.95,213,167,0,0,213,167,,0.0,1.0,0.44,,,call;call;call;call;call;call;call;call;call;call;call;call;call;call;call;call;call;call;call;call;call;call;call;call;call;call;call;call;call;call;call;call;call;call;call;call;call;call;call;call;call;call;call;call;call;call;call;call;call;call;call;call;call;call;call;call;call;call;call;call;call;call;call;call;call;call;call;call;call;call;call;call;call;call;call;call;call;call;call;call;call;call;call;call;call;call;call;call;call;call;call;call;call;call;call;call;call;call;call;call;call;call;call;call;call;call;call;call;call;call;call;call;call;call;call;call;call;call;call;call;420147298;420511327;421661435;421888258;421961206;422311857;422797054;423104500;423163427;423336284;423505352;423662590;423887482;423958539;423978016;424154820;424610958;424687669;424793843;424880310;424950341;425134890;425141339;425392837;425396309;425476935;425656790;425778316;425908372;425912424;425939252;425942168;425971422;426023290;426108828;426126833;426127716;426226216;426252346;426303789;426363836;426377718;426408577;426432272;426438311;426439325;426460304;426480223;426534420;426537197;426548691;426565486;426573210;426573512;426578327;426582734;426583408;426591403;426593601;426593829;426594432;426597928;426603278;426604065;426606195;426609609;426610860;426620137;426631751;426633368;426634262;426636424;426639345;426642159;426645015;426647598;426648998;426649193;426649926;426652242;426656120;426657127;426662883;426667318;426669005;426848544;426853539;427012375;427012537;427306227;427306761;427306879;427307746,0,4,510,,0.0,0.0,4,9000,0,False
e2b_nothinking,v6,raw,mv1,ALL,ALL,1.0,213,167,0,0,213,167,,0.0,1.0,0.44,,,call;call;call;call;call;call;call;call;call;call;call;call;call;call;call;call;call;call;call;call;call;call;call;call;call;call;call;call;call;call;call;call;call;call;call;call;call;call;call;call;call;call;call;call;call;call;call;call;call;call;call;call;call;call;call;call;call;call;call;call;call;call;call;call;call;call;call;call;call;call;call;call;call;call;call;call;call;call;call;call;call;call;call;call;call;call;call;call;call;call;call;call;call;call;call;call;call;call;call;call;call;call;call;call;call;call;call;call;call;call;call;call;call;call;call;call;call;call;call;call;420147298;420511327;421661435;421888258;421961206;422311857;422797054;423104500;423163427;423336284;423505352;423662590;423887482;423958539;423978016;424154820;424610958;424687669;424793843;424880310;424950341;425134890;425141339;425392837;425396309;425476935;425656790;425778316;425908372;425912424;425939252;425942168;425971422;426023290;426108828;426126833;426127716;426226216;426252346;426303789;426363836;426377718;426408577;426432272;426438311;426439325;426460304;426480223;426534420;426537197;426548691;426565486;426573210;426573512;426578327;426582734;426583408;426591403;426593601;426593829;426594432;426597928;426603278;426604065;426606195;426609609;426610860;426620137;426631751;426633368;426634262;426636424;426639345;426642159;426645015;426647598;426648998;426649193;426649926;426652242;426656120;426657127;426662883;426667318;426669005;426848544;426853539;427012375;427012537;427306227;427306761;427306879;427307746,0,4,510,,0.0,0.0,4,9000,0,False
e2b_nothinking,v6,raw,mv1,ALL,ALL,none,213,167,158,119,55,48,0.57,0.74,0.29,0.54,0.64,call;call;call;call;call;call;call;call;call;call;call;call;call;call;call;call;call;call;call;call;call;call;call;call;call;call;call;call;call;call;call;call;call;call;call;call;call;call;call;call;call;call;call;call;call;call;call;call;call;call;call;call;call;call;call;call;call;call;call;call;call;call;call;call;call;call;call;403927389;419887388;420599099;421372353;421956667;423219318;423324272;423562532;425627452;426076857;426100823;426101552;426107744;426108348;426195344;426202313;426204264;426204318;426600174;426608730;426610557;426636576;426848660;426855984;426857244;426863933;426864020;426864282;426864654;426864666;426865205;426865726;426865848;427012373;427012755;427018157;427030481;427035680;427037139;427303915;427305556;427305871;427305885;427305984;427306937;427307149;427307153;427307170;427308167;427310161;427313073;427314573,call;call;call;call;call;call;call;call;call;call;call;call;call;call;call;call;call;call;call;call;call;call;call;call;call;call;call;420511327;421888258;423163427;423505352;424950341;425392837;425939252;425971422;426023290;426108828;426303789;426439325;426537197;426565486;426573512;426634262;426636424;426639345;426648998;426649926;426657127;426848544;426853539;427012537;427306227;427306761;427306879;427307746,262,8738,248,,0.03,0.51,9000,9000,0,False
e2b_nothinking,v6,sa,mv1,ALL,PlatformMove,0.0,129,251,98,167,31,84,0.37,0.76,0.33,0.48,0.5,call;call;call;call;call;call;call;call;call;call;call;call;call;call;call;call;call;call;call;call;call;call;call;call;call;call;call;call;call;call;call;call;call;call;call;call;call;call;call;call;call;call;call;call;call;call;call;call;call;call;call;call;call;call;call;call;call;call;call;call;call;call;call;call;call;call;call;call;call;call;call;call;call;call;call;call;call;call;call;call;call;call;call;call;call;call;call;call;call;call;403927389;419887388;420599099;421372353;421661435;421956667;421961206;423163427;423219318;423324272;423562532;423662590;424793843;424880310;424950341;425134890;425141339;425392837;425627452;425778316;425908372;426076857;426101552;426107744;426108348;426126833;426127716;426195344;426204318;426432272;426460304;426565486;426582734;426591403;426593601;426600174;426604065;426608730;426610557;426620137;426633368;426636424;426636576;426648998;426649193;426652242;426848544;426848660;426855984;426863933;426864020;426864282;426864654;426864666;426865205;426865726;426865848;427012537;427012755;427018157;427030481;427035680;427037139;427303915;427305871;427305885;427305984;427306227;427306761;427307149;427307153;427307170;427307746;427308167;427310161;427313073;427314573,call;call;call;call;call;call;call;call;call;call;call;call;call;call;call;420511327;421888258;423505352;425476935;425656790;425939252;425971422;426023290;426303789;426439325;426534420;426593829;426634262;426639345;426649926;426657127,124,4581,66,,0.03,0.65,4705,4705,0,False
e2b_nothinking,v6,sa,mv1,ALL,PlatformMove,0.1,129,251,97,167,32,84,0.37,0.75,0.33,0.48,0.49,call;call;call;call;call;call;call;call;call;call;call;call;call;call;call;call;call;call;call;call;call;call;call;call;call;call;call;call;call;call;call;call;call;call;call;call;call;call;call;call;call;call;call;call;call;call;call;call;call;call;call;call;call;call;call;call;call;call;call;call;call;call;call;call;call;call;call;call;call;call;call;call;call;call;call;call;call;call;call;call;call;call;call;call;call;call;call;call;call;call;403927389;419887388;420599099;421372353;421661435;421956667;421961206;423163427;423219318;423324272;423562532;423662590;424793843;424880310;424950341;425134890;425141339;425392837;425627452;425778316;425908372;426076857;426101552;426107744;426108348;426126833;426127716;426195344;426204318;426432272;426460304;426565486;426582734;426591403;426593601;426600174;426604065;426608730;426610557;426620137;426633368;426636424;426636576;426648998;426649193;426652242;426848544;426848660;426855984;426863933;426864020;426864282;426864654;426864666;426865205;426865726;426865848;427012537;427012755;427018157;427030481;427035680;427037139;427303915;427305871;427305885;427305984;427306227;427306761;427307149;427307153;427307170;427307746;427308167;427310161;427313073;427314573,call;call;call;call;call;call;call;call;call;call;call;call;call;call;call;420511327;421888258;423505352;425476935;425656790;425939252;425971422;426023290;426303789;426377718;426439325;426534420;426593829;426634262;426639345;426649926;426657127,123,4580,67,,0.03,0.65,4703,4705,0,False
e2b_nothinking,v6,sa,mv1,ALL,PlatformMove,0.2,129,251,89,112,40,139,0.44,0.69,0.55,0.6,0.54,call;call;call;call;call;call;call;call;call;call;call;call;call;call;call;call;call;call;call;call;call;call;call;call;call;call;call;call;call;call;call;call;call;call;call;call;call;call;call;call;call;call;call;call;call;call;call;call;call;call;call;call;call;call;call;call;call;call;call;call;call;call;403927389;419887388;420599099;421372353;421961206;423219318;423324272;423562532;423662590;424880310;424950341;425134890;425141339;425778316;425908372;426076857;426101552;426107744;426127716;426432272;426460304;426565486;426582734;426591403;426593601;426600174;426610557;426620137;426636424;426636576;426652242;426848544;426855984;426864020;426864666;426865205;426865848;427012755;427018157;427030481;427035680;427037139;427305871;427305885;427305984;427307149;427307153;427307746;427308167;427314573,call;call;call;call;call;call;call;call;call;call;call;call;call;call;call;call;call;call;call;420511327;421888258;422797054;423505352;423978016;425476935;425656790;425939252;425971422;426023290;426252346;426303789;426377718;426439325;426534420;426583408;426593829;426634262;426639345;426649926;426657127,110,1481,80,,0.07,0.58,1591,4705,0,False
e2b_nothinking,v6,sa,mv1,ALL,PlatformMove,0.3,129,251,89,112,40,139,0.44,0.69,0.55,0.6,0.54,call;call;call;call;call;call;call;call;call;call;call;call;call;call;call;call;call;call;call;call;call;call;call;call;call;call;call;call;call;call;call;call;call;call;call;call;call;call;call;call;call;call;call;call;call;call;call;call;call;call;call;call;call;call;call;call;call;call;call;call;call;call;403927389;419887388;420599099;421372353;421961206;423219318;423324272;423562532;423662590;424880310;424950341;425134890;425141339;425778316;425908372;426076857;426101552;426107744;426127716;426432272;426460304;426565486;426582734;426591403;426593601;426600174;426610557;426620137;426636424;426636576;426652242;426848544;426855984;426864020;426864666;426865205;426865848;427012755;427018157;427030481;427035680;427037139;427305871;427305885;427305984;427307149;427307153;427307746;427308167;427314573,call;call;call;call;call;call;call;call;call;call;call;call;call;call;call;call;call;call;call;420511327;421888258;422797054;423505352;423978016;425476935;425656790;425939252;425971422;426023290;426252346;426303789;426377718;426439325;426534420;426583408;426593829;426634262;426639345;426649926;426657127,110,1477,80,,0.07,0.58,1587,4705,0,False
e2b_nothinking,v6,sa,mv1,ALL,PlatformMove,0.4,129,251,87,76,42,175,0.53,0.67,0.7,0.69,0.6,call;call;call;call;call;call;call;call;call;call;call;call;call;call;call;call;call;call;call;call;call;call;call;call;call;call;call;call;call;call;call;call;call;call;call;call;call;call;call;call;call;call;call;call;call;call;call;call;421372353;423219318;423324272;423562532;425134890;425141339;425908372;426101552;426107744;426432272;426460304;426582734;426593601;426610557;426620137;426636424;426636576;426848544;426855984;426864020;426864666;426865848;427035680;427305871;427305885;427305984;427308167;427314573,call;call;call;call;call;call;call;call;call;call;call;call;call;call;call;call;call;call;call;call;420511327;421888258;422797054;423505352;423978016;425476935;425656790;425939252;425971422;426023290;426252346;426303789;426377718;426439325;426534420;426573210;426583408;426593829;426634262;426639345;426649926;426657127,106,500,84,,0.17,0.56,606,4705,0,False
e2b_nothinking,v6,sa,mv1,ALL,PlatformMove,0.5,129,251,87,76,42,175,0.53,0.67,0.7,0.69,0.6,call;call;call;call;call;call;call;call;call;call;call;call;call;call;call;call;call;call;call;call;call;call;call;call;call;call;call;call;call;call;call;call;call;call;call;call;call;call;call;call;call;call;call;call;call;call;call;call;421372353;423219318;423324272;423562532;425134890;425141339;425908372;426101552;426107744;426432272;426460304;426582734;426593601;426610557;426620137;426636424;426636576;426848544;426855984;426864020;426864666;426865848;427035680;427305871;427305885;427305984;427308167;427314573,call;call;call;call;call;call;call;call;call;call;call;call;call;call;call;call;call;call;call;call;420511327;421888258;422797054;423505352;423978016;425476935;425656790;425939252;425971422;426023290;426252346;426303789;426377718;426439325;426534420;426573210;426583408;426593829;426634262;426639345;426649926;426657127,106,500,84,,0.17,0.56,606,4705,0,False
e2b_nothinking,v6,sa,mv1,ALL,PlatformMove,0.6,129,251,87,76,42,175,0.53,0.67,0.7,0.69,0.6,call;call;call;call;call;call;call;call;call;call;call;call;call;call;call;call;call;call;call;call;call;call;call;call;call;call;call;call;call;call;call;call;call;call;call;call;call;call;call;call;call;call;call;call;call;call;call;call;421372353;423219318;423324272;423562532;425134890;425141339;425908372;426101552;426107744;426432272;426460304;426582734;426593601;426610557;426620137;426636424;426636576;426848544;426855984;426864020;426864666;426865848;427035680;427305871;427305885;427305984;427308167;427314573,call;call;call;call;call;call;call;call;call;call;call;call;call;call;call;call;call;call;call;call;420511327;421888258;422797054;423505352;423978016;425476935;425656790;425939252;425971422;426023290;426252346;426303789;426377718;426439325;426534420;426573210;426583408;426593829;426634262;426639345;426649926;426657127,106,500,84,,0.17,0.56,606,4705,0,False
e2b_nothinking,v6,sa,mv1,ALL,PlatformMove,0.7,129,251,79,47,50,204,0.63,0.61,0.81,0.74,0.62,call;call;call;call;call;call;call;call;call;call;call;call;call;call;call;call;call;call;call;call;call;call;call;call;call;call;call;call;call;call;call;call;call;421372353;423324272;423562532;426101552;426582734;426610557;426620137;426636576;426864020;426864666;426865848;427035680;427308167;427314573,call;call;call;call;call;call;call;call;call;call;call;call;call;call;call;call;call;call;call;call;call;call;call;call;call;420511327;421888258;422797054;423505352;423887482;423978016;425476935;425656790;425912424;425939252;425971422;426023290;426252346;426303789;426377718;426439325;426534420;426573210;426583408;426593829;426634262;426639345;426642159;426649926;426657127,94,364,96,,0.21,0.49,458,4705,0,False
e2b_nothinking,v6,sa,mv1,ALL,PlatformMove,0.8,129,251,79,47,50,204,0.63,0.61,0.81,0.74,0.62,call;call;call;call;call;call;call;call;call;call;call;call;call;call;call;call;call;call;call;call;call;call;call;call;call;call;call;call;call;call;call;call;call;421372353;423324272;423562532;426101552;426582734;426610557;426620137;426636576;426864020;426864666;426865848;427035680;427308167;427314573,call;call;call;call;call;call;call;call;call;call;call;call;call;call;call;call;call;call;call;call;call;call;call;call;call;420511327;421888258;422797054;423505352;423887482;423978016;425476935;425656790;425912424;425939252;425971422;426023290;426252346;426303789;426377718;426439325;426534420;426573210;426583408;426593829;426634262;426639345;426642159;426649926;426657127,94,364,96,,0.21,0.49,458,4705,0,False
e2b_nothinking,v6,sa,mv1,ALL,PlatformMove,0.9,129,251,79,47,50,204,0.63,0.61,0.81,0.74,0.62,call;call;call;call;call;call;call;call;call;call;call;call;call;call;call;call;call;call;call;call;call;call;call;call;call;call;call;call;call;call;call;call;call;421372353;423324272;423562532;426101552;426582734;426610557;426620137;426636576;426864020;426864666;426865848;427035680;427308167;427314573,call;call;call;call;call;call;call;call;call;call;call;call;call;call;call;call;call;call;call;call;call;call;call;call;call;420511327;421888258;422797054;423505352;423887482;423978016;425476935;425656790;425912424;425939252;425971422;426023290;426252346;426303789;426377718;426439325;426534420;426573210;426583408;426593829;426634262;426639345;426642159;426649926;426657127,94,360,96,,0.21,0.49,454,4705,0,False
e2b_nothinking,v6,sa,mv1,ALL,PlatformMove,0.95,129,251,0,0,129,251,,0.0,1.0,0.66,,,call;call;call;call;call;call;call;call;call;call;call;call;call;call;call;call;call;call;call;call;call;call;call;call;call;call;call;call;call;call;call;call;call;call;call;call;call;call;call;call;call;call;call;call;call;call;call;call;call;call;call;call;call;call;call;call;call;call;call;call;call;call;call;call;call;call;call;call;call;call;call;call;call;call;call;call;call;420147298;420511327;421888258;422311857;422797054;423104500;423336284;423505352;423887482;423958539;423978016;424610958;424687669;425396309;425476935;425656790;425912424;425939252;425942168;425971422;426023290;426226216;426252346;426303789;426363836;426377718;426408577;426438311;426439325;426534420;426548691;426573210;426583408;426593829;426594432;426597928;426603278;426606195;426609609;426610860;426631751;426634262;426639345;426642159;426645015;426647598;426649926;426656120;426657127;426662883;426667318;426669005,0,0,190,,,0.0,0,4705,0,False
e2b_nothinking,v6,sa,mv1,ALL,PlatformMove,1.0,129,251,0,0,129,251,,0.0,1.0,0.66,,,call;call;call;call;call;call;call;call;call;call;call;call;call;call;call;call;call;call;call;call;call;call;call;call;call;call;call;call;call;call;call;call;call;call;call;call;call;call;call;call;call;call;call;call;call;call;call;call;call;call;call;call;call;call;call;call;call;call;call;call;call;call;call;call;call;call;call;call;call;call;call;call;call;call;call;call;call;420147298;420511327;421888258;422311857;422797054;423104500;423336284;423505352;423887482;423958539;423978016;424610958;424687669;425396309;425476935;425656790;425912424;425939252;425942168;425971422;426023290;426226216;426252346;426303789;426363836;426377718;426408577;426438311;426439325;426534420;426548691;426573210;426583408;426593829;426594432;426597928;426603278;426606195;426609609;426610860;426631751;426634262;426639345;426642159;426645015;426647598;426649926;426656120;426657127;426662883;426667318;426669005,0,0,190,,,0.0,0,4705,0,False
e2b_nothinking,v6,sa,mv1,ALL,PlatformMove,none,129,251,98,167,31,84,0.37,0.76,0.33,0.48,0.5,call;call;call;call;call;call;call;call;call;call;call;call;call;call;call;call;call;call;call;call;call;call;call;call;call;call;call;call;call;call;call;call;call;call;call;call;call;call;call;call;call;call;call;call;call;call;call;call;call;call;call;call;call;call;call;call;call;call;call;call;call;call;call;call;call;call;call;call;call;call;call;call;call;call;call;call;call;call;call;call;call;call;call;call;call;call;call;call;call;call;403927389;419887388;420599099;421372353;421661435;421956667;421961206;423163427;423219318;423324272;423562532;423662590;424793843;424880310;424950341;425134890;425141339;425392837;425627452;425778316;425908372;426076857;426101552;426107744;426108348;426126833;426127716;426195344;426204318;426432272;426460304;426565486;426582734;426591403;426593601;426600174;426604065;426608730;426610557;426620137;426633368;426636424;426636576;426648998;426649193;426652242;426848544;426848660;426855984;426863933;426864020;426864282;426864654;426864666;426865205;426865726;426865848;427012537;427012755;427018157;427030481;427035680;427037139;427303915;427305871;427305885;427305984;427306227;427306761;427307149;427307153;427307170;427307746;427308167;427310161;427313073;427314573,call;call;call;call;call;call;call;call;call;call;call;call;call;call;call;420511327;421888258;423505352;425476935;425656790;425939252;425971422;426023290;426303789;426439325;426534420;426593829;426634262;426639345;426649926;426657127,124,4581,66,,0.03,0.65,4705,4705,0,False
e2b_nothinking,v6,sa,mv1,ALL,SuspiciousActivity,0.0,70,310,54,131,16,179,0.29,0.77,0.58,0.61,0.42,call;call;call;call;call;call;call;call;call;call;call;call;call;call;call;call;call;call;call;call;call;call;call;call;call;call;call;call;call;call;call;call;call;call;call;call;call;call;call;call;call;call;call;call;call;call;call;call;call;call;call;call;call;call;call;call;call;call;call;call;call;call;call;call;call;call;call;call;call;call;call;call;call;call;403927389;420147298;420511327;420599099;421372353;421888258;423219318;423324272;423562532;423662590;424880310;425656790;425908372;425912424;425939252;425971422;426076857;426107744;426204318;426226216;426252346;426303789;426432272;426439325;426573210;426582734;426583408;426591403;426593601;426603278;426608730;426609609;426620137;426631751;426633368;426636576;426639345;426645015;426647598;426648998;426652242;426656120;426657127;426848544;426848660;426855984;426864282;426864654;427035680;427037139;427305871;427305885;427305984;427307149;427307153;427307746;427308167,call;call;call;call;call;call;call;call;423163427;423887482;424610958;426023290;426480223;426534420;426610860;427306879,63,801,29,,0.07,0.68,864,864,0,False
e2b_nothinking,v6,sa,mv1,ALL,SuspiciousActivity,0.1,70,310,54,131,16,179,0.29,0.77,0.58,0.61,0.42,call;call;call;call;call;call;call;call;call;call;call;call;call;call;call;call;call;call;call;call;call;call;call;call;call;call;call;call;call;call;call;call;call;call;call;call;call;call;call;call;call;call;call;call;call;call;call;call;call;call;call;call;call;call;call;call;call;call;call;call;call;call;call;call;call;call;call;call;call;call;call;call;call;call;403927389;420147298;420511327;420599099;421372353;421888258;423219318;423324272;423562532;423662590;424880310;425656790;425908372;425912424;425939252;425971422;426076857;426107744;426204318;426226216;426252346;426303789;426432272;426439325;426573210;426582734;426583408;426591403;426593601;426603278;426608730;426609609;426620137;426631751;426633368;426636576;426639345;426645015;426647598;426648998;426652242;426656120;426657127;426848544;426848660;426855984;426864282;426864654;427035680;427037139;427305871;427305885;427305984;427307149;427307153;427307746;427308167,call;call;call;call;call;call;call;call;423163427;423887482;424610958;426023290;426480223;426534420;426610860;427306879,63,801,29,,0.07,0.68,864,864,0,False
e2b_nothinking,v6,sa,mv1,ALL,SuspiciousActivity,0.2,70,310,51,122,19,188,0.29,0.73,0.61,0.63,0.42,call;call;call;call;call;call;call;call;call;call;call;call;call;call;call;call;call;call;call;call;call;call;call;call;call;call;call;call;call;call;call;call;call;call;call;call;call;call;call;call;call;call;call;call;call;call;call;call;call;call;call;call;call;call;call;call;call;call;call;call;call;call;call;call;call;call;call;403927389;420147298;420511327;420599099;421372353;421888258;423219318;423324272;423562532;423662590;424880310;425656790;425908372;425912424;425939252;425971422;426076857;426107744;426204318;426226216;426252346;426303789;426432272;426439325;426573210;426582734;426583408;426593601;426603278;426608730;426609609;426620137;426631751;426633368;426636576;426639345;426645015;426647598;426648998;426652242;426656120;426657127;426848544;426848660;426855984;426864282;426864654;427037139;427305871;427305885;427305984;427307149;427307153;427307746;427308167,call;call;call;call;call;call;call;call;call;call;422797054;423163427;423887482;424610958;426023290;426480223;426534420;426610860;427306879,57,586,35,,0.09,0.62,643,864,0,False
e2b_nothinking,v6,sa,mv1,ALL,SuspiciousActivity,0.3,70,310,51,122,19,188,0.29,0.73,0.61,0.63,0.42,call;call;call;call;call;call;call;call;call;call;call;call;call;call;call;call;call;call;call;call;call;call;call;call;call;call;call;call;call;call;call;call;call;call;call;call;call;call;call;call;call;call;call;call;call;call;call;call;call;call;call;call;call;call;call;call;call;call;call;call;call;call;call;call;call;call;call;403927389;420147298;420511327;420599099;421372353;421888258;423219318;423324272;423562532;423662590;424880310;425656790;425908372;425912424;425939252;425971422;426076857;426107744;426204318;426226216;426252346;426303789;426432272;426439325;426573210;426582734;426583408;426593601;426603278;426608730;426609609;426620137;426631751;426633368;426636576;426639345;426645015;426647598;426648998;426652242;426656120;426657127;426848544;426848660;426855984;426864282;426864654;427037139;427305871;427305885;427305984;427307149;427307153;427307746;427308167,call;call;call;call;call;call;call;call;call;call;422797054;423163427;423887482;424610958;426023290;426480223;426534420;426610860;427306879,57,586,35,,0.09,0.62,643,864,0,False
e2b_nothinking,v6,sa,mv1,ALL,SuspiciousActivity,0.4,70,310,51,88,19,222,0.37,0.73,0.72,0.72,0.49,call;call;call;call;call;call;call;call;call;call;call;call;call;call;call;call;call;call;call;call;call;call;call;call;call;call;call;call;call;call;call;call;call;call;call;call;call;call;call;call;call;call;call;call;call;call;call;call;call;call;403927389;420147298;420511327;421372353;421888258;423219318;423662590;424880310;425656790;425908372;425939252;425971422;426076857;426107744;426226216;426252346;426303789;426432272;426573210;426582734;426583408;426593601;426603278;426608730;426620137;426639345;426645015;426648998;426652242;426656120;426657127;426848660;426864654;427305871;427307149;427307153;427307746;427308167,call;call;call;call;call;call;call;call;call;call;422797054;423163427;423887482;424610958;426023290;426480223;426534420;426610860;427306879,57,313,35,,0.15,0.62,370,864,0,False
e2b_nothinking,v6,sa,mv1,ALL,SuspiciousActivity,0.5,70,310,51,88,19,222,0.37,0.73,0.72,0.72,0.49,call;call;call;call;call;call;call;call;call;call;call;call;call;call;call;call;call;call;call;call;call;call;call;call;call;call;call;call;call;call;call;call;call;call;call;call;call;call;call;call;call;call;call;call;call;call;call;call;call;call;403927389;420147298;420511327;421372353;421888258;423219318;423662590;424880310;425656790;425908372;425939252;425971422;426076857;426107744;426226216;426252346;426303789;426432272;426573210;426582734;426583408;426593601;426603278;426608730;426620137;426639345;426645015;426648998;426652242;426656120;426657127;426848660;426864654;427305871;427307149;427307153;427307746;427308167,call;call;call;call;call;call;call;call;call;call;422797054;423163427;423887482;424610958;426023290;426480223;426534420;426610860;427306879,57,313,35,,0.15,0.62,370,864,0,False
e2b_nothinking,v6,sa,mv1,ALL,SuspiciousActivity,0.6,70,310,51,88,19,222,0.37,0.73,0.72,0.72,0.49,call;call;call;call;call;call;call;call;call;call;call;call;call;call;call;call;call;call;call;call;call;call;call;call;call;call;call;call;call;call;call;call;call;call;call;call;call;call;call;call;call;call;call;call;call;call;call;call;call;call;403927389;420147298;420511327;421372353;421888258;423219318;423662590;424880310;425656790;425908372;425939252;425971422;426076857;426107744;426226216;426252346;426303789;426432272;426573210;426582734;426583408;426593601;426603278;426608730;426620137;426639345;426645015;426648998;426652242;426656120;426657127;426848660;426864654;427305871;427307149;427307153;427307746;427308167,call;call;call;call;call;call;call;call;call;call;422797054;423163427;423887482;424610958;426023290;426480223;426534420;426610860;427306879,57,313,35,,0.15,0.62,370,864,0,False
e2b_nothinking,v6,sa,mv1,ALL,SuspiciousActivity,0.7,70,310,30,29,40,281,0.51,0.43,0.91,0.82,0.47,call;call;call;call;call;call;call;call;call;call;call;call;call;call;call;call;call;call;call;424880310;425656790;425939252;426226216;426252346;426303789;426573210;426608730;426656120;426657127,call;call;call;call;call;call;call;call;call;call;call;call;call;call;call;call;call;call;call;call;call;call;call;call;call;call;422311857;422797054;423163427;423887482;424154820;424610958;425778316;426023290;426480223;426534420;426548691;426597928;426610860;427306879,34,106,58,,0.24,0.37,140,864,0,False
e2b_nothinking,v6,sa,mv1,ALL,SuspiciousActivity,0.8,70,310,29,28,41,282,0.51,0.41,0.91,0.82,0.46,call;call;call;call;call;call;call;call;call;call;call;call;call;call;call;call;call;call;424880310;425656790;425939252;426226216;426252346;426303789;426573210;426608730;426656120;426657127,call;call;call;call;call;call;call;call;call;call;call;call;call;call;call;call;call;call;call;call;call;call;call;call;call;call;call;422311857;422797054;423163427;423887482;424154820;424610958;425778316;426023290;426480223;426534420;426548691;426597928;426610860;427306879,33,104,59,,0.24,0.36,137,864,0,False
e2b_nothinking,v6,sa,mv1,ALL,SuspiciousActivity,0.9,70,310,27,23,43,287,0.54,0.39,0.93,0.83,0.45,call;call;call;call;call;call;call;call;call;call;call;call;call;call;call;424880310;425656790;425939252;426226216;426252346;426303789;426608730;426657127,call;call;call;call;call;call;call;call;call;call;call;call;call;call;call;call;call;call;call;call;call;call;call;call;call;call;call;call;422311857;422797054;423163427;423887482;424154820;424610958;425778316;426023290;426480223;426534420;426548691;426597928;426610860;426642159;427306879,31,93,61,,0.25,0.34,124,864,0,False
e2b_nothinking,v6,sa,mv1,ALL,SuspiciousActivity,0.95,70,310,0,0,70,310,,0.0,1.0,0.82,,,call;call;call;call;call;call;call;call;call;call;call;call;call;call;call;call;call;call;call;call;call;call;call;call;call;call;call;call;call;call;call;call;call;call;call;call;call;call;call;call;call;call;call;call;422311857;422797054;423104500;423163427;423336284;423887482;423978016;424154820;424610958;424687669;425396309;425476935;425778316;426023290;426377718;426408577;426480223;426534420;426548691;426578327;426593829;426597928;426606195;426610860;426642159;427306879,0,0,92,,,0.0,0,864,0,False
e2b_nothinking,v6,sa,mv1,ALL,SuspiciousActivity,1.0,70,310,0,0,70,310,,0.0,1.0,0.82,,,call;call;call;call;call;call;call;call;call;call;call;call;call;call;call;call;call;call;call;call;call;call;call;call;call;call;call;call;call;call;call;call;call;call;call;call;call;call;call;call;call;call;call;call;422311857;422797054;423104500;423163427;423336284;423887482;423978016;424154820;424610958;424687669;425396309;425476935;425778316;426023290;426377718;426408577;426480223;426534420;426548691;426578327;426593829;426597928;426606195;426610860;426642159;427306879,0,0,92,,,0.0,0,864,0,False
e2b_nothinking,v6,sa,mv1,ALL,SuspiciousActivity,none,70,310,54,131,16,179,0.29,0.77,0.58,0.61,0.42,call;call;call;call;call;call;call;call;call;call;call;call;call;call;call;call;call;call;call;call;call;call;call;call;call;call;call;call;call;call;call;call;call;call;call;call;call;call;call;call;call;call;call;call;call;call;call;call;call;call;call;call;call;call;call;call;call;call;call;call;call;call;call;call;call;call;call;call;call;call;call;call;call;call;403927389;420147298;420511327;420599099;421372353;421888258;423219318;423324272;423562532;423662590;424880310;425656790;425908372;425912424;425939252;425971422;426076857;426107744;426204318;426226216;426252346;426303789;426432272;426439325;426573210;426582734;426583408;426591403;426593601;426603278;426608730;426609609;426620137;426631751;426633368;426636576;426639345;426645015;426647598;426648998;426652242;426656120;426657127;426848544;426848660;426855984;426864282;426864654;427035680;427037139;427305871;427305885;427305984;427307149;427307153;427307746;427308167,call;call;call;call;call;call;call;call;423163427;423887482;424610958;426023290;426480223;426534420;426610860;427306879,63,801,29,,0.07,0.68,864,864,0,False
e2b_nothinking,v6,sa,mv1,ALL,Explicit-Flirting,0.0,112,268,60,104,52,164,0.37,0.54,0.61,0.59,0.43,call;call;call;call;call;call;call;call;call;call;call;call;call;call;call;call;call;call;call;call;call;call;call;call;call;call;call;call;call;call;call;call;call;call;call;call;call;call;call;call;call;call;call;call;call;call;call;call;call;call;call;call;call;call;call;call;call;call;call;call;call;403927389;419887388;420147298;420511327;420599099;421372353;421956667;423219318;423324272;423505352;423958539;424610958;425396309;425627452;425939252;425971422;426076857;426107744;426303789;426408577;426573210;426583408;426597928;426600174;426603278;426636576;426645015;426647598;426656120;426848660;426855984;426857244;426863933;426865726;427012755;427018157;427303915;427305984;427307149;427307153;427308167;427313073;427314573,call;call;call;call;call;call;call;call;call;call;call;call;call;call;call;call;call;call;call;call;call;call;call;call;call;call;call;call;422797054;423887482;424687669;424950341;425392837;425476935;426108828;426252346;426377718;426537197;426565486;426573512;426593829;426606195;426634262;426636424;426648998;426667318;426848544;426853539;427012537;427306227;427306761;427307746,73,969,155,,0.07,0.32,1042,1042,0,False
e2b_nothinking,v6,sa,mv1,ALL,Explicit-Flirting,0.1,112,268,60,104,52,164,0.37,0.54,0.61,0.59,0.43,call;call;call;call;call;call;call;call;call;call;call;call;call;call;call;call;call;call;call;call;call;call;call;call;call;call;call;call;call;call;call;call;call;call;call;call;call;call;call;call;call;call;call;call;call;call;call;call;call;call;call;call;call;call;call;call;call;call;call;call;call;403927389;419887388;420147298;420511327;420599099;421372353;421956667;423219318;423324272;423505352;423958539;424610958;425396309;425627452;425939252;425971422;426076857;426107744;426303789;426408577;426573210;426583408;426597928;426600174;426603278;426636576;426645015;426647598;426656120;426848660;426855984;426857244;426863933;426865726;427012755;427018157;427303915;427305984;427307149;427307153;427308167;427313073;427314573,call;call;call;call;call;call;call;call;call;call;call;call;call;call;call;call;call;call;call;call;call;call;call;call;call;call;call;call;422797054;423887482;424687669;424950341;425392837;425476935;426108828;426252346;426377718;426537197;426565486;426573512;426593829;426606195;426634262;426636424;426648998;426667318;426848544;426853539;427012537;427306227;427306761;427307746,73,969,155,,0.07,0.32,1042,1042,0,False
e2b_nothinking,v6,sa,mv1,ALL,Explicit-Flirting,0.2,112,268,50,87,62,181,0.36,0.45,0.68,0.61,0.4,call;call;call;call;call;call;call;call;call;call;call;call;call;call;call;call;call;call;call;call;call;call;call;call;call;call;call;call;call;call;call;call;call;call;call;call;call;call;call;call;call;call;call;call;call;call;call;call;call;call;419887388;420147298;420511327;421372353;421956667;423219318;423324272;423505352;423958539;424610958;425627452;425939252;425971422;426076857;426107744;426303789;426408577;426573210;426583408;426597928;426600174;426603278;426636576;426645015;426647598;426656120;426848660;426855984;426857244;426863933;426865726;427012755;427018157;427303915;427307149;427308167;427314573,call;call;call;call;call;call;call;call;call;call;call;call;call;call;call;call;call;call;call;call;call;call;call;call;call;call;call;call;call;call;call;call;421661435;422797054;423887482;424687669;424950341;425392837;425476935;425912424;426108828;426252346;426377718;426432272;426537197;426565486;426573512;426591403;426593829;426606195;426634262;426636424;426648998;426649193;426652242;426667318;426848544;426853539;427012537;427306227;427306761;427307746,62,613,166,,0.09,0.27,675,1042,0,False
e2b_nothinking,v6,sa,mv1,ALL,Explicit-Flirting,0.3,112,268,50,87,62,181,0.36,0.45,0.68,0.61,0.4,call;call;call;call;call;call;call;call;call;call;call;call;call;call;call;call;call;call;call;call;call;call;call;call;call;call;call;call;call;call;call;call;call;call;call;call;call;call;call;call;call;call;call;call;call;call;call;call;call;call;419887388;420147298;420511327;421372353;421956667;423219318;423324272;423505352;423958539;424610958;425627452;425939252;425971422;426076857;426107744;426303789;426408577;426573210;426583408;426597928;426600174;426603278;426636576;426645015;426647598;426656120;426848660;426855984;426857244;426863933;426865726;427012755;427018157;427303915;427307149;427308167;427314573,call;call;call;call;call;call;call;call;call;call;call;call;call;call;call;call;call;call;call;call;call;call;call;call;call;call;call;call;call;call;call;call;421661435;422797054;423887482;424687669;424950341;425392837;425476935;425912424;426108828;426252346;426377718;426432272;426537197;426565486;426573512;426591403;426593829;426606195;426634262;426636424;426648998;426649193;426652242;426667318;426848544;426853539;427012537;427306227;427306761;427307746,62,613,166,,0.09,0.27,675,1042,0,False
e2b_nothinking,v6,sa,mv1,ALL,Explicit-Flirting,0.4,112,268,41,58,71,210,0.41,0.37,0.78,0.66,0.39,call;call;call;call;call;call;call;call;call;call;call;call;call;call;call;call;call;call;call;call;call;call;call;call;call;call;call;call;call;call;call;call;call;call;call;419887388;420147298;421372353;421956667;423219318;423958539;425939252;425971422;426076857;426303789;426408577;426573210;426583408;426597928;426600174;426636576;426647598;426656120;426848660;426857244;426863933;427012755;427018157,call;call;call;call;call;call;call;call;call;call;call;call;call;call;call;call;call;call;call;call;call;call;call;call;call;call;call;call;call;call;call;call;call;call;421661435;421961206;422797054;423887482;424687669;424793843;424950341;425134890;425392837;425476935;425912424;426108828;426127716;426252346;426377718;426432272;426480223;426534420;426537197;426565486;426573512;426591403;426593829;426604065;426606195;426634262;426636424;426648998;426649193;426652242;426667318;426848544;426853539;427012537;427306227;427306761;427307746,50,307,178,,0.14,0.22,357,1042,0,False
e2b_nothinking,v6,sa,mv1,ALL,Explicit-Flirting,0.5,112,268,41,58,71,210,0.41,0.37,0.78,0.66,0.39,call;call;call;call;call;call;call;call;call;call;call;call;call;call;call;call;call;call;call;call;call;call;call;call;call;call;call;call;call;call;call;call;call;call;call;419887388;420147298;421372353;421956667;423219318;423958539;425939252;425971422;426076857;426303789;426408577;426573210;426583408;426597928;426600174;426636576;426647598;426656120;426848660;426857244;426863933;427012755;427018157,call;call;call;call;call;call;call;call;call;call;call;call;call;call;call;call;call;call;call;call;call;call;call;call;call;call;call;call;call;call;call;call;call;call;421661435;421961206;422797054;423887482;424687669;424793843;424950341;425134890;425392837;425476935;425912424;426108828;426127716;426252346;426377718;426432272;426480223;426534420;426537197;426565486;426573512;426591403;426593829;426604065;426606195;426634262;426636424;426648998;426649193;426652242;426667318;426848544;426853539;427012537;427306227;427306761;427307746,50,307,178,,0.14,0.22,357,1042,0,False
e2b_nothinking,v6,sa,mv1,ALL,Explicit-Flirting,0.6,112,268,41,58,71,210,0.41,0.37,0.78,0.66,0.39,call;call;call;call;call;call;call;call;call;call;call;call;call;call;call;call;call;call;call;call;call;call;call;call;call;call;call;call;call;call;call;call;call;call;call;419887388;420147298;421372353;421956667;423219318;423958539;425939252;425971422;426076857;426303789;426408577;426573210;426583408;426597928;426600174;426636576;426647598;426656120;426848660;426857244;426863933;427012755;427018157,call;call;call;call;call;call;call;call;call;call;call;call;call;call;call;call;call;call;call;call;call;call;call;call;call;call;call;call;call;call;call;call;call;call;421661435;421961206;422797054;423887482;424687669;424793843;424950341;425134890;425392837;425476935;425912424;426108828;426127716;426252346;426377718;426432272;426480223;426534420;426537197;426565486;426573512;426591403;426593829;426604065;426606195;426634262;426636424;426648998;426649193;426652242;426667318;426848544;426853539;427012537;427306227;427306761;427307746,50,307,178,,0.14,0.22,357,1042,0,False
e2b_nothinking,v6,sa,mv1,ALL,Explicit-Flirting,0.7,112,268,30,31,82,237,0.49,0.27,0.88,0.7,0.35,call;call;call;call;call;call;call;call;call;call;call;call;call;call;call;call;call;call;call;call;420147298;421372353;421956667;423958539;426408577;426573210;426583408;426597928;426647598;426848660;427018157,call;call;call;call;call;call;call;call;call;call;call;call;call;call;call;call;call;call;call;call;call;call;call;call;call;call;call;call;call;call;call;call;call;call;call;call;call;call;call;call;421661435;421961206;422797054;423887482;424687669;424793843;424950341;425134890;425392837;425476935;425656790;425912424;425942168;426108828;426127716;426252346;426377718;426432272;426480223;426534420;426537197;426565486;426573512;426591403;426593829;426604065;426606195;426620137;426634262;426636424;426648998;426649193;426652242;426662883;426667318;426848544;426853539;427012375;427012537;427306227;427306761;427307746,35,141,193,,0.2,0.15,176,1042,0,False
e2b_nothinking,v6,sa,mv1,ALL,Explicit-Flirting,0.8,112,268,30,30,82,238,0.5,0.27,0.89,0.71,0.35,call;call;call;call;call;call;call;call;call;call;call;call;call;call;call;call;call;call;call;420147298;421372353;421956667;423958539;426408577;426573210;426583408;426597928;426647598;426848660;427018157,call;call;call;call;call;call;call;call;call;call;call;call;call;call;call;call;call;call;call;call;call;call;call;call;call;call;call;call;call;call;call;call;call;call;call;call;call;call;call;call;421661435;421961206;422797054;423887482;424687669;424793843;424950341;425134890;425392837;425476935;425656790;425912424;425942168;426108828;426127716;426252346;426377718;426432272;426480223;426534420;426537197;426565486;426573512;426591403;426593829;426604065;426606195;426620137;426634262;426636424;426648998;426649193;426652242;426662883;426667318;426848544;426853539;427012375;427012537;427306227;427306761;427307746,35,140,193,,0.2,0.15,175,1042,0,False
e2b_nothinking,v6,sa,mv1,ALL,Explicit-Flirting,0.9,112,268,30,29,82,239,0.51,0.27,0.89,0.71,0.35,call;call;call;call;call;call;call;call;call;call;call;call;call;call;call;call;call;call;420147298;421372353;421956667;423958539;426408577;426573210;426583408;426597928;426647598;426848660;427018157,call;call;call;call;call;call;call;call;call;call;call;call;call;call;call;call;call;call;call;call;call;call;call;call;call;call;call;call;call;call;call;call;call;call;call;call;call;call;call;call;421661435;421961206;422797054;423887482;424687669;424793843;424950341;425134890;425392837;425476935;425656790;425912424;425942168;426108828;426127716;426252346;426377718;426432272;426480223;426534420;426537197;426565486;426573512;426591403;426593829;426604065;426606195;426620137;426634262;426636424;426648998;426649193;426652242;426662883;426667318;426848544;426853539;427012375;427012537;427306227;427306761;427307746,35,137,193,,0.2,0.15,172,1042,0,False
e2b_nothinking,v6,sa,mv1,ALL,Explicit-Flirting,0.95,112,268,0,0,112,268,,0.0,1.0,0.71,,,call;call;call;call;call;call;call;call;call;call;call;call;call;call;call;call;call;call;call;call;call;call;call;call;call;call;call;call;call;call;call;call;call;call;call;call;call;call;call;call;call;call;call;call;call;call;call;call;call;call;call;call;call;call;421661435;421961206;422311857;422797054;423662590;423887482;424687669;424793843;424880310;424950341;425134890;425141339;425392837;425476935;425656790;425778316;425908372;425912424;425942168;426108828;426126833;426127716;426252346;426363836;426377718;426432272;426460304;426480223;426534420;426537197;426548691;426565486;426573512;426582734;426591403;426593601;426593829;426604065;426606195;426610860;426620137;426631751;426633368;426634262;426636424;426642159;426648998;426649193;426652242;426662883;426667318;426848544;426853539;427012375;427012537;427306227;427306761;427307746,0,0,228,,,0.0,0,1042,0,False
e2b_nothinking,v6,sa,mv1,ALL,Explicit-Flirting,1.0,112,268,0,0,112,268,,0.0,1.0,0.71,,,call;call;call;call;call;call;call;call;call;call;call;call;call;call;call;call;call;call;call;call;call;call;call;call;call;call;call;call;call;call;call;call;call;call;call;call;call;call;call;call;call;call;call;call;call;call;call;call;call;call;call;call;call;call;421661435;421961206;422311857;422797054;423662590;423887482;424687669;424793843;424880310;424950341;425134890;425141339;425392837;425476935;425656790;425778316;425908372;425912424;425942168;426108828;426126833;426127716;426252346;426363836;426377718;426432272;426460304;426480223;426534420;426537197;426548691;426565486;426573512;426582734;426591403;426593601;426593829;426604065;426606195;426610860;426620137;426631751;426633368;426634262;426636424;426642159;426648998;426649193;426652242;426662883;426667318;426848544;426853539;427012375;427012537;427306227;427306761;427307746,0,0,228,,,0.0,0,1042,0,False
e2b_nothinking,v6,sa,mv1,ALL,Explicit-Flirting,none,112,268,60,104,52,164,0.37,0.54,0.61,0.59,0.43,call;call;call;call;call;call;call;call;call;call;call;call;call;call;call;call;call;call;call;call;call;call;call;call;call;call;call;call;call;call;call;call;call;call;call;call;call;call;call;call;call;call;call;call;call;call;call;call;call;call;call;call;call;call;call;call;call;call;call;call;call;403927389;419887388;420147298;420511327;420599099;421372353;421956667;423219318;423324272;423505352;423958539;424610958;425396309;425627452;425939252;425971422;426076857;426107744;426303789;426408577;426573210;426583408;426597928;426600174;426603278;426636576;426645015;426647598;426656120;426848660;426855984;426857244;426863933;426865726;427012755;427018157;427303915;427305984;427307149;427307153;427308167;427313073;427314573,call;call;call;call;call;call;call;call;call;call;call;call;call;call;call;call;call;call;call;call;call;call;call;call;call;call;call;call;422797054;423887482;424687669;424950341;425392837;425476935;426108828;426252346;426377718;426537197;426565486;426573512;426593829;426606195;426634262;426636424;426648998;426667318;426848544;426853539;427012537;427306227;427306761;427307746,73,969,155,,0.07,0.32,1042,1042,0,False
e2b_nothinking,v6,sa,mv1,ALL,ALL,0.0,213,167,158,119,55,48,0.57,0.74,0.29,0.54,0.64,call;call;call;call;call;call;call;call;call;call;call;call;call;call;call;call;call;call;call;call;call;call;call;call;call;call;call;call;call;call;call;call;call;call;call;call;call;call;call;call;call;call;call;call;call;call;call;call;call;call;call;call;call;call;call;call;call;call;call;call;call;call;call;call;call;call;call;403927389;419887388;420599099;421372353;421956667;423219318;423324272;423562532;425627452;426076857;426100823;426101552;426107744;426108348;426195344;426202313;426204264;426204318;426600174;426608730;426610557;426636576;426848660;426855984;426857244;426863933;426864020;426864282;426864654;426864666;426865205;426865726;426865848;427012373;427012755;427018157;427030481;427035680;427037139;427303915;427305556;427305871;427305885;427305984;427306937;427307149;427307153;427307170;427308167;427310161;427313073;427314573,call;call;call;call;call;call;call;call;call;call;call;call;call;call;call;call;call;call;call;call;call;call;call;call;call;call;call;420511327;421888258;423163427;423505352;424950341;425392837;425939252;425971422;426023290;426108828;426303789;426439325;426537197;426565486;426573512;426634262;426636424;426639345;426648998;426649926;426657127;426848544;426853539;427012537;427306227;427306761;427306879;427307746,262,8738,248,,0.03,0.51,9000,9000,0,False
e2b_nothinking,v6,sa,mv1,ALL,ALL,0.1,213,167,158,113,55,54,0.58,0.74,0.32,0.56,0.65,call;call;call;call;call;call;call;call;call;call;call;call;call;call;call;call;call;call;call;call;call;call;call;call;call;call;call;call;call;call;call;call;call;call;call;call;call;call;call;call;call;call;call;call;call;call;call;call;call;call;call;call;call;call;call;call;call;call;call;call;call;call;403927389;419887388;420599099;421372353;421956667;423219318;423324272;423562532;425627452;426076857;426100823;426101552;426107744;426108348;426195344;426202313;426204264;426204318;426600174;426608730;426610557;426636576;426848660;426855984;426857244;426863933;426864020;426864282;426864654;426864666;426865205;426865726;426865848;427012373;427012755;427018157;427030481;427035680;427037139;427303915;427305871;427305885;427305984;427306937;427307149;427307153;427307170;427308167;427310161;427313073;427314573,call;call;call;call;call;call;call;call;call;call;call;call;call;call;call;call;call;call;call;call;call;call;call;call;call;call;call;420511327;421888258;423163427;423505352;424950341;425392837;425939252;425971422;426023290;426108828;426303789;426439325;426537197;426565486;426573512;426634262;426636424;426639345;426648998;426649926;426657127;426848544;426853539;427012537;427306227;427306761;427306879;427307746,260,7913,250,,0.03,0.51,8173,9000,0,False
e2b_nothinking,v6,sa,mv1,ALL,ALL,0.2,213,167,145,97,68,70,0.6,0.68,0.42,0.57,0.64,call;call;call;call;call;call;call;call;call;call;call;call;call;call;call;call;call;call;call;call;call;call;call;call;call;call;call;call;call;call;call;call;call;call;call;call;call;call;call;call;call;call;call;call;call;call;call;call;call;call;call;call;call;403927389;419887388;420599099;421372353;421956667;423219318;423324272;423562532;425627452;426076857;426100823;426101552;426107744;426204318;426600174;426608730;426610557;426636576;426848660;426855984;426857244;426863933;426864020;426864282;426864654;426864666;426865205;426865726;426865848;427012755;427018157;427030481;427035680;427037139;427303915;427305871;427305885;427305984;427306937;427307149;427307153;427308167;427313073;427314573,call;call;call;call;call;call;call;call;call;call;call;call;call;call;call;call;call;call;call;call;call;call;call;call;call;call;call;call;call;call;call;call;420511327;421661435;421888258;422797054;423163427;423505352;424950341;425392837;425939252;425971422;426023290;426108828;426252346;426303789;426432272;426439325;426537197;426565486;426573512;426583408;426591403;426634262;426636424;426639345;426648998;426649193;426649926;426652242;426657127;426848544;426853539;427012537;427306227;427306761;427306879;427307746,230,3622,280,,0.06,0.45,3852,9000,0,False
e2b_nothinking,v6,sa,mv1,ALL,ALL,0.3,213,167,145,97,68,70,0.6,0.68,0.42,0.57,0.64,call;call;call;call;call;call;call;call;call;call;call;call;call;call;call;call;call;call;call;call;call;call;call;call;call;call;call;call;call;call;call;call;call;call;call;call;call;call;call;call;call;call;call;call;call;call;call;call;call;call;call;call;call;403927389;419887388;420599099;421372353;421956667;423219318;423324272;423562532;425627452;426076857;426100823;426101552;426107744;426204318;426600174;426608730;426610557;426636576;426848660;426855984;426857244;426863933;426864020;426864282;426864654;426864666;426865205;426865726;426865848;427012755;427018157;427030481;427035680;427037139;427303915;427305871;427305885;427305984;427306937;427307149;427307153;427308167;427313073;427314573,call;call;call;call;call;call;call;call;call;call;call;call;call;call;call;call;call;call;call;call;call;call;call;call;call;call;call;call;call;call;call;call;420511327;421661435;421888258;422797054;423163427;423505352;424950341;425392837;425939252;425971422;426023290;426108828;426252346;426303789;426432272;426439325;426537197;426565486;426573512;426583408;426591403;426634262;426636424;426639345;426648998;426649193;426649926;426652242;426657127;426848544;426853539;427012537;427306227;427306761;427306879;427307746,230,3618,280,,0.06,0.45,3848,9000,0,False
e2b_nothinking,v6,sa,mv1,ALL,ALL,0.4,213,167,134,67,79,100,0.67,0.63,0.6,0.62,0.65,call;call;call;call;call;call;call;call;call;call;call;call;call;call;call;call;call;call;call;call;call;call;call;call;call;call;call;call;call;call;call;call;call;call;call;403927389;419887388;421372353;421956667;423219318;423324272;423562532;426076857;426101552;426107744;426600174;426608730;426610557;426636576;426848660;426855984;426857244;426863933;426864020;426864654;426864666;426865848;427012755;427018157;427035680;427305871;427305885;427305984;427307149;427307153;427308167;427314573,call;call;call;call;call;call;call;call;call;call;call;call;call;call;call;call;call;call;call;call;call;call;call;call;call;call;call;call;call;call;call;call;call;call;call;420511327;421661435;421888258;421961206;422797054;423163427;423505352;424793843;424950341;425134890;425392837;425939252;425971422;426023290;426108828;426127716;426252346;426303789;426432272;426439325;426480223;426534420;426537197;426565486;426573210;426573512;426583408;426591403;426604065;426634262;426636424;426639345;426648998;426649193;426649926;426652242;426657127;426848544;426853539;427012537;427306227;427306761;427306879;427307746,213,1120,297,,0.16,0.42,1333,9000,0,False
e2b_nothinking,v6,sa,mv1,ALL,ALL,0.5,213,167,134,67,79,100,0.67,0.63,0.6,0.62,0.65,call;call;call;call;call;call;call;call;call;call;call;call;call;call;call;call;call;call;call;call;call;call;call;call;call;call;call;call;call;call;call;call;call;call;call;403927389;419887388;421372353;421956667;423219318;423324272;423562532;426076857;426101552;426107744;426600174;426608730;426610557;426636576;426848660;426855984;426857244;426863933;426864020;426864654;426864666;426865848;427012755;427018157;427035680;427305871;427305885;427305984;427307149;427307153;427308167;427314573,call;call;call;call;call;call;call;call;call;call;call;call;call;call;call;call;call;call;call;call;call;call;call;call;call;call;call;call;call;call;call;call;call;call;call;420511327;421661435;421888258;421961206;422797054;423163427;423505352;424793843;424950341;425134890;425392837;425939252;425971422;426023290;426108828;426127716;426252346;426303789;426432272;426439325;426480223;426534420;426537197;426565486;426573210;426573512;426583408;426591403;426604065;426634262;426636424;426639345;426648998;426649193;426649926;426652242;426657127;426848544;426853539;427012537;427306227;427306761;427306879;427307746,213,1120,297,,0.16,0.42,1333,9000,0,False
e2b_nothinking,v6,sa,mv1,ALL,ALL,0.6,213,167,134,67,79,100,0.67,0.63,0.6,0.62,0.65,call;call;call;call;call;call;call;call;call;call;call;call;call;call;call;call;call;call;call;call;call;call;call;call;call;call;call;call;call;call;call;call;call;call;call;403927389;419887388;421372353;421956667;423219318;423324272;423562532;426076857;426101552;426107744;426600174;426608730;426610557;426636576;426848660;426855984;426857244;426863933;426864020;426864654;426864666;426865848;427012755;427018157;427035680;427305871;427305885;427305984;427307149;427307153;427308167;427314573,call;call;call;call;call;call;call;call;call;call;call;call;call;call;call;call;call;call;call;call;call;call;call;call;call;call;call;call;call;call;call;call;call;call;call;420511327;421661435;421888258;421961206;422797054;423163427;423505352;424793843;424950341;425134890;425392837;425939252;425971422;426023290;426108828;426127716;426252346;426303789;426432272;426439325;426480223;426534420;426537197;426565486;426573210;426573512;426583408;426591403;426604065;426634262;426636424;426639345;426648998;426649193;426649926;426652242;426657127;426848544;426853539;427012537;427306227;427306761;427306879;427307746,213,1120,297,,0.16,0.42,1333,9000,0,False
e2b_nothinking,v6,sa,mv1,ALL,ALL,0.7,213,167,111,40,102,127,0.74,0.52,0.76,0.63,0.61,call;call;call;call;call;call;call;call;call;call;call;call;call;call;call;call;call;call;call;call;call;call;call;call;421372353;421956667;423324272;423562532;426101552;426608730;426610557;426636576;426848660;426864020;426864666;426865848;427018157;427035680;427308167;427314573,call;call;call;call;call;call;call;call;call;call;call;call;call;call;call;call;call;call;call;call;call;call;call;call;call;call;call;call;call;call;call;call;call;call;call;call;call;call;call;call;call;call;call;call;call;call;call;call;call;call;call;call;420511327;421661435;421888258;421961206;422797054;423163427;423505352;423887482;424154820;424793843;424950341;425134890;425392837;425656790;425912424;425939252;425971422;426023290;426108828;426127716;426252346;426303789;426432272;426439325;426480223;426534420;426537197;426565486;426573210;426573512;426583408;426591403;426604065;426620137;426634262;426636424;426639345;426648998;426649193;426649926;426652242;426657127;426848544;426853539;427012375;427012537;427306227;427306761;427306879;427307746,163,611,347,,0.21,0.32,774,9000,0,False
e2b_nothinking,v6,sa,mv1,ALL,ALL,0.8,213,167,110,40,103,127,0.73,0.52,0.76,0.62,0.61,call;call;call;call;call;call;call;call;call;call;call;call;call;call;call;call;call;call;call;call;call;call;call;call;421372353;421956667;423324272;423562532;426101552;426608730;426610557;426636576;426848660;426864020;426864666;426865848;427018157;427035680;427308167;427314573,call;call;call;call;call;call;call;call;call;call;call;call;call;call;call;call;call;call;call;call;call;call;call;call;call;call;call;call;call;call;call;call;call;call;call;call;call;call;call;call;call;call;call;call;call;call;call;call;call;call;call;call;call;420511327;421661435;421888258;421961206;422797054;423163427;423505352;423887482;424154820;424793843;424950341;425134890;425392837;425656790;425912424;425939252;425971422;426023290;426108828;426127716;426252346;426303789;426432272;426439325;426480223;426534420;426537197;426565486;426573210;426573512;426583408;426591403;426604065;426620137;426634262;426636424;426639345;426648998;426649193;426649926;426652242;426657127;426848544;426853539;427012375;427012537;427306227;427306761;427306879;427307746,162,608,348,,0.21,0.32,770,9000,0,False
e2b_nothinking,v6,sa,mv1,ALL,ALL,0.9,213,167,109,40,104,127,0.73,0.51,0.76,0.62,0.6,call;call;call;call;call;call;call;call;call;call;call;call;call;call;call;call;call;call;call;call;call;call;call;call;421372353;421956667;423324272;423562532;426101552;426608730;426610557;426636576;426848660;426864020;426864666;426865848;427018157;427035680;427308167;427314573,call;call;call;call;call;call;call;call;call;call;call;call;call;call;call;call;call;call;call;call;call;call;call;call;call;call;call;call;call;call;call;call;call;call;call;call;call;call;call;call;call;call;call;call;call;call;call;call;call;call;call;call;call;call;420511327;421661435;421888258;421961206;422797054;423163427;423505352;423887482;424154820;424793843;424950341;425134890;425392837;425656790;425912424;425939252;425971422;426023290;426108828;426127716;426252346;426303789;426432272;426439325;426480223;426534420;426537197;426565486;426573210;426573512;426583408;426591403;426604065;426620137;426634262;426636424;426639345;426648998;426649193;426649926;426652242;426657127;426848544;426853539;427012375;427012537;427306227;427306761;427306879;427307746,160,590,350,,0.21,0.31,750,9000,0,False
e2b_nothinking,v6,sa,mv1,ALL,ALL,0.95,213,167,0,0,213,167,,0.0,1.0,0.44,,,call;call;call;call;call;call;call;call;call;call;call;call;call;call;call;call;call;call;call;call;call;call;call;call;call;call;call;call;call;call;call;call;call;call;call;call;call;call;call;call;call;call;call;call;call;call;call;call;call;call;call;call;call;call;call;call;call;call;call;call;call;call;call;call;call;call;call;call;call;call;call;call;call;call;call;call;call;call;call;call;call;call;call;call;call;call;call;call;call;call;call;call;call;call;call;call;call;call;call;call;call;call;call;call;call;call;call;call;call;call;call;call;call;call;call;call;call;call;call;call;420147298;420511327;421661435;421888258;421961206;422311857;422797054;423104500;423163427;423336284;423505352;423662590;423887482;423958539;423978016;424154820;424610958;424687669;424793843;424880310;424950341;425134890;425141339;425392837;425396309;425476935;425656790;425778316;425908372;425912424;425939252;425942168;425971422;426023290;426108828;426126833;426127716;426226216;426252346;426303789;426363836;426377718;426408577;426432272;426438311;426439325;426460304;426480223;426534420;426537197;426548691;426565486;426573210;426573512;426578327;426582734;426583408;426591403;426593601;426593829;426594432;426597928;426603278;426604065;426606195;426609609;426610860;426620137;426631751;426633368;426634262;426636424;426639345;426642159;426645015;426647598;426648998;426649193;426649926;426652242;426656120;426657127;426662883;426667318;426669005;426848544;426853539;427012375;427012537;427306227;427306761;427306879;427307746,0,0,510,,,0.0,0,9000,0,False
e2b_nothinking,v6,sa,mv1,ALL,ALL,1.0,213,167,0,0,213,167,,0.0,1.0,0.44,,,call;call;call;call;call;call;call;call;call;call;call;call;call;call;call;call;call;call;call;call;call;call;call;call;call;call;call;call;call;call;call;call;call;call;call;call;call;call;call;call;call;call;call;call;call;call;call;call;call;call;call;call;call;call;call;call;call;call;call;call;call;call;call;call;call;call;call;call;call;call;call;call;call;call;call;call;call;call;call;call;call;call;call;call;call;call;call;call;call;call;call;call;call;call;call;call;call;call;call;call;call;call;call;call;call;call;call;call;call;call;call;call;call;call;call;call;call;call;call;call;420147298;420511327;421661435;421888258;421961206;422311857;422797054;423104500;423163427;423336284;423505352;423662590;423887482;423958539;423978016;424154820;424610958;424687669;424793843;424880310;424950341;425134890;425141339;425392837;425396309;425476935;425656790;425778316;425908372;425912424;425939252;425942168;425971422;426023290;426108828;426126833;426127716;426226216;426252346;426303789;426363836;426377718;426408577;426432272;426438311;426439325;426460304;426480223;426534420;426537197;426548691;426565486;426573210;426573512;426578327;426582734;426583408;426591403;426593601;426593829;426594432;426597928;426603278;426604065;426606195;426609609;426610860;426620137;426631751;426633368;426634262;426636424;426639345;426642159;426645015;426647598;426648998;426649193;426649926;426652242;426656120;426657127;426662883;426667318;426669005;426848544;426853539;427012375;427012537;427306227;427306761;427306879;427307746,0,0,510,,,0.0,0,9000,0,False
e2b_nothinking,v6,sa,mv1,ALL,ALL,none,213,167,158,119,55,48,0.57,0.74,0.29,0.54,0.64,call;call;call;call;call;call;call;call;call;call;call;call;call;call;call;call;call;call;call;call;call;call;call;call;call;call;call;call;call;call;call;call;call;call;call;call;call;call;call;call;call;call;call;call;call;call;call;call;call;call;call;call;call;call;call;call;call;call;call;call;call;call;call;call;call;call;call;403927389;419887388;420599099;421372353;421956667;423219318;423324272;423562532;425627452;426076857;426100823;426101552;426107744;426108348;426195344;426202313;426204264;426204318;426600174;426608730;426610557;426636576;426848660;426855984;426857244;426863933;426864020;426864282;426864654;426864666;426865205;426865726;426865848;427012373;427012755;427018157;427030481;427035680;427037139;427303915;427305556;427305871;427305885;427305984;427306937;427307149;427307153;427307170;427308167;427310161;427313073;427314573,call;call;call;call;call;call;call;call;call;call;call;call;call;call;call;call;call;call;call;call;call;call;call;call;call;call;call;420511327;421888258;423163427;423505352;424950341;425392837;425939252;425971422;426023290;426108828;426303789;426439325;426537197;426565486;426573512;426634262;426636424;426639345;426648998;426649926;426657127;426848544;426853539;427012537;427306227;427306761;427306879;427307746,262,8738,248,,0.03,0.51,9000,9000,0,False
e2b_nothinking,v6,sa_drop_invalid,mv1,ALL,PlatformMove,0.0,129,251,98,167,31,84,0.37,0.76,0.33,0.48,0.5,call;call;call;call;call;call;call;call;call;call;call;call;call;call;call;call;call;call;call;call;call;call;call;call;call;call;call;call;call;call;call;call;call;call;call;call;call;call;call;call;call;call;call;call;call;call;call;call;call;call;call;call;call;call;call;call;call;call;call;call;call;call;call;call;call;call;call;call;call;call;call;call;call;call;call;call;call;call;call;call;call;call;call;call;call;call;call;call;call;call;403927389;419887388;420599099;421372353;421661435;421956667;421961206;423163427;423219318;423324272;423562532;423662590;424793843;424880310;424950341;425134890;425141339;425392837;425627452;425778316;425908372;426076857;426101552;426107744;426108348;426126833;426127716;426195344;426204318;426432272;426460304;426565486;426582734;426591403;426593601;426600174;426604065;426608730;426610557;426620137;426633368;426636424;426636576;426648998;426649193;426652242;426848544;426848660;426855984;426863933;426864020;426864282;426864654;426864666;426865205;426865726;426865848;427012537;427012755;427018157;427030481;427035680;427037139;427303915;427305871;427305885;427305984;427306227;427306761;427307149;427307153;427307170;427307746;427308167;427310161;427313073;427314573,call;call;call;call;call;call;call;call;call;call;call;call;call;call;call;420511327;421888258;423505352;425476935;425656790;425939252;425971422;426023290;426303789;426439325;426534420;426593829;426634262;426639345;426649926;426657127,124,4581,66,,0.03,0.65,4705,4705,0,False
e2b_nothinking,v6,sa_drop_invalid,mv1,ALL,PlatformMove,0.1,129,251,97,167,32,84,0.37,0.75,0.33,0.48,0.49,call;call;call;call;call;call;call;call;call;call;call;call;call;call;call;call;call;call;call;call;call;call;call;call;call;call;call;call;call;call;call;call;call;call;call;call;call;call;call;call;call;call;call;call;call;call;call;call;call;call;call;call;call;call;call;call;call;call;call;call;call;call;call;call;call;call;call;call;call;call;call;call;call;call;call;call;call;call;call;call;call;call;call;call;call;call;call;call;call;call;403927389;419887388;420599099;421372353;421661435;421956667;421961206;423163427;423219318;423324272;423562532;423662590;424793843;424880310;424950341;425134890;425141339;425392837;425627452;425778316;425908372;426076857;426101552;426107744;426108348;426126833;426127716;426195344;426204318;426432272;426460304;426565486;426582734;426591403;426593601;426600174;426604065;426608730;426610557;426620137;426633368;426636424;426636576;426648998;426649193;426652242;426848544;426848660;426855984;426863933;426864020;426864282;426864654;426864666;426865205;426865726;426865848;427012537;427012755;427018157;427030481;427035680;427037139;427303915;427305871;427305885;427305984;427306227;427306761;427307149;427307153;427307170;427307746;427308167;427310161;427313073;427314573,call;call;call;call;call;call;call;call;call;call;call;call;call;call;call;420511327;421888258;423505352;425476935;425656790;425939252;425971422;426023290;426303789;426377718;426439325;426534420;426593829;426634262;426639345;426649926;426657127,123,4580,67,,0.03,0.65,4703,4705,0,False
e2b_nothinking,v6,sa_drop_invalid,mv1,ALL,PlatformMove,0.2,129,251,89,112,40,139,0.44,0.69,0.55,0.6,0.54,call;call;call;call;call;call;call;call;call;call;call;call;call;call;call;call;call;call;call;call;call;call;call;call;call;call;call;call;call;call;call;call;call;call;call;call;call;call;call;call;call;call;call;call;call;call;call;call;call;call;call;call;call;call;call;call;call;call;call;call;call;call;403927389;419887388;420599099;421372353;421961206;423219318;423324272;423562532;423662590;424880310;424950341;425134890;425141339;425778316;425908372;426076857;426101552;426107744;426127716;426432272;426460304;426565486;426582734;426591403;426593601;426600174;426610557;426620137;426636424;426636576;426652242;426848544;426855984;426864020;426864666;426865205;426865848;427012755;427018157;427030481;427035680;427037139;427305871;427305885;427305984;427307149;427307153;427307746;427308167;427314573,call;call;call;call;call;call;call;call;call;call;call;call;call;call;call;call;call;call;call;420511327;421888258;422797054;423505352;423978016;425476935;425656790;425939252;425971422;426023290;426252346;426303789;426377718;426439325;426534420;426583408;426593829;426634262;426639345;426649926;426657127,110,1481,80,,0.07,0.58,1591,4705,0,False
e2b_nothinking,v6,sa_drop_invalid,mv1,ALL,PlatformMove,0.3,129,251,89,112,40,139,0.44,0.69,0.55,0.6,0.54,call;call;call;call;call;call;call;call;call;call;call;call;call;call;call;call;call;call;call;call;call;call;call;call;call;call;call;call;call;call;call;call;call;call;call;call;call;call;call;call;call;call;call;call;call;call;call;call;call;call;call;call;call;call;call;call;call;call;call;call;call;call;403927389;419887388;420599099;421372353;421961206;423219318;423324272;423562532;423662590;424880310;424950341;425134890;425141339;425778316;425908372;426076857;426101552;426107744;426127716;426432272;426460304;426565486;426582734;426591403;426593601;426600174;426610557;426620137;426636424;426636576;426652242;426848544;426855984;426864020;426864666;426865205;426865848;427012755;427018157;427030481;427035680;427037139;427305871;427305885;427305984;427307149;427307153;427307746;427308167;427314573,call;call;call;call;call;call;call;call;call;call;call;call;call;call;call;call;call;call;call;420511327;421888258;422797054;423505352;423978016;425476935;425656790;425939252;425971422;426023290;426252346;426303789;426377718;426439325;426534420;426583408;426593829;426634262;426639345;426649926;426657127,110,1477,80,,0.07,0.58,1587,4705,0,False
e2b_nothinking,v6,sa_drop_invalid,mv1,ALL,PlatformMove,0.4,129,251,87,76,42,175,0.53,0.67,0.7,0.69,0.6,call;call;call;call;call;call;call;call;call;call;call;call;call;call;call;call;call;call;call;call;call;call;call;call;call;call;call;call;call;call;call;call;call;call;call;call;call;call;call;call;call;call;call;call;call;call;call;call;421372353;423219318;423324272;423562532;425134890;425141339;425908372;426101552;426107744;426432272;426460304;426582734;426593601;426610557;426620137;426636424;426636576;426848544;426855984;426864020;426864666;426865848;427035680;427305871;427305885;427305984;427308167;427314573,call;call;call;call;call;call;call;call;call;call;call;call;call;call;call;call;call;call;call;call;420511327;421888258;422797054;423505352;423978016;425476935;425656790;425939252;425971422;426023290;426252346;426303789;426377718;426439325;426534420;426573210;426583408;426593829;426634262;426639345;426649926;426657127,106,500,84,,0.17,0.56,606,4705,0,False
e2b_nothinking,v6,sa_drop_invalid,mv1,ALL,PlatformMove,0.5,129,251,87,76,42,175,0.53,0.67,0.7,0.69,0.6,call;call;call;call;call;call;call;call;call;call;call;call;call;call;call;call;call;call;call;call;call;call;call;call;call;call;call;call;call;call;call;call;call;call;call;call;call;call;call;call;call;call;call;call;call;call;call;call;421372353;423219318;423324272;423562532;425134890;425141339;425908372;426101552;426107744;426432272;426460304;426582734;426593601;426610557;426620137;426636424;426636576;426848544;426855984;426864020;426864666;426865848;427035680;427305871;427305885;427305984;427308167;427314573,call;call;call;call;call;call;call;call;call;call;call;call;call;call;call;call;call;call;call;call;420511327;421888258;422797054;423505352;423978016;425476935;425656790;425939252;425971422;426023290;426252346;426303789;426377718;426439325;426534420;426573210;426583408;426593829;426634262;426639345;426649926;426657127,106,500,84,,0.17,0.56,606,4705,0,False
e2b_nothinking,v6,sa_drop_invalid,mv1,ALL,PlatformMove,0.6,129,251,87,76,42,175,0.53,0.67,0.7,0.69,0.6,call;call;call;call;call;call;call;call;call;call;call;call;call;call;call;call;call;call;call;call;call;call;call;call;call;call;call;call;call;call;call;call;call;call;call;call;call;call;call;call;call;call;call;call;call;call;call;call;421372353;423219318;423324272;423562532;425134890;425141339;425908372;426101552;426107744;426432272;426460304;426582734;426593601;426610557;426620137;426636424;426636576;426848544;426855984;426864020;426864666;426865848;427035680;427305871;427305885;427305984;427308167;427314573,call;call;call;call;call;call;call;call;call;call;call;call;call;call;call;call;call;call;call;call;420511327;421888258;422797054;423505352;423978016;425476935;425656790;425939252;425971422;426023290;426252346;426303789;426377718;426439325;426534420;426573210;426583408;426593829;426634262;426639345;426649926;426657127,106,500,84,,0.17,0.56,606,4705,0,False
e2b_nothinking,v6,sa_drop_invalid,mv1,ALL,PlatformMove,0.7,129,251,79,47,50,204,0.63,0.61,0.81,0.74,0.62,call;call;call;call;call;call;call;call;call;call;call;call;call;call;call;call;call;call;call;call;call;call;call;call;call;call;call;call;call;call;call;call;call;421372353;423324272;423562532;426101552;426582734;426610557;426620137;426636576;426864020;426864666;426865848;427035680;427308167;427314573,call;call;call;call;call;call;call;call;call;call;call;call;call;call;call;call;call;call;call;call;call;call;call;call;call;420511327;421888258;422797054;423505352;423887482;423978016;425476935;425656790;425912424;425939252;425971422;426023290;426252346;426303789;426377718;426439325;426534420;426573210;426583408;426593829;426634262;426639345;426642159;426649926;426657127,94,364,96,,0.21,0.49,458,4705,0,False
e2b_nothinking,v6,sa_drop_invalid,mv1,ALL,PlatformMove,0.8,129,251,79,47,50,204,0.63,0.61,0.81,0.74,0.62,call;call;call;call;call;call;call;call;call;call;call;call;call;call;call;call;call;call;call;call;call;call;call;call;call;call;call;call;call;call;call;call;call;421372353;423324272;423562532;426101552;426582734;426610557;426620137;426636576;426864020;426864666;426865848;427035680;427308167;427314573,call;call;call;call;call;call;call;call;call;call;call;call;call;call;call;call;call;call;call;call;call;call;call;call;call;420511327;421888258;422797054;423505352;423887482;423978016;425476935;425656790;425912424;425939252;425971422;426023290;426252346;426303789;426377718;426439325;426534420;426573210;426583408;426593829;426634262;426639345;426642159;426649926;426657127,94,364,96,,0.21,0.49,458,4705,0,False
e2b_nothinking,v6,sa_drop_invalid,mv1,ALL,PlatformMove,0.9,129,251,79,47,50,204,0.63,0.61,0.81,0.74,0.62,call;call;call;call;call;call;call;call;call;call;call;call;call;call;call;call;call;call;call;call;call;call;call;call;call;call;call;call;call;call;call;call;call;421372353;423324272;423562532;426101552;426582734;426610557;426620137;426636576;426864020;426864666;426865848;427035680;427308167;427314573,call;call;call;call;call;call;call;call;call;call;call;call;call;call;call;call;call;call;call;call;call;call;call;call;call;420511327;421888258;422797054;423505352;423887482;423978016;425476935;425656790;425912424;425939252;425971422;426023290;426252346;426303789;426377718;426439325;426534420;426573210;426583408;426593829;426634262;426639345;426642159;426649926;426657127,94,360,96,,0.21,0.49,454,4705,0,False
e2b_nothinking,v6,sa_drop_invalid,mv1,ALL,PlatformMove,0.95,129,251,0,0,129,251,,0.0,1.0,0.66,,,call;call;call;call;call;call;call;call;call;call;call;call;call;call;call;call;call;call;call;call;call;call;call;call;call;call;call;call;call;call;call;call;call;call;call;call;call;call;call;call;call;call;call;call;call;call;call;call;call;call;call;call;call;call;call;call;call;call;call;call;call;call;call;call;call;call;call;call;call;call;call;call;call;call;call;call;call;420147298;420511327;421888258;422311857;422797054;423104500;423336284;423505352;423887482;423958539;423978016;424610958;424687669;425396309;425476935;425656790;425912424;425939252;425942168;425971422;426023290;426226216;426252346;426303789;426363836;426377718;426408577;426438311;426439325;426534420;426548691;426573210;426583408;426593829;426594432;426597928;426603278;426606195;426609609;426610860;426631751;426634262;426639345;426642159;426645015;426647598;426649926;426656120;426657127;426662883;426667318;426669005,0,0,190,,,0.0,0,4705,0,False
e2b_nothinking,v6,sa_drop_invalid,mv1,ALL,PlatformMove,1.0,129,251,0,0,129,251,,0.0,1.0,0.66,,,call;call;call;call;call;call;call;call;call;call;call;call;call;call;call;call;call;call;call;call;call;call;call;call;call;call;call;call;call;call;call;call;call;call;call;call;call;call;call;call;call;call;call;call;call;call;call;call;call;call;call;call;call;call;call;call;call;call;call;call;call;call;call;call;call;call;call;call;call;call;call;call;call;call;call;call;call;420147298;420511327;421888258;422311857;422797054;423104500;423336284;423505352;423887482;423958539;423978016;424610958;424687669;425396309;425476935;425656790;425912424;425939252;425942168;425971422;426023290;426226216;426252346;426303789;426363836;426377718;426408577;426438311;426439325;426534420;426548691;426573210;426583408;426593829;426594432;426597928;426603278;426606195;426609609;426610860;426631751;426634262;426639345;426642159;426645015;426647598;426649926;426656120;426657127;426662883;426667318;426669005,0,0,190,,,0.0,0,4705,0,False
e2b_nothinking,v6,sa_drop_invalid,mv1,ALL,PlatformMove,none,129,251,98,167,31,84,0.37,0.76,0.33,0.48,0.5,call;call;call;call;call;call;call;call;call;call;call;call;call;call;call;call;call;call;call;call;call;call;call;call;call;call;call;call;call;call;call;call;call;call;call;call;call;call;call;call;call;call;call;call;call;call;call;call;call;call;call;call;call;call;call;call;call;call;call;call;call;call;call;call;call;call;call;call;call;call;call;call;call;call;call;call;call;call;call;call;call;call;call;call;call;call;call;call;call;call;403927389;419887388;420599099;421372353;421661435;421956667;421961206;423163427;423219318;423324272;423562532;423662590;424793843;424880310;424950341;425134890;425141339;425392837;425627452;425778316;425908372;426076857;426101552;426107744;426108348;426126833;426127716;426195344;426204318;426432272;426460304;426565486;426582734;426591403;426593601;426600174;426604065;426608730;426610557;426620137;426633368;426636424;426636576;426648998;426649193;426652242;426848544;426848660;426855984;426863933;426864020;426864282;426864654;426864666;426865205;426865726;426865848;427012537;427012755;427018157;427030481;427035680;427037139;427303915;427305871;427305885;427305984;427306227;427306761;427307149;427307153;427307170;427307746;427308167;427310161;427313073;427314573,call;call;call;call;call;call;call;call;call;call;call;call;call;call;call;420511327;421888258;423505352;425476935;425656790;425939252;425971422;426023290;426303789;426439325;426534420;426593829;426634262;426639345;426649926;426657127,124,4581,66,,0.03,0.65,4705,4705,0,False
e2b_nothinking,v6,sa_drop_invalid,mv1,ALL,SuspiciousActivity,0.0,70,310,54,131,16,179,0.29,0.77,0.58,0.61,0.42,call;call;call;call;call;call;call;call;call;call;call;call;call;call;call;call;call;call;call;call;call;call;call;call;call;call;call;call;call;call;call;call;call;call;call;call;call;call;call;call;call;call;call;call;call;call;call;call;call;call;call;call;call;call;call;call;call;call;call;call;call;call;call;call;call;call;call;call;call;call;call;call;call;call;403927389;420147298;420511327;420599099;421372353;421888258;423219318;423324272;423562532;423662590;424880310;425656790;425908372;425912424;425939252;425971422;426076857;426107744;426204318;426226216;426252346;426303789;426432272;426439325;426573210;426582734;426583408;426591403;426593601;426603278;426608730;426609609;426620137;426631751;426633368;426636576;426639345;426645015;426647598;426648998;426652242;426656120;426657127;426848544;426848660;426855984;426864282;426864654;427035680;427037139;427305871;427305885;427305984;427307149;427307153;427307746;427308167,call;call;call;call;call;call;call;call;423163427;423887482;424610958;426023290;426480223;426534420;426610860;427306879,63,801,29,,0.07,0.68,864,864,0,False
e2b_nothinking,v6,sa_drop_invalid,mv1,ALL,SuspiciousActivity,0.1,70,310,54,131,16,179,0.29,0.77,0.58,0.61,0.42,call;call;call;call;call;call;call;call;call;call;call;call;call;call;call;call;call;call;call;call;call;call;call;call;call;call;call;call;call;call;call;call;call;call;call;call;call;call;call;call;call;call;call;call;call;call;call;call;call;call;call;call;call;call;call;call;call;call;call;call;call;call;call;call;call;call;call;call;call;call;call;call;call;call;403927389;420147298;420511327;420599099;421372353;421888258;423219318;423324272;423562532;423662590;424880310;425656790;425908372;425912424;425939252;425971422;426076857;426107744;426204318;426226216;426252346;426303789;426432272;426439325;426573210;426582734;426583408;426591403;426593601;426603278;426608730;426609609;426620137;426631751;426633368;426636576;426639345;426645015;426647598;426648998;426652242;426656120;426657127;426848544;426848660;426855984;426864282;426864654;427035680;427037139;427305871;427305885;427305984;427307149;427307153;427307746;427308167,call;call;call;call;call;call;call;call;423163427;423887482;424610958;426023290;426480223;426534420;426610860;427306879,63,801,29,,0.07,0.68,864,864,0,False
e2b_nothinking,v6,sa_drop_invalid,mv1,ALL,SuspiciousActivity,0.2,70,310,51,122,19,188,0.29,0.73,0.61,0.63,0.42,call;call;call;call;call;call;call;call;call;call;call;call;call;call;call;call;call;call;call;call;call;call;call;call;call;call;call;call;call;call;call;call;call;call;call;call;call;call;call;call;call;call;call;call;call;call;call;call;call;call;call;call;call;call;call;call;call;call;call;call;call;call;call;call;call;call;call;403927389;420147298;420511327;420599099;421372353;421888258;423219318;423324272;423562532;423662590;424880310;425656790;425908372;425912424;425939252;425971422;426076857;426107744;426204318;426226216;426252346;426303789;426432272;426439325;426573210;426582734;426583408;426593601;426603278;426608730;426609609;426620137;426631751;426633368;426636576;426639345;426645015;426647598;426648998;426652242;426656120;426657127;426848544;426848660;426855984;426864282;426864654;427037139;427305871;427305885;427305984;427307149;427307153;427307746;427308167,call;call;call;call;call;call;call;call;call;call;422797054;423163427;423887482;424610958;426023290;426480223;426534420;426610860;427306879,57,586,35,,0.09,0.62,643,864,0,False
e2b_nothinking,v6,sa_drop_invalid,mv1,ALL,SuspiciousActivity,0.3,70,310,51,122,19,188,0.29,0.73,0.61,0.63,0.42,call;call;call;call;call;call;call;call;call;call;call;call;call;call;call;call;call;call;call;call;call;call;call;call;call;call;call;call;call;call;call;call;call;call;call;call;call;call;call;call;call;call;call;call;call;call;call;call;call;call;call;call;call;call;call;call;call;call;call;call;call;call;call;call;call;call;call;403927389;420147298;420511327;420599099;421372353;421888258;423219318;423324272;423562532;423662590;424880310;425656790;425908372;425912424;425939252;425971422;426076857;426107744;426204318;426226216;426252346;426303789;426432272;426439325;426573210;426582734;426583408;426593601;426603278;426608730;426609609;426620137;426631751;426633368;426636576;426639345;426645015;426647598;426648998;426652242;426656120;426657127;426848544;426848660;426855984;426864282;426864654;427037139;427305871;427305885;427305984;427307149;427307153;427307746;427308167,call;call;call;call;call;call;call;call;call;call;422797054;423163427;423887482;424610958;426023290;426480223;426534420;426610860;427306879,57,586,35,,0.09,0.62,643,864,0,False
e2b_nothinking,v6,sa_drop_invalid,mv1,ALL,SuspiciousActivity,0.4,70,310,51,88,19,222,0.37,0.73,0.72,0.72,0.49,call;call;call;call;call;call;call;call;call;call;call;call;call;call;call;call;call;call;call;call;call;call;call;call;call;call;call;call;call;call;call;call;call;call;call;call;call;call;call;call;call;call;call;call;call;call;call;call;call;call;403927389;420147298;420511327;421372353;421888258;423219318;423662590;424880310;425656790;425908372;425939252;425971422;426076857;426107744;426226216;426252346;426303789;426432272;426573210;426582734;426583408;426593601;426603278;426608730;426620137;426639345;426645015;426648998;426652242;426656120;426657127;426848660;426864654;427305871;427307149;427307153;427307746;427308167,call;call;call;call;call;call;call;call;call;call;422797054;423163427;423887482;424610958;426023290;426480223;426534420;426610860;427306879,57,313,35,,0.15,0.62,370,864,0,False
e2b_nothinking,v6,sa_drop_invalid,mv1,ALL,SuspiciousActivity,0.5,70,310,51,88,19,222,0.37,0.73,0.72,0.72,0.49,call;call;call;call;call;call;call;call;call;call;call;call;call;call;call;call;call;call;call;call;call;call;call;call;call;call;call;call;call;call;call;call;call;call;call;call;call;call;call;call;call;call;call;call;call;call;call;call;call;call;403927389;420147298;420511327;421372353;421888258;423219318;423662590;424880310;425656790;425908372;425939252;425971422;426076857;426107744;426226216;426252346;426303789;426432272;426573210;426582734;426583408;426593601;426603278;426608730;426620137;426639345;426645015;426648998;426652242;426656120;426657127;426848660;426864654;427305871;427307149;427307153;427307746;427308167,call;call;call;call;call;call;call;call;call;call;422797054;423163427;423887482;424610958;426023290;426480223;426534420;426610860;427306879,57,313,35,,0.15,0.62,370,864,0,False
e2b_nothinking,v6,sa_drop_invalid,mv1,ALL,SuspiciousActivity,0.6,70,310,51,88,19,222,0.37,0.73,0.72,0.72,0.49,call;call;call;call;call;call;call;call;call;call;call;call;call;call;call;call;call;call;call;call;call;call;call;call;call;call;call;call;call;call;call;call;call;call;call;call;call;call;call;call;call;call;call;call;call;call;call;call;call;call;403927389;420147298;420511327;421372353;421888258;423219318;423662590;424880310;425656790;425908372;425939252;425971422;426076857;426107744;426226216;426252346;426303789;426432272;426573210;426582734;426583408;426593601;426603278;426608730;426620137;426639345;426645015;426648998;426652242;426656120;426657127;426848660;426864654;427305871;427307149;427307153;427307746;427308167,call;call;call;call;call;call;call;call;call;call;422797054;423163427;423887482;424610958;426023290;426480223;426534420;426610860;427306879,57,313,35,,0.15,0.62,370,864,0,False
e2b_nothinking,v6,sa_drop_invalid,mv1,ALL,SuspiciousActivity,0.7,70,310,30,29,40,281,0.51,0.43,0.91,0.82,0.47,call;call;call;call;call;call;call;call;call;call;call;call;call;call;call;call;call;call;call;424880310;425656790;425939252;426226216;426252346;426303789;426573210;426608730;426656120;426657127,call;call;call;call;call;call;call;call;call;call;call;call;call;call;call;call;call;call;call;call;call;call;call;call;call;call;422311857;422797054;423163427;423887482;424154820;424610958;425778316;426023290;426480223;426534420;426548691;426597928;426610860;427306879,34,106,58,,0.24,0.37,140,864,0,False
e2b_nothinking,v6,sa_drop_invalid,mv1,ALL,SuspiciousActivity,0.8,70,310,29,28,41,282,0.51,0.41,0.91,0.82,0.46,call;call;call;call;call;call;call;call;call;call;call;call;call;call;call;call;call;call;424880310;425656790;425939252;426226216;426252346;426303789;426573210;426608730;426656120;426657127,call;call;call;call;call;call;call;call;call;call;call;call;call;call;call;call;call;call;call;call;call;call;call;call;call;call;call;422311857;422797054;423163427;423887482;424154820;424610958;425778316;426023290;426480223;426534420;426548691;426597928;426610860;427306879,33,104,59,,0.24,0.36,137,864,0,False
e2b_nothinking,v6,sa_drop_invalid,mv1,ALL,SuspiciousActivity,0.9,70,310,27,23,43,287,0.54,0.39,0.93,0.83,0.45,call;call;call;call;call;call;call;call;call;call;call;call;call;call;call;424880310;425656790;425939252;426226216;426252346;426303789;426608730;426657127,call;call;call;call;call;call;call;call;call;call;call;call;call;call;call;call;call;call;call;call;call;call;call;call;call;call;call;call;422311857;422797054;423163427;423887482;424154820;424610958;425778316;426023290;426480223;426534420;426548691;426597928;426610860;426642159;427306879,31,93,61,,0.25,0.34,124,864,0,False
e2b_nothinking,v6,sa_drop_invalid,mv1,ALL,SuspiciousActivity,0.95,70,310,0,0,70,310,,0.0,1.0,0.82,,,call;call;call;call;call;call;call;call;call;call;call;call;call;call;call;call;call;call;call;call;call;call;call;call;call;call;call;call;call;call;call;call;call;call;call;call;call;call;call;call;call;call;call;call;422311857;422797054;423104500;423163427;423336284;423887482;423978016;424154820;424610958;424687669;425396309;425476935;425778316;426023290;426377718;426408577;426480223;426534420;426548691;426578327;426593829;426597928;426606195;426610860;426642159;427306879,0,0,92,,,0.0,0,864,0,False
e2b_nothinking,v6,sa_drop_invalid,mv1,ALL,SuspiciousActivity,1.0,70,310,0,0,70,310,,0.0,1.0,0.82,,,call;call;call;call;call;call;call;call;call;call;call;call;call;call;call;call;call;call;call;call;call;call;call;call;call;call;call;call;call;call;call;call;call;call;call;call;call;call;call;call;call;call;call;call;422311857;422797054;423104500;423163427;423336284;423887482;423978016;424154820;424610958;424687669;425396309;425476935;425778316;426023290;426377718;426408577;426480223;426534420;426548691;426578327;426593829;426597928;426606195;426610860;426642159;427306879,0,0,92,,,0.0,0,864,0,False
e2b_nothinking,v6,sa_drop_invalid,mv1,ALL,SuspiciousActivity,none,70,310,54,131,16,179,0.29,0.77,0.58,0.61,0.42,call;call;call;call;call;call;call;call;call;call;call;call;call;call;call;call;call;call;call;call;call;call;call;call;call;call;call;call;call;call;call;call;call;call;call;call;call;call;call;call;call;call;call;call;call;call;call;call;call;call;call;call;call;call;call;call;call;call;call;call;call;call;call;call;call;call;call;call;call;call;call;call;call;call;403927389;420147298;420511327;420599099;421372353;421888258;423219318;423324272;423562532;423662590;424880310;425656790;425908372;425912424;425939252;425971422;426076857;426107744;426204318;426226216;426252346;426303789;426432272;426439325;426573210;426582734;426583408;426591403;426593601;426603278;426608730;426609609;426620137;426631751;426633368;426636576;426639345;426645015;426647598;426648998;426652242;426656120;426657127;426848544;426848660;426855984;426864282;426864654;427035680;427037139;427305871;427305885;427305984;427307149;427307153;427307746;427308167,call;call;call;call;call;call;call;call;423163427;423887482;424610958;426023290;426480223;426534420;426610860;427306879,63,801,29,,0.07,0.68,864,864,0,False
e2b_nothinking,v6,sa_drop_invalid,mv1,ALL,Explicit-Flirting,0.0,112,268,59,104,53,164,0.36,0.53,0.61,0.59,0.43,call;call;call;call;call;call;call;call;call;call;call;call;call;call;call;call;call;call;call;call;call;call;call;call;call;call;call;call;call;call;call;call;call;call;call;call;call;call;call;call;call;call;call;call;call;call;call;call;call;call;call;call;call;call;call;call;call;call;call;call;call;403927389;419887388;420147298;420511327;420599099;421372353;421956667;423219318;423324272;423505352;423958539;424610958;425396309;425627452;425939252;425971422;426076857;426107744;426303789;426408577;426573210;426583408;426597928;426600174;426603278;426636576;426645015;426647598;426656120;426848660;426855984;426857244;426863933;426865726;427012755;427018157;427303915;427305984;427307149;427307153;427308167;427313073;427314573,call;call;call;call;call;call;call;call;call;call;call;call;call;call;call;call;call;call;call;call;call;call;call;call;call;call;call;call;422797054;423887482;424687669;424793843;424950341;425392837;425476935;426108828;426252346;426377718;426537197;426565486;426573512;426593829;426606195;426634262;426636424;426648998;426667318;426848544;426853539;427012537;427306227;427306761;427307746,73,969,155,,0.07,0.32,1042,1042,0,False
e2b_nothinking,v6,sa_drop_invalid,mv1,ALL,Explicit-Flirting,0.1,112,268,59,104,53,164,0.36,0.53,0.61,0.59,0.43,call;call;call;call;call;call;call;call;call;call;call;call;call;call;call;call;call;call;call;call;call;call;call;call;call;call;call;call;call;call;call;call;call;call;call;call;call;call;call;call;call;call;call;call;call;call;call;call;call;call;call;call;call;call;call;call;call;call;call;call;call;403927389;419887388;420147298;420511327;420599099;421372353;421956667;423219318;423324272;423505352;423958539;424610958;425396309;425627452;425939252;425971422;426076857;426107744;426303789;426408577;426573210;426583408;426597928;426600174;426603278;426636576;426645015;426647598;426656120;426848660;426855984;426857244;426863933;426865726;427012755;427018157;427303915;427305984;427307149;427307153;427308167;427313073;427314573,call;call;call;call;call;call;call;call;call;call;call;call;call;call;call;call;call;call;call;call;call;call;call;call;call;call;call;call;422797054;423887482;424687669;424793843;424950341;425392837;425476935;426108828;426252346;426377718;426537197;426565486;426573512;426593829;426606195;426634262;426636424;426648998;426667318;426848544;426853539;427012537;427306227;427306761;427307746,73,969,155,,0.07,0.32,1042,1042,0,False
e2b_nothinking,v6,sa_drop_invalid,mv1,ALL,Explicit-Flirting,0.2,112,268,49,87,63,181,0.36,0.44,0.68,0.61,0.4,call;call;call;call;call;call;call;call;call;call;call;call;call;call;call;call;call;call;call;call;call;call;call;call;call;call;call;call;call;call;call;call;call;call;call;call;call;call;call;call;call;call;call;call;call;call;call;call;call;call;419887388;420147298;420511327;421372353;421956667;423219318;423324272;423505352;423958539;424610958;425627452;425939252;425971422;426076857;426107744;426303789;426408577;426573210;426583408;426597928;426600174;426603278;426636576;426645015;426647598;426656120;426848660;426855984;426857244;426863933;426865726;427012755;427018157;427303915;427307149;427308167;427314573,call;call;call;call;call;call;call;call;call;call;call;call;call;call;call;call;call;call;call;call;call;call;call;call;call;call;call;call;call;call;call;call;421661435;422797054;423887482;424687669;424793843;424950341;425392837;425476935;425912424;426108828;426252346;426377718;426432272;426537197;426565486;426573512;426591403;426593829;426606195;426634262;426636424;426648998;426649193;426652242;426667318;426848544;426853539;427012537;427306227;427306761;427307746,62,613,166,,0.09,0.27,675,1042,0,False
e2b_nothinking,v6,sa_drop_invalid,mv1,ALL,Explicit-Flirting,0.3,112,268,49,87,63,181,0.36,0.44,0.68,0.61,0.4,call;call;call;call;call;call;call;call;call;call;call;call;call;call;call;call;call;call;call;call;call;call;call;call;call;call;call;call;call;call;call;call;call;call;call;call;call;call;call;call;call;call;call;call;call;call;call;call;call;call;419887388;420147298;420511327;421372353;421956667;423219318;423324272;423505352;423958539;424610958;425627452;425939252;425971422;426076857;426107744;426303789;426408577;426573210;426583408;426597928;426600174;426603278;426636576;426645015;426647598;426656120;426848660;426855984;426857244;426863933;426865726;427012755;427018157;427303915;427307149;427308167;427314573,call;call;call;call;call;call;call;call;call;call;call;call;call;call;call;call;call;call;call;call;call;call;call;call;call;call;call;call;call;call;call;call;421661435;422797054;423887482;424687669;424793843;424950341;425392837;425476935;425912424;426108828;426252346;426377718;426432272;426537197;426565486;426573512;426591403;426593829;426606195;426634262;426636424;426648998;426649193;426652242;426667318;426848544;426853539;427012537;427306227;427306761;427307746,62,613,166,,0.09,0.27,675,1042,0,False
e2b_nothinking,v6,sa_drop_invalid,mv1,ALL,Explicit-Flirting,0.4,112,268,41,58,71,210,0.41,0.37,0.78,0.66,0.39,call;call;call;call;call;call;call;call;call;call;call;call;call;call;call;call;call;call;call;call;call;call;call;call;call;call;call;call;call;call;call;call;call;call;call;419887388;420147298;421372353;421956667;423219318;423958539;425939252;425971422;426076857;426303789;426408577;426573210;426583408;426597928;426600174;426636576;426647598;426656120;426848660;426857244;426863933;427012755;427018157,call;call;call;call;call;call;call;call;call;call;call;call;call;call;call;call;call;call;call;call;call;call;call;call;call;call;call;call;call;call;call;call;call;call;421661435;421961206;422797054;423887482;424687669;424793843;424950341;425134890;425392837;425476935;425912424;426108828;426127716;426252346;426377718;426432272;426480223;426534420;426537197;426565486;426573512;426591403;426593829;426604065;426606195;426634262;426636424;426648998;426649193;426652242;426667318;426848544;426853539;427012537;427306227;427306761;427307746,50,307,178,,0.14,0.22,357,1042,0,False
e2b_nothinking,v6,sa_drop_invalid,mv1,ALL,Explicit-Flirting,0.5,112,268,41,58,71,210,0.41,0.37,0.78,0.66,0.39,call;call;call;call;call;call;call;call;call;call;call;call;call;call;call;call;call;call;call;call;call;call;call;call;call;call;call;call;call;call;call;call;call;call;call;419887388;420147298;421372353;421956667;423219318;423958539;425939252;425971422;426076857;426303789;426408577;426573210;426583408;426597928;426600174;426636576;426647598;426656120;426848660;426857244;426863933;427012755;427018157,call;call;call;call;call;call;call;call;call;call;call;call;call;call;call;call;call;call;call;call;call;call;call;call;call;call;call;call;call;call;call;call;call;call;421661435;421961206;422797054;423887482;424687669;424793843;424950341;425134890;425392837;425476935;425912424;426108828;426127716;426252346;426377718;426432272;426480223;426534420;426537197;426565486;426573512;426591403;426593829;426604065;426606195;426634262;426636424;426648998;426649193;426652242;426667318;426848544;426853539;427012537;427306227;427306761;427307746,50,307,178,,0.14,0.22,357,1042,0,False
e2b_nothinking,v6,sa_drop_invalid,mv1,ALL,Explicit-Flirting,0.6,112,268,41,58,71,210,0.41,0.37,0.78,0.66,0.39,call;call;call;call;call;call;call;call;call;call;call;call;call;call;call;call;call;call;call;call;call;call;call;call;call;call;call;call;call;call;call;call;call;call;call;419887388;420147298;421372353;421956667;423219318;423958539;425939252;425971422;426076857;426303789;426408577;426573210;426583408;426597928;426600174;426636576;426647598;426656120;426848660;426857244;426863933;427012755;427018157,call;call;call;call;call;call;call;call;call;call;call;call;call;call;call;call;call;call;call;call;call;call;call;call;call;call;call;call;call;call;call;call;call;call;421661435;421961206;422797054;423887482;424687669;424793843;424950341;425134890;425392837;425476935;425912424;426108828;426127716;426252346;426377718;426432272;426480223;426534420;426537197;426565486;426573512;426591403;426593829;426604065;426606195;426634262;426636424;426648998;426649193;426652242;426667318;426848544;426853539;427012537;427306227;427306761;427307746,50,307,178,,0.14,0.22,357,1042,0,False
e2b_nothinking,v6,sa_drop_invalid,mv1,ALL,Explicit-Flirting,0.7,112,268,30,31,82,237,0.49,0.27,0.88,0.7,0.35,call;call;call;call;call;call;call;call;call;call;call;call;call;call;call;call;call;call;call;call;420147298;421372353;421956667;423958539;426408577;426573210;426583408;426597928;426647598;426848660;427018157,call;call;call;call;call;call;call;call;call;call;call;call;call;call;call;call;call;call;call;call;call;call;call;call;call;call;call;call;call;call;call;call;call;call;call;call;call;call;call;call;421661435;421961206;422797054;423887482;424687669;424793843;424950341;425134890;425392837;425476935;425656790;425912424;425942168;426108828;426127716;426252346;426377718;426432272;426480223;426534420;426537197;426565486;426573512;426591403;426593829;426604065;426606195;426620137;426634262;426636424;426648998;426649193;426652242;426662883;426667318;426848544;426853539;427012375;427012537;427306227;427306761;427307746,35,141,193,,0.2,0.15,176,1042,0,False
e2b_nothinking,v6,sa_drop_invalid,mv1,ALL,Explicit-Flirting,0.8,112,268,30,30,82,238,0.5,0.27,0.89,0.71,0.35,call;call;call;call;call;call;call;call;call;call;call;call;call;call;call;call;call;call;call;420147298;421372353;421956667;423958539;426408577;426573210;426583408;426597928;426647598;426848660;427018157,call;call;call;call;call;call;call;call;call;call;call;call;call;call;call;call;call;call;call;call;call;call;call;call;call;call;call;call;call;call;call;call;call;call;call;call;call;call;call;call;421661435;421961206;422797054;423887482;424687669;424793843;424950341;425134890;425392837;425476935;425656790;425912424;425942168;426108828;426127716;426252346;426377718;426432272;426480223;426534420;426537197;426565486;426573512;426591403;426593829;426604065;426606195;426620137;426634262;426636424;426648998;426649193;426652242;426662883;426667318;426848544;426853539;427012375;427012537;427306227;427306761;427307746,35,140,193,,0.2,0.15,175,1042,0,False
e2b_nothinking,v6,sa_drop_invalid,mv1,ALL,Explicit-Flirting,0.9,112,268,30,29,82,239,0.51,0.27,0.89,0.71,0.35,call;call;call;call;call;call;call;call;call;call;call;call;call;call;call;call;call;call;420147298;421372353;421956667;423958539;426408577;426573210;426583408;426597928;426647598;426848660;427018157,call;call;call;call;call;call;call;call;call;call;call;call;call;call;call;call;call;call;call;call;call;call;call;call;call;call;call;call;call;call;call;call;call;call;call;call;call;call;call;call;421661435;421961206;422797054;423887482;424687669;424793843;424950341;425134890;425392837;425476935;425656790;425912424;425942168;426108828;426127716;426252346;426377718;426432272;426480223;426534420;426537197;426565486;426573512;426591403;426593829;426604065;426606195;426620137;426634262;426636424;426648998;426649193;426652242;426662883;426667318;426848544;426853539;427012375;427012537;427306227;427306761;427307746,35,137,193,,0.2,0.15,172,1042,0,False
e2b_nothinking,v6,sa_drop_invalid,mv1,ALL,Explicit-Flirting,0.95,112,268,0,0,112,268,,0.0,1.0,0.71,,,call;call;call;call;call;call;call;call;call;call;call;call;call;call;call;call;call;call;call;call;call;call;call;call;call;call;call;call;call;call;call;call;call;call;call;call;call;call;call;call;call;call;call;call;call;call;call;call;call;call;call;call;call;call;421661435;421961206;422311857;422797054;423662590;423887482;424687669;424793843;424880310;424950341;425134890;425141339;425392837;425476935;425656790;425778316;425908372;425912424;425942168;426108828;426126833;426127716;426252346;426363836;426377718;426432272;426460304;426480223;426534420;426537197;426548691;426565486;426573512;426582734;426591403;426593601;426593829;426604065;426606195;426610860;426620137;426631751;426633368;426634262;426636424;426642159;426648998;426649193;426652242;426662883;426667318;426848544;426853539;427012375;427012537;427306227;427306761;427307746,0,0,228,,,0.0,0,1042,0,False
e2b_nothinking,v6,sa_drop_invalid,mv1,ALL,Explicit-Flirting,1.0,112,268,0,0,112,268,,0.0,1.0,0.71,,,call;call;call;call;call;call;call;call;call;call;call;call;call;call;call;call;call;call;call;call;call;call;call;call;call;call;call;call;call;call;call;call;call;call;call;call;call;call;call;call;call;call;call;call;call;call;call;call;call;call;call;call;call;call;421661435;421961206;422311857;422797054;423662590;423887482;424687669;424793843;424880310;424950341;425134890;425141339;425392837;425476935;425656790;425778316;425908372;425912424;425942168;426108828;426126833;426127716;426252346;426363836;426377718;426432272;426460304;426480223;426534420;426537197;426548691;426565486;426573512;426582734;426591403;426593601;426593829;426604065;426606195;426610860;426620137;426631751;426633368;426634262;426636424;426642159;426648998;426649193;426652242;426662883;426667318;426848544;426853539;427012375;427012537;427306227;427306761;427307746,0,0,228,,,0.0,0,1042,0,False
e2b_nothinking,v6,sa_drop_invalid,mv1,ALL,Explicit-Flirting,none,112,268,59,104,53,164,0.36,0.53,0.61,0.59,0.43,call;call;call;call;call;call;call;call;call;call;call;call;call;call;call;call;call;call;call;call;call;call;call;call;call;call;call;call;call;call;call;call;call;call;call;call;call;call;call;call;call;call;call;call;call;call;call;call;call;call;call;call;call;call;call;call;call;call;call;call;call;403927389;419887388;420147298;420511327;420599099;421372353;421956667;423219318;423324272;423505352;423958539;424610958;425396309;425627452;425939252;425971422;426076857;426107744;426303789;426408577;426573210;426583408;426597928;426600174;426603278;426636576;426645015;426647598;426656120;426848660;426855984;426857244;426863933;426865726;427012755;427018157;427303915;427305984;427307149;427307153;427308167;427313073;427314573,call;call;call;call;call;call;call;call;call;call;call;call;call;call;call;call;call;call;call;call;call;call;call;call;call;call;call;call;422797054;423887482;424687669;424793843;424950341;425392837;425476935;426108828;426252346;426377718;426537197;426565486;426573512;426593829;426606195;426634262;426636424;426648998;426667318;426848544;426853539;427012537;427306227;427306761;427307746,73,969,155,,0.07,0.32,1042,1042,0,False
e2b_nothinking,v6,sa_drop_invalid,mv1,ALL,ALL,0.0,213,167,157,103,56,64,0.6,0.74,0.38,0.58,0.66,call;call;call;call;call;call;call;call;call;call;call;call;call;call;call;call;call;call;call;call;call;call;call;call;call;call;call;call;call;call;call;call;call;call;call;call;call;call;call;call;call;call;call;call;call;call;call;call;call;call;call;call;call;call;call;call;call;403927389;419887388;420599099;421372353;421956667;423219318;423324272;423562532;425627452;426076857;426101552;426107744;426108348;426195344;426204318;426600174;426608730;426610557;426636576;426848660;426855984;426857244;426863933;426864020;426864282;426864654;426864666;426865205;426865726;426865848;427012755;427018157;427030481;427035680;427037139;427303915;427305871;427305885;427305984;427307149;427307153;427307170;427308167;427310161;427313073;427314573,call;call;call;call;call;call;call;call;call;call;call;call;call;call;call;call;call;call;call;call;call;call;call;call;call;call;call;420511327;421888258;423163427;423505352;424793843;424950341;425392837;425939252;425971422;426023290;426108828;426303789;426439325;426537197;426565486;426573512;426634262;426636424;426639345;426648998;426649926;426657127;426848544;426853539;427012537;427306227;427306761;427306879;427307746,260,6351,250,,0.04,0.51,6611,6611,2389,False
e2b_nothinking,v6,sa_drop_invalid,mv1,ALL,ALL,0.1,213,167,157,103,56,64,0.6,0.74,0.38,0.58,0.66,call;call;call;call;call;call;call;call;call;call;call;call;call;call;call;call;call;call;call;call;call;call;call;call;call;call;call;call;call;call;call;call;call;call;call;call;call;call;call;call;call;call;call;call;call;call;call;call;call;call;call;call;call;call;call;call;call;403927389;419887388;420599099;421372353;421956667;423219318;423324272;423562532;425627452;426076857;426101552;426107744;426108348;426195344;426204318;426600174;426608730;426610557;426636576;426848660;426855984;426857244;426863933;426864020;426864282;426864654;426864666;426865205;426865726;426865848;427012755;427018157;427030481;427035680;427037139;427303915;427305871;427305885;427305984;427307149;427307153;427307170;427308167;427310161;427313073;427314573,call;call;call;call;call;call;call;call;call;call;call;call;call;call;call;call;call;call;call;call;call;call;call;call;call;call;call;420511327;421888258;423163427;423505352;424793843;424950341;425392837;425939252;425971422;426023290;426108828;426303789;426439325;426537197;426565486;426573512;426634262;426636424;426639345;426648998;426649926;426657127;426848544;426853539;427012537;427306227;427306761;427306879;427307746,259,6350,251,,0.04,0.51,6609,6611,2389,False
e2b_nothinking,v6,sa_drop_invalid,mv1,ALL,ALL,0.2,213,167,144,85,69,82,0.63,0.68,0.49,0.59,0.65,call;call;call;call;call;call;call;call;call;call;call;call;call;call;call;call;call;call;call;call;call;call;call;call;call;call;call;call;call;call;call;call;call;call;call;call;call;call;call;call;call;call;call;call;403927389;419887388;420599099;421372353;421956667;423219318;423324272;423562532;425627452;426076857;426101552;426107744;426204318;426600174;426608730;426610557;426636576;426848660;426855984;426857244;426863933;426864020;426864282;426864654;426864666;426865205;426865726;426865848;427012755;427018157;427030481;427035680;427037139;427303915;427305871;427305885;427305984;427307149;427307153;427308167;427314573,call;call;call;call;call;call;call;call;call;call;call;call;call;call;call;call;call;call;call;call;call;call;call;call;call;call;call;call;call;call;call;call;420511327;421661435;421888258;422797054;423163427;423505352;424793843;424950341;425392837;425939252;425971422;426023290;426108828;426252346;426303789;426432272;426439325;426537197;426565486;426573512;426583408;426591403;426634262;426636424;426639345;426648998;426649193;426649926;426652242;426657127;426848544;426853539;427012537;427306227;427306761;427306879;427307746,229,2680,281,,0.08,0.45,2909,6611,2389,False
e2b_nothinking,v6,sa_drop_invalid,mv1,ALL,ALL,0.3,213,167,144,85,69,82,0.63,0.68,0.49,0.59,0.65,call;call;call;call;call;call;call;call;call;call;call;call;call;call;call;call;call;call;call;call;call;call;call;call;call;call;call;call;call;call;call;call;call;call;call;call;call;call;call;call;call;call;call;call;403927389;419887388;420599099;421372353;421956667;423219318;423324272;423562532;425627452;426076857;426101552;426107744;426204318;426600174;426608730;426610557;426636576;426848660;426855984;426857244;426863933;426864020;426864282;426864654;426864666;426865205;426865726;426865848;427012755;427018157;427030481;427035680;427037139;427303915;427305871;427305885;427305984;427307149;427307153;427308167;427314573,call;call;call;call;call;call;call;call;call;call;call;call;call;call;call;call;call;call;call;call;call;call;call;call;call;call;call;call;call;call;call;call;420511327;421661435;421888258;422797054;423163427;423505352;424793843;424950341;425392837;425939252;425971422;426023290;426108828;426252346;426303789;426432272;426439325;426537197;426565486;426573512;426583408;426591403;426634262;426636424;426639345;426648998;426649193;426649926;426652242;426657127;426848544;426853539;427012537;427306227;427306761;427306879;427307746,229,2676,281,,0.08,0.45,2905,6611,2389,False
e2b_nothinking,v6,sa_drop_invalid,mv1,ALL,ALL,0.4,213,167,134,67,79,100,0.67,0.63,0.6,0.62,0.65,call;call;call;call;call;call;call;call;call;call;call;call;call;call;call;call;call;call;call;call;call;call;call;call;call;call;call;call;call;call;call;call;call;call;call;403927389;419887388;421372353;421956667;423219318;423324272;423562532;426076857;426101552;426107744;426600174;426608730;426610557;426636576;426848660;426855984;426857244;426863933;426864020;426864654;426864666;426865848;427012755;427018157;427035680;427305871;427305885;427305984;427307149;427307153;427308167;427314573,call;call;call;call;call;call;call;call;call;call;call;call;call;call;call;call;call;call;call;call;call;call;call;call;call;call;call;call;call;call;call;call;call;call;call;420511327;421661435;421888258;421961206;422797054;423163427;423505352;424793843;424950341;425134890;425392837;425939252;425971422;426023290;426108828;426127716;426252346;426303789;426432272;426439325;426480223;426534420;426537197;426565486;426573210;426573512;426583408;426591403;426604065;426634262;426636424;426639345;426648998;426649193;426649926;426652242;426657127;426848544;426853539;427012537;427306227;427306761;427306879;427307746,213,1120,297,,0.16,0.42,1333,6611,2389,False
e2b_nothinking,v6,sa_drop_invalid,mv1,ALL,ALL,0.5,213,167,134,67,79,100,0.67,0.63,0.6,0.62,0.65,call;call;call;call;call;call;call;call;call;call;call;call;call;call;call;call;call;call;call;call;call;call;call;call;call;call;call;call;call;call;call;call;call;call;call;403927389;419887388;421372353;421956667;423219318;423324272;423562532;426076857;426101552;426107744;426600174;426608730;426610557;426636576;426848660;426855984;426857244;426863933;426864020;426864654;426864666;426865848;427012755;427018157;427035680;427305871;427305885;427305984;427307149;427307153;427308167;427314573,call;call;call;call;call;call;call;call;call;call;call;call;call;call;call;call;call;call;call;call;call;call;call;call;call;call;call;call;call;call;call;call;call;call;call;420511327;421661435;421888258;421961206;422797054;423163427;423505352;424793843;424950341;425134890;425392837;425939252;425971422;426023290;426108828;426127716;426252346;426303789;426432272;426439325;426480223;426534420;426537197;426565486;426573210;426573512;426583408;426591403;426604065;426634262;426636424;426639345;426648998;426649193;426649926;426652242;426657127;426848544;426853539;427012537;427306227;427306761;427306879;427307746,213,1120,297,,0.16,0.42,1333,6611,2389,False
e2b_nothinking,v6,sa_drop_invalid,mv1,ALL,ALL,0.6,213,167,134,67,79,100,0.67,0.63,0.6,0.62,0.65,call;call;call;call;call;call;call;call;call;call;call;call;call;call;call;call;call;call;call;call;call;call;call;call;call;call;call;call;call;call;call;call;call;call;call;403927389;419887388;421372353;421956667;423219318;423324272;423562532;426076857;426101552;426107744;426600174;426608730;426610557;426636576;426848660;426855984;426857244;426863933;426864020;426864654;426864666;426865848;427012755;427018157;427035680;427305871;427305885;427305984;427307149;427307153;427308167;427314573,call;call;call;call;call;call;call;call;call;call;call;call;call;call;call;call;call;call;call;call;call;call;call;call;call;call;call;call;call;call;call;call;call;call;call;420511327;421661435;421888258;421961206;422797054;423163427;423505352;424793843;424950341;425134890;425392837;425939252;425971422;426023290;426108828;426127716;426252346;426303789;426432272;426439325;426480223;426534420;426537197;426565486;426573210;426573512;426583408;426591403;426604065;426634262;426636424;426639345;426648998;426649193;426649926;426652242;426657127;426848544;426853539;427012537;427306227;427306761;427306879;427307746,213,1120,297,,0.16,0.42,1333,6611,2389,False
e2b_nothinking,v6,sa_drop_invalid,mv1,ALL,ALL,0.7,213,167,111,40,102,127,0.74,0.52,0.76,0.63,0.61,call;call;call;call;call;call;call;call;call;call;call;call;call;call;call;call;call;call;call;call;call;call;call;call;421372353;421956667;423324272;423562532;426101552;426608730;426610557;426636576;426848660;426864020;426864666;426865848;427018157;427035680;427308167;427314573,call;call;call;call;call;call;call;call;call;call;call;call;call;call;call;call;call;call;call;call;call;call;call;call;call;call;call;call;call;call;call;call;call;call;call;call;call;call;call;call;call;call;call;call;call;call;call;call;call;call;call;call;420511327;421661435;421888258;421961206;422797054;423163427;423505352;423887482;424154820;424793843;424950341;425134890;425392837;425656790;425912424;425939252;425971422;426023290;426108828;426127716;426252346;426303789;426432272;426439325;426480223;426534420;426537197;426565486;426573210;426573512;426583408;426591403;426604065;426620137;426634262;426636424;426639345;426648998;426649193;426649926;426652242;426657127;426848544;426853539;427012375;427012537;427306227;427306761;427306879;427307746,163,611,347,,0.21,0.32,774,6611,2389,False
e2b_nothinking,v6,sa_drop_invalid,mv1,ALL,ALL,0.8,213,167,110,40,103,127,0.73,0.52,0.76,0.62,0.61,call;call;call;call;call;call;call;call;call;call;call;call;call;call;call;call;call;call;call;call;call;call;call;call;421372353;421956667;423324272;423562532;426101552;426608730;426610557;426636576;426848660;426864020;426864666;426865848;427018157;427035680;427308167;427314573,call;call;call;call;call;call;call;call;call;call;call;call;call;call;call;call;call;call;call;call;call;call;call;call;call;call;call;call;call;call;call;call;call;call;call;call;call;call;call;call;call;call;call;call;call;call;call;call;call;call;call;call;call;420511327;421661435;421888258;421961206;422797054;423163427;423505352;423887482;424154820;424793843;424950341;425134890;425392837;425656790;425912424;425939252;425971422;426023290;426108828;426127716;426252346;426303789;426432272;426439325;426480223;426534420;426537197;426565486;426573210;426573512;426583408;426591403;426604065;426620137;426634262;426636424;426639345;426648998;426649193;426649926;426652242;426657127;426848544;426853539;427012375;427012537;427306227;427306761;427306879;427307746,162,608,348,,0.21,0.32,770,6611,2389,False
e2b_nothinking,v6,sa_drop_invalid,mv1,ALL,ALL,0.9,213,167,109,40,104,127,0.73,0.51,0.76,0.62,0.6,call;call;call;call;call;call;call;call;call;call;call;call;call;call;call;call;call;call;call;call;call;call;call;call;421372353;421956667;423324272;423562532;426101552;426608730;426610557;426636576;426848660;426864020;426864666;426865848;427018157;427035680;427308167;427314573,call;call;call;call;call;call;call;call;call;call;call;call;call;call;call;call;call;call;call;call;call;call;call;call;call;call;call;call;call;call;call;call;call;call;call;call;call;call;call;call;call;call;call;call;call;call;call;call;call;call;call;call;call;call;420511327;421661435;421888258;421961206;422797054;423163427;423505352;423887482;424154820;424793843;424950341;425134890;425392837;425656790;425912424;425939252;425971422;426023290;426108828;426127716;426252346;426303789;426432272;426439325;426480223;426534420;426537197;426565486;426573210;426573512;426583408;426591403;426604065;426620137;426634262;426636424;426639345;426648998;426649193;426649926;426652242;426657127;426848544;426853539;427012375;427012537;427306227;427306761;427306879;427307746,160,590,350,,0.21,0.31,750,6611,2389,False
e2b_nothinking,v6,sa_drop_invalid,mv1,ALL,ALL,0.95,213,167,0,0,213,167,,0.0,1.0,0.44,,,call;call;call;call;call;call;call;call;call;call;call;call;call;call;call;call;call;call;call;call;call;call;call;call;call;call;call;call;call;call;call;call;call;call;call;call;call;call;call;call;call;call;call;call;call;call;call;call;call;call;call;call;call;call;call;call;call;call;call;call;call;call;call;call;call;call;call;call;call;call;call;call;call;call;call;call;call;call;call;call;call;call;call;call;call;call;call;call;call;call;call;call;call;call;call;call;call;call;call;call;call;call;call;call;call;call;call;call;call;call;call;call;call;call;call;call;call;call;call;call;420147298;420511327;421661435;421888258;421961206;422311857;422797054;423104500;423163427;423336284;423505352;423662590;423887482;423958539;423978016;424154820;424610958;424687669;424793843;424880310;424950341;425134890;425141339;425392837;425396309;425476935;425656790;425778316;425908372;425912424;425939252;425942168;425971422;426023290;426108828;426126833;426127716;426226216;426252346;426303789;426363836;426377718;426408577;426432272;426438311;426439325;426460304;426480223;426534420;426537197;426548691;426565486;426573210;426573512;426578327;426582734;426583408;426591403;426593601;426593829;426594432;426597928;426603278;426604065;426606195;426609609;426610860;426620137;426631751;426633368;426634262;426636424;426639345;426642159;426645015;426647598;426648998;426649193;426649926;426652242;426656120;426657127;426662883;426667318;426669005;426848544;426853539;427012375;427012537;427306227;427306761;427306879;427307746,0,0,510,,,0.0,0,6611,2389,False
e2b_nothinking,v6,sa_drop_invalid,mv1,ALL,ALL,1.0,213,167,0,0,213,167,,0.0,1.0,0.44,,,call;call;call;call;call;call;call;call;call;call;call;call;call;call;call;call;call;call;call;call;call;call;call;call;call;call;call;call;call;call;call;call;call;call;call;call;call;call;call;call;call;call;call;call;call;call;call;call;call;call;call;call;call;call;call;call;call;call;call;call;call;call;call;call;call;call;call;call;call;call;call;call;call;call;call;call;call;call;call;call;call;call;call;call;call;call;call;call;call;call;call;call;call;call;call;call;call;call;call;call;call;call;call;call;call;call;call;call;call;call;call;call;call;call;call;call;call;call;call;call;420147298;420511327;421661435;421888258;421961206;422311857;422797054;423104500;423163427;423336284;423505352;423662590;423887482;423958539;423978016;424154820;424610958;424687669;424793843;424880310;424950341;425134890;425141339;425392837;425396309;425476935;425656790;425778316;425908372;425912424;425939252;425942168;425971422;426023290;426108828;426126833;426127716;426226216;426252346;426303789;426363836;426377718;426408577;426432272;426438311;426439325;426460304;426480223;426534420;426537197;426548691;426565486;426573210;426573512;426578327;426582734;426583408;426591403;426593601;426593829;426594432;426597928;426603278;426604065;426606195;426609609;426610860;426620137;426631751;426633368;426634262;426636424;426639345;426642159;426645015;426647598;426648998;426649193;426649926;426652242;426656120;426657127;426662883;426667318;426669005;426848544;426853539;427012375;427012537;427306227;427306761;427306879;427307746,0,0,510,,,0.0,0,6611,2389,False
e2b_nothinking,v6,sa_drop_invalid,mv1,ALL,ALL,none,213,167,157,103,56,64,0.6,0.74,0.38,0.58,0.66,call;call;call;call;call;call;call;call;call;call;call;call;call;call;call;call;call;call;call;call;call;call;call;call;call;call;call;call;call;call;call;call;call;call;call;call;call;call;call;call;call;call;call;call;call;call;call;call;call;call;call;call;call;call;call;call;call;403927389;419887388;420599099;421372353;421956667;423219318;423324272;423562532;425627452;426076857;426101552;426107744;426108348;426195344;426204318;426600174;426608730;426610557;426636576;426848660;426855984;426857244;426863933;426864020;426864282;426864654;426864666;426865205;426865726;426865848;427012755;427018157;427030481;427035680;427037139;427303915;427305871;427305885;427305984;427307149;427307153;427307170;427308167;427310161;427313073;427314573,call;call;call;call;call;call;call;call;call;call;call;call;call;call;call;call;call;call;call;call;call;call;call;call;call;call;call;420511327;421888258;423163427;423505352;424793843;424950341;425392837;425939252;425971422;426023290;426108828;426303789;426439325;426537197;426565486;426573512;426634262;426636424;426639345;426648998;426649926;426657127;426848544;426853539;427012537;427306227;427306761;427306879;427307746,260,6351,250,,0.04,0.51,6611,6611,2389,False
e2b_nothinking,v6,pp_full,mv1,ALL,PlatformMove,0.0,129,251,98,167,31,84,0.37,0.76,0.33,0.48,0.5,call;call;call;call;call;call;call;call;call;call;call;call;call;call;call;call;call;call;call;call;call;call;call;call;call;call;call;call;call;call;call;call;call;call;call;call;call;call;call;call;call;call;call;call;call;call;call;call;call;call;call;call;call;call;call;call;call;call;call;call;call;call;call;call;call;call;call;call;call;call;call;call;call;call;call;call;call;call;call;call;call;call;call;call;call;call;call;call;call;call;403927389;419887388;420599099;421372353;421661435;421956667;421961206;423163427;423219318;423324272;423562532;423662590;424793843;424880310;424950341;425134890;425141339;425392837;425627452;425778316;425908372;426076857;426101552;426107744;426108348;426126833;426127716;426195344;426204318;426432272;426460304;426565486;426582734;426591403;426593601;426600174;426604065;426608730;426610557;426620137;426633368;426636424;426636576;426648998;426649193;426652242;426848544;426848660;426855984;426863933;426864020;426864282;426864654;426864666;426865205;426865726;426865848;427012537;427012755;427018157;427030481;427035680;427037139;427303915;427305871;427305885;427305984;427306227;427306761;427307149;427307153;427307170;427307746;427308167;427310161;427313073;427314573,call;call;call;call;call;call;call;call;call;call;call;call;call;call;call;420511327;421888258;423505352;425476935;425656790;425939252;425971422;426023290;426303789;426439325;426534420;426593829;426634262;426639345;426649926;426657127,124,4581,66,,0.03,0.65,4705,4705,0,False
e2b_nothinking,v6,pp_full,mv1,ALL,PlatformMove,0.1,129,251,97,167,32,84,0.37,0.75,0.33,0.48,0.49,call;call;call;call;call;call;call;call;call;call;call;call;call;call;call;call;call;call;call;call;call;call;call;call;call;call;call;call;call;call;call;call;call;call;call;call;call;call;call;call;call;call;call;call;call;call;call;call;call;call;call;call;call;call;call;call;call;call;call;call;call;call;call;call;call;call;call;call;call;call;call;call;call;call;call;call;call;call;call;call;call;call;call;call;call;call;call;call;call;call;403927389;419887388;420599099;421372353;421661435;421956667;421961206;423163427;423219318;423324272;423562532;423662590;424793843;424880310;424950341;425134890;425141339;425392837;425627452;425778316;425908372;426076857;426101552;426107744;426108348;426126833;426127716;426195344;426204318;426432272;426460304;426565486;426582734;426591403;426593601;426600174;426604065;426608730;426610557;426620137;426633368;426636424;426636576;426648998;426649193;426652242;426848544;426848660;426855984;426863933;426864020;426864282;426864654;426864666;426865205;426865726;426865848;427012537;427012755;427018157;427030481;427035680;427037139;427303915;427305871;427305885;427305984;427306227;427306761;427307149;427307153;427307170;427307746;427308167;427310161;427313073;427314573,call;call;call;call;call;call;call;call;call;call;call;call;call;call;call;420511327;421888258;423505352;425476935;425656790;425939252;425971422;426023290;426303789;426377718;426439325;426534420;426593829;426634262;426639345;426649926;426657127,123,4580,67,,0.03,0.65,4703,4705,0,False
e2b_nothinking,v6,pp_full,mv1,ALL,PlatformMove,0.2,129,251,89,112,40,139,0.44,0.69,0.55,0.6,0.54,call;call;call;call;call;call;call;call;call;call;call;call;call;call;call;call;call;call;call;call;call;call;call;call;call;call;call;call;call;call;call;call;call;call;call;call;call;call;call;call;call;call;call;call;call;call;call;call;call;call;call;call;call;call;call;call;call;call;call;call;call;call;403927389;419887388;420599099;421372353;421961206;423219318;423324272;423562532;423662590;424880310;424950341;425134890;425141339;425778316;425908372;426076857;426101552;426107744;426127716;426432272;426460304;426565486;426582734;426591403;426593601;426600174;426610557;426620137;426636424;426636576;426652242;426848544;426855984;426864020;426864666;426865205;426865848;427012755;427018157;427030481;427035680;427037139;427305871;427305885;427305984;427307149;427307153;427307746;427308167;427314573,call;call;call;call;call;call;call;call;call;call;call;call;call;call;call;call;call;call;call;420511327;421888258;422797054;423505352;423978016;425476935;425656790;425939252;425971422;426023290;426252346;426303789;426377718;426439325;426534420;426583408;426593829;426634262;426639345;426649926;426657127,110,1481,80,,0.07,0.58,1591,4705,0,False
e2b_nothinking,v6,pp_full,mv1,ALL,PlatformMove,0.3,129,251,89,112,40,139,0.44,0.69,0.55,0.6,0.54,call;call;call;call;call;call;call;call;call;call;call;call;call;call;call;call;call;call;call;call;call;call;call;call;call;call;call;call;call;call;call;call;call;call;call;call;call;call;call;call;call;call;call;call;call;call;call;call;call;call;call;call;call;call;call;call;call;call;call;call;call;call;403927389;419887388;420599099;421372353;421961206;423219318;423324272;423562532;423662590;424880310;424950341;425134890;425141339;425778316;425908372;426076857;426101552;426107744;426127716;426432272;426460304;426565486;426582734;426591403;426593601;426600174;426610557;426620137;426636424;426636576;426652242;426848544;426855984;426864020;426864666;426865205;426865848;427012755;427018157;427030481;427035680;427037139;427305871;427305885;427305984;427307149;427307153;427307746;427308167;427314573,call;call;call;call;call;call;call;call;call;call;call;call;call;call;call;call;call;call;call;420511327;421888258;422797054;423505352;423978016;425476935;425656790;425939252;425971422;426023290;426252346;426303789;426377718;426439325;426534420;426583408;426593829;426634262;426639345;426649926;426657127,110,1477,80,,0.07,0.58,1587,4705,0,False
e2b_nothinking,v6,pp_full,mv1,ALL,PlatformMove,0.4,129,251,77,39,52,212,0.66,0.6,0.84,0.76,0.63,call;call;call;call;call;call;call;call;call;call;call;call;call;call;call;call;call;call;call;call;call;call;call;call;421372353;423324272;423562532;426101552;426582734;426593601;426610557;426620137;426636576;426864020;426864666;426865848;427035680;427308167;427314573,call;call;call;call;call;call;call;call;call;call;call;call;call;call;call;call;call;call;call;call;call;call;call;call;call;call;call;call;420511327;421888258;422797054;423505352;423978016;425476935;425656790;425912424;425939252;425971422;426023290;426252346;426303789;426377718;426439325;426534420;426573210;426583408;426593829;426634262;426639345;426642159;426649926;426657127,92,328,98,,0.22,0.48,420,4705,0,False
e2b_nothinking,v6,pp_full,mv1,ALL,PlatformMove,0.5,129,251,77,39,52,212,0.66,0.6,0.84,0.76,0.63,call;call;call;call;call;call;call;call;call;call;call;call;call;call;call;call;call;call;call;call;call;call;call;call;421372353;423324272;423562532;426101552;426582734;426593601;426610557;426620137;426636576;426864020;426864666;426865848;427035680;427308167;427314573,call;call;call;call;call;call;call;call;call;call;call;call;call;call;call;call;call;call;call;call;call;call;call;call;call;call;call;call;420511327;421888258;422797054;423505352;423978016;425476935;425656790;425912424;425939252;425971422;426023290;426252346;426303789;426377718;426439325;426534420;426573210;426583408;426593829;426634262;426639345;426642159;426649926;426657127,92,328,98,,0.22,0.48,420,4705,0,False
e2b_nothinking,v6,pp_full,mv1,ALL,PlatformMove,0.6,129,251,77,39,52,212,0.66,0.6,0.84,0.76,0.63,call;call;call;call;call;call;call;call;call;call;call;call;call;call;call;call;call;call;call;call;call;call;call;call;421372353;423324272;423562532;426101552;426582734;426593601;426610557;426620137;426636576;426864020;426864666;426865848;427035680;427308167;427314573,call;call;call;call;call;call;call;call;call;call;call;call;call;call;call;call;call;call;call;call;call;call;call;call;call;call;call;call;420511327;421888258;422797054;423505352;423978016;425476935;425656790;425912424;425939252;425971422;426023290;426252346;426303789;426377718;426439325;426534420;426573210;426583408;426593829;426634262;426639345;426642159;426649926;426657127,92,328,98,,0.22,0.48,420,4705,0,False
e2b_nothinking,v6,pp_full,mv1,ALL,PlatformMove,0.7,129,251,76,37,53,214,0.67,0.59,0.85,0.76,0.63,call;call;call;call;call;call;call;call;call;call;call;call;call;call;call;call;call;call;call;call;call;call;call;421372353;423324272;423562532;426101552;426582734;426610557;426620137;426636576;426864020;426864666;426865848;427035680;427308167;427314573,call;call;call;call;call;call;call;call;call;call;call;call;call;call;call;call;call;call;call;call;call;call;call;call;call;call;call;call;420511327;421888258;422797054;423505352;423887482;423978016;425476935;425656790;425912424;425939252;425971422;426023290;426252346;426303789;426377718;426439325;426534420;426573210;426583408;426593829;426634262;426639345;426642159;426649926;426657127,90,301,100,,0.23,0.47,391,4705,0,False
e2b_nothinking,v6,pp_full,mv1,ALL,PlatformMove,0.8,129,251,76,37,53,214,0.67,0.59,0.85,0.76,0.63,call;call;call;call;call;call;call;call;call;call;call;call;call;call;call;call;call;call;call;call;call;call;call;421372353;423324272;423562532;426101552;426582734;426610557;426620137;426636576;426864020;426864666;426865848;427035680;427308167;427314573,call;call;call;call;call;call;call;call;call;call;call;call;call;call;call;call;call;call;call;call;call;call;call;call;call;call;call;call;420511327;421888258;422797054;423505352;423887482;423978016;425476935;425656790;425912424;425939252;425971422;426023290;426252346;426303789;426377718;426439325;426534420;426573210;426583408;426593829;426634262;426639345;426642159;426649926;426657127,90,301,100,,0.23,0.47,391,4705,0,False
e2b_nothinking,v6,pp_full,mv1,ALL,PlatformMove,0.9,129,251,76,37,53,214,0.67,0.59,0.85,0.76,0.63,call;call;call;call;call;call;call;call;call;call;call;call;call;call;call;call;call;call;call;call;call;call;call;421372353;423324272;423562532;426101552;426582734;426610557;426620137;426636576;426864020;426864666;426865848;427035680;427308167;427314573,call;call;call;call;call;call;call;call;call;call;call;call;call;call;call;call;call;call;call;call;call;call;call;call;call;call;call;call;420511327;421888258;422797054;423505352;423887482;423978016;425476935;425656790;425912424;425939252;425971422;426023290;426252346;426303789;426377718;426439325;426534420;426573210;426583408;426593829;426634262;426639345;426642159;426649926;426657127,90,297,100,,0.23,0.47,387,4705,0,False
e2b_nothinking,v6,pp_full,mv1,ALL,PlatformMove,0.95,129,251,0,0,129,251,,0.0,1.0,0.66,,,call;call;call;call;call;call;call;call;call;call;call;call;call;call;call;call;call;call;call;call;call;call;call;call;call;call;call;call;call;call;call;call;call;call;call;call;call;call;call;call;call;call;call;call;call;call;call;call;call;call;call;call;call;call;call;call;call;call;call;call;call;call;call;call;call;call;call;call;call;call;call;call;call;call;call;call;call;420147298;420511327;421888258;422311857;422797054;423104500;423336284;423505352;423887482;423958539;423978016;424610958;424687669;425396309;425476935;425656790;425912424;425939252;425942168;425971422;426023290;426226216;426252346;426303789;426363836;426377718;426408577;426438311;426439325;426534420;426548691;426573210;426583408;426593829;426594432;426597928;426603278;426606195;426609609;426610860;426631751;426634262;426639345;426642159;426645015;426647598;426649926;426656120;426657127;426662883;426667318;426669005,0,0,190,,,0.0,0,4705,0,False
e2b_nothinking,v6,pp_full,mv1,ALL,PlatformMove,1.0,129,251,0,0,129,251,,0.0,1.0,0.66,,,call;call;call;call;call;call;call;call;call;call;call;call;call;call;call;call;call;call;call;call;call;call;call;call;call;call;call;call;call;call;call;call;call;call;call;call;call;call;call;call;call;call;call;call;call;call;call;call;call;call;call;call;call;call;call;call;call;call;call;call;call;call;call;call;call;call;call;call;call;call;call;call;call;call;call;call;call;420147298;420511327;421888258;422311857;422797054;423104500;423336284;423505352;423887482;423958539;423978016;424610958;424687669;425396309;425476935;425656790;425912424;425939252;425942168;425971422;426023290;426226216;426252346;426303789;426363836;426377718;426408577;426438311;426439325;426534420;426548691;426573210;426583408;426593829;426594432;426597928;426603278;426606195;426609609;426610860;426631751;426634262;426639345;426642159;426645015;426647598;426649926;426656120;426657127;426662883;426667318;426669005,0,0,190,,,0.0,0,4705,0,False
e2b_nothinking,v6,pp_full,mv1,ALL,PlatformMove,none,129,251,98,167,31,84,0.37,0.76,0.33,0.48,0.5,call;call;call;call;call;call;call;call;call;call;call;call;call;call;call;call;call;call;call;call;call;call;call;call;call;call;call;call;call;call;call;call;call;call;call;call;call;call;call;call;call;call;call;call;call;call;call;call;call;call;call;call;call;call;call;call;call;call;call;call;call;call;call;call;call;call;call;call;call;call;call;call;call;call;call;call;call;call;call;call;call;call;call;call;call;call;call;call;call;call;403927389;419887388;420599099;421372353;421661435;421956667;421961206;423163427;423219318;423324272;423562532;423662590;424793843;424880310;424950341;425134890;425141339;425392837;425627452;425778316;425908372;426076857;426101552;426107744;426108348;426126833;426127716;426195344;426204318;426432272;426460304;426565486;426582734;426591403;426593601;426600174;426604065;426608730;426610557;426620137;426633368;426636424;426636576;426648998;426649193;426652242;426848544;426848660;426855984;426863933;426864020;426864282;426864654;426864666;426865205;426865726;426865848;427012537;427012755;427018157;427030481;427035680;427037139;427303915;427305871;427305885;427305984;427306227;427306761;427307149;427307153;427307170;427307746;427308167;427310161;427313073;427314573,call;call;call;call;call;call;call;call;call;call;call;call;call;call;call;420511327;421888258;423505352;425476935;425656790;425939252;425971422;426023290;426303789;426439325;426534420;426593829;426634262;426639345;426649926;426657127,124,4581,66,,0.03,0.65,4705,4705,0,False
e2b_nothinking,v6,pp_full,mv1,ALL,SuspiciousActivity,0.0,70,310,54,131,16,179,0.29,0.77,0.58,0.61,0.42,call;call;call;call;call;call;call;call;call;call;call;call;call;call;call;call;call;call;call;call;call;call;call;call;call;call;call;call;call;call;call;call;call;call;call;call;call;call;call;call;call;call;call;call;call;call;call;call;call;call;call;call;call;call;call;call;call;call;call;call;call;call;call;call;call;call;call;call;call;call;call;call;call;call;403927389;420147298;420511327;420599099;421372353;421888258;423219318;423324272;423562532;423662590;424880310;425656790;425908372;425912424;425939252;425971422;426076857;426107744;426204318;426226216;426252346;426303789;426432272;426439325;426573210;426582734;426583408;426591403;426593601;426603278;426608730;426609609;426620137;426631751;426633368;426636576;426639345;426645015;426647598;426648998;426652242;426656120;426657127;426848544;426848660;426855984;426864282;426864654;427035680;427037139;427305871;427305885;427305984;427307149;427307153;427307746;427308167,call;call;call;call;call;call;call;call;423163427;423887482;424610958;426023290;426480223;426534420;426610860;427306879,63,801,29,,0.07,0.68,864,864,0,False
e2b_nothinking,v6,pp_full,mv1,ALL,SuspiciousActivity,0.1,70,310,54,131,16,179,0.29,0.77,0.58,0.61,0.42,call;call;call;call;call;call;call;call;call;call;call;call;call;call;call;call;call;call;call;call;call;call;call;call;call;call;call;call;call;call;call;call;call;call;call;call;call;call;call;call;call;call;call;call;call;call;call;call;call;call;call;call;call;call;call;call;call;call;call;call;call;call;call;call;call;call;call;call;call;call;call;call;call;call;403927389;420147298;420511327;420599099;421372353;421888258;423219318;423324272;423562532;423662590;424880310;425656790;425908372;425912424;425939252;425971422;426076857;426107744;426204318;426226216;426252346;426303789;426432272;426439325;426573210;426582734;426583408;426591403;426593601;426603278;426608730;426609609;426620137;426631751;426633368;426636576;426639345;426645015;426647598;426648998;426652242;426656120;426657127;426848544;426848660;426855984;426864282;426864654;427035680;427037139;427305871;427305885;427305984;427307149;427307153;427307746;427308167,call;call;call;call;call;call;call;call;423163427;423887482;424610958;426023290;426480223;426534420;426610860;427306879,63,801,29,,0.07,0.68,864,864,0,False
e2b_nothinking,v6,pp_full,mv1,ALL,SuspiciousActivity,0.2,70,310,51,122,19,188,0.29,0.73,0.61,0.63,0.42,call;call;call;call;call;call;call;call;call;call;call;call;call;call;call;call;call;call;call;call;call;call;call;call;call;call;call;call;call;call;call;call;call;call;call;call;call;call;call;call;call;call;call;call;call;call;call;call;call;call;call;call;call;call;call;call;call;call;call;call;call;call;call;call;call;call;call;403927389;420147298;420511327;420599099;421372353;421888258;423219318;423324272;423562532;423662590;424880310;425656790;425908372;425912424;425939252;425971422;426076857;426107744;426204318;426226216;426252346;426303789;426432272;426439325;426573210;426582734;426583408;426593601;426603278;426608730;426609609;426620137;426631751;426633368;426636576;426639345;426645015;426647598;426648998;426652242;426656120;426657127;426848544;426848660;426855984;426864282;426864654;427037139;427305871;427305885;427305984;427307149;427307153;427307746;427308167,call;call;call;call;call;call;call;call;call;call;422797054;423163427;423887482;424610958;426023290;426480223;426534420;426610860;427306879,57,586,35,,0.09,0.62,643,864,0,False
e2b_nothinking,v6,pp_full,mv1,ALL,SuspiciousActivity,0.3,70,310,51,122,19,188,0.29,0.73,0.61,0.63,0.42,call;call;call;call;call;call;call;call;call;call;call;call;call;call;call;call;call;call;call;call;call;call;call;call;call;call;call;call;call;call;call;call;call;call;call;call;call;call;call;call;call;call;call;call;call;call;call;call;call;call;call;call;call;call;call;call;call;call;call;call;call;call;call;call;call;call;call;403927389;420147298;420511327;420599099;421372353;421888258;423219318;423324272;423562532;423662590;424880310;425656790;425908372;425912424;425939252;425971422;426076857;426107744;426204318;426226216;426252346;426303789;426432272;426439325;426573210;426582734;426583408;426593601;426603278;426608730;426609609;426620137;426631751;426633368;426636576;426639345;426645015;426647598;426648998;426652242;426656120;426657127;426848544;426848660;426855984;426864282;426864654;427037139;427305871;427305885;427305984;427307149;427307153;427307746;427308167,call;call;call;call;call;call;call;call;call;call;422797054;423163427;423887482;424610958;426023290;426480223;426534420;426610860;427306879,57,586,35,,0.09,0.62,643,864,0,False
e2b_nothinking,v6,pp_full,mv1,ALL,SuspiciousActivity,0.4,70,310,42,53,28,257,0.44,0.6,0.83,0.79,0.51,call;call;call;call;call;call;call;call;call;call;call;call;call;call;call;call;call;call;call;call;call;call;call;call;call;call;call;call;call;call;call;call;420147298;420511327;421888258;423219318;424880310;425656790;425939252;426107744;426226216;426252346;426303789;426432272;426573210;426608730;426645015;426648998;426656120;426657127;426848660;426864654;427307746,call;call;call;call;call;call;call;call;call;call;call;call;call;call;call;call;call;422311857;422797054;423163427;423887482;424610958;426023290;426480223;426534420;426597928;426610860;427306879,49,172,43,,0.22,0.53,221,864,0,False
e2b_nothinking,v6,pp_full,mv1,ALL,SuspiciousActivity,0.5,70,310,42,53,28,257,0.44,0.6,0.83,0.79,0.51,call;call;call;call;call;call;call;call;call;call;call;call;call;call;call;call;call;call;call;call;call;call;call;call;call;call;call;call;call;call;call;call;420147298;420511327;421888258;423219318;424880310;425656790;425939252;426107744;426226216;426252346;426303789;426432272;426573210;426608730;426645015;426648998;426656120;426657127;426848660;426864654;427307746,call;call;call;call;call;call;call;call;call;call;call;call;call;call;call;call;call;422311857;422797054;423163427;423887482;424610958;426023290;426480223;426534420;426597928;426610860;427306879,49,172,43,,0.22,0.53,221,864,0,False
e2b_nothinking,v6,pp_full,mv1,ALL,SuspiciousActivity,0.6,70,310,42,53,28,257,0.44,0.6,0.83,0.79,0.51,call;call;call;call;call;call;call;call;call;call;call;call;call;call;call;call;call;call;call;call;call;call;call;call;call;call;call;call;call;call;call;call;420147298;420511327;421888258;423219318;424880310;425656790;425939252;426107744;426226216;426252346;426303789;426432272;426573210;426608730;426645015;426648998;426656120;426657127;426848660;426864654;427307746,call;call;call;call;call;call;call;call;call;call;call;call;call;call;call;call;call;422311857;422797054;423163427;423887482;424610958;426023290;426480223;426534420;426597928;426610860;427306879,49,172,43,,0.22,0.53,221,864,0,False
e2b_nothinking,v6,pp_full,mv1,ALL,SuspiciousActivity,0.7,70,310,30,28,40,282,0.52,0.43,0.91,0.82,0.47,call;call;call;call;call;call;call;call;call;call;call;call;call;call;call;call;call;call;424880310;425656790;425939252;426226216;426252346;426303789;426573210;426608730;426656120;426657127,call;call;call;call;call;call;call;call;call;call;call;call;call;call;call;call;call;call;call;call;call;call;call;call;call;call;422311857;422797054;423163427;423887482;424154820;424610958;425778316;426023290;426480223;426534420;426548691;426597928;426610860;427306879,34,104,58,,0.25,0.37,138,864,0,False
e2b_nothinking,v6,pp_full,mv1,ALL,SuspiciousActivity,0.8,70,310,29,27,41,283,0.52,0.41,0.91,0.82,0.46,call;call;call;call;call;call;call;call;call;call;call;call;call;call;call;call;call;424880310;425656790;425939252;426226216;426252346;426303789;426573210;426608730;426656120;426657127,call;call;call;call;call;call;call;call;call;call;call;call;call;call;call;call;call;call;call;call;call;call;call;call;call;call;call;422311857;422797054;423163427;423887482;424154820;424610958;425778316;426023290;426480223;426534420;426548691;426597928;426610860;427306879,33,102,59,,0.24,0.36,135,864,0,False
e2b_nothinking,v6,pp_full,mv1,ALL,SuspiciousActivity,0.9,70,310,27,22,43,288,0.55,0.39,0.93,0.83,0.45,call;call;call;call;call;call;call;call;call;call;call;call;call;call;424880310;425656790;425939252;426226216;426252346;426303789;426608730;426657127,call;call;call;call;call;call;call;call;call;call;call;call;call;call;call;call;call;call;call;call;call;call;call;call;call;call;call;call;422311857;422797054;423163427;423887482;424154820;424610958;425778316;426023290;426480223;426534420;426548691;426597928;426610860;426642159;427306879,31,91,61,,0.25,0.34,122,864,0,False
e2b_nothinking,v6,pp_full,mv1,ALL,SuspiciousActivity,0.95,70,310,0,0,70,310,,0.0,1.0,0.82,,,call;call;call;call;call;call;call;call;call;call;call;call;call;call;call;call;call;call;call;call;call;call;call;call;call;call;call;call;call;call;call;call;call;call;call;call;call;call;call;call;call;call;call;call;422311857;422797054;423104500;423163427;423336284;423887482;423978016;424154820;424610958;424687669;425396309;425476935;425778316;426023290;426377718;426408577;426480223;426534420;426548691;426578327;426593829;426597928;426606195;426610860;426642159;427306879,0,0,92,,,0.0,0,864,0,False
e2b_nothinking,v6,pp_full,mv1,ALL,SuspiciousActivity,1.0,70,310,0,0,70,310,,0.0,1.0,0.82,,,call;call;call;call;call;call;call;call;call;call;call;call;call;call;call;call;call;call;call;call;call;call;call;call;call;call;call;call;call;call;call;call;call;call;call;call;call;call;call;call;call;call;call;call;422311857;422797054;423104500;423163427;423336284;423887482;423978016;424154820;424610958;424687669;425396309;425476935;425778316;426023290;426377718;426408577;426480223;426534420;426548691;426578327;426593829;426597928;426606195;426610860;426642159;427306879,0,0,92,,,0.0,0,864,0,False
e2b_nothinking,v6,pp_full,mv1,ALL,SuspiciousActivity,none,70,310,54,131,16,179,0.29,0.77,0.58,0.61,0.42,call;call;call;call;call;call;call;call;call;call;call;call;call;call;call;call;call;call;call;call;call;call;call;call;call;call;call;call;call;call;call;call;call;call;call;call;call;call;call;call;call;call;call;call;call;call;call;call;call;call;call;call;call;call;call;call;call;call;call;call;call;call;call;call;call;call;call;call;call;call;call;call;call;call;403927389;420147298;420511327;420599099;421372353;421888258;423219318;423324272;423562532;423662590;424880310;425656790;425908372;425912424;425939252;425971422;426076857;426107744;426204318;426226216;426252346;426303789;426432272;426439325;426573210;426582734;426583408;426591403;426593601;426603278;426608730;426609609;426620137;426631751;426633368;426636576;426639345;426645015;426647598;426648998;426652242;426656120;426657127;426848544;426848660;426855984;426864282;426864654;427035680;427037139;427305871;427305885;427305984;427307149;427307153;427307746;427308167,call;call;call;call;call;call;call;call;423163427;423887482;424610958;426023290;426480223;426534420;426610860;427306879,63,801,29,,0.07,0.68,864,864,0,False
e2b_nothinking,v6,pp_full,mv1,ALL,Explicit-Flirting,0.0,112,268,59,104,53,164,0.36,0.53,0.61,0.59,0.43,call;call;call;call;call;call;call;call;call;call;call;call;call;call;call;call;call;call;call;call;call;call;call;call;call;call;call;call;call;call;call;call;call;call;call;call;call;call;call;call;call;call;call;call;call;call;call;call;call;call;call;call;call;call;call;call;call;call;call;call;call;403927389;419887388;420147298;420511327;420599099;421372353;421956667;423219318;423324272;423505352;423958539;424610958;425396309;425627452;425939252;425971422;426076857;426107744;426303789;426408577;426573210;426583408;426597928;426600174;426603278;426636576;426645015;426647598;426656120;426848660;426855984;426857244;426863933;426865726;427012755;427018157;427303915;427305984;427307149;427307153;427308167;427313073;427314573,call;call;call;call;call;call;call;call;call;call;call;call;call;call;call;call;call;call;call;call;call;call;call;call;call;call;call;call;422797054;423887482;424687669;424793843;424950341;425392837;425476935;426108828;426252346;426377718;426537197;426565486;426573512;426593829;426606195;426634262;426636424;426648998;426667318;426848544;426853539;427012537;427306227;427306761;427307746,73,969,155,,0.07,0.32,1042,1042,0,False
e2b_nothinking,v6,pp_full,mv1,ALL,Explicit-Flirting,0.1,112,268,59,104,53,164,0.36,0.53,0.61,0.59,0.43,call;call;call;call;call;call;call;call;call;call;call;call;call;call;call;call;call;call;call;call;call;call;call;call;call;call;call;call;call;call;call;call;call;call;call;call;call;call;call;call;call;call;call;call;call;call;call;call;call;call;call;call;call;call;call;call;call;call;call;call;call;403927389;419887388;420147298;420511327;420599099;421372353;421956667;423219318;423324272;423505352;423958539;424610958;425396309;425627452;425939252;425971422;426076857;426107744;426303789;426408577;426573210;426583408;426597928;426600174;426603278;426636576;426645015;426647598;426656120;426848660;426855984;426857244;426863933;426865726;427012755;427018157;427303915;427305984;427307149;427307153;427308167;427313073;427314573,call;call;call;call;call;call;call;call;call;call;call;call;call;call;call;call;call;call;call;call;call;call;call;call;call;call;call;call;422797054;423887482;424687669;424793843;424950341;425392837;425476935;426108828;426252346;426377718;426537197;426565486;426573512;426593829;426606195;426634262;426636424;426648998;426667318;426848544;426853539;427012537;427306227;427306761;427307746,73,969,155,,0.07,0.32,1042,1042,0,False
e2b_nothinking,v6,pp_full,mv1,ALL,Explicit-Flirting,0.2,112,268,49,87,63,181,0.36,0.44,0.68,0.61,0.4,call;call;call;call;call;call;call;call;call;call;call;call;call;call;call;call;call;call;call;call;call;call;call;call;call;call;call;call;call;call;call;call;call;call;call;call;call;call;call;call;call;call;call;call;call;call;call;call;call;call;419887388;420147298;420511327;421372353;421956667;423219318;423324272;423505352;423958539;424610958;425627452;425939252;425971422;426076857;426107744;426303789;426408577;426573210;426583408;426597928;426600174;426603278;426636576;426645015;426647598;426656120;426848660;426855984;426857244;426863933;426865726;427012755;427018157;427303915;427307149;427308167;427314573,call;call;call;call;call;call;call;call;call;call;call;call;call;call;call;call;call;call;call;call;call;call;call;call;call;call;call;call;call;call;call;call;421661435;422797054;423887482;424687669;424793843;424950341;425392837;425476935;425912424;426108828;426252346;426377718;426432272;426537197;426565486;426573512;426591403;426593829;426606195;426634262;426636424;426648998;426649193;426652242;426667318;426848544;426853539;427012537;427306227;427306761;427307746,62,613,166,,0.09,0.27,675,1042,0,False
e2b_nothinking,v6,pp_full,mv1,ALL,Explicit-Flirting,0.3,112,268,49,87,63,181,0.36,0.44,0.68,0.61,0.4,call;call;call;call;call;call;call;call;call;call;call;call;call;call;call;call;call;call;call;call;call;call;call;call;call;call;call;call;call;call;call;call;call;call;call;call;call;call;call;call;call;call;call;call;call;call;call;call;call;call;419887388;420147298;420511327;421372353;421956667;423219318;423324272;423505352;423958539;424610958;425627452;425939252;425971422;426076857;426107744;426303789;426408577;426573210;426583408;426597928;426600174;426603278;426636576;426645015;426647598;426656120;426848660;426855984;426857244;426863933;426865726;427012755;427018157;427303915;427307149;427308167;427314573,call;call;call;call;call;call;call;call;call;call;call;call;call;call;call;call;call;call;call;call;call;call;call;call;call;call;call;call;call;call;call;call;421661435;422797054;423887482;424687669;424793843;424950341;425392837;425476935;425912424;426108828;426252346;426377718;426432272;426537197;426565486;426573512;426591403;426593829;426606195;426634262;426636424;426648998;426649193;426652242;426667318;426848544;426853539;427012537;427306227;427306761;427307746,62,613,166,,0.09,0.27,675,1042,0,False
e2b_nothinking,v6,pp_full,mv1,ALL,Explicit-Flirting,0.4,112,268,31,31,81,237,0.5,0.28,0.88,0.71,0.36,call;call;call;call;call;call;call;call;call;call;call;call;call;call;call;call;call;call;call;call;420147298;421372353;421956667;423958539;426408577;426573210;426583408;426597928;426647598;426848660;427018157,call;call;call;call;call;call;call;call;call;call;call;call;call;call;call;call;call;call;call;call;call;call;call;call;call;call;call;call;call;call;call;call;call;call;call;call;call;call;call;421661435;421961206;422797054;423887482;424687669;424793843;424950341;425134890;425392837;425476935;425656790;425912424;426108828;426126833;426127716;426252346;426377718;426432272;426480223;426534420;426537197;426565486;426573512;426591403;426593829;426604065;426606195;426620137;426634262;426636424;426648998;426649193;426652242;426662883;426667318;426848544;426853539;427012375;427012537;427306227;427306761;427307746,36,145,192,,0.2,0.16,181,1042,0,False
e2b_nothinking,v6,pp_full,mv1,ALL,Explicit-Flirting,0.5,112,268,31,31,81,237,0.5,0.28,0.88,0.71,0.36,call;call;call;call;call;call;call;call;call;call;call;call;call;call;call;call;call;call;call;call;420147298;421372353;421956667;423958539;426408577;426573210;426583408;426597928;426647598;426848660;427018157,call;call;call;call;call;call;call;call;call;call;call;call;call;call;call;call;call;call;call;call;call;call;call;call;call;call;call;call;call;call;call;call;call;call;call;call;call;call;call;421661435;421961206;422797054;423887482;424687669;424793843;424950341;425134890;425392837;425476935;425656790;425912424;426108828;426126833;426127716;426252346;426377718;426432272;426480223;426534420;426537197;426565486;426573512;426591403;426593829;426604065;426606195;426620137;426634262;426636424;426648998;426649193;426652242;426662883;426667318;426848544;426853539;427012375;427012537;427306227;427306761;427307746,36,145,192,,0.2,0.16,181,1042,0,False
e2b_nothinking,v6,pp_full,mv1,ALL,Explicit-Flirting,0.6,112,268,31,31,81,237,0.5,0.28,0.88,0.71,0.36,call;call;call;call;call;call;call;call;call;call;call;call;call;call;call;call;call;call;call;call;420147298;421372353;421956667;423958539;426408577;426573210;426583408;426597928;426647598;426848660;427018157,call;call;call;call;call;call;call;call;call;call;call;call;call;call;call;call;call;call;call;call;call;call;call;call;call;call;call;call;call;call;call;call;call;call;call;call;call;call;call;421661435;421961206;422797054;423887482;424687669;424793843;424950341;425134890;425392837;425476935;425656790;425912424;426108828;426126833;426127716;426252346;426377718;426432272;426480223;426534420;426537197;426565486;426573512;426591403;426593829;426604065;426606195;426620137;426634262;426636424;426648998;426649193;426652242;426662883;426667318;426848544;426853539;427012375;427012537;427306227;427306761;427307746,36,145,192,,0.2,0.16,181,1042,0,False
e2b_nothinking,v6,pp_full,mv1,ALL,Explicit-Flirting,0.7,112,268,29,30,83,238,0.49,0.26,0.89,0.7,0.34,call;call;call;call;call;call;call;call;call;call;call;call;call;call;call;call;call;call;call;420147298;421372353;421956667;423958539;426408577;426573210;426583408;426597928;426647598;426848660;427018157,call;call;call;call;call;call;call;call;call;call;call;call;call;call;call;call;call;call;call;call;call;call;call;call;call;call;call;call;call;call;call;call;call;call;call;call;call;call;call;call;421661435;421961206;422797054;423887482;424687669;424793843;424950341;425134890;425392837;425476935;425656790;425912424;425942168;426108828;426126833;426127716;426252346;426377718;426432272;426480223;426534420;426537197;426565486;426573512;426591403;426593829;426604065;426606195;426620137;426634262;426636424;426648998;426649193;426652242;426662883;426667318;426848544;426853539;427012375;427012537;427306227;427306761;427307746,34,132,194,,0.2,0.15,166,1042,0,False
e2b_nothinking,v6,pp_full,mv1,ALL,Explicit-Flirting,0.8,112,268,29,29,83,239,0.5,0.26,0.89,0.71,0.34,call;call;call;call;call;call;call;call;call;call;call;call;call;call;call;call;call;call;420147298;421372353;421956667;423958539;426408577;426573210;426583408;426597928;426647598;426848660;427018157,call;call;call;call;call;call;call;call;call;call;call;call;call;call;call;call;call;call;call;call;call;call;call;call;call;call;call;call;call;call;call;call;call;call;call;call;call;call;call;call;421661435;421961206;422797054;423887482;424687669;424793843;424950341;425134890;425392837;425476935;425656790;425912424;425942168;426108828;426126833;426127716;426252346;426377718;426432272;426480223;426534420;426537197;426565486;426573512;426591403;426593829;426604065;426606195;426620137;426634262;426636424;426648998;426649193;426652242;426662883;426667318;426848544;426853539;427012375;427012537;427306227;427306761;427307746,34,131,194,,0.21,0.15,165,1042,0,False
e2b_nothinking,v6,pp_full,mv1,ALL,Explicit-Flirting,0.9,112,268,29,28,83,240,0.51,0.26,0.9,0.71,0.34,call;call;call;call;call;call;call;call;call;call;call;call;call;call;call;call;call;420147298;421372353;421956667;423958539;426408577;426573210;426583408;426597928;426647598;426848660;427018157,call;call;call;call;call;call;call;call;call;call;call;call;call;call;call;call;call;call;call;call;call;call;call;call;call;call;call;call;call;call;call;call;call;call;call;call;call;call;call;call;421661435;421961206;422797054;423887482;424687669;424793843;424950341;425134890;425392837;425476935;425656790;425912424;425942168;426108828;426126833;426127716;426252346;426377718;426432272;426480223;426534420;426537197;426565486;426573512;426591403;426593829;426604065;426606195;426620137;426634262;426636424;426648998;426649193;426652242;426662883;426667318;426848544;426853539;427012375;427012537;427306227;427306761;427307746,34,128,194,,0.21,0.15,162,1042,0,False
e2b_nothinking,v6,pp_full,mv1,ALL,Explicit-Flirting,0.95,112,268,0,0,112,268,,0.0,1.0,0.71,,,call;call;call;call;call;call;call;call;call;call;call;call;call;call;call;call;call;call;call;call;call;call;call;call;call;call;call;call;call;call;call;call;call;call;call;call;call;call;call;call;call;call;call;call;call;call;call;call;call;call;call;call;call;call;421661435;421961206;422311857;422797054;423662590;423887482;424687669;424793843;424880310;424950341;425134890;425141339;425392837;425476935;425656790;425778316;425908372;425912424;425942168;426108828;426126833;426127716;426252346;426363836;426377718;426432272;426460304;426480223;426534420;426537197;426548691;426565486;426573512;426582734;426591403;426593601;426593829;426604065;426606195;426610860;426620137;426631751;426633368;426634262;426636424;426642159;426648998;426649193;426652242;426662883;426667318;426848544;426853539;427012375;427012537;427306227;427306761;427307746,0,0,228,,,0.0,0,1042,0,False
e2b_nothinking,v6,pp_full,mv1,ALL,Explicit-Flirting,1.0,112,268,0,0,112,268,,0.0,1.0,0.71,,,call;call;call;call;call;call;call;call;call;call;call;call;call;call;call;call;call;call;call;call;call;call;call;call;call;call;call;call;call;call;call;call;call;call;call;call;call;call;call;call;call;call;call;call;call;call;call;call;call;call;call;call;call;call;421661435;421961206;422311857;422797054;423662590;423887482;424687669;424793843;424880310;424950341;425134890;425141339;425392837;425476935;425656790;425778316;425908372;425912424;425942168;426108828;426126833;426127716;426252346;426363836;426377718;426432272;426460304;426480223;426534420;426537197;426548691;426565486;426573512;426582734;426591403;426593601;426593829;426604065;426606195;426610860;426620137;426631751;426633368;426634262;426636424;426642159;426648998;426649193;426652242;426662883;426667318;426848544;426853539;427012375;427012537;427306227;427306761;427307746,0,0,228,,,0.0,0,1042,0,False
e2b_nothinking,v6,pp_full,mv1,ALL,Explicit-Flirting,none,112,268,59,104,53,164,0.36,0.53,0.61,0.59,0.43,call;call;call;call;call;call;call;call;call;call;call;call;call;call;call;call;call;call;call;call;call;call;call;call;call;call;call;call;call;call;call;call;call;call;call;call;call;call;call;call;call;call;call;call;call;call;call;call;call;call;call;call;call;call;call;call;call;call;call;call;call;403927389;419887388;420147298;420511327;420599099;421372353;421956667;423219318;423324272;423505352;423958539;424610958;425396309;425627452;425939252;425971422;426076857;426107744;426303789;426408577;426573210;426583408;426597928;426600174;426603278;426636576;426645015;426647598;426656120;426848660;426855984;426857244;426863933;426865726;427012755;427018157;427303915;427305984;427307149;427307153;427308167;427313073;427314573,call;call;call;call;call;call;call;call;call;call;call;call;call;call;call;call;call;call;call;call;call;call;call;call;call;call;call;call;422797054;423887482;424687669;424793843;424950341;425392837;425476935;426108828;426252346;426377718;426537197;426565486;426573512;426593829;426606195;426634262;426636424;426648998;426667318;426848544;426853539;427012537;427306227;427306761;427307746,73,969,155,,0.07,0.32,1042,1042,0,False
e2b_nothinking,v6,pp_full,mv1,ALL,ALL,0.0,213,167,157,103,56,64,0.6,0.74,0.38,0.58,0.66,call;call;call;call;call;call;call;call;call;call;call;call;call;call;call;call;call;call;call;call;call;call;call;call;call;call;call;call;call;call;call;call;call;call;call;call;call;call;call;call;call;call;call;call;call;call;call;call;call;call;call;call;call;call;call;call;call;403927389;419887388;420599099;421372353;421956667;423219318;423324272;423562532;425627452;426076857;426101552;426107744;426108348;426195344;426204318;426600174;426608730;426610557;426636576;426848660;426855984;426857244;426863933;426864020;426864282;426864654;426864666;426865205;426865726;426865848;427012755;427018157;427030481;427035680;427037139;427303915;427305871;427305885;427305984;427307149;427307153;427307170;427308167;427310161;427313073;427314573,call;call;call;call;call;call;call;call;call;call;call;call;call;call;call;call;call;call;call;call;call;call;call;call;call;call;call;420511327;421888258;423163427;423505352;424793843;424950341;425392837;425939252;425971422;426023290;426108828;426303789;426439325;426537197;426565486;426573512;426634262;426636424;426639345;426648998;426649926;426657127;426848544;426853539;427012537;427306227;427306761;427306879;427307746,260,6351,250,,0.04,0.51,6611,6611,2389,False
e2b_nothinking,v6,pp_full,mv1,ALL,ALL,0.1,213,167,157,103,56,64,0.6,0.74,0.38,0.58,0.66,call;call;call;call;call;call;call;call;call;call;call;call;call;call;call;call;call;call;call;call;call;call;call;call;call;call;call;call;call;call;call;call;call;call;call;call;call;call;call;call;call;call;call;call;call;call;call;call;call;call;call;call;call;call;call;call;call;403927389;419887388;420599099;421372353;421956667;423219318;423324272;423562532;425627452;426076857;426101552;426107744;426108348;426195344;426204318;426600174;426608730;426610557;426636576;426848660;426855984;426857244;426863933;426864020;426864282;426864654;426864666;426865205;426865726;426865848;427012755;427018157;427030481;427035680;427037139;427303915;427305871;427305885;427305984;427307149;427307153;427307170;427308167;427310161;427313073;427314573,call;call;call;call;call;call;call;call;call;call;call;call;call;call;call;call;call;call;call;call;call;call;call;call;call;call;call;420511327;421888258;423163427;423505352;424793843;424950341;425392837;425939252;425971422;426023290;426108828;426303789;426439325;426537197;426565486;426573512;426634262;426636424;426639345;426648998;426649926;426657127;426848544;426853539;427012537;427306227;427306761;427306879;427307746,259,6350,251,,0.04,0.51,6609,6611,2389,False
e2b_nothinking,v6,pp_full,mv1,ALL,ALL,0.2,213,167,144,85,69,82,0.63,0.68,0.49,0.59,0.65,call;call;call;call;call;call;call;call;call;call;call;call;call;call;call;call;call;call;call;call;call;call;call;call;call;call;call;call;call;call;call;call;call;call;call;call;call;call;call;call;call;call;call;call;403927389;419887388;420599099;421372353;421956667;423219318;423324272;423562532;425627452;426076857;426101552;426107744;426204318;426600174;426608730;426610557;426636576;426848660;426855984;426857244;426863933;426864020;426864282;426864654;426864666;426865205;426865726;426865848;427012755;427018157;427030481;427035680;427037139;427303915;427305871;427305885;427305984;427307149;427307153;427308167;427314573,call;call;call;call;call;call;call;call;call;call;call;call;call;call;call;call;call;call;call;call;call;call;call;call;call;call;call;call;call;call;call;call;420511327;421661435;421888258;422797054;423163427;423505352;424793843;424950341;425392837;425939252;425971422;426023290;426108828;426252346;426303789;426432272;426439325;426537197;426565486;426573512;426583408;426591403;426634262;426636424;426639345;426648998;426649193;426649926;426652242;426657127;426848544;426853539;427012537;427306227;427306761;427306879;427307746,229,2680,281,,0.08,0.45,2909,6611,2389,False
e2b_nothinking,v6,pp_full,mv1,ALL,ALL,0.3,213,167,144,85,69,82,0.63,0.68,0.49,0.59,0.65,call;call;call;call;call;call;call;call;call;call;call;call;call;call;call;call;call;call;call;call;call;call;call;call;call;call;call;call;call;call;call;call;call;call;call;call;call;call;call;call;call;call;call;call;403927389;419887388;420599099;421372353;421956667;423219318;423324272;423562532;425627452;426076857;426101552;426107744;426204318;426600174;426608730;426610557;426636576;426848660;426855984;426857244;426863933;426864020;426864282;426864654;426864666;426865205;426865726;426865848;427012755;427018157;427030481;427035680;427037139;427303915;427305871;427305885;427305984;427307149;427307153;427308167;427314573,call;call;call;call;call;call;call;call;call;call;call;call;call;call;call;call;call;call;call;call;call;call;call;call;call;call;call;call;call;call;call;call;420511327;421661435;421888258;422797054;423163427;423505352;424793843;424950341;425392837;425939252;425971422;426023290;426108828;426252346;426303789;426432272;426439325;426537197;426565486;426573512;426583408;426591403;426634262;426636424;426639345;426648998;426649193;426649926;426652242;426657127;426848544;426853539;427012537;427306227;427306761;427306879;427307746,229,2676,281,,0.08,0.45,2905,6611,2389,False
e2b_nothinking,v6,pp_full,mv1,ALL,ALL,0.4,213,167,115,45,98,122,0.72,0.54,0.73,0.62,0.62,call;call;call;call;call;call;call;call;call;call;call;call;call;call;call;call;call;call;call;call;call;call;call;call;call;call;421372353;421956667;423219318;423324272;423562532;426101552;426107744;426608730;426610557;426636576;426848660;426864020;426864654;426864666;426865848;427018157;427035680;427308167;427314573,call;call;call;call;call;call;call;call;call;call;call;call;call;call;call;call;call;call;call;call;call;call;call;call;call;call;call;call;call;call;call;call;call;call;call;call;call;call;call;call;call;call;call;call;call;call;call;call;call;420511327;421661435;421888258;421961206;422797054;423163427;423505352;424793843;424950341;425134890;425392837;425656790;425912424;425939252;425971422;426023290;426108828;426126833;426127716;426252346;426303789;426432272;426439325;426480223;426534420;426537197;426565486;426573210;426573512;426583408;426591403;426604065;426620137;426634262;426636424;426639345;426648998;426649193;426649926;426652242;426657127;426848544;426853539;427012375;427012537;427306227;427306761;427306879;427307746,177,645,333,,0.22,0.35,822,6611,2389,False
e2b_nothinking,v6,pp_full,mv1,ALL,ALL,0.5,213,167,115,45,98,122,0.72,0.54,0.73,0.62,0.62,call;call;call;call;call;call;call;call;call;call;call;call;call;call;call;call;call;call;call;call;call;call;call;call;call;call;421372353;421956667;423219318;423324272;423562532;426101552;426107744;426608730;426610557;426636576;426848660;426864020;426864654;426864666;426865848;427018157;427035680;427308167;427314573,call;call;call;call;call;call;call;call;call;call;call;call;call;call;call;call;call;call;call;call;call;call;call;call;call;call;call;call;call;call;call;call;call;call;call;call;call;call;call;call;call;call;call;call;call;call;call;call;call;420511327;421661435;421888258;421961206;422797054;423163427;423505352;424793843;424950341;425134890;425392837;425656790;425912424;425939252;425971422;426023290;426108828;426126833;426127716;426252346;426303789;426432272;426439325;426480223;426534420;426537197;426565486;426573210;426573512;426583408;426591403;426604065;426620137;426634262;426636424;426639345;426648998;426649193;426649926;426652242;426657127;426848544;426853539;427012375;427012537;427306227;427306761;427306879;427307746,177,645,333,,0.22,0.35,822,6611,2389,False
e2b_nothinking,v6,pp_full,mv1,ALL,ALL,0.6,213,167,115,45,98,122,0.72,0.54,0.73,0.62,0.62,call;call;call;call;call;call;call;call;call;call;call;call;call;call;call;call;call;call;call;call;call;call;call;call;call;call;421372353;421956667;423219318;423324272;423562532;426101552;426107744;426608730;426610557;426636576;426848660;426864020;426864654;426864666;426865848;427018157;427035680;427308167;427314573,call;call;call;call;call;call;call;call;call;call;call;call;call;call;call;call;call;call;call;call;call;call;call;call;call;call;call;call;call;call;call;call;call;call;call;call;call;call;call;call;call;call;call;call;call;call;call;call;call;420511327;421661435;421888258;421961206;422797054;423163427;423505352;424793843;424950341;425134890;425392837;425656790;425912424;425939252;425971422;426023290;426108828;426126833;426127716;426252346;426303789;426432272;426439325;426480223;426534420;426537197;426565486;426573210;426573512;426583408;426591403;426604065;426620137;426634262;426636424;426639345;426648998;426649193;426649926;426652242;426657127;426848544;426853539;427012375;427012537;427306227;427306761;427306879;427307746,177,645,333,,0.22,0.35,822,6611,2389,False
e2b_nothinking,v6,pp_full,mv1,ALL,ALL,0.7,213,167,107,38,106,129,0.74,0.5,0.77,0.62,0.6,call;call;call;call;call;call;call;call;call;call;call;call;call;call;call;call;call;call;call;call;call;call;421372353;421956667;423324272;423562532;426101552;426608730;426610557;426636576;426848660;426864020;426864666;426865848;427018157;427035680;427308167;427314573,call;call;call;call;call;call;call;call;call;call;call;call;call;call;call;call;call;call;call;call;call;call;call;call;call;call;call;call;call;call;call;call;call;call;call;call;call;call;call;call;call;call;call;call;call;call;call;call;call;call;call;call;call;call;call;420511327;421661435;421888258;421961206;422797054;423163427;423505352;423887482;424154820;424793843;424950341;425134890;425392837;425656790;425912424;425939252;425971422;426023290;426108828;426126833;426127716;426252346;426303789;426432272;426439325;426480223;426534420;426537197;426565486;426573210;426573512;426583408;426591403;426604065;426620137;426634262;426636424;426639345;426648998;426649193;426649926;426652242;426657127;426848544;426853539;427012375;427012537;427306227;427306761;427306879;427307746,158,537,352,,0.23,0.31,695,6611,2389,False
e2b_nothinking,v6,pp_full,mv1,ALL,ALL,0.8,213,167,106,38,107,129,0.74,0.5,0.77,0.62,0.59,call;call;call;call;call;call;call;call;call;call;call;call;call;call;call;call;call;call;call;call;call;call;421372353;421956667;423324272;423562532;426101552;426608730;426610557;426636576;426848660;426864020;426864666;426865848;427018157;427035680;427308167;427314573,call;call;call;call;call;call;call;call;call;call;call;call;call;call;call;call;call;call;call;call;call;call;call;call;call;call;call;call;call;call;call;call;call;call;call;call;call;call;call;call;call;call;call;call;call;call;call;call;call;call;call;call;call;call;call;call;420511327;421661435;421888258;421961206;422797054;423163427;423505352;423887482;424154820;424793843;424950341;425134890;425392837;425656790;425912424;425939252;425971422;426023290;426108828;426126833;426127716;426252346;426303789;426432272;426439325;426480223;426534420;426537197;426565486;426573210;426573512;426583408;426591403;426604065;426620137;426634262;426636424;426639345;426648998;426649193;426649926;426652242;426657127;426848544;426853539;427012375;427012537;427306227;427306761;427306879;427307746,157,534,353,,0.23,0.31,691,6611,2389,False
e2b_nothinking,v6,pp_full,mv1,ALL,ALL,0.9,213,167,105,38,108,129,0.73,0.49,0.77,0.62,0.59,call;call;call;call;call;call;call;call;call;call;call;call;call;call;call;call;call;call;call;call;call;call;421372353;421956667;423324272;423562532;426101552;426608730;426610557;426636576;426848660;426864020;426864666;426865848;427018157;427035680;427308167;427314573,call;call;call;call;call;call;call;call;call;call;call;call;call;call;call;call;call;call;call;call;call;call;call;call;call;call;call;call;call;call;call;call;call;call;call;call;call;call;call;call;call;call;call;call;call;call;call;call;call;call;call;call;call;call;call;call;call;420511327;421661435;421888258;421961206;422797054;423163427;423505352;423887482;424154820;424793843;424950341;425134890;425392837;425656790;425912424;425939252;425971422;426023290;426108828;426126833;426127716;426252346;426303789;426432272;426439325;426480223;426534420;426537197;426565486;426573210;426573512;426583408;426591403;426604065;426620137;426634262;426636424;426639345;426648998;426649193;426649926;426652242;426657127;426848544;426853539;427012375;427012537;427306227;427306761;427306879;427307746,155,516,355,,0.23,0.3,671,6611,2389,False
e2b_nothinking,v6,pp_full,mv1,ALL,ALL,0.95,213,167,0,0,213,167,,0.0,1.0,0.44,,,call;call;call;call;call;call;call;call;call;call;call;call;call;call;call;call;call;call;call;call;call;call;call;call;call;call;call;call;call;call;call;call;call;call;call;call;call;call;call;call;call;call;call;call;call;call;call;call;call;call;call;call;call;call;call;call;call;call;call;call;call;call;call;call;call;call;call;call;call;call;call;call;call;call;call;call;call;call;call;call;call;call;call;call;call;call;call;call;call;call;call;call;call;call;call;call;call;call;call;call;call;call;call;call;call;call;call;call;call;call;call;call;call;call;call;call;call;call;call;call;420147298;420511327;421661435;421888258;421961206;422311857;422797054;423104500;423163427;423336284;423505352;423662590;423887482;423958539;423978016;424154820;424610958;424687669;424793843;424880310;424950341;425134890;425141339;425392837;425396309;425476935;425656790;425778316;425908372;425912424;425939252;425942168;425971422;426023290;426108828;426126833;426127716;426226216;426252346;426303789;426363836;426377718;426408577;426432272;426438311;426439325;426460304;426480223;426534420;426537197;426548691;426565486;426573210;426573512;426578327;426582734;426583408;426591403;426593601;426593829;426594432;426597928;426603278;426604065;426606195;426609609;426610860;426620137;426631751;426633368;426634262;426636424;426639345;426642159;426645015;426647598;426648998;426649193;426649926;426652242;426656120;426657127;426662883;426667318;426669005;426848544;426853539;427012375;427012537;427306227;427306761;427306879;427307746,0,0,510,,,0.0,0,6611,2389,False
e2b_nothinking,v6,pp_full,mv1,ALL,ALL,1.0,213,167,0,0,213,167,,0.0,1.0,0.44,,,call;call;call;call;call;call;call;call;call;call;call;call;call;call;call;call;call;call;call;call;call;call;call;call;call;call;call;call;call;call;call;call;call;call;call;call;call;call;call;call;call;call;call;call;call;call;call;call;call;call;call;call;call;call;call;call;call;call;call;call;call;call;call;call;call;call;call;call;call;call;call;call;call;call;call;call;call;call;call;call;call;call;call;call;call;call;call;call;call;call;call;call;call;call;call;call;call;call;call;call;call;call;call;call;call;call;call;call;call;call;call;call;call;call;call;call;call;call;call;call;420147298;420511327;421661435;421888258;421961206;422311857;422797054;423104500;423163427;423336284;423505352;423662590;423887482;423958539;423978016;424154820;424610958;424687669;424793843;424880310;424950341;425134890;425141339;425392837;425396309;425476935;425656790;425778316;425908372;425912424;425939252;425942168;425971422;426023290;426108828;426126833;426127716;426226216;426252346;426303789;426363836;426377718;426408577;426432272;426438311;426439325;426460304;426480223;426534420;426537197;426548691;426565486;426573210;426573512;426578327;426582734;426583408;426591403;426593601;426593829;426594432;426597928;426603278;426604065;426606195;426609609;426610860;426620137;426631751;426633368;426634262;426636424;426639345;426642159;426645015;426647598;426648998;426649193;426649926;426652242;426656120;426657127;426662883;426667318;426669005;426848544;426853539;427012375;427012537;427306227;427306761;427306879;427307746,0,0,510,,,0.0,0,6611,2389,False
e2b_nothinking,v6,pp_full,mv1,ALL,ALL,none,213,167,157,103,56,64,0.6,0.74,0.38,0.58,0.66,call;call;call;call;call;call;call;call;call;call;call;call;call;call;call;call;call;call;call;call;call;call;call;call;call;call;call;call;call;call;call;call;call;call;call;call;call;call;call;call;call;call;call;call;call;call;call;call;call;call;call;call;call;call;call;call;call;403927389;419887388;420599099;421372353;421956667;423219318;423324272;423562532;425627452;426076857;426101552;426107744;426108348;426195344;426204318;426600174;426608730;426610557;426636576;426848660;426855984;426857244;426863933;426864020;426864282;426864654;426864666;426865205;426865726;426865848;427012755;427018157;427030481;427035680;427037139;427303915;427305871;427305885;427305984;427307149;427307153;427307170;427308167;427310161;427313073;427314573,call;call;call;call;call;call;call;call;call;call;call;call;call;call;call;call;call;call;call;call;call;call;call;call;call;call;call;420511327;421888258;423163427;423505352;424793843;424950341;425392837;425939252;425971422;426023290;426108828;426303789;426439325;426537197;426565486;426573512;426634262;426636424;426639345;426648998;426649926;426657127;426848544;426853539;427012537;427306227;427306761;427306879;427307746,260,6351,250,,0.04,0.51,6611,6611,2389,False
e2b_nothinking,v6,raw,mv1,hindi,PlatformMove,0.0,31,86,26,51,5,35,0.34,0.84,0.41,0.52,0.48,call;call;call;call;call;call;call;call;call;call;call;call;call;call;call;call;call;call;call;call;call;call;call;call;call;call;call;call;call;call;call;call;call;call;419887388;420599099;421661435;421956667;424793843;424880310;425134890;425141339;425627452;425778316;426107744;426126833;426127716;426195344;426204318;426610557;426848660,call;call;call;421888258;426593829,34,661,10,,0.05,0.77,695,695,0,False
e2b_nothinking,v6,raw,mv1,hindi,PlatformMove,0.1,31,86,26,51,5,35,0.34,0.84,0.41,0.52,0.48,call;call;call;call;call;call;call;call;call;call;call;call;call;call;call;call;call;call;call;call;call;call;call;call;call;call;call;call;call;call;call;call;call;call;419887388;420599099;421661435;421956667;424793843;424880310;425134890;425141339;425627452;425778316;426107744;426126833;426127716;426195344;426204318;426610557;426848660,call;call;call;421888258;426593829,34,661,10,,0.05,0.77,695,695,0,False
e2b_nothinking,v6,raw,mv1,hindi,PlatformMove,0.2,31,86,22,29,9,57,0.43,0.71,0.66,0.68,0.54,call;call;call;call;call;call;call;call;call;call;call;call;call;call;call;call;call;call;call;call;419887388;420599099;424880310;425134890;425141339;425778316;426107744;426127716;426610557,call;call;call;call;call;421888258;422797054;423978016;426593829,29,200,15,,0.13,0.66,229,695,0,False
e2b_nothinking,v6,raw,mv1,hindi,PlatformMove,0.3,31,86,22,29,9,57,0.43,0.71,0.66,0.68,0.54,call;call;call;call;call;call;call;call;call;call;call;call;call;call;call;call;call;call;call;call;419887388;420599099;424880310;425134890;425141339;425778316;426107744;426127716;426610557,call;call;call;call;call;421888258;422797054;423978016;426593829,29,200,15,,0.13,0.66,229,695,0,False
e2b_nothinking,v6,raw,mv1,hindi,PlatformMove,0.4,31,86,22,18,9,68,0.55,0.71,0.79,0.77,0.62,call;call;call;call;call;call;call;call;call;call;call;call;call;call;425134890;425141339;426107744;426610557,call;call;call;call;call;421888258;422797054;423978016;426593829,28,81,16,,0.26,0.64,109,695,0,False
e2b_nothinking,v6,raw,mv1,hindi,PlatformMove,0.5,31,86,22,18,9,68,0.55,0.71,0.79,0.77,0.62,call;call;call;call;call;call;call;call;call;call;call;call;call;call;425134890;425141339;426107744;426610557,call;call;call;call;call;421888258;422797054;423978016;426593829,28,81,16,,0.26,0.64,109,695,0,False
e2b_nothinking,v6,raw,mv1,hindi,PlatformMove,0.6,31,86,22,18,9,68,0.55,0.71,0.79,0.77,0.62,call;call;call;call;call;call;call;call;call;call;call;call;call;call;425134890;425141339;426107744;426610557,call;call;call;call;call;421888258;422797054;423978016;426593829,28,81,16,,0.26,0.64,109,695,0,False
e2b_nothinking,v6,raw,mv1,hindi,PlatformMove,0.7,31,86,20,10,11,76,0.67,0.65,0.88,0.82,0.66,call;call;call;call;call;call;call;call;call;426610557,call;call;call;call;call;call;421888258;422797054;423887482;423978016;426593829,24,60,20,,0.29,0.55,84,695,0,False
e2b_nothinking,v6,raw,mv1,hindi,PlatformMove,0.8,31,86,20,10,11,76,0.67,0.65,0.88,0.82,0.66,call;call;call;call;call;call;call;call;call;426610557,call;call;call;call;call;call;421888258;422797054;423887482;423978016;426593829,24,60,20,,0.29,0.55,84,695,0,False
e2b_nothinking,v6,raw,mv1,hindi,PlatformMove,0.9,31,86,20,10,11,76,0.67,0.65,0.88,0.82,0.66,call;call;call;call;call;call;call;call;call;426610557,call;call;call;call;call;call;421888258;422797054;423887482;423978016;426593829,24,60,20,,0.29,0.55,84,695,0,False
e2b_nothinking,v6,raw,mv1,hindi,PlatformMove,0.95,31,86,0,0,31,86,,0.0,1.0,0.74,,,call;call;call;call;call;call;call;call;call;call;call;call;call;call;call;call;call;call;call;call;call;call;call;420147298;421888258;422797054;423887482;423958539;423978016;425396309;426593829,0,0,44,,,0.0,0,695,0,False
e2b_nothinking,v6,raw,mv1,hindi,PlatformMove,1.0,31,86,0,0,31,86,,0.0,1.0,0.74,,,call;call;call;call;call;call;call;call;call;call;call;call;call;call;call;call;call;call;call;call;call;call;call;420147298;421888258;422797054;423887482;423958539;423978016;425396309;426593829,0,0,44,,,0.0,0,695,0,False
e2b_nothinking,v6,raw,mv1,hindi,PlatformMove,none,31,86,26,51,5,35,0.34,0.84,0.41,0.52,0.48,call;call;call;call;call;call;call;call;call;call;call;call;call;call;call;call;call;call;call;call;call;call;call;call;call;call;call;call;call;call;call;call;call;call;419887388;420599099;421661435;421956667;424793843;424880310;425134890;425141339;425627452;425778316;426107744;426126833;426127716;426195344;426204318;426610557;426848660,call;call;call;421888258;426593829,34,661,10,,0.05,0.77,695,695,0,False
e2b_nothinking,v6,raw,mv1,hindi,SuspiciousActivity,0.0,21,96,15,24,6,72,0.38,0.71,0.75,0.74,0.5,call;call;call;call;call;call;call;call;call;call;call;call;call;call;call;call;call;420147298;420599099;421888258;424880310;426107744;426204318;426848660,call;call;call;call;call;423887482,19,146,11,,0.12,0.63,165,165,0,False
e2b_nothinking,v6,raw,mv1,hindi,SuspiciousActivity,0.1,21,96,15,24,6,72,0.38,0.71,0.75,0.74,0.5,call;call;call;call;call;call;call;call;call;call;call;call;call;call;call;call;call;420147298;420599099;421888258;424880310;426107744;426204318;426848660,call;call;call;call;call;423887482,19,146,11,,0.12,0.63,165,165,0,False
e2b_nothinking,v6,raw,mv1,hindi,SuspiciousActivity,0.2,21,96,13,20,8,76,0.39,0.62,0.79,0.76,0.48,call;call;call;call;call;call;call;call;call;call;call;call;call;420147298;420599099;421888258;424880310;426107744;426204318;426848660,call;call;call;call;call;call;422797054;423887482,15,100,15,,0.13,0.5,115,165,0,False
e2b_nothinking,v6,raw,mv1,hindi,SuspiciousActivity,0.3,21,96,13,20,8,76,0.39,0.62,0.79,0.76,0.48,call;call;call;call;call;call;call;call;call;call;call;call;call;420147298;420599099;421888258;424880310;426107744;426204318;426848660,call;call;call;call;call;call;422797054;423887482,15,100,15,,0.13,0.5,115,165,0,False
e2b_nothinking,v6,raw,mv1,hindi,SuspiciousActivity,0.4,21,96,13,13,8,83,0.5,0.62,0.86,0.82,0.55,call;call;call;call;call;call;call;call;420147298;421888258;424880310;426107744;426848660,call;call;call;call;call;call;422797054;423887482,15,54,15,,0.22,0.5,69,165,0,False
e2b_nothinking,v6,raw,mv1,hindi,SuspiciousActivity,0.5,21,96,13,13,8,83,0.5,0.62,0.86,0.82,0.55,call;call;call;call;call;call;call;call;420147298;421888258;424880310;426107744;426848660,call;call;call;call;call;call;422797054;423887482,15,54,15,,0.22,0.5,69,165,0,False
e2b_nothinking,v6,raw,mv1,hindi,SuspiciousActivity,0.6,21,96,13,13,8,83,0.5,0.62,0.86,0.82,0.55,call;call;call;call;call;call;call;call;420147298;421888258;424880310;426107744;426848660,call;call;call;call;call;call;422797054;423887482,15,54,15,,0.22,0.5,69,165,0,False
e2b_nothinking,v6,raw,mv1,hindi,SuspiciousActivity,0.7,21,96,6,5,15,91,0.55,0.29,0.95,0.83,0.37,call;call;call;call;424880310,call;call;call;call;call;call;call;call;call;call;call;call;422797054;423887482;425778316,8,24,22,,0.25,0.27,32,165,0,False
e2b_nothinking,v6,raw,mv1,hindi,SuspiciousActivity,0.8,21,96,6,5,15,91,0.55,0.29,0.95,0.83,0.37,call;call;call;call;424880310,call;call;call;call;call;call;call;call;call;call;call;call;422797054;423887482;425778316,8,24,22,,0.25,0.27,32,165,0,False
e2b_nothinking,v6,raw,mv1,hindi,SuspiciousActivity,0.9,21,96,6,5,15,91,0.55,0.29,0.95,0.83,0.37,call;call;call;call;424880310,call;call;call;call;call;call;call;call;call;call;call;call;422797054;423887482;425778316,8,22,22,,0.27,0.27,30,165,0,False
e2b_nothinking,v6,raw,mv1,hindi,SuspiciousActivity,0.95,21,96,0,0,21,96,,0.0,1.0,0.82,,,call;call;call;call;call;call;call;call;call;call;call;call;call;call;call;422797054;423887482;423978016;425396309;425778316;426593829,0,0,30,,,0.0,0,165,0,False
e2b_nothinking,v6,raw,mv1,hindi,SuspiciousActivity,1.0,21,96,0,0,21,96,,0.0,1.0,0.82,,,call;call;call;call;call;call;call;call;call;call;call;call;call;call;call;422797054;423887482;423978016;425396309;425778316;426593829,0,0,30,,,0.0,0,165,0,False
e2b_nothinking,v6,raw,mv1,hindi,SuspiciousActivity,none,21,96,15,24,6,72,0.38,0.71,0.75,0.74,0.5,call;call;call;call;call;call;call;call;call;call;call;call;call;call;call;call;call;420147298;420599099;421888258;424880310;426107744;426204318;426848660,call;call;call;call;call;423887482,19,146,11,,0.12,0.63,165,165,0,False
e2b_nothinking,v6,raw,mv1,hindi,Explicit-Flirting,0.0,33,84,16,29,17,55,0.36,0.48,0.65,0.61,0.41,call;call;call;call;call;call;call;call;call;call;call;call;call;call;call;call;call;call;call;call;419887388;420147298;420599099;421956667;423958539;425396309;425627452;426107744;426848660,call;call;call;call;call;call;call;call;call;call;call;call;422797054;423887482;426108828;426593829;426853539,24,274,40,,0.08,0.38,298,298,0,False
e2b_nothinking,v6,raw,mv1,hindi,Explicit-Flirting,0.1,33,84,16,29,17,55,0.36,0.48,0.65,0.61,0.41,call;call;call;call;call;call;call;call;call;call;call;call;call;call;call;call;call;call;call;call;419887388;420147298;420599099;421956667;423958539;425396309;425627452;426107744;426848660,call;call;call;call;call;call;call;call;call;call;call;call;422797054;423887482;426108828;426593829;426853539,24,274,40,,0.08,0.38,298,298,0,False
e2b_nothinking,v6,raw,mv1,hindi,Explicit-Flirting,0.2,33,84,14,20,19,64,0.41,0.42,0.76,0.67,0.42,call;call;call;call;call;call;call;call;call;call;call;call;call;419887388;420147298;421956667;423958539;425627452;426107744;426848660,call;call;call;call;call;call;call;call;call;call;call;call;call;421661435;422797054;423887482;426108828;426593829;426853539,22,157,42,,0.12,0.34,179,298,0,False
e2b_nothinking,v6,raw,mv1,hindi,Explicit-Flirting,0.3,33,84,14,20,19,64,0.41,0.42,0.76,0.67,0.42,call;call;call;call;call;call;call;call;call;call;call;call;call;419887388;420147298;421956667;423958539;425627452;426107744;426848660,call;call;call;call;call;call;call;call;call;call;call;call;call;421661435;422797054;423887482;426108828;426593829;426853539,22,157,42,,0.12,0.34,179,298,0,False
e2b_nothinking,v6,raw,mv1,hindi,Explicit-Flirting,0.4,33,84,11,13,22,71,0.46,0.33,0.85,0.7,0.39,call;call;call;call;call;call;call;419887388;420147298;421956667;423958539;425627452;426848660,call;call;call;call;call;call;call;call;call;call;call;call;call;421661435;422797054;423887482;424793843;425134890;426108828;426127716;426593829;426853539,18,82,46,,0.18,0.28,100,298,0,False
e2b_nothinking,v6,raw,mv1,hindi,Explicit-Flirting,0.5,33,84,11,13,22,71,0.46,0.33,0.85,0.7,0.39,call;call;call;call;call;call;call;419887388;420147298;421956667;423958539;425627452;426848660,call;call;call;call;call;call;call;call;call;call;call;call;call;421661435;422797054;423887482;424793843;425134890;426108828;426127716;426593829;426853539,18,82,46,,0.18,0.28,100,298,0,False
e2b_nothinking,v6,raw,mv1,hindi,Explicit-Flirting,0.6,33,84,11,13,22,71,0.46,0.33,0.85,0.7,0.39,call;call;call;call;call;call;call;419887388;420147298;421956667;423958539;425627452;426848660,call;call;call;call;call;call;call;call;call;call;call;call;call;421661435;422797054;423887482;424793843;425134890;426108828;426127716;426593829;426853539,18,82,46,,0.18,0.28,100,298,0,False
e2b_nothinking,v6,raw,mv1,hindi,Explicit-Flirting,0.7,33,84,8,6,25,78,0.57,0.24,0.93,0.74,0.34,call;call;420147298;421956667;423958539;426848660,call;call;call;call;call;call;call;call;call;call;call;call;call;call;call;call;421661435;422797054;423887482;424793843;425134890;426108828;426127716;426593829;426853539,12,37,52,,0.24,0.19,49,298,0,False
e2b_nothinking,v6,raw,mv1,hindi,Explicit-Flirting,0.8,33,84,8,6,25,78,0.57,0.24,0.93,0.74,0.34,call;call;420147298;421956667;423958539;426848660,call;call;call;call;call;call;call;call;call;call;call;call;call;call;call;call;421661435;422797054;423887482;424793843;425134890;426108828;426127716;426593829;426853539,12,37,52,,0.24,0.19,49,298,0,False
e2b_nothinking,v6,raw,mv1,hindi,Explicit-Flirting,0.9,33,84,8,6,25,78,0.57,0.24,0.93,0.74,0.34,call;call;420147298;421956667;423958539;426848660,call;call;call;call;call;call;call;call;call;call;call;call;call;call;call;call;421661435;422797054;423887482;424793843;425134890;426108828;426127716;426593829;426853539,12,37,52,,0.24,0.19,49,298,0,False
e2b_nothinking,v6,raw,mv1,hindi,Explicit-Flirting,0.95,33,84,0,0,33,84,,0.0,1.0,0.72,,,call;call;call;call;call;call;call;call;call;call;call;call;call;call;call;call;call;call;call;call;421661435;422797054;423887482;424793843;424880310;425134890;425141339;425778316;426108828;426126833;426127716;426593829;426853539,0,0,64,,,0.0,0,298,0,False
e2b_nothinking,v6,raw,mv1,hindi,Explicit-Flirting,1.0,33,84,0,0,33,84,,0.0,1.0,0.72,,,call;call;call;call;call;call;call;call;call;call;call;call;call;call;call;call;call;call;call;call;421661435;422797054;423887482;424793843;424880310;425134890;425141339;425778316;426108828;426126833;426127716;426593829;426853539,0,0,64,,,0.0,0,298,0,False
e2b_nothinking,v6,raw,mv1,hindi,Explicit-Flirting,none,33,84,16,29,17,55,0.36,0.48,0.65,0.61,0.41,call;call;call;call;call;call;call;call;call;call;call;call;call;call;call;call;call;call;call;call;419887388;420147298;420599099;421956667;423958539;425396309;425627452;426107744;426848660,call;call;call;call;call;call;call;call;call;call;call;call;422797054;423887482;426108828;426593829;426853539,24,274,40,,0.08,0.38,298,298,0,False
e2b_nothinking,v6,raw,mv1,hindi,ALL,0.0,58,59,46,41,12,18,0.53,0.79,0.31,0.55,0.63,call;call;call;call;call;call;call;call;call;call;call;call;call;call;call;call;call;call;call;call;call;call;call;call;call;call;call;call;419887388;420599099;421956667;425627452;426100823;426107744;426195344;426202313;426204264;426204318;426610557;426848660;427012373,call;call;call;call;call;call;call;call;call;421888258;426108828;426853539,78,1486,60,,0.05,0.57,1564,1703,0,False
e2b_nothinking,v6,raw,mv1,hindi,ALL,0.1,58,59,46,41,12,18,0.53,0.79,0.31,0.55,0.63,call;call;call;call;call;call;call;call;call;call;call;call;call;call;call;call;call;call;call;call;call;call;call;call;call;call;call;call;419887388;420599099;421956667;425627452;426100823;426107744;426195344;426202313;426204264;426204318;426610557;426848660;427012373,call;call;call;call;call;call;call;call;call;421888258;426108828;426853539,78,1466,60,,0.05,0.57,1544,1703,0,False
e2b_nothinking,v6,raw,mv1,hindi,ALL,0.2,58,59,42,32,16,27,0.57,0.72,0.46,0.59,0.64,call;call;call;call;call;call;call;call;call;call;call;call;call;call;call;call;call;call;call;call;call;call;call;419887388;420599099;421956667;425627452;426100823;426107744;426204318;426610557;426848660,call;call;call;call;call;call;call;call;call;call;call;421661435;421888258;422797054;426108828;426853539,67,666,71,,0.09,0.49,733,1703,0,False
e2b_nothinking,v6,raw,mv1,hindi,ALL,0.3,58,59,42,32,16,27,0.57,0.72,0.46,0.59,0.64,call;call;call;call;call;call;call;call;call;call;call;call;call;call;call;call;call;call;call;call;call;call;call;419887388;420599099;421956667;425627452;426100823;426107744;426204318;426610557;426848660,call;call;call;call;call;call;call;call;call;call;call;421661435;421888258;422797054;426108828;426853539,67,666,71,,0.09,0.49,733,1703,0,False
e2b_nothinking,v6,raw,mv1,hindi,ALL,0.4,58,59,39,16,19,43,0.71,0.67,0.73,0.7,0.69,call;call;call;call;call;call;call;call;call;call;419887388;421956667;425627452;426107744;426610557;426848660,call;call;call;call;call;call;call;call;call;call;call;421661435;421888258;422797054;424793843;425134890;426108828;426127716;426853539,61,224,77,,0.21,0.44,285,1703,0,False
e2b_nothinking,v6,raw,mv1,hindi,ALL,0.5,58,59,39,16,19,43,0.71,0.67,0.73,0.7,0.69,call;call;call;call;call;call;call;call;call;call;419887388;421956667;425627452;426107744;426610557;426848660,call;call;call;call;call;call;call;call;call;call;call;421661435;421888258;422797054;424793843;425134890;426108828;426127716;426853539,61,224,77,,0.21,0.44,285,1703,0,False
e2b_nothinking,v6,raw,mv1,hindi,ALL,0.6,58,59,39,16,19,43,0.71,0.67,0.73,0.7,0.69,call;call;call;call;call;call;call;call;call;call;419887388;421956667;425627452;426107744;426610557;426848660,call;call;call;call;call;call;call;call;call;call;call;421661435;421888258;422797054;424793843;425134890;426108828;426127716;426853539,61,224,77,,0.21,0.44,285,1703,0,False
e2b_nothinking,v6,raw,mv1,hindi,ALL,0.7,58,59,32,8,26,51,0.8,0.55,0.86,0.71,0.65,call;call;call;call;call;421956667;426610557;426848660,call;call;call;call;call;call;call;call;call;call;call;call;call;call;call;call;call;421661435;421888258;422797054;423887482;424793843;425134890;426108828;426127716;426853539,44,128,94,,0.26,0.32,172,1703,0,False
e2b_nothinking,v6,raw,mv1,hindi,ALL,0.8,58,59,32,8,26,51,0.8,0.55,0.86,0.71,0.65,call;call;call;call;call;421956667;426610557;426848660,call;call;call;call;call;call;call;call;call;call;call;call;call;call;call;call;call;421661435;421888258;422797054;423887482;424793843;425134890;426108828;426127716;426853539,44,128,94,,0.26,0.32,172,1703,0,False
e2b_nothinking,v6,raw,mv1,hindi,ALL,0.9,58,59,32,8,26,51,0.8,0.55,0.86,0.71,0.65,call;call;call;call;call;421956667;426610557;426848660,call;call;call;call;call;call;call;call;call;call;call;call;call;call;call;call;call;421661435;421888258;422797054;423887482;424793843;425134890;426108828;426127716;426853539,44,126,94,,0.26,0.32,170,1703,0,False
e2b_nothinking,v6,raw,mv1,hindi,ALL,0.95,58,59,0,0,58,59,,0.0,1.0,0.5,,,call;call;call;call;call;call;call;call;call;call;call;call;call;call;call;call;call;call;call;call;call;call;call;call;call;call;call;call;call;call;call;call;call;call;call;call;call;call;call;call;420147298;421661435;421888258;422797054;423887482;423958539;423978016;424793843;424880310;425134890;425141339;425396309;425778316;426108828;426126833;426127716;426593829;426853539,0,4,138,,0.0,0.0,4,1703,0,False
e2b_nothinking,v6,raw,mv1,hindi,ALL,1.0,58,59,0,0,58,59,,0.0,1.0,0.5,,,call;call;call;call;call;call;call;call;call;call;call;call;call;call;call;call;call;call;call;call;call;call;call;call;call;call;call;call;call;call;call;call;call;call;call;call;call;call;call;call;420147298;421661435;421888258;422797054;423887482;423958539;423978016;424793843;424880310;425134890;425141339;425396309;425778316;426108828;426126833;426127716;426593829;426853539,0,4,138,,0.0,0.0,4,1703,0,False
e2b_nothinking,v6,raw,mv1,hindi,ALL,none,58,59,46,42,12,17,0.52,0.79,0.29,0.54,0.63,call;call;call;call;call;call;call;call;call;call;call;call;call;call;call;call;call;call;call;call;call;call;call;call;call;call;call;call;419887388;420599099;421956667;425627452;426100823;426107744;426195344;426202313;426204264;426204318;426610557;426848660;427012373;427305556,call;call;call;call;call;call;call;call;call;421888258;426108828;426853539,78,1625,60,,0.05,0.57,1703,1703,0,False
e2b_nothinking,v6,sa,mv1,hindi,PlatformMove,0.0,31,86,26,51,5,35,0.34,0.84,0.41,0.52,0.48,call;call;call;call;call;call;call;call;call;call;call;call;call;call;call;call;call;call;call;call;call;call;call;call;call;call;call;call;call;call;call;call;call;call;419887388;420599099;421661435;421956667;424793843;424880310;425134890;425141339;425627452;425778316;426107744;426126833;426127716;426195344;426204318;426610557;426848660,call;call;call;421888258;426593829,34,661,10,,0.05,0.77,695,695,0,False
e2b_nothinking,v6,sa,mv1,hindi,PlatformMove,0.1,31,86,26,51,5,35,0.34,0.84,0.41,0.52,0.48,call;call;call;call;call;call;call;call;call;call;call;call;call;call;call;call;call;call;call;call;call;call;call;call;call;call;call;call;call;call;call;call;call;call;419887388;420599099;421661435;421956667;424793843;424880310;425134890;425141339;425627452;425778316;426107744;426126833;426127716;426195344;426204318;426610557;426848660,call;call;call;421888258;426593829,34,661,10,,0.05,0.77,695,695,0,False
e2b_nothinking,v6,sa,mv1,hindi,PlatformMove,0.2,31,86,22,29,9,57,0.43,0.71,0.66,0.68,0.54,call;call;call;call;call;call;call;call;call;call;call;call;call;call;call;call;call;call;call;call;419887388;420599099;424880310;425134890;425141339;425778316;426107744;426127716;426610557,call;call;call;call;call;421888258;422797054;423978016;426593829,29,200,15,,0.13,0.66,229,695,0,False
e2b_nothinking,v6,sa,mv1,hindi,PlatformMove,0.3,31,86,22,29,9,57,0.43,0.71,0.66,0.68,0.54,call;call;call;call;call;call;call;call;call;call;call;call;call;call;call;call;call;call;call;call;419887388;420599099;424880310;425134890;425141339;425778316;426107744;426127716;426610557,call;call;call;call;call;421888258;422797054;423978016;426593829,29,200,15,,0.13,0.66,229,695,0,False
e2b_nothinking,v6,sa,mv1,hindi,PlatformMove,0.4,31,86,22,17,9,69,0.56,0.71,0.8,0.78,0.63,call;call;call;call;call;call;call;call;call;call;call;call;call;425134890;425141339;426107744;426610557,call;call;call;call;call;421888258;422797054;423978016;426593829,28,71,16,,0.28,0.64,99,695,0,False
e2b_nothinking,v6,sa,mv1,hindi,PlatformMove,0.5,31,86,22,17,9,69,0.56,0.71,0.8,0.78,0.63,call;call;call;call;call;call;call;call;call;call;call;call;call;425134890;425141339;426107744;426610557,call;call;call;call;call;421888258;422797054;423978016;426593829,28,71,16,,0.28,0.64,99,695,0,False
e2b_nothinking,v6,sa,mv1,hindi,PlatformMove,0.6,31,86,22,17,9,69,0.56,0.71,0.8,0.78,0.63,call;call;call;call;call;call;call;call;call;call;call;call;call;425134890;425141339;426107744;426610557,call;call;call;call;call;421888258;422797054;423978016;426593829,28,71,16,,0.28,0.64,99,695,0,False
e2b_nothinking,v6,sa,mv1,hindi,PlatformMove,0.7,31,86,20,10,11,76,0.67,0.65,0.88,0.82,0.66,call;call;call;call;call;call;call;call;call;426610557,call;call;call;call;call;call;421888258;422797054;423887482;423978016;426593829,24,53,20,,0.31,0.55,77,695,0,False
e2b_nothinking,v6,sa,mv1,hindi,PlatformMove,0.8,31,86,20,10,11,76,0.67,0.65,0.88,0.82,0.66,call;call;call;call;call;call;call;call;call;426610557,call;call;call;call;call;call;421888258;422797054;423887482;423978016;426593829,24,53,20,,0.31,0.55,77,695,0,False
e2b_nothinking,v6,sa,mv1,hindi,PlatformMove,0.9,31,86,20,10,11,76,0.67,0.65,0.88,0.82,0.66,call;call;call;call;call;call;call;call;call;426610557,call;call;call;call;call;call;421888258;422797054;423887482;423978016;426593829,24,53,20,,0.31,0.55,77,695,0,False
e2b_nothinking,v6,sa,mv1,hindi,PlatformMove,0.95,31,86,0,0,31,86,,0.0,1.0,0.74,,,call;call;call;call;call;call;call;call;call;call;call;call;call;call;call;call;call;call;call;call;call;call;call;420147298;421888258;422797054;423887482;423958539;423978016;425396309;426593829,0,0,44,,,0.0,0,695,0,False
e2b_nothinking,v6,sa,mv1,hindi,PlatformMove,1.0,31,86,0,0,31,86,,0.0,1.0,0.74,,,call;call;call;call;call;call;call;call;call;call;call;call;call;call;call;call;call;call;call;call;call;call;call;420147298;421888258;422797054;423887482;423958539;423978016;425396309;426593829,0,0,44,,,0.0,0,695,0,False
e2b_nothinking,v6,sa,mv1,hindi,PlatformMove,none,31,86,26,51,5,35,0.34,0.84,0.41,0.52,0.48,call;call;call;call;call;call;call;call;call;call;call;call;call;call;call;call;call;call;call;call;call;call;call;call;call;call;call;call;call;call;call;call;call;call;419887388;420599099;421661435;421956667;424793843;424880310;425134890;425141339;425627452;425778316;426107744;426126833;426127716;426195344;426204318;426610557;426848660,call;call;call;421888258;426593829,34,661,10,,0.05,0.77,695,695,0,False
e2b_nothinking,v6,sa,mv1,hindi,SuspiciousActivity,0.0,21,96,15,24,6,72,0.38,0.71,0.75,0.74,0.5,call;call;call;call;call;call;call;call;call;call;call;call;call;call;call;call;call;420147298;420599099;421888258;424880310;426107744;426204318;426848660,call;call;call;call;call;423887482,19,146,11,,0.12,0.63,165,165,0,False
e2b_nothinking,v6,sa,mv1,hindi,SuspiciousActivity,0.1,21,96,15,24,6,72,0.38,0.71,0.75,0.74,0.5,call;call;call;call;call;call;call;call;call;call;call;call;call;call;call;call;call;420147298;420599099;421888258;424880310;426107744;426204318;426848660,call;call;call;call;call;423887482,19,146,11,,0.12,0.63,165,165,0,False
e2b_nothinking,v6,sa,mv1,hindi,SuspiciousActivity,0.2,21,96,13,20,8,76,0.39,0.62,0.79,0.76,0.48,call;call;call;call;call;call;call;call;call;call;call;call;call;420147298;420599099;421888258;424880310;426107744;426204318;426848660,call;call;call;call;call;call;422797054;423887482,15,100,15,,0.13,0.5,115,165,0,False
e2b_nothinking,v6,sa,mv1,hindi,SuspiciousActivity,0.3,21,96,13,20,8,76,0.39,0.62,0.79,0.76,0.48,call;call;call;call;call;call;call;call;call;call;call;call;call;420147298;420599099;421888258;424880310;426107744;426204318;426848660,call;call;call;call;call;call;422797054;423887482,15,100,15,,0.13,0.5,115,165,0,False
e2b_nothinking,v6,sa,mv1,hindi,SuspiciousActivity,0.4,21,96,13,13,8,83,0.5,0.62,0.86,0.82,0.55,call;call;call;call;call;call;call;call;420147298;421888258;424880310;426107744;426848660,call;call;call;call;call;call;422797054;423887482,15,52,15,,0.22,0.5,67,165,0,False
e2b_nothinking,v6,sa,mv1,hindi,SuspiciousActivity,0.5,21,96,13,13,8,83,0.5,0.62,0.86,0.82,0.55,call;call;call;call;call;call;call;call;420147298;421888258;424880310;426107744;426848660,call;call;call;call;call;call;422797054;423887482,15,52,15,,0.22,0.5,67,165,0,False
e2b_nothinking,v6,sa,mv1,hindi,SuspiciousActivity,0.6,21,96,13,13,8,83,0.5,0.62,0.86,0.82,0.55,call;call;call;call;call;call;call;call;420147298;421888258;424880310;426107744;426848660,call;call;call;call;call;call;422797054;423887482,15,52,15,,0.22,0.5,67,165,0,False
e2b_nothinking,v6,sa,mv1,hindi,SuspiciousActivity,0.7,21,96,6,5,15,91,0.55,0.29,0.95,0.83,0.37,call;call;call;call;424880310,call;call;call;call;call;call;call;call;call;call;call;call;422797054;423887482;425778316,8,24,22,,0.25,0.27,32,165,0,False
e2b_nothinking,v6,sa,mv1,hindi,SuspiciousActivity,0.8,21,96,6,5,15,91,0.55,0.29,0.95,0.83,0.37,call;call;call;call;424880310,call;call;call;call;call;call;call;call;call;call;call;call;422797054;423887482;425778316,8,24,22,,0.25,0.27,32,165,0,False
e2b_nothinking,v6,sa,mv1,hindi,SuspiciousActivity,0.9,21,96,6,5,15,91,0.55,0.29,0.95,0.83,0.37,call;call;call;call;424880310,call;call;call;call;call;call;call;call;call;call;call;call;422797054;423887482;425778316,8,22,22,,0.27,0.27,30,165,0,False
e2b_nothinking,v6,sa,mv1,hindi,SuspiciousActivity,0.95,21,96,0,0,21,96,,0.0,1.0,0.82,,,call;call;call;call;call;call;call;call;call;call;call;call;call;call;call;422797054;423887482;423978016;425396309;425778316;426593829,0,0,30,,,0.0,0,165,0,False
e2b_nothinking,v6,sa,mv1,hindi,SuspiciousActivity,1.0,21,96,0,0,21,96,,0.0,1.0,0.82,,,call;call;call;call;call;call;call;call;call;call;call;call;call;call;call;422797054;423887482;423978016;425396309;425778316;426593829,0,0,30,,,0.0,0,165,0,False
e2b_nothinking,v6,sa,mv1,hindi,SuspiciousActivity,none,21,96,15,24,6,72,0.38,0.71,0.75,0.74,0.5,call;call;call;call;call;call;call;call;call;call;call;call;call;call;call;call;call;420147298;420599099;421888258;424880310;426107744;426204318;426848660,call;call;call;call;call;423887482,19,146,11,,0.12,0.63,165,165,0,False
e2b_nothinking,v6,sa,mv1,hindi,Explicit-Flirting,0.0,33,84,16,29,17,55,0.36,0.48,0.65,0.61,0.41,call;call;call;call;call;call;call;call;call;call;call;call;call;call;call;call;call;call;call;call;419887388;420147298;420599099;421956667;423958539;425396309;425627452;426107744;426848660,call;call;call;call;call;call;call;call;call;call;call;call;422797054;423887482;426108828;426593829;426853539,24,274,40,,0.08,0.38,298,298,0,False
e2b_nothinking,v6,sa,mv1,hindi,Explicit-Flirting,0.1,33,84,16,29,17,55,0.36,0.48,0.65,0.61,0.41,call;call;call;call;call;call;call;call;call;call;call;call;call;call;call;call;call;call;call;call;419887388;420147298;420599099;421956667;423958539;425396309;425627452;426107744;426848660,call;call;call;call;call;call;call;call;call;call;call;call;422797054;423887482;426108828;426593829;426853539,24,274,40,,0.08,0.38,298,298,0,False
e2b_nothinking,v6,sa,mv1,hindi,Explicit-Flirting,0.2,33,84,14,20,19,64,0.41,0.42,0.76,0.67,0.42,call;call;call;call;call;call;call;call;call;call;call;call;call;419887388;420147298;421956667;423958539;425627452;426107744;426848660,call;call;call;call;call;call;call;call;call;call;call;call;call;421661435;422797054;423887482;426108828;426593829;426853539,22,157,42,,0.12,0.34,179,298,0,False
e2b_nothinking,v6,sa,mv1,hindi,Explicit-Flirting,0.3,33,84,14,20,19,64,0.41,0.42,0.76,0.67,0.42,call;call;call;call;call;call;call;call;call;call;call;call;call;419887388;420147298;421956667;423958539;425627452;426107744;426848660,call;call;call;call;call;call;call;call;call;call;call;call;call;421661435;422797054;423887482;426108828;426593829;426853539,22,157,42,,0.12,0.34,179,298,0,False
e2b_nothinking,v6,sa,mv1,hindi,Explicit-Flirting,0.4,33,84,11,12,22,72,0.48,0.33,0.86,0.71,0.39,call;call;call;call;call;call;call;419887388;420147298;421956667;423958539;426848660,call;call;call;call;call;call;call;call;call;call;call;call;call;421661435;422797054;423887482;424793843;425134890;426108828;426127716;426593829;426853539,18,76,46,,0.19,0.28,94,298,0,False
e2b_nothinking,v6,sa,mv1,hindi,Explicit-Flirting,0.5,33,84,11,12,22,72,0.48,0.33,0.86,0.71,0.39,call;call;call;call;call;call;call;419887388;420147298;421956667;423958539;426848660,call;call;call;call;call;call;call;call;call;call;call;call;call;421661435;422797054;423887482;424793843;425134890;426108828;426127716;426593829;426853539,18,76,46,,0.19,0.28,94,298,0,False
e2b_nothinking,v6,sa,mv1,hindi,Explicit-Flirting,0.6,33,84,11,12,22,72,0.48,0.33,0.86,0.71,0.39,call;call;call;call;call;call;call;419887388;420147298;421956667;423958539;426848660,call;call;call;call;call;call;call;call;call;call;call;call;call;421661435;422797054;423887482;424793843;425134890;426108828;426127716;426593829;426853539,18,76,46,,0.19,0.28,94,298,0,False
e2b_nothinking,v6,sa,mv1,hindi,Explicit-Flirting,0.7,33,84,8,6,25,78,0.57,0.24,0.93,0.74,0.34,call;call;420147298;421956667;423958539;426848660,call;call;call;call;call;call;call;call;call;call;call;call;call;call;call;call;421661435;422797054;423887482;424793843;425134890;426108828;426127716;426593829;426853539,12,34,52,,0.26,0.19,46,298,0,False
e2b_nothinking,v6,sa,mv1,hindi,Explicit-Flirting,0.8,33,84,8,6,25,78,0.57,0.24,0.93,0.74,0.34,call;call;420147298;421956667;423958539;426848660,call;call;call;call;call;call;call;call;call;call;call;call;call;call;call;call;421661435;422797054;423887482;424793843;425134890;426108828;426127716;426593829;426853539,12,34,52,,0.26,0.19,46,298,0,False
e2b_nothinking,v6,sa,mv1,hindi,Explicit-Flirting,0.9,33,84,8,6,25,78,0.57,0.24,0.93,0.74,0.34,call;call;420147298;421956667;423958539;426848660,call;call;call;call;call;call;call;call;call;call;call;call;call;call;call;call;421661435;422797054;423887482;424793843;425134890;426108828;426127716;426593829;426853539,12,34,52,,0.26,0.19,46,298,0,False
e2b_nothinking,v6,sa,mv1,hindi,Explicit-Flirting,0.95,33,84,0,0,33,84,,0.0,1.0,0.72,,,call;call;call;call;call;call;call;call;call;call;call;call;call;call;call;call;call;call;call;call;421661435;422797054;423887482;424793843;424880310;425134890;425141339;425778316;426108828;426126833;426127716;426593829;426853539,0,0,64,,,0.0,0,298,0,False
e2b_nothinking,v6,sa,mv1,hindi,Explicit-Flirting,1.0,33,84,0,0,33,84,,0.0,1.0,0.72,,,call;call;call;call;call;call;call;call;call;call;call;call;call;call;call;call;call;call;call;call;421661435;422797054;423887482;424793843;424880310;425134890;425141339;425778316;426108828;426126833;426127716;426593829;426853539,0,0,64,,,0.0,0,298,0,False
e2b_nothinking,v6,sa,mv1,hindi,Explicit-Flirting,none,33,84,16,29,17,55,0.36,0.48,0.65,0.61,0.41,call;call;call;call;call;call;call;call;call;call;call;call;call;call;call;call;call;call;call;call;419887388;420147298;420599099;421956667;423958539;425396309;425627452;426107744;426848660,call;call;call;call;call;call;call;call;call;call;call;call;422797054;423887482;426108828;426593829;426853539,24,274,40,,0.08,0.38,298,298,0,False
e2b_nothinking,v6,sa,mv1,hindi,ALL,0.0,58,59,46,42,12,17,0.52,0.79,0.29,0.54,0.63,call;call;call;call;call;call;call;call;call;call;call;call;call;call;call;call;call;call;call;call;call;call;call;call;call;call;call;call;419887388;420599099;421956667;425627452;426100823;426107744;426195344;426202313;426204264;426204318;426610557;426848660;427012373;427305556,call;call;call;call;call;call;call;call;call;421888258;426108828;426853539,78,1625,60,,0.05,0.57,1703,1703,0,False
e2b_nothinking,v6,sa,mv1,hindi,ALL,0.1,58,59,46,41,12,18,0.53,0.79,0.31,0.55,0.63,call;call;call;call;call;call;call;call;call;call;call;call;call;call;call;call;call;call;call;call;call;call;call;call;call;call;call;call;419887388;420599099;421956667;425627452;426100823;426107744;426195344;426202313;426204264;426204318;426610557;426848660;427012373,call;call;call;call;call;call;call;call;call;421888258;426108828;426853539,78,1466,60,,0.05,0.57,1544,1703,0,False
e2b_nothinking,v6,sa,mv1,hindi,ALL,0.2,58,59,42,32,16,27,0.57,0.72,0.46,0.59,0.64,call;call;call;call;call;call;call;call;call;call;call;call;call;call;call;call;call;call;call;call;call;call;call;419887388;420599099;421956667;425627452;426100823;426107744;426204318;426610557;426848660,call;call;call;call;call;call;call;call;call;call;call;421661435;421888258;422797054;426108828;426853539,67,666,71,,0.09,0.49,733,1703,0,False
e2b_nothinking,v6,sa,mv1,hindi,ALL,0.3,58,59,42,32,16,27,0.57,0.72,0.46,0.59,0.64,call;call;call;call;call;call;call;call;call;call;call;call;call;call;call;call;call;call;call;call;call;call;call;419887388;420599099;421956667;425627452;426100823;426107744;426204318;426610557;426848660,call;call;call;call;call;call;call;call;call;call;call;421661435;421888258;422797054;426108828;426853539,67,666,71,,0.09,0.49,733,1703,0,False
e2b_nothinking,v6,sa,mv1,hindi,ALL,0.4,58,59,39,14,19,45,0.74,0.67,0.76,0.72,0.7,call;call;call;call;call;call;call;call;call;419887388;421956667;426107744;426610557;426848660,call;call;call;call;call;call;call;call;call;call;call;421661435;421888258;422797054;424793843;425134890;426108828;426127716;426853539,61,199,77,,0.23,0.44,260,1703,0,False
e2b_nothinking,v6,sa,mv1,hindi,ALL,0.5,58,59,39,14,19,45,0.74,0.67,0.76,0.72,0.7,call;call;call;call;call;call;call;call;call;419887388;421956667;426107744;426610557;426848660,call;call;call;call;call;call;call;call;call;call;call;421661435;421888258;422797054;424793843;425134890;426108828;426127716;426853539,61,199,77,,0.23,0.44,260,1703,0,False
e2b_nothinking,v6,sa,mv1,hindi,ALL,0.6,58,59,39,14,19,45,0.74,0.67,0.76,0.72,0.7,call;call;call;call;call;call;call;call;call;419887388;421956667;426107744;426610557;426848660,call;call;call;call;call;call;call;call;call;call;call;421661435;421888258;422797054;424793843;425134890;426108828;426127716;426853539,61,199,77,,0.23,0.44,260,1703,0,False
e2b_nothinking,v6,sa,mv1,hindi,ALL,0.7,58,59,32,8,26,51,0.8,0.55,0.86,0.71,0.65,call;call;call;call;call;421956667;426610557;426848660,call;call;call;call;call;call;call;call;call;call;call;call;call;call;call;call;call;421661435;421888258;422797054;423887482;424793843;425134890;426108828;426127716;426853539,44,111,94,,0.28,0.32,155,1703,0,False
e2b_nothinking,v6,sa,mv1,hindi,ALL,0.8,58,59,32,8,26,51,0.8,0.55,0.86,0.71,0.65,call;call;call;call;call;421956667;426610557;426848660,call;call;call;call;call;call;call;call;call;call;call;call;call;call;call;call;call;421661435;421888258;422797054;423887482;424793843;425134890;426108828;426127716;426853539,44,111,94,,0.28,0.32,155,1703,0,False
e2b_nothinking,v6,sa,mv1,hindi,ALL,0.9,58,59,32,8,26,51,0.8,0.55,0.86,0.71,0.65,call;call;call;call;call;421956667;426610557;426848660,call;call;call;call;call;call;call;call;call;call;call;call;call;call;call;call;call;421661435;421888258;422797054;423887482;424793843;425134890;426108828;426127716;426853539,44,109,94,,0.29,0.32,153,1703,0,False
e2b_nothinking,v6,sa,mv1,hindi,ALL,0.95,58,59,0,0,58,59,,0.0,1.0,0.5,,,call;call;call;call;call;call;call;call;call;call;call;call;call;call;call;call;call;call;call;call;call;call;call;call;call;call;call;call;call;call;call;call;call;call;call;call;call;call;call;call;420147298;421661435;421888258;422797054;423887482;423958539;423978016;424793843;424880310;425134890;425141339;425396309;425778316;426108828;426126833;426127716;426593829;426853539,0,0,138,,,0.0,0,1703,0,False
e2b_nothinking,v6,sa,mv1,hindi,ALL,1.0,58,59,0,0,58,59,,0.0,1.0,0.5,,,call;call;call;call;call;call;call;call;call;call;call;call;call;call;call;call;call;call;call;call;call;call;call;call;call;call;call;call;call;call;call;call;call;call;call;call;call;call;call;call;420147298;421661435;421888258;422797054;423887482;423958539;423978016;424793843;424880310;425134890;425141339;425396309;425778316;426108828;426126833;426127716;426593829;426853539,0,0,138,,,0.0,0,1703,0,False
e2b_nothinking,v6,sa,mv1,hindi,ALL,none,58,59,46,42,12,17,0.52,0.79,0.29,0.54,0.63,call;call;call;call;call;call;call;call;call;call;call;call;call;call;call;call;call;call;call;call;call;call;call;call;call;call;call;call;419887388;420599099;421956667;425627452;426100823;426107744;426195344;426202313;426204264;426204318;426610557;426848660;427012373;427305556,call;call;call;call;call;call;call;call;call;421888258;426108828;426853539,78,1625,60,,0.05,0.57,1703,1703,0,False
e2b_nothinking,v6,sa_drop_invalid,mv1,hindi,PlatformMove,0.0,31,86,26,51,5,35,0.34,0.84,0.41,0.52,0.48,call;call;call;call;call;call;call;call;call;call;call;call;call;call;call;call;call;call;call;call;call;call;call;call;call;call;call;call;call;call;call;call;call;call;419887388;420599099;421661435;421956667;424793843;424880310;425134890;425141339;425627452;425778316;426107744;426126833;426127716;426195344;426204318;426610557;426848660,call;call;call;421888258;426593829,34,661,10,,0.05,0.77,695,695,0,False
e2b_nothinking,v6,sa_drop_invalid,mv1,hindi,PlatformMove,0.1,31,86,26,51,5,35,0.34,0.84,0.41,0.52,0.48,call;call;call;call;call;call;call;call;call;call;call;call;call;call;call;call;call;call;call;call;call;call;call;call;call;call;call;call;call;call;call;call;call;call;419887388;420599099;421661435;421956667;424793843;424880310;425134890;425141339;425627452;425778316;426107744;426126833;426127716;426195344;426204318;426610557;426848660,call;call;call;421888258;426593829,34,661,10,,0.05,0.77,695,695,0,False
e2b_nothinking,v6,sa_drop_invalid,mv1,hindi,PlatformMove,0.2,31,86,22,29,9,57,0.43,0.71,0.66,0.68,0.54,call;call;call;call;call;call;call;call;call;call;call;call;call;call;call;call;call;call;call;call;419887388;420599099;424880310;425134890;425141339;425778316;426107744;426127716;426610557,call;call;call;call;call;421888258;422797054;423978016;426593829,29,200,15,,0.13,0.66,229,695,0,False
e2b_nothinking,v6,sa_drop_invalid,mv1,hindi,PlatformMove,0.3,31,86,22,29,9,57,0.43,0.71,0.66,0.68,0.54,call;call;call;call;call;call;call;call;call;call;call;call;call;call;call;call;call;call;call;call;419887388;420599099;424880310;425134890;425141339;425778316;426107744;426127716;426610557,call;call;call;call;call;421888258;422797054;423978016;426593829,29,200,15,,0.13,0.66,229,695,0,False
e2b_nothinking,v6,sa_drop_invalid,mv1,hindi,PlatformMove,0.4,31,86,22,17,9,69,0.56,0.71,0.8,0.78,0.63,call;call;call;call;call;call;call;call;call;call;call;call;call;425134890;425141339;426107744;426610557,call;call;call;call;call;421888258;422797054;423978016;426593829,28,71,16,,0.28,0.64,99,695,0,False
e2b_nothinking,v6,sa_drop_invalid,mv1,hindi,PlatformMove,0.5,31,86,22,17,9,69,0.56,0.71,0.8,0.78,0.63,call;call;call;call;call;call;call;call;call;call;call;call;call;425134890;425141339;426107744;426610557,call;call;call;call;call;421888258;422797054;423978016;426593829,28,71,16,,0.28,0.64,99,695,0,False
e2b_nothinking,v6,sa_drop_invalid,mv1,hindi,PlatformMove,0.6,31,86,22,17,9,69,0.56,0.71,0.8,0.78,0.63,call;call;call;call;call;call;call;call;call;call;call;call;call;425134890;425141339;426107744;426610557,call;call;call;call;call;421888258;422797054;423978016;426593829,28,71,16,,0.28,0.64,99,695,0,False
e2b_nothinking,v6,sa_drop_invalid,mv1,hindi,PlatformMove,0.7,31,86,20,10,11,76,0.67,0.65,0.88,0.82,0.66,call;call;call;call;call;call;call;call;call;426610557,call;call;call;call;call;call;421888258;422797054;423887482;423978016;426593829,24,53,20,,0.31,0.55,77,695,0,False
e2b_nothinking,v6,sa_drop_invalid,mv1,hindi,PlatformMove,0.8,31,86,20,10,11,76,0.67,0.65,0.88,0.82,0.66,call;call;call;call;call;call;call;call;call;426610557,call;call;call;call;call;call;421888258;422797054;423887482;423978016;426593829,24,53,20,,0.31,0.55,77,695,0,False
e2b_nothinking,v6,sa_drop_invalid,mv1,hindi,PlatformMove,0.9,31,86,20,10,11,76,0.67,0.65,0.88,0.82,0.66,call;call;call;call;call;call;call;call;call;426610557,call;call;call;call;call;call;421888258;422797054;423887482;423978016;426593829,24,53,20,,0.31,0.55,77,695,0,False
e2b_nothinking,v6,sa_drop_invalid,mv1,hindi,PlatformMove,0.95,31,86,0,0,31,86,,0.0,1.0,0.74,,,call;call;call;call;call;call;call;call;call;call;call;call;call;call;call;call;call;call;call;call;call;call;call;420147298;421888258;422797054;423887482;423958539;423978016;425396309;426593829,0,0,44,,,0.0,0,695,0,False
e2b_nothinking,v6,sa_drop_invalid,mv1,hindi,PlatformMove,1.0,31,86,0,0,31,86,,0.0,1.0,0.74,,,call;call;call;call;call;call;call;call;call;call;call;call;call;call;call;call;call;call;call;call;call;call;call;420147298;421888258;422797054;423887482;423958539;423978016;425396309;426593829,0,0,44,,,0.0,0,695,0,False
e2b_nothinking,v6,sa_drop_invalid,mv1,hindi,PlatformMove,none,31,86,26,51,5,35,0.34,0.84,0.41,0.52,0.48,call;call;call;call;call;call;call;call;call;call;call;call;call;call;call;call;call;call;call;call;call;call;call;call;call;call;call;call;call;call;call;call;call;call;419887388;420599099;421661435;421956667;424793843;424880310;425134890;425141339;425627452;425778316;426107744;426126833;426127716;426195344;426204318;426610557;426848660,call;call;call;421888258;426593829,34,661,10,,0.05,0.77,695,695,0,False
e2b_nothinking,v6,sa_drop_invalid,mv1,hindi,SuspiciousActivity,0.0,21,96,15,24,6,72,0.38,0.71,0.75,0.74,0.5,call;call;call;call;call;call;call;call;call;call;call;call;call;call;call;call;call;420147298;420599099;421888258;424880310;426107744;426204318;426848660,call;call;call;call;call;423887482,19,146,11,,0.12,0.63,165,165,0,False
e2b_nothinking,v6,sa_drop_invalid,mv1,hindi,SuspiciousActivity,0.1,21,96,15,24,6,72,0.38,0.71,0.75,0.74,0.5,call;call;call;call;call;call;call;call;call;call;call;call;call;call;call;call;call;420147298;420599099;421888258;424880310;426107744;426204318;426848660,call;call;call;call;call;423887482,19,146,11,,0.12,0.63,165,165,0,False
e2b_nothinking,v6,sa_drop_invalid,mv1,hindi,SuspiciousActivity,0.2,21,96,13,20,8,76,0.39,0.62,0.79,0.76,0.48,call;call;call;call;call;call;call;call;call;call;call;call;call;420147298;420599099;421888258;424880310;426107744;426204318;426848660,call;call;call;call;call;call;422797054;423887482,15,100,15,,0.13,0.5,115,165,0,False
e2b_nothinking,v6,sa_drop_invalid,mv1,hindi,SuspiciousActivity,0.3,21,96,13,20,8,76,0.39,0.62,0.79,0.76,0.48,call;call;call;call;call;call;call;call;call;call;call;call;call;420147298;420599099;421888258;424880310;426107744;426204318;426848660,call;call;call;call;call;call;422797054;423887482,15,100,15,,0.13,0.5,115,165,0,False
e2b_nothinking,v6,sa_drop_invalid,mv1,hindi,SuspiciousActivity,0.4,21,96,13,13,8,83,0.5,0.62,0.86,0.82,0.55,call;call;call;call;call;call;call;call;420147298;421888258;424880310;426107744;426848660,call;call;call;call;call;call;422797054;423887482,15,52,15,,0.22,0.5,67,165,0,False
e2b_nothinking,v6,sa_drop_invalid,mv1,hindi,SuspiciousActivity,0.5,21,96,13,13,8,83,0.5,0.62,0.86,0.82,0.55,call;call;call;call;call;call;call;call;420147298;421888258;424880310;426107744;426848660,call;call;call;call;call;call;422797054;423887482,15,52,15,,0.22,0.5,67,165,0,False
e2b_nothinking,v6,sa_drop_invalid,mv1,hindi,SuspiciousActivity,0.6,21,96,13,13,8,83,0.5,0.62,0.86,0.82,0.55,call;call;call;call;call;call;call;call;420147298;421888258;424880310;426107744;426848660,call;call;call;call;call;call;422797054;423887482,15,52,15,,0.22,0.5,67,165,0,False
e2b_nothinking,v6,sa_drop_invalid,mv1,hindi,SuspiciousActivity,0.7,21,96,6,5,15,91,0.55,0.29,0.95,0.83,0.37,call;call;call;call;424880310,call;call;call;call;call;call;call;call;call;call;call;call;422797054;423887482;425778316,8,24,22,,0.25,0.27,32,165,0,False
e2b_nothinking,v6,sa_drop_invalid,mv1,hindi,SuspiciousActivity,0.8,21,96,6,5,15,91,0.55,0.29,0.95,0.83,0.37,call;call;call;call;424880310,call;call;call;call;call;call;call;call;call;call;call;call;422797054;423887482;425778316,8,24,22,,0.25,0.27,32,165,0,False
e2b_nothinking,v6,sa_drop_invalid,mv1,hindi,SuspiciousActivity,0.9,21,96,6,5,15,91,0.55,0.29,0.95,0.83,0.37,call;call;call;call;424880310,call;call;call;call;call;call;call;call;call;call;call;call;422797054;423887482;425778316,8,22,22,,0.27,0.27,30,165,0,False
e2b_nothinking,v6,sa_drop_invalid,mv1,hindi,SuspiciousActivity,0.95,21,96,0,0,21,96,,0.0,1.0,0.82,,,call;call;call;call;call;call;call;call;call;call;call;call;call;call;call;422797054;423887482;423978016;425396309;425778316;426593829,0,0,30,,,0.0,0,165,0,False
e2b_nothinking,v6,sa_drop_invalid,mv1,hindi,SuspiciousActivity,1.0,21,96,0,0,21,96,,0.0,1.0,0.82,,,call;call;call;call;call;call;call;call;call;call;call;call;call;call;call;422797054;423887482;423978016;425396309;425778316;426593829,0,0,30,,,0.0,0,165,0,False
e2b_nothinking,v6,sa_drop_invalid,mv1,hindi,SuspiciousActivity,none,21,96,15,24,6,72,0.38,0.71,0.75,0.74,0.5,call;call;call;call;call;call;call;call;call;call;call;call;call;call;call;call;call;420147298;420599099;421888258;424880310;426107744;426204318;426848660,call;call;call;call;call;423887482,19,146,11,,0.12,0.63,165,165,0,False
e2b_nothinking,v6,sa_drop_invalid,mv1,hindi,Explicit-Flirting,0.0,33,84,15,29,18,55,0.34,0.45,0.65,0.6,0.39,call;call;call;call;call;call;call;call;call;call;call;call;call;call;call;call;call;call;call;call;419887388;420147298;420599099;421956667;423958539;425396309;425627452;426107744;426848660,call;call;call;call;call;call;call;call;call;call;call;call;422797054;423887482;424793843;426108828;426593829;426853539,24,274,40,,0.08,0.38,298,298,0,False
e2b_nothinking,v6,sa_drop_invalid,mv1,hindi,Explicit-Flirting,0.1,33,84,15,29,18,55,0.34,0.45,0.65,0.6,0.39,call;call;call;call;call;call;call;call;call;call;call;call;call;call;call;call;call;call;call;call;419887388;420147298;420599099;421956667;423958539;425396309;425627452;426107744;426848660,call;call;call;call;call;call;call;call;call;call;call;call;422797054;423887482;424793843;426108828;426593829;426853539,24,274,40,,0.08,0.38,298,298,0,False
e2b_nothinking,v6,sa_drop_invalid,mv1,hindi,Explicit-Flirting,0.2,33,84,13,20,20,64,0.39,0.39,0.76,0.66,0.39,call;call;call;call;call;call;call;call;call;call;call;call;call;419887388;420147298;421956667;423958539;425627452;426107744;426848660,call;call;call;call;call;call;call;call;call;call;call;call;call;421661435;422797054;423887482;424793843;426108828;426593829;426853539,22,157,42,,0.12,0.34,179,298,0,False
e2b_nothinking,v6,sa_drop_invalid,mv1,hindi,Explicit-Flirting,0.3,33,84,13,20,20,64,0.39,0.39,0.76,0.66,0.39,call;call;call;call;call;call;call;call;call;call;call;call;call;419887388;420147298;421956667;423958539;425627452;426107744;426848660,call;call;call;call;call;call;call;call;call;call;call;call;call;421661435;422797054;423887482;424793843;426108828;426593829;426853539,22,157,42,,0.12,0.34,179,298,0,False
e2b_nothinking,v6,sa_drop_invalid,mv1,hindi,Explicit-Flirting,0.4,33,84,11,12,22,72,0.48,0.33,0.86,0.71,0.39,call;call;call;call;call;call;call;419887388;420147298;421956667;423958539;426848660,call;call;call;call;call;call;call;call;call;call;call;call;call;421661435;422797054;423887482;424793843;425134890;426108828;426127716;426593829;426853539,18,76,46,,0.19,0.28,94,298,0,False
e2b_nothinking,v6,sa_drop_invalid,mv1,hindi,Explicit-Flirting,0.5,33,84,11,12,22,72,0.48,0.33,0.86,0.71,0.39,call;call;call;call;call;call;call;419887388;420147298;421956667;423958539;426848660,call;call;call;call;call;call;call;call;call;call;call;call;call;421661435;422797054;423887482;424793843;425134890;426108828;426127716;426593829;426853539,18,76,46,,0.19,0.28,94,298,0,False
e2b_nothinking,v6,sa_drop_invalid,mv1,hindi,Explicit-Flirting,0.6,33,84,11,12,22,72,0.48,0.33,0.86,0.71,0.39,call;call;call;call;call;call;call;419887388;420147298;421956667;423958539;426848660,call;call;call;call;call;call;call;call;call;call;call;call;call;421661435;422797054;423887482;424793843;425134890;426108828;426127716;426593829;426853539,18,76,46,,0.19,0.28,94,298,0,False
e2b_nothinking,v6,sa_drop_invalid,mv1,hindi,Explicit-Flirting,0.7,33,84,8,6,25,78,0.57,0.24,0.93,0.74,0.34,call;call;420147298;421956667;423958539;426848660,call;call;call;call;call;call;call;call;call;call;call;call;call;call;call;call;421661435;422797054;423887482;424793843;425134890;426108828;426127716;426593829;426853539,12,34,52,,0.26,0.19,46,298,0,False
e2b_nothinking,v6,sa_drop_invalid,mv1,hindi,Explicit-Flirting,0.8,33,84,8,6,25,78,0.57,0.24,0.93,0.74,0.34,call;call;420147298;421956667;423958539;426848660,call;call;call;call;call;call;call;call;call;call;call;call;call;call;call;call;421661435;422797054;423887482;424793843;425134890;426108828;426127716;426593829;426853539,12,34,52,,0.26,0.19,46,298,0,False
e2b_nothinking,v6,sa_drop_invalid,mv1,hindi,Explicit-Flirting,0.9,33,84,8,6,25,78,0.57,0.24,0.93,0.74,0.34,call;call;420147298;421956667;423958539;426848660,call;call;call;call;call;call;call;call;call;call;call;call;call;call;call;call;421661435;422797054;423887482;424793843;425134890;426108828;426127716;426593829;426853539,12,34,52,,0.26,0.19,46,298,0,False
e2b_nothinking,v6,sa_drop_invalid,mv1,hindi,Explicit-Flirting,0.95,33,84,0,0,33,84,,0.0,1.0,0.72,,,call;call;call;call;call;call;call;call;call;call;call;call;call;call;call;call;call;call;call;call;421661435;422797054;423887482;424793843;424880310;425134890;425141339;425778316;426108828;426126833;426127716;426593829;426853539,0,0,64,,,0.0,0,298,0,False
e2b_nothinking,v6,sa_drop_invalid,mv1,hindi,Explicit-Flirting,1.0,33,84,0,0,33,84,,0.0,1.0,0.72,,,call;call;call;call;call;call;call;call;call;call;call;call;call;call;call;call;call;call;call;call;421661435;422797054;423887482;424793843;424880310;425134890;425141339;425778316;426108828;426126833;426127716;426593829;426853539,0,0,64,,,0.0,0,298,0,False
e2b_nothinking,v6,sa_drop_invalid,mv1,hindi,Explicit-Flirting,none,33,84,15,29,18,55,0.34,0.45,0.65,0.6,0.39,call;call;call;call;call;call;call;call;call;call;call;call;call;call;call;call;call;call;call;call;419887388;420147298;420599099;421956667;423958539;425396309;425627452;426107744;426848660,call;call;call;call;call;call;call;call;call;call;call;call;422797054;423887482;424793843;426108828;426593829;426853539,24,274,40,,0.08,0.38,298,298,0,False
e2b_nothinking,v6,sa_drop_invalid,mv1,hindi,ALL,0.0,58,59,45,32,13,27,0.58,0.78,0.46,0.62,0.67,call;call;call;call;call;call;call;call;call;call;call;call;call;call;call;call;call;call;call;call;call;call;call;419887388;420599099;421956667;425627452;426107744;426195344;426204318;426610557;426848660,call;call;call;call;call;call;call;call;call;421888258;424793843;426108828;426853539,77,1081,61,,0.07,0.56,1158,1158,545,False
e2b_nothinking,v6,sa_drop_invalid,mv1,hindi,ALL,0.1,58,59,45,32,13,27,0.58,0.78,0.46,0.62,0.67,call;call;call;call;call;call;call;call;call;call;call;call;call;call;call;call;call;call;call;call;call;call;call;419887388;420599099;421956667;425627452;426107744;426195344;426204318;426610557;426848660,call;call;call;call;call;call;call;call;call;421888258;424793843;426108828;426853539,77,1081,61,,0.07,0.56,1158,1158,545,False
e2b_nothinking,v6,sa_drop_invalid,mv1,hindi,ALL,0.2,58,59,41,23,17,36,0.64,0.71,0.61,0.66,0.67,call;call;call;call;call;call;call;call;call;call;call;call;call;call;call;419887388;420599099;421956667;425627452;426107744;426204318;426610557;426848660,call;call;call;call;call;call;call;call;call;call;call;421661435;421888258;422797054;424793843;426108828;426853539,66,457,72,,0.13,0.48,523,1158,545,False
e2b_nothinking,v6,sa_drop_invalid,mv1,hindi,ALL,0.3,58,59,41,23,17,36,0.64,0.71,0.61,0.66,0.67,call;call;call;call;call;call;call;call;call;call;call;call;call;call;call;419887388;420599099;421956667;425627452;426107744;426204318;426610557;426848660,call;call;call;call;call;call;call;call;call;call;call;421661435;421888258;422797054;424793843;426108828;426853539,66,457,72,,0.13,0.48,523,1158,545,False
e2b_nothinking,v6,sa_drop_invalid,mv1,hindi,ALL,0.4,58,59,39,14,19,45,0.74,0.67,0.76,0.72,0.7,call;call;call;call;call;call;call;call;call;419887388;421956667;426107744;426610557;426848660,call;call;call;call;call;call;call;call;call;call;call;421661435;421888258;422797054;424793843;425134890;426108828;426127716;426853539,61,199,77,,0.23,0.44,260,1158,545,False
e2b_nothinking,v6,sa_drop_invalid,mv1,hindi,ALL,0.5,58,59,39,14,19,45,0.74,0.67,0.76,0.72,0.7,call;call;call;call;call;call;call;call;call;419887388;421956667;426107744;426610557;426848660,call;call;call;call;call;call;call;call;call;call;call;421661435;421888258;422797054;424793843;425134890;426108828;426127716;426853539,61,199,77,,0.23,0.44,260,1158,545,False
e2b_nothinking,v6,sa_drop_invalid,mv1,hindi,ALL,0.6,58,59,39,14,19,45,0.74,0.67,0.76,0.72,0.7,call;call;call;call;call;call;call;call;call;419887388;421956667;426107744;426610557;426848660,call;call;call;call;call;call;call;call;call;call;call;421661435;421888258;422797054;424793843;425134890;426108828;426127716;426853539,61,199,77,,0.23,0.44,260,1158,545,False
e2b_nothinking,v6,sa_drop_invalid,mv1,hindi,ALL,0.7,58,59,32,8,26,51,0.8,0.55,0.86,0.71,0.65,call;call;call;call;call;421956667;426610557;426848660,call;call;call;call;call;call;call;call;call;call;call;call;call;call;call;call;call;421661435;421888258;422797054;423887482;424793843;425134890;426108828;426127716;426853539,44,111,94,,0.28,0.32,155,1158,545,False
e2b_nothinking,v6,sa_drop_invalid,mv1,hindi,ALL,0.8,58,59,32,8,26,51,0.8,0.55,0.86,0.71,0.65,call;call;call;call;call;421956667;426610557;426848660,call;call;call;call;call;call;call;call;call;call;call;call;call;call;call;call;call;421661435;421888258;422797054;423887482;424793843;425134890;426108828;426127716;426853539,44,111,94,,0.28,0.32,155,1158,545,False
e2b_nothinking,v6,sa_drop_invalid,mv1,hindi,ALL,0.9,58,59,32,8,26,51,0.8,0.55,0.86,0.71,0.65,call;call;call;call;call;421956667;426610557;426848660,call;call;call;call;call;call;call;call;call;call;call;call;call;call;call;call;call;421661435;421888258;422797054;423887482;424793843;425134890;426108828;426127716;426853539,44,109,94,,0.29,0.32,153,1158,545,False
e2b_nothinking,v6,sa_drop_invalid,mv1,hindi,ALL,0.95,58,59,0,0,58,59,,0.0,1.0,0.5,,,call;call;call;call;call;call;call;call;call;call;call;call;call;call;call;call;call;call;call;call;call;call;call;call;call;call;call;call;call;call;call;call;call;call;call;call;call;call;call;call;420147298;421661435;421888258;422797054;423887482;423958539;423978016;424793843;424880310;425134890;425141339;425396309;425778316;426108828;426126833;426127716;426593829;426853539,0,0,138,,,0.0,0,1158,545,False
e2b_nothinking,v6,sa_drop_invalid,mv1,hindi,ALL,1.0,58,59,0,0,58,59,,0.0,1.0,0.5,,,call;call;call;call;call;call;call;call;call;call;call;call;call;call;call;call;call;call;call;call;call;call;call;call;call;call;call;call;call;call;call;call;call;call;call;call;call;call;call;call;420147298;421661435;421888258;422797054;423887482;423958539;423978016;424793843;424880310;425134890;425141339;425396309;425778316;426108828;426126833;426127716;426593829;426853539,0,0,138,,,0.0,0,1158,545,False
e2b_nothinking,v6,sa_drop_invalid,mv1,hindi,ALL,none,58,59,45,32,13,27,0.58,0.78,0.46,0.62,0.67,call;call;call;call;call;call;call;call;call;call;call;call;call;call;call;call;call;call;call;call;call;call;call;419887388;420599099;421956667;425627452;426107744;426195344;426204318;426610557;426848660,call;call;call;call;call;call;call;call;call;421888258;424793843;426108828;426853539,77,1081,61,,0.07,0.56,1158,1158,545,False
e2b_nothinking,v6,pp_full,mv1,hindi,PlatformMove,0.0,31,86,26,51,5,35,0.34,0.84,0.41,0.52,0.48,call;call;call;call;call;call;call;call;call;call;call;call;call;call;call;call;call;call;call;call;call;call;call;call;call;call;call;call;call;call;call;call;call;call;419887388;420599099;421661435;421956667;424793843;424880310;425134890;425141339;425627452;425778316;426107744;426126833;426127716;426195344;426204318;426610557;426848660,call;call;call;421888258;426593829,34,661,10,,0.05,0.77,695,695,0,False
e2b_nothinking,v6,pp_full,mv1,hindi,PlatformMove,0.1,31,86,26,51,5,35,0.34,0.84,0.41,0.52,0.48,call;call;call;call;call;call;call;call;call;call;call;call;call;call;call;call;call;call;call;call;call;call;call;call;call;call;call;call;call;call;call;call;call;call;419887388;420599099;421661435;421956667;424793843;424880310;425134890;425141339;425627452;425778316;426107744;426126833;426127716;426195344;426204318;426610557;426848660,call;call;call;421888258;426593829,34,661,10,,0.05,0.77,695,695,0,False
e2b_nothinking,v6,pp_full,mv1,hindi,PlatformMove,0.2,31,86,22,29,9,57,0.43,0.71,0.66,0.68,0.54,call;call;call;call;call;call;call;call;call;call;call;call;call;call;call;call;call;call;call;call;419887388;420599099;424880310;425134890;425141339;425778316;426107744;426127716;426610557,call;call;call;call;call;421888258;422797054;423978016;426593829,29,200,15,,0.13,0.66,229,695,0,False
e2b_nothinking,v6,pp_full,mv1,hindi,PlatformMove,0.3,31,86,22,29,9,57,0.43,0.71,0.66,0.68,0.54,call;call;call;call;call;call;call;call;call;call;call;call;call;call;call;call;call;call;call;call;419887388;420599099;424880310;425134890;425141339;425778316;426107744;426127716;426610557,call;call;call;call;call;421888258;422797054;423978016;426593829,29,200,15,,0.13,0.66,229,695,0,False
e2b_nothinking,v6,pp_full,mv1,hindi,PlatformMove,0.4,31,86,19,5,12,81,0.79,0.61,0.94,0.85,0.69,call;call;call;call;426610557,call;call;call;call;call;call;call;call;421888258;422797054;423978016;426593829,23,40,21,,0.37,0.52,63,695,0,False
e2b_nothinking,v6,pp_full,mv1,hindi,PlatformMove,0.5,31,86,19,5,12,81,0.79,0.61,0.94,0.85,0.69,call;call;call;call;426610557,call;call;call;call;call;call;call;call;421888258;422797054;423978016;426593829,23,40,21,,0.37,0.52,63,695,0,False
e2b_nothinking,v6,pp_full,mv1,hindi,PlatformMove,0.6,31,86,19,5,12,81,0.79,0.61,0.94,0.85,0.69,call;call;call;call;426610557,call;call;call;call;call;call;call;call;421888258;422797054;423978016;426593829,23,40,21,,0.37,0.52,63,695,0,False
e2b_nothinking,v6,pp_full,mv1,hindi,PlatformMove,0.7,31,86,18,5,13,81,0.78,0.58,0.94,0.85,0.67,call;call;call;call;426610557,call;call;call;call;call;call;call;call;421888258;422797054;423887482;423978016;426593829,22,38,22,,0.37,0.5,60,695,0,False
e2b_nothinking,v6,pp_full,mv1,hindi,PlatformMove,0.8,31,86,18,5,13,81,0.78,0.58,0.94,0.85,0.67,call;call;call;call;426610557,call;call;call;call;call;call;call;call;421888258;422797054;423887482;423978016;426593829,22,38,22,,0.37,0.5,60,695,0,False
e2b_nothinking,v6,pp_full,mv1,hindi,PlatformMove,0.9,31,86,18,5,13,81,0.78,0.58,0.94,0.85,0.67,call;call;call;call;426610557,call;call;call;call;call;call;call;call;421888258;422797054;423887482;423978016;426593829,22,38,22,,0.37,0.5,60,695,0,False
e2b_nothinking,v6,pp_full,mv1,hindi,PlatformMove,0.95,31,86,0,0,31,86,,0.0,1.0,0.74,,,call;call;call;call;call;call;call;call;call;call;call;call;call;call;call;call;call;call;call;call;call;call;call;420147298;421888258;422797054;423887482;423958539;423978016;425396309;426593829,0,0,44,,,0.0,0,695,0,False
e2b_nothinking,v6,pp_full,mv1,hindi,PlatformMove,1.0,31,86,0,0,31,86,,0.0,1.0,0.74,,,call;call;call;call;call;call;call;call;call;call;call;call;call;call;call;call;call;call;call;call;call;call;call;420147298;421888258;422797054;423887482;423958539;423978016;425396309;426593829,0,0,44,,,0.0,0,695,0,False
e2b_nothinking,v6,pp_full,mv1,hindi,PlatformMove,none,31,86,26,51,5,35,0.34,0.84,0.41,0.52,0.48,call;call;call;call;call;call;call;call;call;call;call;call;call;call;call;call;call;call;call;call;call;call;call;call;call;call;call;call;call;call;call;call;call;call;419887388;420599099;421661435;421956667;424793843;424880310;425134890;425141339;425627452;425778316;426107744;426126833;426127716;426195344;426204318;426610557;426848660,call;call;call;421888258;426593829,34,661,10,,0.05,0.77,695,695,0,False
e2b_nothinking,v6,pp_full,mv1,hindi,SuspiciousActivity,0.0,21,96,15,24,6,72,0.38,0.71,0.75,0.74,0.5,call;call;call;call;call;call;call;call;call;call;call;call;call;call;call;call;call;420147298;420599099;421888258;424880310;426107744;426204318;426848660,call;call;call;call;call;423887482,19,146,11,,0.12,0.63,165,165,0,False
e2b_nothinking,v6,pp_full,mv1,hindi,SuspiciousActivity,0.1,21,96,15,24,6,72,0.38,0.71,0.75,0.74,0.5,call;call;call;call;call;call;call;call;call;call;call;call;call;call;call;call;call;420147298;420599099;421888258;424880310;426107744;426204318;426848660,call;call;call;call;call;423887482,19,146,11,,0.12,0.63,165,165,0,False
e2b_nothinking,v6,pp_full,mv1,hindi,SuspiciousActivity,0.2,21,96,13,20,8,76,0.39,0.62,0.79,0.76,0.48,call;call;call;call;call;call;call;call;call;call;call;call;call;420147298;420599099;421888258;424880310;426107744;426204318;426848660,call;call;call;call;call;call;422797054;423887482,15,100,15,,0.13,0.5,115,165,0,False
e2b_nothinking,v6,pp_full,mv1,hindi,SuspiciousActivity,0.3,21,96,13,20,8,76,0.39,0.62,0.79,0.76,0.48,call;call;call;call;call;call;call;call;call;call;call;call;call;420147298;420599099;421888258;424880310;426107744;426204318;426848660,call;call;call;call;call;call;422797054;423887482,15,100,15,,0.13,0.5,115,165,0,False
e2b_nothinking,v6,pp_full,mv1,hindi,SuspiciousActivity,0.4,21,96,11,10,10,86,0.52,0.52,0.9,0.83,0.52,call;call;call;call;call;420147298;421888258;424880310;426107744;426848660,call;call;call;call;call;call;call;call;422797054;423887482,14,33,16,,0.3,0.47,47,165,0,False
e2b_nothinking,v6,pp_full,mv1,hindi,SuspiciousActivity,0.5,21,96,11,10,10,86,0.52,0.52,0.9,0.83,0.52,call;call;call;call;call;420147298;421888258;424880310;426107744;426848660,call;call;call;call;call;call;call;call;422797054;423887482,14,33,16,,0.3,0.47,47,165,0,False
e2b_nothinking,v6,pp_full,mv1,hindi,SuspiciousActivity,0.6,21,96,11,10,10,86,0.52,0.52,0.9,0.83,0.52,call;call;call;call;call;420147298;421888258;424880310;426107744;426848660,call;call;call;call;call;call;call;call;422797054;423887482,14,33,16,,0.3,0.47,47,165,0,False
e2b_nothinking,v6,pp_full,mv1,hindi,SuspiciousActivity,0.7,21,96,6,4,15,92,0.6,0.29,0.96,0.84,0.39,call;call;call;424880310,call;call;call;call;call;call;call;call;call;call;call;call;422797054;423887482;425778316,8,23,22,,0.26,0.27,31,165,0,False
e2b_nothinking,v6,pp_full,mv1,hindi,SuspiciousActivity,0.8,21,96,6,4,15,92,0.6,0.29,0.96,0.84,0.39,call;call;call;424880310,call;call;call;call;call;call;call;call;call;call;call;call;422797054;423887482;425778316,8,23,22,,0.26,0.27,31,165,0,False
e2b_nothinking,v6,pp_full,mv1,hindi,SuspiciousActivity,0.9,21,96,6,4,15,92,0.6,0.29,0.96,0.84,0.39,call;call;call;424880310,call;call;call;call;call;call;call;call;call;call;call;call;422797054;423887482;425778316,8,21,22,,0.28,0.27,29,165,0,False
e2b_nothinking,v6,pp_full,mv1,hindi,SuspiciousActivity,0.95,21,96,0,0,21,96,,0.0,1.0,0.82,,,call;call;call;call;call;call;call;call;call;call;call;call;call;call;call;422797054;423887482;423978016;425396309;425778316;426593829,0,0,30,,,0.0,0,165,0,False
e2b_nothinking,v6,pp_full,mv1,hindi,SuspiciousActivity,1.0,21,96,0,0,21,96,,0.0,1.0,0.82,,,call;call;call;call;call;call;call;call;call;call;call;call;call;call;call;422797054;423887482;423978016;425396309;425778316;426593829,0,0,30,,,0.0,0,165,0,False
e2b_nothinking,v6,pp_full,mv1,hindi,SuspiciousActivity,none,21,96,15,24,6,72,0.38,0.71,0.75,0.74,0.5,call;call;call;call;call;call;call;call;call;call;call;call;call;call;call;call;call;420147298;420599099;421888258;424880310;426107744;426204318;426848660,call;call;call;call;call;423887482,19,146,11,,0.12,0.63,165,165,0,False
e2b_nothinking,v6,pp_full,mv1,hindi,Explicit-Flirting,0.0,33,84,15,29,18,55,0.34,0.45,0.65,0.6,0.39,call;call;call;call;call;call;call;call;call;call;call;call;call;call;call;call;call;call;call;call;419887388;420147298;420599099;421956667;423958539;425396309;425627452;426107744;426848660,call;call;call;call;call;call;call;call;call;call;call;call;422797054;423887482;424793843;426108828;426593829;426853539,24,274,40,,0.08,0.38,298,298,0,False
e2b_nothinking,v6,pp_full,mv1,hindi,Explicit-Flirting,0.1,33,84,15,29,18,55,0.34,0.45,0.65,0.6,0.39,call;call;call;call;call;call;call;call;call;call;call;call;call;call;call;call;call;call;call;call;419887388;420147298;420599099;421956667;423958539;425396309;425627452;426107744;426848660,call;call;call;call;call;call;call;call;call;call;call;call;422797054;423887482;424793843;426108828;426593829;426853539,24,274,40,,0.08,0.38,298,298,0,False
e2b_nothinking,v6,pp_full,mv1,hindi,Explicit-Flirting,0.2,33,84,13,20,20,64,0.39,0.39,0.76,0.66,0.39,call;call;call;call;call;call;call;call;call;call;call;call;call;419887388;420147298;421956667;423958539;425627452;426107744;426848660,call;call;call;call;call;call;call;call;call;call;call;call;call;421661435;422797054;423887482;424793843;426108828;426593829;426853539,22,157,42,,0.12,0.34,179,298,0,False
e2b_nothinking,v6,pp_full,mv1,hindi,Explicit-Flirting,0.3,33,84,13,20,20,64,0.39,0.39,0.76,0.66,0.39,call;call;call;call;call;call;call;call;call;call;call;call;call;419887388;420147298;421956667;423958539;425627452;426107744;426848660,call;call;call;call;call;call;call;call;call;call;call;call;call;421661435;422797054;423887482;424793843;426108828;426593829;426853539,22,157,42,,0.12,0.34,179,298,0,False
e2b_nothinking,v6,pp_full,mv1,hindi,Explicit-Flirting,0.4,33,84,7,6,26,78,0.54,0.21,0.93,0.73,0.3,call;call;420147298;421956667;423958539;426848660,call;call;call;call;call;call;call;call;call;call;call;call;call;call;call;call;421661435;422797054;423887482;424793843;425134890;426108828;426126833;426127716;426593829;426853539,11,34,53,,0.24,0.17,45,298,0,False
e2b_nothinking,v6,pp_full,mv1,hindi,Explicit-Flirting,0.5,33,84,7,6,26,78,0.54,0.21,0.93,0.73,0.3,call;call;420147298;421956667;423958539;426848660,call;call;call;call;call;call;call;call;call;call;call;call;call;call;call;call;421661435;422797054;423887482;424793843;425134890;426108828;426126833;426127716;426593829;426853539,11,34,53,,0.24,0.17,45,298,0,False
e2b_nothinking,v6,pp_full,mv1,hindi,Explicit-Flirting,0.6,33,84,7,6,26,78,0.54,0.21,0.93,0.73,0.3,call;call;420147298;421956667;423958539;426848660,call;call;call;call;call;call;call;call;call;call;call;call;call;call;call;call;421661435;422797054;423887482;424793843;425134890;426108828;426126833;426127716;426593829;426853539,11,34,53,,0.24,0.17,45,298,0,False
e2b_nothinking,v6,pp_full,mv1,hindi,Explicit-Flirting,0.7,33,84,7,6,26,78,0.54,0.21,0.93,0.73,0.3,call;call;420147298;421956667;423958539;426848660,call;call;call;call;call;call;call;call;call;call;call;call;call;call;call;call;421661435;422797054;423887482;424793843;425134890;426108828;426126833;426127716;426593829;426853539,11,34,53,,0.24,0.17,45,298,0,False
e2b_nothinking,v6,pp_full,mv1,hindi,Explicit-Flirting,0.8,33,84,7,6,26,78,0.54,0.21,0.93,0.73,0.3,call;call;420147298;421956667;423958539;426848660,call;call;call;call;call;call;call;call;call;call;call;call;call;call;call;call;421661435;422797054;423887482;424793843;425134890;426108828;426126833;426127716;426593829;426853539,11,34,53,,0.24,0.17,45,298,0,False
e2b_nothinking,v6,pp_full,mv1,hindi,Explicit-Flirting,0.9,33,84,7,6,26,78,0.54,0.21,0.93,0.73,0.3,call;call;420147298;421956667;423958539;426848660,call;call;call;call;call;call;call;call;call;call;call;call;call;call;call;call;421661435;422797054;423887482;424793843;425134890;426108828;426126833;426127716;426593829;426853539,11,34,53,,0.24,0.17,45,298,0,False
e2b_nothinking,v6,pp_full,mv1,hindi,Explicit-Flirting,0.95,33,84,0,0,33,84,,0.0,1.0,0.72,,,call;call;call;call;call;call;call;call;call;call;call;call;call;call;call;call;call;call;call;call;421661435;422797054;423887482;424793843;424880310;425134890;425141339;425778316;426108828;426126833;426127716;426593829;426853539,0,0,64,,,0.0,0,298,0,False
e2b_nothinking,v6,pp_full,mv1,hindi,Explicit-Flirting,1.0,33,84,0,0,33,84,,0.0,1.0,0.72,,,call;call;call;call;call;call;call;call;call;call;call;call;call;call;call;call;call;call;call;call;421661435;422797054;423887482;424793843;424880310;425134890;425141339;425778316;426108828;426126833;426127716;426593829;426853539,0,0,64,,,0.0,0,298,0,False
e2b_nothinking,v6,pp_full,mv1,hindi,Explicit-Flirting,none,33,84,15,29,18,55,0.34,0.45,0.65,0.6,0.39,call;call;call;call;call;call;call;call;call;call;call;call;call;call;call;call;call;call;call;call;419887388;420147298;420599099;421956667;423958539;425396309;425627452;426107744;426848660,call;call;call;call;call;call;call;call;call;call;call;call;422797054;423887482;424793843;426108828;426593829;426853539,24,274,40,,0.08,0.38,298,298,0,False
e2b_nothinking,v6,pp_full,mv1,hindi,ALL,0.0,58,59,45,32,13,27,0.58,0.78,0.46,0.62,0.67,call;call;call;call;call;call;call;call;call;call;call;call;call;call;call;call;call;call;call;call;call;call;call;419887388;420599099;421956667;425627452;426107744;426195344;426204318;426610557;426848660,call;call;call;call;call;call;call;call;call;421888258;424793843;426108828;426853539,77,1081,61,,0.07,0.56,1158,1158,545,False
e2b_nothinking,v6,pp_full,mv1,hindi,ALL,0.1,58,59,45,32,13,27,0.58,0.78,0.46,0.62,0.67,call;call;call;call;call;call;call;call;call;call;call;call;call;call;call;call;call;call;call;call;call;call;call;419887388;420599099;421956667;425627452;426107744;426195344;426204318;426610557;426848660,call;call;call;call;call;call;call;call;call;421888258;424793843;426108828;426853539,77,1081,61,,0.07,0.56,1158,1158,545,False
e2b_nothinking,v6,pp_full,mv1,hindi,ALL,0.2,58,59,41,23,17,36,0.64,0.71,0.61,0.66,0.67,call;call;call;call;call;call;call;call;call;call;call;call;call;call;call;419887388;420599099;421956667;425627452;426107744;426204318;426610557;426848660,call;call;call;call;call;call;call;call;call;call;call;421661435;421888258;422797054;424793843;426108828;426853539,66,457,72,,0.13,0.48,523,1158,545,False
e2b_nothinking,v6,pp_full,mv1,hindi,ALL,0.3,58,59,41,23,17,36,0.64,0.71,0.61,0.66,0.67,call;call;call;call;call;call;call;call;call;call;call;call;call;call;call;419887388;420599099;421956667;425627452;426107744;426204318;426610557;426848660,call;call;call;call;call;call;call;call;call;call;call;421661435;421888258;422797054;424793843;426108828;426853539,66,457,72,,0.13,0.48,523,1158,545,False
e2b_nothinking,v6,pp_full,mv1,hindi,ALL,0.4,58,59,34,8,24,51,0.81,0.59,0.86,0.73,0.68,call;call;call;call;421956667;426107744;426610557;426848660,call;call;call;call;call;call;call;call;call;call;call;call;call;call;call;421661435;421888258;422797054;424793843;425134890;426108828;426126833;426127716;426853539,48,107,90,,0.31,0.35,155,1158,545,False
e2b_nothinking,v6,pp_full,mv1,hindi,ALL,0.5,58,59,34,8,24,51,0.81,0.59,0.86,0.73,0.68,call;call;call;call;421956667;426107744;426610557;426848660,call;call;call;call;call;call;call;call;call;call;call;call;call;call;call;421661435;421888258;422797054;424793843;425134890;426108828;426126833;426127716;426853539,48,107,90,,0.31,0.35,155,1158,545,False
e2b_nothinking,v6,pp_full,mv1,hindi,ALL,0.6,58,59,34,8,24,51,0.81,0.59,0.86,0.73,0.68,call;call;call;call;421956667;426107744;426610557;426848660,call;call;call;call;call;call;call;call;call;call;call;call;call;call;call;421661435;421888258;422797054;424793843;425134890;426108828;426126833;426127716;426853539,48,107,90,,0.31,0.35,155,1158,545,False
e2b_nothinking,v6,pp_full,mv1,hindi,ALL,0.7,58,59,29,7,29,52,0.81,0.5,0.88,0.69,0.62,call;call;call;call;421956667;426610557;426848660,call;call;call;call;call;call;call;call;call;call;call;call;call;call;call;call;call;call;call;421661435;421888258;422797054;423887482;424793843;425134890;426108828;426126833;426127716;426853539,41,95,97,,0.3,0.3,136,1158,545,False
e2b_nothinking,v6,pp_full,mv1,hindi,ALL,0.8,58,59,29,7,29,52,0.81,0.5,0.88,0.69,0.62,call;call;call;call;421956667;426610557;426848660,call;call;call;call;call;call;call;call;call;call;call;call;call;call;call;call;call;call;call;421661435;421888258;422797054;423887482;424793843;425134890;426108828;426126833;426127716;426853539,41,95,97,,0.3,0.3,136,1158,545,False
e2b_nothinking,v6,pp_full,mv1,hindi,ALL,0.9,58,59,29,7,29,52,0.81,0.5,0.88,0.69,0.62,call;call;call;call;421956667;426610557;426848660,call;call;call;call;call;call;call;call;call;call;call;call;call;call;call;call;call;call;call;421661435;421888258;422797054;423887482;424793843;425134890;426108828;426126833;426127716;426853539,41,93,97,,0.31,0.3,134,1158,545,False
e2b_nothinking,v6,pp_full,mv1,hindi,ALL,0.95,58,59,0,0,58,59,,0.0,1.0,0.5,,,call;call;call;call;call;call;call;call;call;call;call;call;call;call;call;call;call;call;call;call;call;call;call;call;call;call;call;call;call;call;call;call;call;call;call;call;call;call;call;call;420147298;421661435;421888258;422797054;423887482;423958539;423978016;424793843;424880310;425134890;425141339;425396309;425778316;426108828;426126833;426127716;426593829;426853539,0,0,138,,,0.0,0,1158,545,False
e2b_nothinking,v6,pp_full,mv1,hindi,ALL,1.0,58,59,0,0,58,59,,0.0,1.0,0.5,,,call;call;call;call;call;call;call;call;call;call;call;call;call;call;call;call;call;call;call;call;call;call;call;call;call;call;call;call;call;call;call;call;call;call;call;call;call;call;call;call;420147298;421661435;421888258;422797054;423887482;423958539;423978016;424793843;424880310;425134890;425141339;425396309;425778316;426108828;426126833;426127716;426593829;426853539,0,0,138,,,0.0,0,1158,545,False
e2b_nothinking,v6,pp_full,mv1,hindi,ALL,none,58,59,45,32,13,27,0.58,0.78,0.46,0.62,0.67,call;call;call;call;call;call;call;call;call;call;call;call;call;call;call;call;call;call;call;call;call;call;call;419887388;420599099;421956667;425627452;426107744;426195344;426204318;426610557;426848660,call;call;call;call;call;call;call;call;call;421888258;424793843;426108828;426853539,77,1081,61,,0.07,0.56,1158,1158,545,False
e2b_nothinking,v6,raw,mv1,tamil,PlatformMove,0.0,20,45,14,33,6,12,0.3,0.7,0.27,0.4,0.42,call;call;call;call;call;call;call;call;call;call;call;call;call;call;call;call;call;call;421372353;421961206;423163427;424950341;425392837;426076857;426593601;426620137;426633368;427303915;427307746;427308167;427310161;427313073;427314573,call;call;call;425656790;426023290;426634262,16,920,15,,0.02,0.52,936,936,0,False
e2b_nothinking,v6,raw,mv1,tamil,PlatformMove,0.1,20,45,14,33,6,12,0.3,0.7,0.27,0.4,0.42,call;call;call;call;call;call;call;call;call;call;call;call;call;call;call;call;call;call;421372353;421961206;423163427;424950341;425392837;426076857;426593601;426620137;426633368;427303915;427307746;427308167;427310161;427313073;427314573,call;call;call;425656790;426023290;426634262,16,920,15,,0.02,0.52,936,936,0,False
e2b_nothinking,v6,raw,mv1,tamil,PlatformMove,0.2,20,45,13,22,7,23,0.37,0.65,0.51,0.55,0.47,call;call;call;call;call;call;call;call;call;call;call;call;call;421372353;421961206;424950341;426076857;426593601;426620137;427307746;427308167;427314573,call;call;call;call;425656790;426023290;426634262,14,330,17,,0.04,0.45,344,936,0,False
e2b_nothinking,v6,raw,mv1,tamil,PlatformMove,0.3,20,45,13,22,7,23,0.37,0.65,0.51,0.55,0.47,call;call;call;call;call;call;call;call;call;call;call;call;call;421372353;421961206;424950341;426076857;426593601;426620137;427307746;427308167;427314573,call;call;call;call;425656790;426023290;426634262,14,330,17,,0.04,0.45,344,936,0,False
e2b_nothinking,v6,raw,mv1,tamil,PlatformMove,0.4,20,45,12,17,8,28,0.41,0.6,0.62,0.62,0.49,call;call;call;call;call;call;call;call;call;call;call;call;421372353;426593601;426620137;427308167;427314573,call;call;call;call;425656790;426023290;426573210;426634262,13,123,18,,0.1,0.42,136,936,0,False
e2b_nothinking,v6,raw,mv1,tamil,PlatformMove,0.5,20,45,12,17,8,28,0.41,0.6,0.62,0.62,0.49,call;call;call;call;call;call;call;call;call;call;call;call;421372353;426593601;426620137;427308167;427314573,call;call;call;call;425656790;426023290;426573210;426634262,13,123,18,,0.1,0.42,136,936,0,False
e2b_nothinking,v6,raw,mv1,tamil,PlatformMove,0.6,20,45,12,17,8,28,0.41,0.6,0.62,0.62,0.49,call;call;call;call;call;call;call;call;call;call;call;call;421372353;426593601;426620137;427308167;427314573,call;call;call;call;425656790;426023290;426573210;426634262,13,123,18,,0.1,0.42,136,936,0,False
e2b_nothinking,v6,raw,mv1,tamil,PlatformMove,0.7,20,45,12,11,8,34,0.52,0.6,0.76,0.71,0.56,call;call;call;call;call;call;call;421372353;426620137;427308167;427314573,call;call;call;call;425656790;426023290;426573210;426634262,12,89,19,,0.12,0.39,101,936,0,False
e2b_nothinking,v6,raw,mv1,tamil,PlatformMove,0.8,20,45,12,11,8,34,0.52,0.6,0.76,0.71,0.56,call;call;call;call;call;call;call;421372353;426620137;427308167;427314573,call;call;call;call;425656790;426023290;426573210;426634262,12,89,19,,0.12,0.39,101,936,0,False
e2b_nothinking,v6,raw,mv1,tamil,PlatformMove,0.9,20,45,12,11,8,34,0.52,0.6,0.76,0.71,0.56,call;call;call;call;call;call;call;421372353;426620137;427308167;427314573,call;call;call;call;425656790;426023290;426573210;426634262,12,88,19,,0.12,0.39,100,936,0,False
e2b_nothinking,v6,raw,mv1,tamil,PlatformMove,0.95,20,45,0,0,20,45,,0.0,1.0,0.69,,,call;call;call;call;call;call;call;call;call;call;call;call;423104500;425656790;426023290;426573210;426597928;426634262;426647598;426662883,0,0,31,,,0.0,0,936,0,False
e2b_nothinking,v6,raw,mv1,tamil,PlatformMove,1.0,20,45,0,0,20,45,,0.0,1.0,0.69,,,call;call;call;call;call;call;call;call;call;call;call;call;423104500;425656790;426023290;426573210;426597928;426634262;426647598;426662883,0,0,31,,,0.0,0,936,0,False
e2b_nothinking,v6,raw,mv1,tamil,PlatformMove,none,20,45,14,33,6,12,0.3,0.7,0.27,0.4,0.42,call;call;call;call;call;call;call;call;call;call;call;call;call;call;call;call;call;call;421372353;421961206;423163427;424950341;425392837;426076857;426593601;426620137;426633368;427303915;427307746;427308167;427310161;427313073;427314573,call;call;call;425656790;426023290;426634262,16,920,15,,0.02,0.52,936,936,0,False
e2b_nothinking,v6,raw,mv1,tamil,SuspiciousActivity,0.0,11,54,8,29,3,25,0.22,0.73,0.46,0.51,0.33,call;call;call;call;call;call;call;call;call;call;call;call;call;call;call;call;call;call;call;421372353;425656790;426076857;426573210;426593601;426620137;426633368;426647598;427307746;427308167,call;423163427;426023290,8,153,5,,0.05,0.62,161,161,0,False
e2b_nothinking,v6,raw,mv1,tamil,SuspiciousActivity,0.1,11,54,8,29,3,25,0.22,0.73,0.46,0.51,0.33,call;call;call;call;call;call;call;call;call;call;call;call;call;call;call;call;call;call;call;421372353;425656790;426076857;426573210;426593601;426620137;426633368;426647598;427307746;427308167,call;423163427;426023290,8,153,5,,0.05,0.62,161,161,0,False
e2b_nothinking,v6,raw,mv1,tamil,SuspiciousActivity,0.2,11,54,7,28,4,26,0.2,0.64,0.48,0.51,0.3,call;call;call;call;call;call;call;call;call;call;call;call;call;call;call;call;call;call;421372353;425656790;426076857;426573210;426593601;426620137;426633368;426647598;427307746;427308167,call;call;423163427;426023290,7,125,6,,0.05,0.54,132,161,0,False
e2b_nothinking,v6,raw,mv1,tamil,SuspiciousActivity,0.3,11,54,7,28,4,26,0.2,0.64,0.48,0.51,0.3,call;call;call;call;call;call;call;call;call;call;call;call;call;call;call;call;call;call;421372353;425656790;426076857;426573210;426593601;426620137;426633368;426647598;427307746;427308167,call;call;423163427;426023290,7,125,6,,0.05,0.54,132,161,0,False
e2b_nothinking,v6,raw,mv1,tamil,SuspiciousActivity,0.4,11,54,7,23,4,31,0.23,0.64,0.57,0.58,0.34,call;call;call;call;call;call;call;call;call;call;call;call;call;call;call;421372353;425656790;426076857;426573210;426593601;426620137;427307746;427308167,call;call;423163427;426023290,7,68,6,,0.09,0.54,75,161,0,False
e2b_nothinking,v6,raw,mv1,tamil,SuspiciousActivity,0.5,11,54,7,23,4,31,0.23,0.64,0.57,0.58,0.34,call;call;call;call;call;call;call;call;call;call;call;call;call;call;call;421372353;425656790;426076857;426573210;426593601;426620137;427307746;427308167,call;call;423163427;426023290,7,68,6,,0.09,0.54,75,161,0,False
e2b_nothinking,v6,raw,mv1,tamil,SuspiciousActivity,0.6,11,54,7,23,4,31,0.23,0.64,0.57,0.58,0.34,call;call;call;call;call;call;call;call;call;call;call;call;call;call;call;421372353;425656790;426076857;426573210;426593601;426620137;427307746;427308167,call;call;423163427;426023290,7,68,6,,0.09,0.54,75,161,0,False
e2b_nothinking,v6,raw,mv1,tamil,SuspiciousActivity,0.7,11,54,4,7,7,47,0.36,0.36,0.87,0.78,0.36,call;call;call;call;425656790;426573210;427308167,call;call;call;call;423163427;426023290;426597928,4,21,9,,0.16,0.31,25,161,0,False
e2b_nothinking,v6,raw,mv1,tamil,SuspiciousActivity,0.8,11,54,4,6,7,48,0.4,0.36,0.89,0.8,0.38,call;call;call;425656790;426573210;427308167,call;call;call;call;423163427;426023290;426597928,4,20,9,,0.17,0.31,24,161,0,False
e2b_nothinking,v6,raw,mv1,tamil,SuspiciousActivity,0.9,11,54,3,2,8,52,0.6,0.27,0.96,0.85,0.37,call;425656790,call;call;call;call;call;423163427;426023290;426597928,3,14,10,,0.18,0.23,17,161,0,False
e2b_nothinking,v6,raw,mv1,tamil,SuspiciousActivity,0.95,11,54,0,0,11,54,,0.0,1.0,0.83,,,call;call;call;call;call;call;call;423104500;423163427;426023290;426597928,0,0,13,,,0.0,0,161,0,False
e2b_nothinking,v6,raw,mv1,tamil,SuspiciousActivity,1.0,11,54,0,0,11,54,,0.0,1.0,0.83,,,call;call;call;call;call;call;call;423104500;423163427;426023290;426597928,0,0,13,,,0.0,0,161,0,False
e2b_nothinking,v6,raw,mv1,tamil,SuspiciousActivity,none,11,54,8,29,3,25,0.22,0.73,0.46,0.51,0.33,call;call;call;call;call;call;call;call;call;call;call;call;call;call;call;call;call;call;call;421372353;425656790;426076857;426573210;426593601;426620137;426633368;426647598;427307746;427308167,call;423163427;426023290,8,153,5,,0.05,0.62,161,161,0,False
e2b_nothinking,v6,raw,mv1,tamil,Explicit-Flirting,0.0,20,45,12,21,8,24,0.36,0.6,0.53,0.55,0.45,call;call;call;call;call;call;call;call;call;call;call;call;421372353;426076857;426573210;426597928;426647598;427303915;427308167;427313073;427314573,call;call;call;call;424950341;425392837;426634262;427307746,16,153,34,,0.09,0.32,169,169,0,False
e2b_nothinking,v6,raw,mv1,tamil,Explicit-Flirting,0.1,20,45,12,21,8,24,0.36,0.6,0.53,0.55,0.45,call;call;call;call;call;call;call;call;call;call;call;call;421372353;426076857;426573210;426597928;426647598;427303915;427308167;427313073;427314573,call;call;call;call;424950341;425392837;426634262;427307746,16,153,34,,0.09,0.32,169,169,0,False
e2b_nothinking,v6,raw,mv1,tamil,Explicit-Flirting,0.2,20,45,11,19,9,26,0.37,0.55,0.58,0.57,0.44,call;call;call;call;call;call;call;call;call;call;call;421372353;426076857;426573210;426597928;426647598;427303915;427308167;427314573,call;call;call;call;call;424950341;425392837;426634262;427307746,16,87,34,,0.16,0.32,103,169,0,False
e2b_nothinking,v6,raw,mv1,tamil,Explicit-Flirting,0.3,20,45,11,19,9,26,0.37,0.55,0.58,0.57,0.44,call;call;call;call;call;call;call;call;call;call;call;421372353;426076857;426573210;426597928;426647598;427303915;427308167;427314573,call;call;call;call;call;424950341;425392837;426634262;427307746,16,87,34,,0.16,0.32,103,169,0,False
e2b_nothinking,v6,raw,mv1,tamil,Explicit-Flirting,0.4,20,45,11,15,9,30,0.42,0.55,0.67,0.63,0.48,call;call;call;call;call;call;call;call;call;call;421372353;426076857;426573210;426597928;426647598,call;call;call;call;call;424950341;425392837;426634262;427307746,15,47,35,,0.24,0.3,62,169,0,False
e2b_nothinking,v6,raw,mv1,tamil,Explicit-Flirting,0.5,20,45,11,15,9,30,0.42,0.55,0.67,0.63,0.48,call;call;call;call;call;call;call;call;call;call;421372353;426076857;426573210;426597928;426647598,call;call;call;call;call;424950341;425392837;426634262;427307746,15,47,35,,0.24,0.3,62,169,0,False
e2b_nothinking,v6,raw,mv1,tamil,Explicit-Flirting,0.6,20,45,11,15,9,30,0.42,0.55,0.67,0.63,0.48,call;call;call;call;call;call;call;call;call;call;421372353;426076857;426573210;426597928;426647598,call;call;call;call;call;424950341;425392837;426634262;427307746,15,47,35,,0.24,0.3,62,169,0,False
e2b_nothinking,v6,raw,mv1,tamil,Explicit-Flirting,0.7,20,45,7,9,13,36,0.44,0.35,0.8,0.66,0.39,call;call;call;call;call;421372353;426573210;426597928;426647598,call;call;call;call;call;call;424950341;425392837;425656790;426620137;426634262;426662883;427307746,9,22,41,,0.29,0.18,31,169,0,False
e2b_nothinking,v6,raw,mv1,tamil,Explicit-Flirting,0.8,20,45,7,9,13,36,0.44,0.35,0.8,0.66,0.39,call;call;call;call;call;421372353;426573210;426597928;426647598,call;call;call;call;call;call;424950341;425392837;425656790;426620137;426634262;426662883;427307746,9,22,41,,0.29,0.18,31,169,0,False
e2b_nothinking,v6,raw,mv1,tamil,Explicit-Flirting,0.9,20,45,7,9,13,36,0.44,0.35,0.8,0.66,0.39,call;call;call;call;call;421372353;426573210;426597928;426647598,call;call;call;call;call;call;424950341;425392837;425656790;426620137;426634262;426662883;427307746,9,21,41,,0.3,0.18,30,169,0,False
e2b_nothinking,v6,raw,mv1,tamil,Explicit-Flirting,0.95,20,45,0,0,20,45,,0.0,1.0,0.69,,,call;call;call;call;call;call;call;call;call;call;421961206;424950341;425392837;425656790;426593601;426620137;426633368;426634262;426662883;427307746,0,0,50,,,0.0,0,169,0,False
e2b_nothinking,v6,raw,mv1,tamil,Explicit-Flirting,1.0,20,45,0,0,20,45,,0.0,1.0,0.69,,,call;call;call;call;call;call;call;call;call;call;421961206;424950341;425392837;425656790;426593601;426620137;426633368;426634262;426662883;427307746,0,0,50,,,0.0,0,169,0,False
e2b_nothinking,v6,raw,mv1,tamil,Explicit-Flirting,none,20,45,12,21,8,24,0.36,0.6,0.53,0.55,0.45,call;call;call;call;call;call;call;call;call;call;call;call;421372353;426076857;426573210;426597928;426647598;427303915;427308167;427313073;427314573,call;call;call;call;424950341;425392837;426634262;427307746,16,153,34,,0.09,0.32,169,169,0,False
e2b_nothinking,v6,raw,mv1,tamil,ALL,0.0,34,31,24,21,10,10,0.53,0.71,0.32,0.52,0.61,call;call;call;call;call;call;call;call;call;call;call;call;call;call;421372353;426076857;427303915;427308167;427310161;427313073;427314573,call;call;call;call;423163427;424950341;425392837;426023290;426634262;427307746,40,1486,54,,0.03,0.43,1526,1597,0,False
e2b_nothinking,v6,raw,mv1,tamil,ALL,0.1,34,31,24,21,10,10,0.53,0.71,0.32,0.52,0.61,call;call;call;call;call;call;call;call;call;call;call;call;call;call;421372353;426076857;427303915;427308167;427310161;427313073;427314573,call;call;call;call;423163427;424950341;425392837;426023290;426634262;427307746,40,1460,54,,0.03,0.43,1500,1597,0,False
e2b_nothinking,v6,raw,mv1,tamil,ALL,0.2,34,31,22,19,12,12,0.54,0.65,0.39,0.52,0.59,call;call;call;call;call;call;call;call;call;call;call;call;call;421372353;426076857;427303915;427308167;427313073;427314573,call;call;call;call;call;call;423163427;424950341;425392837;426023290;426634262;427307746,37,671,57,,0.05,0.39,708,1597,0,False
e2b_nothinking,v6,raw,mv1,tamil,ALL,0.3,34,31,22,19,12,12,0.54,0.65,0.39,0.52,0.59,call;call;call;call;call;call;call;call;call;call;call;call;call;421372353;426076857;427303915;427308167;427313073;427314573,call;call;call;call;call;call;423163427;424950341;425392837;426023290;426634262;427307746,37,671,57,,0.05,0.39,708,1597,0,False
e2b_nothinking,v6,raw,mv1,tamil,ALL,0.4,34,31,21,16,13,15,0.57,0.62,0.48,0.55,0.59,call;call;call;call;call;call;call;call;call;call;call;call;421372353;426076857;427308167;427314573,call;call;call;call;call;call;423163427;424950341;425392837;426023290;426573210;426634262;427307746,35,238,59,,0.13,0.37,273,1597,0,False
e2b_nothinking,v6,raw,mv1,tamil,ALL,0.5,34,31,21,16,13,15,0.57,0.62,0.48,0.55,0.59,call;call;call;call;call;call;call;call;call;call;call;call;421372353;426076857;427308167;427314573,call;call;call;call;call;call;423163427;424950341;425392837;426023290;426573210;426634262;427307746,35,238,59,,0.13,0.37,273,1597,0,False
e2b_nothinking,v6,raw,mv1,tamil,ALL,0.6,34,31,21,16,13,15,0.57,0.62,0.48,0.55,0.59,call;call;call;call;call;call;call;call;call;call;call;call;421372353;426076857;427308167;427314573,call;call;call;call;call;call;423163427;424950341;425392837;426023290;426573210;426634262;427307746,35,238,59,,0.13,0.37,273,1597,0,False
e2b_nothinking,v6,raw,mv1,tamil,ALL,0.7,34,31,18,11,16,20,0.62,0.53,0.65,0.58,0.57,call;call;call;call;call;call;call;call;421372353;427308167;427314573,call;call;call;call;call;call;call;423163427;424950341;425392837;425656790;426023290;426573210;426620137;426634262;427307746,25,132,69,,0.16,0.27,157,1597,0,False
e2b_nothinking,v6,raw,mv1,tamil,ALL,0.8,34,31,18,11,16,20,0.62,0.53,0.65,0.58,0.57,call;call;call;call;call;call;call;call;421372353;427308167;427314573,call;call;call;call;call;call;call;423163427;424950341;425392837;425656790;426023290;426573210;426620137;426634262;427307746,25,131,69,,0.16,0.27,156,1597,0,False
e2b_nothinking,v6,raw,mv1,tamil,ALL,0.9,34,31,17,11,17,20,0.61,0.5,0.65,0.57,0.55,call;call;call;call;call;call;call;call;421372353;427308167;427314573,call;call;call;call;call;call;call;call;423163427;424950341;425392837;425656790;426023290;426573210;426620137;426634262;427307746,24,123,70,,0.16,0.26,147,1597,0,False
e2b_nothinking,v6,raw,mv1,tamil,ALL,0.95,34,31,0,0,34,31,,0.0,1.0,0.48,,,call;call;call;call;call;call;call;call;call;call;call;call;call;call;call;call;call;call;421961206;423104500;423163427;424950341;425392837;425656790;426023290;426573210;426593601;426597928;426620137;426633368;426634262;426647598;426662883;427307746,0,0,94,,,0.0,0,1597,0,False
e2b_nothinking,v6,raw,mv1,tamil,ALL,1.0,34,31,0,0,34,31,,0.0,1.0,0.48,,,call;call;call;call;call;call;call;call;call;call;call;call;call;call;call;call;call;call;421961206;423104500;423163427;424950341;425392837;425656790;426023290;426573210;426593601;426597928;426620137;426633368;426634262;426647598;426662883;427307746,0,0,94,,,0.0,0,1597,0,False
e2b_nothinking,v6,raw,mv1,tamil,ALL,none,34,31,24,21,10,10,0.53,0.71,0.32,0.52,0.61,call;call;call;call;call;call;call;call;call;call;call;call;call;call;421372353;426076857;427303915;427308167;427310161;427313073;427314573,call;call;call;call;423163427;424950341;425392837;426023290;426634262;427307746,41,1556,53,,0.03,0.44,1597,1597,0,False
e2b_nothinking,v6,sa,mv1,tamil,PlatformMove,0.0,20,45,14,33,6,12,0.3,0.7,0.27,0.4,0.42,call;call;call;call;call;call;call;call;call;call;call;call;call;call;call;call;call;call;421372353;421961206;423163427;424950341;425392837;426076857;426593601;426620137;426633368;427303915;427307746;427308167;427310161;427313073;427314573,call;call;call;425656790;426023290;426634262,16,920,15,,0.02,0.52,936,936,0,False
e2b_nothinking,v6,sa,mv1,tamil,PlatformMove,0.1,20,45,14,33,6,12,0.3,0.7,0.27,0.4,0.42,call;call;call;call;call;call;call;call;call;call;call;call;call;call;call;call;call;call;421372353;421961206;423163427;424950341;425392837;426076857;426593601;426620137;426633368;427303915;427307746;427308167;427310161;427313073;427314573,call;call;call;425656790;426023290;426634262,16,920,15,,0.02,0.52,936,936,0,False
e2b_nothinking,v6,sa,mv1,tamil,PlatformMove,0.2,20,45,13,22,7,23,0.37,0.65,0.51,0.55,0.47,call;call;call;call;call;call;call;call;call;call;call;call;call;421372353;421961206;424950341;426076857;426593601;426620137;427307746;427308167;427314573,call;call;call;call;425656790;426023290;426634262,14,330,17,,0.04,0.45,344,936,0,False
e2b_nothinking,v6,sa,mv1,tamil,PlatformMove,0.3,20,45,13,22,7,23,0.37,0.65,0.51,0.55,0.47,call;call;call;call;call;call;call;call;call;call;call;call;call;421372353;421961206;424950341;426076857;426593601;426620137;427307746;427308167;427314573,call;call;call;call;425656790;426023290;426634262,14,330,17,,0.04,0.45,344,936,0,False
e2b_nothinking,v6,sa,mv1,tamil,PlatformMove,0.4,20,45,12,17,8,28,0.41,0.6,0.62,0.62,0.49,call;call;call;call;call;call;call;call;call;call;call;call;421372353;426593601;426620137;427308167;427314573,call;call;call;call;425656790;426023290;426573210;426634262,13,119,18,,0.1,0.42,132,936,0,False
e2b_nothinking,v6,sa,mv1,tamil,PlatformMove,0.5,20,45,12,17,8,28,0.41,0.6,0.62,0.62,0.49,call;call;call;call;call;call;call;call;call;call;call;call;421372353;426593601;426620137;427308167;427314573,call;call;call;call;425656790;426023290;426573210;426634262,13,119,18,,0.1,0.42,132,936,0,False
e2b_nothinking,v6,sa,mv1,tamil,PlatformMove,0.6,20,45,12,17,8,28,0.41,0.6,0.62,0.62,0.49,call;call;call;call;call;call;call;call;call;call;call;call;421372353;426593601;426620137;427308167;427314573,call;call;call;call;425656790;426023290;426573210;426634262,13,119,18,,0.1,0.42,132,936,0,False
e2b_nothinking,v6,sa,mv1,tamil,PlatformMove,0.7,20,45,12,11,8,34,0.52,0.6,0.76,0.71,0.56,call;call;call;call;call;call;call;421372353;426620137;427308167;427314573,call;call;call;call;425656790;426023290;426573210;426634262,12,86,19,,0.12,0.39,98,936,0,False
e2b_nothinking,v6,sa,mv1,tamil,PlatformMove,0.8,20,45,12,11,8,34,0.52,0.6,0.76,0.71,0.56,call;call;call;call;call;call;call;421372353;426620137;427308167;427314573,call;call;call;call;425656790;426023290;426573210;426634262,12,86,19,,0.12,0.39,98,936,0,False
e2b_nothinking,v6,sa,mv1,tamil,PlatformMove,0.9,20,45,12,11,8,34,0.52,0.6,0.76,0.71,0.56,call;call;call;call;call;call;call;421372353;426620137;427308167;427314573,call;call;call;call;425656790;426023290;426573210;426634262,12,85,19,,0.12,0.39,97,936,0,False
e2b_nothinking,v6,sa,mv1,tamil,PlatformMove,0.95,20,45,0,0,20,45,,0.0,1.0,0.69,,,call;call;call;call;call;call;call;call;call;call;call;call;423104500;425656790;426023290;426573210;426597928;426634262;426647598;426662883,0,0,31,,,0.0,0,936,0,False
e2b_nothinking,v6,sa,mv1,tamil,PlatformMove,1.0,20,45,0,0,20,45,,0.0,1.0,0.69,,,call;call;call;call;call;call;call;call;call;call;call;call;423104500;425656790;426023290;426573210;426597928;426634262;426647598;426662883,0,0,31,,,0.0,0,936,0,False
e2b_nothinking,v6,sa,mv1,tamil,PlatformMove,none,20,45,14,33,6,12,0.3,0.7,0.27,0.4,0.42,call;call;call;call;call;call;call;call;call;call;call;call;call;call;call;call;call;call;421372353;421961206;423163427;424950341;425392837;426076857;426593601;426620137;426633368;427303915;427307746;427308167;427310161;427313073;427314573,call;call;call;425656790;426023290;426634262,16,920,15,,0.02,0.52,936,936,0,False
e2b_nothinking,v6,sa,mv1,tamil,SuspiciousActivity,0.0,11,54,8,29,3,25,0.22,0.73,0.46,0.51,0.33,call;call;call;call;call;call;call;call;call;call;call;call;call;call;call;call;call;call;call;421372353;425656790;426076857;426573210;426593601;426620137;426633368;426647598;427307746;427308167,call;423163427;426023290,8,153,5,,0.05,0.62,161,161,0,False
e2b_nothinking,v6,sa,mv1,tamil,SuspiciousActivity,0.1,11,54,8,29,3,25,0.22,0.73,0.46,0.51,0.33,call;call;call;call;call;call;call;call;call;call;call;call;call;call;call;call;call;call;call;421372353;425656790;426076857;426573210;426593601;426620137;426633368;426647598;427307746;427308167,call;423163427;426023290,8,153,5,,0.05,0.62,161,161,0,False
e2b_nothinking,v6,sa,mv1,tamil,SuspiciousActivity,0.2,11,54,7,28,4,26,0.2,0.64,0.48,0.51,0.3,call;call;call;call;call;call;call;call;call;call;call;call;call;call;call;call;call;call;421372353;425656790;426076857;426573210;426593601;426620137;426633368;426647598;427307746;427308167,call;call;423163427;426023290,7,125,6,,0.05,0.54,132,161,0,False
e2b_nothinking,v6,sa,mv1,tamil,SuspiciousActivity,0.3,11,54,7,28,4,26,0.2,0.64,0.48,0.51,0.3,call;call;call;call;call;call;call;call;call;call;call;call;call;call;call;call;call;call;421372353;425656790;426076857;426573210;426593601;426620137;426633368;426647598;427307746;427308167,call;call;423163427;426023290,7,125,6,,0.05,0.54,132,161,0,False
e2b_nothinking,v6,sa,mv1,tamil,SuspiciousActivity,0.4,11,54,7,23,4,31,0.23,0.64,0.57,0.58,0.34,call;call;call;call;call;call;call;call;call;call;call;call;call;call;call;421372353;425656790;426076857;426573210;426593601;426620137;427307746;427308167,call;call;423163427;426023290,7,66,6,,0.1,0.54,73,161,0,False
e2b_nothinking,v6,sa,mv1,tamil,SuspiciousActivity,0.5,11,54,7,23,4,31,0.23,0.64,0.57,0.58,0.34,call;call;call;call;call;call;call;call;call;call;call;call;call;call;call;421372353;425656790;426076857;426573210;426593601;426620137;427307746;427308167,call;call;423163427;426023290,7,66,6,,0.1,0.54,73,161,0,False
e2b_nothinking,v6,sa,mv1,tamil,SuspiciousActivity,0.6,11,54,7,23,4,31,0.23,0.64,0.57,0.58,0.34,call;call;call;call;call;call;call;call;call;call;call;call;call;call;call;421372353;425656790;426076857;426573210;426593601;426620137;427307746;427308167,call;call;423163427;426023290,7,66,6,,0.1,0.54,73,161,0,False
e2b_nothinking,v6,sa,mv1,tamil,SuspiciousActivity,0.7,11,54,4,6,7,48,0.4,0.36,0.89,0.8,0.38,call;call;call;call;425656790;426573210,call;call;call;call;423163427;426023290;426597928,4,20,9,,0.17,0.31,24,161,0,False
e2b_nothinking,v6,sa,mv1,tamil,SuspiciousActivity,0.8,11,54,4,5,7,49,0.44,0.36,0.91,0.82,0.4,call;call;call;425656790;426573210,call;call;call;call;423163427;426023290;426597928,4,19,9,,0.17,0.31,23,161,0,False
e2b_nothinking,v6,sa,mv1,tamil,SuspiciousActivity,0.9,11,54,3,2,8,52,0.6,0.27,0.96,0.85,0.37,call;425656790,call;call;call;call;call;423163427;426023290;426597928,3,14,10,,0.18,0.23,17,161,0,False
e2b_nothinking,v6,sa,mv1,tamil,SuspiciousActivity,0.95,11,54,0,0,11,54,,0.0,1.0,0.83,,,call;call;call;call;call;call;call;423104500;423163427;426023290;426597928,0,0,13,,,0.0,0,161,0,False
e2b_nothinking,v6,sa,mv1,tamil,SuspiciousActivity,1.0,11,54,0,0,11,54,,0.0,1.0,0.83,,,call;call;call;call;call;call;call;423104500;423163427;426023290;426597928,0,0,13,,,0.0,0,161,0,False
e2b_nothinking,v6,sa,mv1,tamil,SuspiciousActivity,none,11,54,8,29,3,25,0.22,0.73,0.46,0.51,0.33,call;call;call;call;call;call;call;call;call;call;call;call;call;call;call;call;call;call;call;421372353;425656790;426076857;426573210;426593601;426620137;426633368;426647598;427307746;427308167,call;423163427;426023290,8,153,5,,0.05,0.62,161,161,0,False
e2b_nothinking,v6,sa,mv1,tamil,Explicit-Flirting,0.0,20,45,12,21,8,24,0.36,0.6,0.53,0.55,0.45,call;call;call;call;call;call;call;call;call;call;call;call;421372353;426076857;426573210;426597928;426647598;427303915;427308167;427313073;427314573,call;call;call;call;424950341;425392837;426634262;427307746,16,153,34,,0.09,0.32,169,169,0,False
e2b_nothinking,v6,sa,mv1,tamil,Explicit-Flirting,0.1,20,45,12,21,8,24,0.36,0.6,0.53,0.55,0.45,call;call;call;call;call;call;call;call;call;call;call;call;421372353;426076857;426573210;426597928;426647598;427303915;427308167;427313073;427314573,call;call;call;call;424950341;425392837;426634262;427307746,16,153,34,,0.09,0.32,169,169,0,False
e2b_nothinking,v6,sa,mv1,tamil,Explicit-Flirting,0.2,20,45,11,19,9,26,0.37,0.55,0.58,0.57,0.44,call;call;call;call;call;call;call;call;call;call;call;421372353;426076857;426573210;426597928;426647598;427303915;427308167;427314573,call;call;call;call;call;424950341;425392837;426634262;427307746,16,87,34,,0.16,0.32,103,169,0,False
e2b_nothinking,v6,sa,mv1,tamil,Explicit-Flirting,0.3,20,45,11,19,9,26,0.37,0.55,0.58,0.57,0.44,call;call;call;call;call;call;call;call;call;call;call;421372353;426076857;426573210;426597928;426647598;427303915;427308167;427314573,call;call;call;call;call;424950341;425392837;426634262;427307746,16,87,34,,0.16,0.32,103,169,0,False
e2b_nothinking,v6,sa,mv1,tamil,Explicit-Flirting,0.4,20,45,10,14,10,31,0.42,0.5,0.69,0.63,0.45,call;call;call;call;call;call;call;call;call;421372353;426076857;426573210;426597928;426647598,call;call;call;call;call;421961206;424950341;425392837;426634262;427307746,13,43,37,,0.23,0.26,56,169,0,False
e2b_nothinking,v6,sa,mv1,tamil,Explicit-Flirting,0.5,20,45,10,14,10,31,0.42,0.5,0.69,0.63,0.45,call;call;call;call;call;call;call;call;call;421372353;426076857;426573210;426597928;426647598,call;call;call;call;call;421961206;424950341;425392837;426634262;427307746,13,43,37,,0.23,0.26,56,169,0,False
e2b_nothinking,v6,sa,mv1,tamil,Explicit-Flirting,0.6,20,45,10,14,10,31,0.42,0.5,0.69,0.63,0.45,call;call;call;call;call;call;call;call;call;421372353;426076857;426573210;426597928;426647598,call;call;call;call;call;421961206;424950341;425392837;426634262;427307746,13,43,37,,0.23,0.26,56,169,0,False
e2b_nothinking,v6,sa,mv1,tamil,Explicit-Flirting,0.7,20,45,6,9,14,36,0.4,0.3,0.8,0.65,0.34,call;call;call;call;call;421372353;426573210;426597928;426647598,call;call;call;call;call;call;421961206;424950341;425392837;425656790;426620137;426634262;426662883;427307746,7,22,43,,0.24,0.14,29,169,0,False
e2b_nothinking,v6,sa,mv1,tamil,Explicit-Flirting,0.8,20,45,6,9,14,36,0.4,0.3,0.8,0.65,0.34,call;call;call;call;call;421372353;426573210;426597928;426647598,call;call;call;call;call;call;421961206;424950341;425392837;425656790;426620137;426634262;426662883;427307746,7,22,43,,0.24,0.14,29,169,0,False
e2b_nothinking,v6,sa,mv1,tamil,Explicit-Flirting,0.9,20,45,6,9,14,36,0.4,0.3,0.8,0.65,0.34,call;call;call;call;call;421372353;426573210;426597928;426647598,call;call;call;call;call;call;421961206;424950341;425392837;425656790;426620137;426634262;426662883;427307746,7,21,43,,0.25,0.14,28,169,0,False
e2b_nothinking,v6,sa,mv1,tamil,Explicit-Flirting,0.95,20,45,0,0,20,45,,0.0,1.0,0.69,,,call;call;call;call;call;call;call;call;call;call;421961206;424950341;425392837;425656790;426593601;426620137;426633368;426634262;426662883;427307746,0,0,50,,,0.0,0,169,0,False
e2b_nothinking,v6,sa,mv1,tamil,Explicit-Flirting,1.0,20,45,0,0,20,45,,0.0,1.0,0.69,,,call;call;call;call;call;call;call;call;call;call;421961206;424950341;425392837;425656790;426593601;426620137;426633368;426634262;426662883;427307746,0,0,50,,,0.0,0,169,0,False
e2b_nothinking,v6,sa,mv1,tamil,Explicit-Flirting,none,20,45,12,21,8,24,0.36,0.6,0.53,0.55,0.45,call;call;call;call;call;call;call;call;call;call;call;call;421372353;426076857;426573210;426597928;426647598;427303915;427308167;427313073;427314573,call;call;call;call;424950341;425392837;426634262;427307746,16,153,34,,0.09,0.32,169,169,0,False
e2b_nothinking,v6,sa,mv1,tamil,ALL,0.0,34,31,24,21,10,10,0.53,0.71,0.32,0.52,0.61,call;call;call;call;call;call;call;call;call;call;call;call;call;call;421372353;426076857;427303915;427308167;427310161;427313073;427314573,call;call;call;call;423163427;424950341;425392837;426023290;426634262;427307746,41,1556,53,,0.03,0.44,1597,1597,0,False
e2b_nothinking,v6,sa,mv1,tamil,ALL,0.1,34,31,24,21,10,10,0.53,0.71,0.32,0.52,0.61,call;call;call;call;call;call;call;call;call;call;call;call;call;call;421372353;426076857;427303915;427308167;427310161;427313073;427314573,call;call;call;call;423163427;424950341;425392837;426023290;426634262;427307746,40,1460,54,,0.03,0.43,1500,1597,0,False
e2b_nothinking,v6,sa,mv1,tamil,ALL,0.2,34,31,22,19,12,12,0.54,0.65,0.39,0.52,0.59,call;call;call;call;call;call;call;call;call;call;call;call;call;421372353;426076857;427303915;427308167;427313073;427314573,call;call;call;call;call;call;423163427;424950341;425392837;426023290;426634262;427307746,37,671,57,,0.05,0.39,708,1597,0,False
e2b_nothinking,v6,sa,mv1,tamil,ALL,0.3,34,31,22,19,12,12,0.54,0.65,0.39,0.52,0.59,call;call;call;call;call;call;call;call;call;call;call;call;call;421372353;426076857;427303915;427308167;427313073;427314573,call;call;call;call;call;call;423163427;424950341;425392837;426023290;426634262;427307746,37,671,57,,0.05,0.39,708,1597,0,False
e2b_nothinking,v6,sa,mv1,tamil,ALL,0.4,34,31,20,16,14,15,0.56,0.59,0.48,0.54,0.57,call;call;call;call;call;call;call;call;call;call;call;call;421372353;426076857;427308167;427314573,call;call;call;call;call;call;421961206;423163427;424950341;425392837;426023290;426573210;426634262;427307746,33,228,61,,0.13,0.35,261,1597,0,False
e2b_nothinking,v6,sa,mv1,tamil,ALL,0.5,34,31,20,16,14,15,0.56,0.59,0.48,0.54,0.57,call;call;call;call;call;call;call;call;call;call;call;call;421372353;426076857;427308167;427314573,call;call;call;call;call;call;421961206;423163427;424950341;425392837;426023290;426573210;426634262;427307746,33,228,61,,0.13,0.35,261,1597,0,False
e2b_nothinking,v6,sa,mv1,tamil,ALL,0.6,34,31,20,16,14,15,0.56,0.59,0.48,0.54,0.57,call;call;call;call;call;call;call;call;call;call;call;call;421372353;426076857;427308167;427314573,call;call;call;call;call;call;421961206;423163427;424950341;425392837;426023290;426573210;426634262;427307746,33,228,61,,0.13,0.35,261,1597,0,False
e2b_nothinking,v6,sa,mv1,tamil,ALL,0.7,34,31,17,11,17,20,0.61,0.5,0.65,0.57,0.55,call;call;call;call;call;call;call;call;421372353;427308167;427314573,call;call;call;call;call;call;call;421961206;423163427;424950341;425392837;425656790;426023290;426573210;426620137;426634262;427307746,23,128,71,,0.15,0.24,151,1597,0,False
e2b_nothinking,v6,sa,mv1,tamil,ALL,0.8,34,31,17,11,17,20,0.61,0.5,0.65,0.57,0.55,call;call;call;call;call;call;call;call;421372353;427308167;427314573,call;call;call;call;call;call;call;421961206;423163427;424950341;425392837;425656790;426023290;426573210;426620137;426634262;427307746,23,127,71,,0.15,0.24,150,1597,0,False
e2b_nothinking,v6,sa,mv1,tamil,ALL,0.9,34,31,16,11,18,20,0.59,0.47,0.65,0.55,0.52,call;call;call;call;call;call;call;call;421372353;427308167;427314573,call;call;call;call;call;call;call;call;421961206;423163427;424950341;425392837;425656790;426023290;426573210;426620137;426634262;427307746,22,120,72,,0.15,0.23,142,1597,0,False
e2b_nothinking,v6,sa,mv1,tamil,ALL,0.95,34,31,0,0,34,31,,0.0,1.0,0.48,,,call;call;call;call;call;call;call;call;call;call;call;call;call;call;call;call;call;call;421961206;423104500;423163427;424950341;425392837;425656790;426023290;426573210;426593601;426597928;426620137;426633368;426634262;426647598;426662883;427307746,0,0,94,,,0.0,0,1597,0,False
e2b_nothinking,v6,sa,mv1,tamil,ALL,1.0,34,31,0,0,34,31,,0.0,1.0,0.48,,,call;call;call;call;call;call;call;call;call;call;call;call;call;call;call;call;call;call;421961206;423104500;423163427;424950341;425392837;425656790;426023290;426573210;426593601;426597928;426620137;426633368;426634262;426647598;426662883;427307746,0,0,94,,,0.0,0,1597,0,False
e2b_nothinking,v6,sa,mv1,tamil,ALL,none,34,31,24,21,10,10,0.53,0.71,0.32,0.52,0.61,call;call;call;call;call;call;call;call;call;call;call;call;call;call;421372353;426076857;427303915;427308167;427310161;427313073;427314573,call;call;call;call;423163427;424950341;425392837;426023290;426634262;427307746,41,1556,53,,0.03,0.44,1597,1597,0,False
e2b_nothinking,v6,sa_drop_invalid,mv1,tamil,PlatformMove,0.0,20,45,14,33,6,12,0.3,0.7,0.27,0.4,0.42,call;call;call;call;call;call;call;call;call;call;call;call;call;call;call;call;call;call;421372353;421961206;423163427;424950341;425392837;426076857;426593601;426620137;426633368;427303915;427307746;427308167;427310161;427313073;427314573,call;call;call;425656790;426023290;426634262,16,920,15,,0.02,0.52,936,936,0,False
e2b_nothinking,v6,sa_drop_invalid,mv1,tamil,PlatformMove,0.1,20,45,14,33,6,12,0.3,0.7,0.27,0.4,0.42,call;call;call;call;call;call;call;call;call;call;call;call;call;call;call;call;call;call;421372353;421961206;423163427;424950341;425392837;426076857;426593601;426620137;426633368;427303915;427307746;427308167;427310161;427313073;427314573,call;call;call;425656790;426023290;426634262,16,920,15,,0.02,0.52,936,936,0,False
e2b_nothinking,v6,sa_drop_invalid,mv1,tamil,PlatformMove,0.2,20,45,13,22,7,23,0.37,0.65,0.51,0.55,0.47,call;call;call;call;call;call;call;call;call;call;call;call;call;421372353;421961206;424950341;426076857;426593601;426620137;427307746;427308167;427314573,call;call;call;call;425656790;426023290;426634262,14,330,17,,0.04,0.45,344,936,0,False
e2b_nothinking,v6,sa_drop_invalid,mv1,tamil,PlatformMove,0.3,20,45,13,22,7,23,0.37,0.65,0.51,0.55,0.47,call;call;call;call;call;call;call;call;call;call;call;call;call;421372353;421961206;424950341;426076857;426593601;426620137;427307746;427308167;427314573,call;call;call;call;425656790;426023290;426634262,14,330,17,,0.04,0.45,344,936,0,False
e2b_nothinking,v6,sa_drop_invalid,mv1,tamil,PlatformMove,0.4,20,45,12,17,8,28,0.41,0.6,0.62,0.62,0.49,call;call;call;call;call;call;call;call;call;call;call;call;421372353;426593601;426620137;427308167;427314573,call;call;call;call;425656790;426023290;426573210;426634262,13,119,18,,0.1,0.42,132,936,0,False
e2b_nothinking,v6,sa_drop_invalid,mv1,tamil,PlatformMove,0.5,20,45,12,17,8,28,0.41,0.6,0.62,0.62,0.49,call;call;call;call;call;call;call;call;call;call;call;call;421372353;426593601;426620137;427308167;427314573,call;call;call;call;425656790;426023290;426573210;426634262,13,119,18,,0.1,0.42,132,936,0,False
e2b_nothinking,v6,sa_drop_invalid,mv1,tamil,PlatformMove,0.6,20,45,12,17,8,28,0.41,0.6,0.62,0.62,0.49,call;call;call;call;call;call;call;call;call;call;call;call;421372353;426593601;426620137;427308167;427314573,call;call;call;call;425656790;426023290;426573210;426634262,13,119,18,,0.1,0.42,132,936,0,False
e2b_nothinking,v6,sa_drop_invalid,mv1,tamil,PlatformMove,0.7,20,45,12,11,8,34,0.52,0.6,0.76,0.71,0.56,call;call;call;call;call;call;call;421372353;426620137;427308167;427314573,call;call;call;call;425656790;426023290;426573210;426634262,12,86,19,,0.12,0.39,98,936,0,False
e2b_nothinking,v6,sa_drop_invalid,mv1,tamil,PlatformMove,0.8,20,45,12,11,8,34,0.52,0.6,0.76,0.71,0.56,call;call;call;call;call;call;call;421372353;426620137;427308167;427314573,call;call;call;call;425656790;426023290;426573210;426634262,12,86,19,,0.12,0.39,98,936,0,False
e2b_nothinking,v6,sa_drop_invalid,mv1,tamil,PlatformMove,0.9,20,45,12,11,8,34,0.52,0.6,0.76,0.71,0.56,call;call;call;call;call;call;call;421372353;426620137;427308167;427314573,call;call;call;call;425656790;426023290;426573210;426634262,12,85,19,,0.12,0.39,97,936,0,False
e2b_nothinking,v6,sa_drop_invalid,mv1,tamil,PlatformMove,0.95,20,45,0,0,20,45,,0.0,1.0,0.69,,,call;call;call;call;call;call;call;call;call;call;call;call;423104500;425656790;426023290;426573210;426597928;426634262;426647598;426662883,0,0,31,,,0.0,0,936,0,False
e2b_nothinking,v6,sa_drop_invalid,mv1,tamil,PlatformMove,1.0,20,45,0,0,20,45,,0.0,1.0,0.69,,,call;call;call;call;call;call;call;call;call;call;call;call;423104500;425656790;426023290;426573210;426597928;426634262;426647598;426662883,0,0,31,,,0.0,0,936,0,False
e2b_nothinking,v6,sa_drop_invalid,mv1,tamil,PlatformMove,none,20,45,14,33,6,12,0.3,0.7,0.27,0.4,0.42,call;call;call;call;call;call;call;call;call;call;call;call;call;call;call;call;call;call;421372353;421961206;423163427;424950341;425392837;426076857;426593601;426620137;426633368;427303915;427307746;427308167;427310161;427313073;427314573,call;call;call;425656790;426023290;426634262,16,920,15,,0.02,0.52,936,936,0,False
e2b_nothinking,v6,sa_drop_invalid,mv1,tamil,SuspiciousActivity,0.0,11,54,8,29,3,25,0.22,0.73,0.46,0.51,0.33,call;call;call;call;call;call;call;call;call;call;call;call;call;call;call;call;call;call;call;421372353;425656790;426076857;426573210;426593601;426620137;426633368;426647598;427307746;427308167,call;423163427;426023290,8,153,5,,0.05,0.62,161,161,0,False
e2b_nothinking,v6,sa_drop_invalid,mv1,tamil,SuspiciousActivity,0.1,11,54,8,29,3,25,0.22,0.73,0.46,0.51,0.33,call;call;call;call;call;call;call;call;call;call;call;call;call;call;call;call;call;call;call;421372353;425656790;426076857;426573210;426593601;426620137;426633368;426647598;427307746;427308167,call;423163427;426023290,8,153,5,,0.05,0.62,161,161,0,False
e2b_nothinking,v6,sa_drop_invalid,mv1,tamil,SuspiciousActivity,0.2,11,54,7,28,4,26,0.2,0.64,0.48,0.51,0.3,call;call;call;call;call;call;call;call;call;call;call;call;call;call;call;call;call;call;421372353;425656790;426076857;426573210;426593601;426620137;426633368;426647598;427307746;427308167,call;call;423163427;426023290,7,125,6,,0.05,0.54,132,161,0,False
e2b_nothinking,v6,sa_drop_invalid,mv1,tamil,SuspiciousActivity,0.3,11,54,7,28,4,26,0.2,0.64,0.48,0.51,0.3,call;call;call;call;call;call;call;call;call;call;call;call;call;call;call;call;call;call;421372353;425656790;426076857;426573210;426593601;426620137;426633368;426647598;427307746;427308167,call;call;423163427;426023290,7,125,6,,0.05,0.54,132,161,0,False
e2b_nothinking,v6,sa_drop_invalid,mv1,tamil,SuspiciousActivity,0.4,11,54,7,23,4,31,0.23,0.64,0.57,0.58,0.34,call;call;call;call;call;call;call;call;call;call;call;call;call;call;call;421372353;425656790;426076857;426573210;426593601;426620137;427307746;427308167,call;call;423163427;426023290,7,66,6,,0.1,0.54,73,161,0,False
e2b_nothinking,v6,sa_drop_invalid,mv1,tamil,SuspiciousActivity,0.5,11,54,7,23,4,31,0.23,0.64,0.57,0.58,0.34,call;call;call;call;call;call;call;call;call;call;call;call;call;call;call;421372353;425656790;426076857;426573210;426593601;426620137;427307746;427308167,call;call;423163427;426023290,7,66,6,,0.1,0.54,73,161,0,False
e2b_nothinking,v6,sa_drop_invalid,mv1,tamil,SuspiciousActivity,0.6,11,54,7,23,4,31,0.23,0.64,0.57,0.58,0.34,call;call;call;call;call;call;call;call;call;call;call;call;call;call;call;421372353;425656790;426076857;426573210;426593601;426620137;427307746;427308167,call;call;423163427;426023290,7,66,6,,0.1,0.54,73,161,0,False
e2b_nothinking,v6,sa_drop_invalid,mv1,tamil,SuspiciousActivity,0.7,11,54,4,6,7,48,0.4,0.36,0.89,0.8,0.38,call;call;call;call;425656790;426573210,call;call;call;call;423163427;426023290;426597928,4,20,9,,0.17,0.31,24,161,0,False
e2b_nothinking,v6,sa_drop_invalid,mv1,tamil,SuspiciousActivity,0.8,11,54,4,5,7,49,0.44,0.36,0.91,0.82,0.4,call;call;call;425656790;426573210,call;call;call;call;423163427;426023290;426597928,4,19,9,,0.17,0.31,23,161,0,False
e2b_nothinking,v6,sa_drop_invalid,mv1,tamil,SuspiciousActivity,0.9,11,54,3,2,8,52,0.6,0.27,0.96,0.85,0.37,call;425656790,call;call;call;call;call;423163427;426023290;426597928,3,14,10,,0.18,0.23,17,161,0,False
e2b_nothinking,v6,sa_drop_invalid,mv1,tamil,SuspiciousActivity,0.95,11,54,0,0,11,54,,0.0,1.0,0.83,,,call;call;call;call;call;call;call;423104500;423163427;426023290;426597928,0,0,13,,,0.0,0,161,0,False
e2b_nothinking,v6,sa_drop_invalid,mv1,tamil,SuspiciousActivity,1.0,11,54,0,0,11,54,,0.0,1.0,0.83,,,call;call;call;call;call;call;call;423104500;423163427;426023290;426597928,0,0,13,,,0.0,0,161,0,False
e2b_nothinking,v6,sa_drop_invalid,mv1,tamil,SuspiciousActivity,none,11,54,8,29,3,25,0.22,0.73,0.46,0.51,0.33,call;call;call;call;call;call;call;call;call;call;call;call;call;call;call;call;call;call;call;421372353;425656790;426076857;426573210;426593601;426620137;426633368;426647598;427307746;427308167,call;423163427;426023290,8,153,5,,0.05,0.62,161,161,0,False
e2b_nothinking,v6,sa_drop_invalid,mv1,tamil,Explicit-Flirting,0.0,20,45,12,21,8,24,0.36,0.6,0.53,0.55,0.45,call;call;call;call;call;call;call;call;call;call;call;call;421372353;426076857;426573210;426597928;426647598;427303915;427308167;427313073;427314573,call;call;call;call;424950341;425392837;426634262;427307746,16,153,34,,0.09,0.32,169,169,0,False
e2b_nothinking,v6,sa_drop_invalid,mv1,tamil,Explicit-Flirting,0.1,20,45,12,21,8,24,0.36,0.6,0.53,0.55,0.45,call;call;call;call;call;call;call;call;call;call;call;call;421372353;426076857;426573210;426597928;426647598;427303915;427308167;427313073;427314573,call;call;call;call;424950341;425392837;426634262;427307746,16,153,34,,0.09,0.32,169,169,0,False
e2b_nothinking,v6,sa_drop_invalid,mv1,tamil,Explicit-Flirting,0.2,20,45,11,19,9,26,0.37,0.55,0.58,0.57,0.44,call;call;call;call;call;call;call;call;call;call;call;421372353;426076857;426573210;426597928;426647598;427303915;427308167;427314573,call;call;call;call;call;424950341;425392837;426634262;427307746,16,87,34,,0.16,0.32,103,169,0,False
e2b_nothinking,v6,sa_drop_invalid,mv1,tamil,Explicit-Flirting,0.3,20,45,11,19,9,26,0.37,0.55,0.58,0.57,0.44,call;call;call;call;call;call;call;call;call;call;call;421372353;426076857;426573210;426597928;426647598;427303915;427308167;427314573,call;call;call;call;call;424950341;425392837;426634262;427307746,16,87,34,,0.16,0.32,103,169,0,False
e2b_nothinking,v6,sa_drop_invalid,mv1,tamil,Explicit-Flirting,0.4,20,45,10,14,10,31,0.42,0.5,0.69,0.63,0.45,call;call;call;call;call;call;call;call;call;421372353;426076857;426573210;426597928;426647598,call;call;call;call;call;421961206;424950341;425392837;426634262;427307746,13,43,37,,0.23,0.26,56,169,0,False
e2b_nothinking,v6,sa_drop_invalid,mv1,tamil,Explicit-Flirting,0.5,20,45,10,14,10,31,0.42,0.5,0.69,0.63,0.45,call;call;call;call;call;call;call;call;call;421372353;426076857;426573210;426597928;426647598,call;call;call;call;call;421961206;424950341;425392837;426634262;427307746,13,43,37,,0.23,0.26,56,169,0,False
e2b_nothinking,v6,sa_drop_invalid,mv1,tamil,Explicit-Flirting,0.6,20,45,10,14,10,31,0.42,0.5,0.69,0.63,0.45,call;call;call;call;call;call;call;call;call;421372353;426076857;426573210;426597928;426647598,call;call;call;call;call;421961206;424950341;425392837;426634262;427307746,13,43,37,,0.23,0.26,56,169,0,False
e2b_nothinking,v6,sa_drop_invalid,mv1,tamil,Explicit-Flirting,0.7,20,45,6,9,14,36,0.4,0.3,0.8,0.65,0.34,call;call;call;call;call;421372353;426573210;426597928;426647598,call;call;call;call;call;call;421961206;424950341;425392837;425656790;426620137;426634262;426662883;427307746,7,22,43,,0.24,0.14,29,169,0,False
e2b_nothinking,v6,sa_drop_invalid,mv1,tamil,Explicit-Flirting,0.8,20,45,6,9,14,36,0.4,0.3,0.8,0.65,0.34,call;call;call;call;call;421372353;426573210;426597928;426647598,call;call;call;call;call;call;421961206;424950341;425392837;425656790;426620137;426634262;426662883;427307746,7,22,43,,0.24,0.14,29,169,0,False
e2b_nothinking,v6,sa_drop_invalid,mv1,tamil,Explicit-Flirting,0.9,20,45,6,9,14,36,0.4,0.3,0.8,0.65,0.34,call;call;call;call;call;421372353;426573210;426597928;426647598,call;call;call;call;call;call;421961206;424950341;425392837;425656790;426620137;426634262;426662883;427307746,7,21,43,,0.25,0.14,28,169,0,False
e2b_nothinking,v6,sa_drop_invalid,mv1,tamil,Explicit-Flirting,0.95,20,45,0,0,20,45,,0.0,1.0,0.69,,,call;call;call;call;call;call;call;call;call;call;421961206;424950341;425392837;425656790;426593601;426620137;426633368;426634262;426662883;427307746,0,0,50,,,0.0,0,169,0,False
e2b_nothinking,v6,sa_drop_invalid,mv1,tamil,Explicit-Flirting,1.0,20,45,0,0,20,45,,0.0,1.0,0.69,,,call;call;call;call;call;call;call;call;call;call;421961206;424950341;425392837;425656790;426593601;426620137;426633368;426634262;426662883;427307746,0,0,50,,,0.0,0,169,0,False
e2b_nothinking,v6,sa_drop_invalid,mv1,tamil,Explicit-Flirting,none,20,45,12,21,8,24,0.36,0.6,0.53,0.55,0.45,call;call;call;call;call;call;call;call;call;call;call;call;421372353;426076857;426573210;426597928;426647598;427303915;427308167;427313073;427314573,call;call;call;call;424950341;425392837;426634262;427307746,16,153,34,,0.09,0.32,169,169,0,False
e2b_nothinking,v6,sa_drop_invalid,mv1,tamil,ALL,0.0,34,31,24,21,10,10,0.53,0.71,0.32,0.52,0.61,call;call;call;call;call;call;call;call;call;call;call;call;call;call;421372353;426076857;427303915;427308167;427310161;427313073;427314573,call;call;call;call;423163427;424950341;425392837;426023290;426634262;427307746,40,1226,54,,0.03,0.43,1266,1266,331,False
e2b_nothinking,v6,sa_drop_invalid,mv1,tamil,ALL,0.1,34,31,24,21,10,10,0.53,0.71,0.32,0.52,0.61,call;call;call;call;call;call;call;call;call;call;call;call;call;call;421372353;426076857;427303915;427308167;427310161;427313073;427314573,call;call;call;call;423163427;424950341;425392837;426023290;426634262;427307746,40,1226,54,,0.03,0.43,1266,1266,331,False
e2b_nothinking,v6,sa_drop_invalid,mv1,tamil,ALL,0.2,34,31,22,17,12,14,0.56,0.65,0.45,0.55,0.6,call;call;call;call;call;call;call;call;call;call;call;call;421372353;426076857;427303915;427308167;427314573,call;call;call;call;call;call;423163427;424950341;425392837;426023290;426634262;427307746,37,542,57,,0.06,0.39,579,1266,331,False
e2b_nothinking,v6,sa_drop_invalid,mv1,tamil,ALL,0.3,34,31,22,17,12,14,0.56,0.65,0.45,0.55,0.6,call;call;call;call;call;call;call;call;call;call;call;call;421372353;426076857;427303915;427308167;427314573,call;call;call;call;call;call;423163427;424950341;425392837;426023290;426634262;427307746,37,542,57,,0.06,0.39,579,1266,331,False
e2b_nothinking,v6,sa_drop_invalid,mv1,tamil,ALL,0.4,34,31,20,16,14,15,0.56,0.59,0.48,0.54,0.57,call;call;call;call;call;call;call;call;call;call;call;call;421372353;426076857;427308167;427314573,call;call;call;call;call;call;421961206;423163427;424950341;425392837;426023290;426573210;426634262;427307746,33,228,61,,0.13,0.35,261,1266,331,False
e2b_nothinking,v6,sa_drop_invalid,mv1,tamil,ALL,0.5,34,31,20,16,14,15,0.56,0.59,0.48,0.54,0.57,call;call;call;call;call;call;call;call;call;call;call;call;421372353;426076857;427308167;427314573,call;call;call;call;call;call;421961206;423163427;424950341;425392837;426023290;426573210;426634262;427307746,33,228,61,,0.13,0.35,261,1266,331,False
e2b_nothinking,v6,sa_drop_invalid,mv1,tamil,ALL,0.6,34,31,20,16,14,15,0.56,0.59,0.48,0.54,0.57,call;call;call;call;call;call;call;call;call;call;call;call;421372353;426076857;427308167;427314573,call;call;call;call;call;call;421961206;423163427;424950341;425392837;426023290;426573210;426634262;427307746,33,228,61,,0.13,0.35,261,1266,331,False
e2b_nothinking,v6,sa_drop_invalid,mv1,tamil,ALL,0.7,34,31,17,11,17,20,0.61,0.5,0.65,0.57,0.55,call;call;call;call;call;call;call;call;421372353;427308167;427314573,call;call;call;call;call;call;call;421961206;423163427;424950341;425392837;425656790;426023290;426573210;426620137;426634262;427307746,23,128,71,,0.15,0.24,151,1266,331,False
e2b_nothinking,v6,sa_drop_invalid,mv1,tamil,ALL,0.8,34,31,17,11,17,20,0.61,0.5,0.65,0.57,0.55,call;call;call;call;call;call;call;call;421372353;427308167;427314573,call;call;call;call;call;call;call;421961206;423163427;424950341;425392837;425656790;426023290;426573210;426620137;426634262;427307746,23,127,71,,0.15,0.24,150,1266,331,False
e2b_nothinking,v6,sa_drop_invalid,mv1,tamil,ALL,0.9,34,31,16,11,18,20,0.59,0.47,0.65,0.55,0.52,call;call;call;call;call;call;call;call;421372353;427308167;427314573,call;call;call;call;call;call;call;call;421961206;423163427;424950341;425392837;425656790;426023290;426573210;426620137;426634262;427307746,22,120,72,,0.15,0.23,142,1266,331,False
e2b_nothinking,v6,sa_drop_invalid,mv1,tamil,ALL,0.95,34,31,0,0,34,31,,0.0,1.0,0.48,,,call;call;call;call;call;call;call;call;call;call;call;call;call;call;call;call;call;call;421961206;423104500;423163427;424950341;425392837;425656790;426023290;426573210;426593601;426597928;426620137;426633368;426634262;426647598;426662883;427307746,0,0,94,,,0.0,0,1266,331,False
e2b_nothinking,v6,sa_drop_invalid,mv1,tamil,ALL,1.0,34,31,0,0,34,31,,0.0,1.0,0.48,,,call;call;call;call;call;call;call;call;call;call;call;call;call;call;call;call;call;call;421961206;423104500;423163427;424950341;425392837;425656790;426023290;426573210;426593601;426597928;426620137;426633368;426634262;426647598;426662883;427307746,0,0,94,,,0.0,0,1266,331,False
e2b_nothinking,v6,sa_drop_invalid,mv1,tamil,ALL,none,34,31,24,21,10,10,0.53,0.71,0.32,0.52,0.61,call;call;call;call;call;call;call;call;call;call;call;call;call;call;421372353;426076857;427303915;427308167;427310161;427313073;427314573,call;call;call;call;423163427;424950341;425392837;426023290;426634262;427307746,40,1226,54,,0.03,0.43,1266,1266,331,False
e2b_nothinking,v6,pp_full,mv1,tamil,PlatformMove,0.0,20,45,14,33,6,12,0.3,0.7,0.27,0.4,0.42,call;call;call;call;call;call;call;call;call;call;call;call;call;call;call;call;call;call;421372353;421961206;423163427;424950341;425392837;426076857;426593601;426620137;426633368;427303915;427307746;427308167;427310161;427313073;427314573,call;call;call;425656790;426023290;426634262,16,920,15,,0.02,0.52,936,936,0,False
e2b_nothinking,v6,pp_full,mv1,tamil,PlatformMove,0.1,20,45,14,33,6,12,0.3,0.7,0.27,0.4,0.42,call;call;call;call;call;call;call;call;call;call;call;call;call;call;call;call;call;call;421372353;421961206;423163427;424950341;425392837;426076857;426593601;426620137;426633368;427303915;427307746;427308167;427310161;427313073;427314573,call;call;call;425656790;426023290;426634262,16,920,15,,0.02,0.52,936,936,0,False
e2b_nothinking,v6,pp_full,mv1,tamil,PlatformMove,0.2,20,45,13,22,7,23,0.37,0.65,0.51,0.55,0.47,call;call;call;call;call;call;call;call;call;call;call;call;call;421372353;421961206;424950341;426076857;426593601;426620137;427307746;427308167;427314573,call;call;call;call;425656790;426023290;426634262,14,330,17,,0.04,0.45,344,936,0,False
e2b_nothinking,v6,pp_full,mv1,tamil,PlatformMove,0.3,20,45,13,22,7,23,0.37,0.65,0.51,0.55,0.47,call;call;call;call;call;call;call;call;call;call;call;call;call;421372353;421961206;424950341;426076857;426593601;426620137;427307746;427308167;427314573,call;call;call;call;425656790;426023290;426634262,14,330,17,,0.04,0.45,344,936,0,False
e2b_nothinking,v6,pp_full,mv1,tamil,PlatformMove,0.4,20,45,12,11,8,34,0.52,0.6,0.76,0.71,0.56,call;call;call;call;call;call;421372353;426593601;426620137;427308167;427314573,call;call;call;call;425656790;426023290;426573210;426634262,13,87,18,,0.13,0.42,100,936,0,False
e2b_nothinking,v6,pp_full,mv1,tamil,PlatformMove,0.5,20,45,12,11,8,34,0.52,0.6,0.76,0.71,0.56,call;call;call;call;call;call;421372353;426593601;426620137;427308167;427314573,call;call;call;call;425656790;426023290;426573210;426634262,13,87,18,,0.13,0.42,100,936,0,False
e2b_nothinking,v6,pp_full,mv1,tamil,PlatformMove,0.6,20,45,12,11,8,34,0.52,0.6,0.76,0.71,0.56,call;call;call;call;call;call;421372353;426593601;426620137;427308167;427314573,call;call;call;call;425656790;426023290;426573210;426634262,13,87,18,,0.13,0.42,100,936,0,False
e2b_nothinking,v6,pp_full,mv1,tamil,PlatformMove,0.7,20,45,12,9,8,36,0.57,0.6,0.8,0.74,0.59,call;call;call;call;call;421372353;426620137;427308167;427314573,call;call;call;call;425656790;426023290;426573210;426634262,12,74,19,,0.14,0.39,86,936,0,False
e2b_nothinking,v6,pp_full,mv1,tamil,PlatformMove,0.8,20,45,12,9,8,36,0.57,0.6,0.8,0.74,0.59,call;call;call;call;call;421372353;426620137;427308167;427314573,call;call;call;call;425656790;426023290;426573210;426634262,12,74,19,,0.14,0.39,86,936,0,False
e2b_nothinking,v6,pp_full,mv1,tamil,PlatformMove,0.9,20,45,12,9,8,36,0.57,0.6,0.8,0.74,0.59,call;call;call;call;call;421372353;426620137;427308167;427314573,call;call;call;call;425656790;426023290;426573210;426634262,12,73,19,,0.14,0.39,85,936,0,False
e2b_nothinking,v6,pp_full,mv1,tamil,PlatformMove,0.95,20,45,0,0,20,45,,0.0,1.0,0.69,,,call;call;call;call;call;call;call;call;call;call;call;call;423104500;425656790;426023290;426573210;426597928;426634262;426647598;426662883,0,0,31,,,0.0,0,936,0,False
e2b_nothinking,v6,pp_full,mv1,tamil,PlatformMove,1.0,20,45,0,0,20,45,,0.0,1.0,0.69,,,call;call;call;call;call;call;call;call;call;call;call;call;423104500;425656790;426023290;426573210;426597928;426634262;426647598;426662883,0,0,31,,,0.0,0,936,0,False
e2b_nothinking,v6,pp_full,mv1,tamil,PlatformMove,none,20,45,14,33,6,12,0.3,0.7,0.27,0.4,0.42,call;call;call;call;call;call;call;call;call;call;call;call;call;call;call;call;call;call;421372353;421961206;423163427;424950341;425392837;426076857;426593601;426620137;426633368;427303915;427307746;427308167;427310161;427313073;427314573,call;call;call;425656790;426023290;426634262,16,920,15,,0.02,0.52,936,936,0,False
e2b_nothinking,v6,pp_full,mv1,tamil,SuspiciousActivity,0.0,11,54,8,29,3,25,0.22,0.73,0.46,0.51,0.33,call;call;call;call;call;call;call;call;call;call;call;call;call;call;call;call;call;call;call;421372353;425656790;426076857;426573210;426593601;426620137;426633368;426647598;427307746;427308167,call;423163427;426023290,8,153,5,,0.05,0.62,161,161,0,False
e2b_nothinking,v6,pp_full,mv1,tamil,SuspiciousActivity,0.1,11,54,8,29,3,25,0.22,0.73,0.46,0.51,0.33,call;call;call;call;call;call;call;call;call;call;call;call;call;call;call;call;call;call;call;421372353;425656790;426076857;426573210;426593601;426620137;426633368;426647598;427307746;427308167,call;423163427;426023290,8,153,5,,0.05,0.62,161,161,0,False
e2b_nothinking,v6,pp_full,mv1,tamil,SuspiciousActivity,0.2,11,54,7,28,4,26,0.2,0.64,0.48,0.51,0.3,call;call;call;call;call;call;call;call;call;call;call;call;call;call;call;call;call;call;421372353;425656790;426076857;426573210;426593601;426620137;426633368;426647598;427307746;427308167,call;call;423163427;426023290,7,125,6,,0.05,0.54,132,161,0,False
e2b_nothinking,v6,pp_full,mv1,tamil,SuspiciousActivity,0.3,11,54,7,28,4,26,0.2,0.64,0.48,0.51,0.3,call;call;call;call;call;call;call;call;call;call;call;call;call;call;call;call;call;call;421372353;425656790;426076857;426573210;426593601;426620137;426633368;426647598;427307746;427308167,call;call;423163427;426023290,7,125,6,,0.05,0.54,132,161,0,False
e2b_nothinking,v6,pp_full,mv1,tamil,SuspiciousActivity,0.4,11,54,5,10,6,44,0.33,0.45,0.81,0.75,0.38,call;call;call;call;call;call;call;425656790;426573210;427307746,call;call;call;423163427;426023290;426597928,5,32,8,,0.14,0.38,37,161,0,False
e2b_nothinking,v6,pp_full,mv1,tamil,SuspiciousActivity,0.5,11,54,5,10,6,44,0.33,0.45,0.81,0.75,0.38,call;call;call;call;call;call;call;425656790;426573210;427307746,call;call;call;423163427;426023290;426597928,5,32,8,,0.14,0.38,37,161,0,False
e2b_nothinking,v6,pp_full,mv1,tamil,SuspiciousActivity,0.6,11,54,5,10,6,44,0.33,0.45,0.81,0.75,0.38,call;call;call;call;call;call;call;425656790;426573210;427307746,call;call;call;423163427;426023290;426597928,5,32,8,,0.14,0.38,37,161,0,False
e2b_nothinking,v6,pp_full,mv1,tamil,SuspiciousActivity,0.7,11,54,4,6,7,48,0.4,0.36,0.89,0.8,0.38,call;call;call;call;425656790;426573210,call;call;call;call;423163427;426023290;426597928,4,20,9,,0.17,0.31,24,161,0,False
e2b_nothinking,v6,pp_full,mv1,tamil,SuspiciousActivity,0.8,11,54,4,5,7,49,0.44,0.36,0.91,0.82,0.4,call;call;call;425656790;426573210,call;call;call;call;423163427;426023290;426597928,4,19,9,,0.17,0.31,23,161,0,False
e2b_nothinking,v6,pp_full,mv1,tamil,SuspiciousActivity,0.9,11,54,3,2,8,52,0.6,0.27,0.96,0.85,0.37,call;425656790,call;call;call;call;call;423163427;426023290;426597928,3,14,10,,0.18,0.23,17,161,0,False
e2b_nothinking,v6,pp_full,mv1,tamil,SuspiciousActivity,0.95,11,54,0,0,11,54,,0.0,1.0,0.83,,,call;call;call;call;call;call;call;423104500;423163427;426023290;426597928,0,0,13,,,0.0,0,161,0,False
e2b_nothinking,v6,pp_full,mv1,tamil,SuspiciousActivity,1.0,11,54,0,0,11,54,,0.0,1.0,0.83,,,call;call;call;call;call;call;call;423104500;423163427;426023290;426597928,0,0,13,,,0.0,0,161,0,False
e2b_nothinking,v6,pp_full,mv1,tamil,SuspiciousActivity,none,11,54,8,29,3,25,0.22,0.73,0.46,0.51,0.33,call;call;call;call;call;call;call;call;call;call;call;call;call;call;call;call;call;call;call;421372353;425656790;426076857;426573210;426593601;426620137;426633368;426647598;427307746;427308167,call;423163427;426023290,8,153,5,,0.05,0.62,161,161,0,False
e2b_nothinking,v6,pp_full,mv1,tamil,Explicit-Flirting,0.0,20,45,12,21,8,24,0.36,0.6,0.53,0.55,0.45,call;call;call;call;call;call;call;call;call;call;call;call;421372353;426076857;426573210;426597928;426647598;427303915;427308167;427313073;427314573,call;call;call;call;424950341;425392837;426634262;427307746,16,153,34,,0.09,0.32,169,169,0,False
e2b_nothinking,v6,pp_full,mv1,tamil,Explicit-Flirting,0.1,20,45,12,21,8,24,0.36,0.6,0.53,0.55,0.45,call;call;call;call;call;call;call;call;call;call;call;call;421372353;426076857;426573210;426597928;426647598;427303915;427308167;427313073;427314573,call;call;call;call;424950341;425392837;426634262;427307746,16,153,34,,0.09,0.32,169,169,0,False
e2b_nothinking,v6,pp_full,mv1,tamil,Explicit-Flirting,0.2,20,45,11,19,9,26,0.37,0.55,0.58,0.57,0.44,call;call;call;call;call;call;call;call;call;call;call;421372353;426076857;426573210;426597928;426647598;427303915;427308167;427314573,call;call;call;call;call;424950341;425392837;426634262;427307746,16,87,34,,0.16,0.32,103,169,0,False
e2b_nothinking,v6,pp_full,mv1,tamil,Explicit-Flirting,0.3,20,45,11,19,9,26,0.37,0.55,0.58,0.57,0.44,call;call;call;call;call;call;call;call;call;call;call;421372353;426076857;426573210;426597928;426647598;427303915;427308167;427314573,call;call;call;call;call;424950341;425392837;426634262;427307746,16,87,34,,0.16,0.32,103,169,0,False
e2b_nothinking,v6,pp_full,mv1,tamil,Explicit-Flirting,0.4,20,45,6,10,14,35,0.38,0.3,0.78,0.63,0.33,call;call;call;call;call;call;421372353;426573210;426597928;426647598,call;call;call;call;call;call;421961206;424950341;425392837;425656790;426620137;426634262;426662883;427307746,8,28,42,,0.22,0.16,36,169,0,False
e2b_nothinking,v6,pp_full,mv1,tamil,Explicit-Flirting,0.5,20,45,6,10,14,35,0.38,0.3,0.78,0.63,0.33,call;call;call;call;call;call;421372353;426573210;426597928;426647598,call;call;call;call;call;call;421961206;424950341;425392837;425656790;426620137;426634262;426662883;427307746,8,28,42,,0.22,0.16,36,169,0,False
e2b_nothinking,v6,pp_full,mv1,tamil,Explicit-Flirting,0.6,20,45,6,10,14,35,0.38,0.3,0.78,0.63,0.33,call;call;call;call;call;call;421372353;426573210;426597928;426647598,call;call;call;call;call;call;421961206;424950341;425392837;425656790;426620137;426634262;426662883;427307746,8,28,42,,0.22,0.16,36,169,0,False
e2b_nothinking,v6,pp_full,mv1,tamil,Explicit-Flirting,0.7,20,45,6,9,14,36,0.4,0.3,0.8,0.65,0.34,call;call;call;call;call;421372353;426573210;426597928;426647598,call;call;call;call;call;call;421961206;424950341;425392837;425656790;426620137;426634262;426662883;427307746,7,22,43,,0.24,0.14,29,169,0,False
e2b_nothinking,v6,pp_full,mv1,tamil,Explicit-Flirting,0.8,20,45,6,9,14,36,0.4,0.3,0.8,0.65,0.34,call;call;call;call;call;421372353;426573210;426597928;426647598,call;call;call;call;call;call;421961206;424950341;425392837;425656790;426620137;426634262;426662883;427307746,7,22,43,,0.24,0.14,29,169,0,False
e2b_nothinking,v6,pp_full,mv1,tamil,Explicit-Flirting,0.9,20,45,6,9,14,36,0.4,0.3,0.8,0.65,0.34,call;call;call;call;call;421372353;426573210;426597928;426647598,call;call;call;call;call;call;421961206;424950341;425392837;425656790;426620137;426634262;426662883;427307746,7,21,43,,0.25,0.14,28,169,0,False
e2b_nothinking,v6,pp_full,mv1,tamil,Explicit-Flirting,0.95,20,45,0,0,20,45,,0.0,1.0,0.69,,,call;call;call;call;call;call;call;call;call;call;421961206;424950341;425392837;425656790;426593601;426620137;426633368;426634262;426662883;427307746,0,0,50,,,0.0,0,169,0,False
e2b_nothinking,v6,pp_full,mv1,tamil,Explicit-Flirting,1.0,20,45,0,0,20,45,,0.0,1.0,0.69,,,call;call;call;call;call;call;call;call;call;call;421961206;424950341;425392837;425656790;426593601;426620137;426633368;426634262;426662883;427307746,0,0,50,,,0.0,0,169,0,False
e2b_nothinking,v6,pp_full,mv1,tamil,Explicit-Flirting,none,20,45,12,21,8,24,0.36,0.6,0.53,0.55,0.45,call;call;call;call;call;call;call;call;call;call;call;call;421372353;426076857;426573210;426597928;426647598;427303915;427308167;427313073;427314573,call;call;call;call;424950341;425392837;426634262;427307746,16,153,34,,0.09,0.32,169,169,0,False
e2b_nothinking,v6,pp_full,mv1,tamil,ALL,0.0,34,31,24,21,10,10,0.53,0.71,0.32,0.52,0.61,call;call;call;call;call;call;call;call;call;call;call;call;call;call;421372353;426076857;427303915;427308167;427310161;427313073;427314573,call;call;call;call;423163427;424950341;425392837;426023290;426634262;427307746,40,1226,54,,0.03,0.43,1266,1266,331,False
e2b_nothinking,v6,pp_full,mv1,tamil,ALL,0.1,34,31,24,21,10,10,0.53,0.71,0.32,0.52,0.61,call;call;call;call;call;call;call;call;call;call;call;call;call;call;421372353;426076857;427303915;427308167;427310161;427313073;427314573,call;call;call;call;423163427;424950341;425392837;426023290;426634262;427307746,40,1226,54,,0.03,0.43,1266,1266,331,False
e2b_nothinking,v6,pp_full,mv1,tamil,ALL,0.2,34,31,22,17,12,14,0.56,0.65,0.45,0.55,0.6,call;call;call;call;call;call;call;call;call;call;call;call;421372353;426076857;427303915;427308167;427314573,call;call;call;call;call;call;423163427;424950341;425392837;426023290;426634262;427307746,37,542,57,,0.06,0.39,579,1266,331,False
e2b_nothinking,v6,pp_full,mv1,tamil,ALL,0.3,34,31,22,17,12,14,0.56,0.65,0.45,0.55,0.6,call;call;call;call;call;call;call;call;call;call;call;call;421372353;426076857;427303915;427308167;427314573,call;call;call;call;call;call;423163427;424950341;425392837;426023290;426634262;427307746,37,542,57,,0.06,0.39,579,1266,331,False
e2b_nothinking,v6,pp_full,mv1,tamil,ALL,0.4,34,31,17,13,17,18,0.57,0.5,0.58,0.54,0.53,call;call;call;call;call;call;call;call;call;call;421372353;427308167;427314573,call;call;call;call;call;call;call;421961206;423163427;424950341;425392837;425656790;426023290;426573210;426620137;426634262;427307746,26,147,68,,0.15,0.28,173,1266,331,False
e2b_nothinking,v6,pp_full,mv1,tamil,ALL,0.5,34,31,17,13,17,18,0.57,0.5,0.58,0.54,0.53,call;call;call;call;call;call;call;call;call;call;421372353;427308167;427314573,call;call;call;call;call;call;call;421961206;423163427;424950341;425392837;425656790;426023290;426573210;426620137;426634262;427307746,26,147,68,,0.15,0.28,173,1266,331,False
e2b_nothinking,v6,pp_full,mv1,tamil,ALL,0.6,34,31,17,13,17,18,0.57,0.5,0.58,0.54,0.53,call;call;call;call;call;call;call;call;call;call;421372353;427308167;427314573,call;call;call;call;call;call;call;421961206;423163427;424950341;425392837;425656790;426023290;426573210;426620137;426634262;427307746,26,147,68,,0.15,0.28,173,1266,331,False
e2b_nothinking,v6,pp_full,mv1,tamil,ALL,0.7,34,31,17,11,17,20,0.61,0.5,0.65,0.57,0.55,call;call;call;call;call;call;call;call;421372353;427308167;427314573,call;call;call;call;call;call;call;421961206;423163427;424950341;425392837;425656790;426023290;426573210;426620137;426634262;427307746,23,116,71,,0.17,0.24,139,1266,331,False
e2b_nothinking,v6,pp_full,mv1,tamil,ALL,0.8,34,31,17,11,17,20,0.61,0.5,0.65,0.57,0.55,call;call;call;call;call;call;call;call;421372353;427308167;427314573,call;call;call;call;call;call;call;421961206;423163427;424950341;425392837;425656790;426023290;426573210;426620137;426634262;427307746,23,115,71,,0.17,0.24,138,1266,331,False
e2b_nothinking,v6,pp_full,mv1,tamil,ALL,0.9,34,31,16,11,18,20,0.59,0.47,0.65,0.55,0.52,call;call;call;call;call;call;call;call;421372353;427308167;427314573,call;call;call;call;call;call;call;call;421961206;423163427;424950341;425392837;425656790;426023290;426573210;426620137;426634262;427307746,22,108,72,,0.17,0.23,130,1266,331,False
e2b_nothinking,v6,pp_full,mv1,tamil,ALL,0.95,34,31,0,0,34,31,,0.0,1.0,0.48,,,call;call;call;call;call;call;call;call;call;call;call;call;call;call;call;call;call;call;421961206;423104500;423163427;424950341;425392837;425656790;426023290;426573210;426593601;426597928;426620137;426633368;426634262;426647598;426662883;427307746,0,0,94,,,0.0,0,1266,331,False
e2b_nothinking,v6,pp_full,mv1,tamil,ALL,1.0,34,31,0,0,34,31,,0.0,1.0,0.48,,,call;call;call;call;call;call;call;call;call;call;call;call;call;call;call;call;call;call;421961206;423104500;423163427;424950341;425392837;425656790;426023290;426573210;426593601;426597928;426620137;426633368;426634262;426647598;426662883;427307746,0,0,94,,,0.0,0,1266,331,False
e2b_nothinking,v6,pp_full,mv1,tamil,ALL,none,34,31,24,21,10,10,0.53,0.71,0.32,0.52,0.61,call;call;call;call;call;call;call;call;call;call;call;call;call;call;421372353;426076857;427303915;427308167;427310161;427313073;427314573,call;call;call;call;423163427;424950341;425392837;426023290;426634262;427307746,40,1226,54,,0.03,0.43,1266,1266,331,False
e2b_nothinking,v6,raw,mv1,telugu,PlatformMove,0.0,33,40,23,29,10,11,0.44,0.7,0.28,0.47,0.54,call;call;call;call;call;call;call;call;call;call;call;call;call;call;call;call;425908372;426582734;426649193;426652242;426848544;427305871;427305885;427305984;427306227;427306761;427307149;427307153;427307170,call;call;call;call;call;call;426303789;426439325;426534420;426639345,26,1133,21,,0.02,0.55,1159,1160,0,False
e2b_nothinking,v6,raw,mv1,telugu,PlatformMove,0.1,33,40,23,29,10,11,0.44,0.7,0.28,0.47,0.54,call;call;call;call;call;call;call;call;call;call;call;call;call;call;call;call;425908372;426582734;426649193;426652242;426848544;427305871;427305885;427305984;427306227;427306761;427307149;427307153;427307170,call;call;call;call;call;call;426303789;426439325;426534420;426639345,26,1133,21,,0.02,0.55,1159,1160,0,False
e2b_nothinking,v6,raw,mv1,telugu,PlatformMove,0.2,33,40,21,21,12,19,0.5,0.64,0.47,0.55,0.56,call;call;call;call;call;call;call;call;call;call;call;call;425908372;426582734;426652242;426848544;427305871;427305885;427305984;427307149;427307153,call;call;call;call;call;call;call;426252346;426303789;426439325;426534420;426639345,23,373,24,,0.06,0.49,396,1160,0,False
e2b_nothinking,v6,raw,mv1,telugu,PlatformMove,0.3,33,40,21,21,12,19,0.5,0.64,0.47,0.55,0.56,call;call;call;call;call;call;call;call;call;call;call;call;425908372;426582734;426652242;426848544;427305871;427305885;427305984;427307149;427307153,call;call;call;call;call;call;call;426252346;426303789;426439325;426534420;426639345,23,371,24,,0.06,0.49,394,1160,0,False
e2b_nothinking,v6,raw,mv1,telugu,PlatformMove,0.4,33,40,21,16,12,24,0.57,0.64,0.6,0.62,0.6,call;call;call;call;call;call;call;call;call;call;425908372;426582734;426848544;427305871;427305885;427305984,call;call;call;call;call;call;call;426252346;426303789;426439325;426534420;426639345,23,159,24,,0.13,0.49,182,1160,0,False
e2b_nothinking,v6,raw,mv1,telugu,PlatformMove,0.5,33,40,21,16,12,24,0.57,0.64,0.6,0.62,0.6,call;call;call;call;call;call;call;call;call;call;425908372;426582734;426848544;427305871;427305885;427305984,call;call;call;call;call;call;call;426252346;426303789;426439325;426534420;426639345,23,159,24,,0.13,0.49,182,1160,0,False
e2b_nothinking,v6,raw,mv1,telugu,PlatformMove,0.6,33,40,21,16,12,24,0.57,0.64,0.6,0.62,0.6,call;call;call;call;call;call;call;call;call;call;425908372;426582734;426848544;427305871;427305885;427305984,call;call;call;call;call;call;call;426252346;426303789;426439325;426534420;426639345,23,159,24,,0.13,0.49,182,1160,0,False
e2b_nothinking,v6,raw,mv1,telugu,PlatformMove,0.7,33,40,18,8,15,32,0.69,0.55,0.8,0.68,0.61,call;call;call;call;call;call;call;426582734,call;call;call;call;call;call;call;call;425912424;426252346;426303789;426439325;426534420;426639345;426642159,21,119,26,,0.15,0.45,140,1160,0,False
e2b_nothinking,v6,raw,mv1,telugu,PlatformMove,0.8,33,40,18,8,15,32,0.69,0.55,0.8,0.68,0.61,call;call;call;call;call;call;call;426582734,call;call;call;call;call;call;call;call;425912424;426252346;426303789;426439325;426534420;426639345;426642159,21,119,26,,0.15,0.45,140,1160,0,False
e2b_nothinking,v6,raw,mv1,telugu,PlatformMove,0.9,33,40,18,8,15,32,0.69,0.55,0.8,0.68,0.61,call;call;call;call;call;call;call;426582734,call;call;call;call;call;call;call;call;425912424;426252346;426303789;426439325;426534420;426639345;426642159,21,117,26,,0.15,0.45,138,1160,0,False
e2b_nothinking,v6,raw,mv1,telugu,PlatformMove,0.95,33,40,0,0,33,40,,0.0,1.0,0.55,,,call;call;call;call;call;call;call;call;call;call;call;call;call;call;call;call;call;call;call;call;call;call;425912424;426226216;426252346;426303789;426363836;426408577;426439325;426534420;426639345;426642159;426645015,0,0,47,,,0.0,0,1160,0,False
e2b_nothinking,v6,raw,mv1,telugu,PlatformMove,1.0,33,40,0,0,33,40,,0.0,1.0,0.55,,,call;call;call;call;call;call;call;call;call;call;call;call;call;call;call;call;call;call;call;call;call;call;425912424;426226216;426252346;426303789;426363836;426408577;426439325;426534420;426639345;426642159;426645015,0,0,47,,,0.0,0,1160,0,False
e2b_nothinking,v6,raw,mv1,telugu,PlatformMove,none,33,40,23,29,10,11,0.44,0.7,0.28,0.47,0.54,call;call;call;call;call;call;call;call;call;call;call;call;call;call;call;call;425908372;426582734;426649193;426652242;426848544;427305871;427305885;427305984;427306227;427306761;427307149;427307153;427307170,call;call;call;call;call;call;426303789;426439325;426534420;426639345,26,1134,21,,0.02,0.55,1160,1160,0,False
e2b_nothinking,v6,raw,mv1,telugu,SuspiciousActivity,0.0,21,52,17,30,4,22,0.36,0.81,0.42,0.53,0.5,call;call;call;call;call;call;call;call;call;call;call;call;call;call;425908372;425912424;426226216;426252346;426303789;426439325;426582734;426639345;426645015;426652242;426848544;427305871;427305885;427305984;427307149;427307153,call;call;426534420;427306879,21,210,9,,0.09,0.7,231,231,0,False
e2b_nothinking,v6,raw,mv1,telugu,SuspiciousActivity,0.1,21,52,17,30,4,22,0.36,0.81,0.42,0.53,0.5,call;call;call;call;call;call;call;call;call;call;call;call;call;call;425908372;425912424;426226216;426252346;426303789;426439325;426582734;426639345;426645015;426652242;426848544;427305871;427305885;427305984;427307149;427307153,call;call;426534420;427306879,21,210,9,,0.09,0.7,231,231,0,False
e2b_nothinking,v6,raw,mv1,telugu,SuspiciousActivity,0.2,21,52,17,29,4,23,0.37,0.81,0.44,0.55,0.51,call;call;call;call;call;call;call;call;call;call;call;call;call;425908372;425912424;426226216;426252346;426303789;426439325;426582734;426639345;426645015;426652242;426848544;427305871;427305885;427305984;427307149;427307153,call;call;426534420;427306879,20,158,10,,0.11,0.67,178,231,0,False
e2b_nothinking,v6,raw,mv1,telugu,SuspiciousActivity,0.3,21,52,17,29,4,23,0.37,0.81,0.44,0.55,0.51,call;call;call;call;call;call;call;call;call;call;call;call;call;425908372;425912424;426226216;426252346;426303789;426439325;426582734;426639345;426645015;426652242;426848544;427305871;427305885;427305984;427307149;427307153,call;call;426534420;427306879,20,158,10,,0.11,0.67,178,231,0,False
e2b_nothinking,v6,raw,mv1,telugu,SuspiciousActivity,0.4,21,52,17,21,4,31,0.45,0.81,0.6,0.66,0.58,call;call;call;call;call;call;call;call;call;call;425908372;426226216;426252346;426303789;426582734;426639345;426645015;426652242;427305871;427307149;427307153,call;call;426534420;427306879,20,86,10,,0.19,0.67,106,231,0,False
e2b_nothinking,v6,raw,mv1,telugu,SuspiciousActivity,0.5,21,52,17,21,4,31,0.45,0.81,0.6,0.66,0.58,call;call;call;call;call;call;call;call;call;call;425908372;426226216;426252346;426303789;426582734;426639345;426645015;426652242;427305871;427307149;427307153,call;call;426534420;427306879,20,86,10,,0.19,0.67,106,231,0,False
e2b_nothinking,v6,raw,mv1,telugu,SuspiciousActivity,0.6,21,52,17,21,4,31,0.45,0.81,0.6,0.66,0.58,call;call;call;call;call;call;call;call;call;call;425908372;426226216;426252346;426303789;426582734;426639345;426645015;426652242;427305871;427307149;427307153,call;call;426534420;427306879,20,86,10,,0.19,0.67,106,231,0,False
e2b_nothinking,v6,raw,mv1,telugu,SuspiciousActivity,0.7,21,52,12,7,9,45,0.63,0.57,0.87,0.78,0.6,call;call;call;call;426226216;426252346;426303789,call;call;call;call;call;call;call;426534420;427306879,13,29,17,,0.31,0.43,42,231,0,False
e2b_nothinking,v6,raw,mv1,telugu,SuspiciousActivity,0.8,21,52,11,7,10,45,0.61,0.52,0.87,0.77,0.56,call;call;call;call;426226216;426252346;426303789,call;call;call;call;call;call;call;call;426534420;427306879,12,28,18,,0.3,0.4,40,231,0,False
e2b_nothinking,v6,raw,mv1,telugu,SuspiciousActivity,0.9,21,52,10,7,11,45,0.59,0.48,0.87,0.75,0.53,call;call;call;call;426226216;426252346;426303789,call;call;call;call;call;call;call;call;426534420;426642159;427306879,11,26,19,,0.3,0.37,37,231,0,False
e2b_nothinking,v6,raw,mv1,telugu,SuspiciousActivity,0.95,21,52,0,0,21,52,,0.0,1.0,0.71,,,call;call;call;call;call;call;call;call;call;call;call;call;call;call;call;call;426408577;426534420;426578327;426642159;427306879,0,0,30,,,0.0,0,231,0,False
e2b_nothinking,v6,raw,mv1,telugu,SuspiciousActivity,1.0,21,52,0,0,21,52,,0.0,1.0,0.71,,,call;call;call;call;call;call;call;call;call;call;call;call;call;call;call;call;426408577;426534420;426578327;426642159;427306879,0,0,30,,,0.0,0,231,0,False
e2b_nothinking,v6,raw,mv1,telugu,SuspiciousActivity,none,21,52,17,30,4,22,0.36,0.81,0.42,0.53,0.5,call;call;call;call;call;call;call;call;call;call;call;call;call;call;425908372;425912424;426226216;426252346;426303789;426439325;426582734;426639345;426645015;426652242;426848544;427305871;427305885;427305984;427307149;427307153,call;call;426534420;427306879,21,210,9,,0.09,0.7,231,231,0,False
e2b_nothinking,v6,raw,mv1,telugu,Explicit-Flirting,0.0,25,48,14,16,11,32,0.47,0.56,0.67,0.63,0.51,call;call;call;call;call;call;call;call;call;426303789;426408577;426645015;426857244;427305984;427307149;427307153,call;call;call;call;call;call;call;426252346;426848544;427306227;427306761,15,172,32,,0.08,0.32,187,187,0,False
e2b_nothinking,v6,raw,mv1,telugu,Explicit-Flirting,0.1,25,48,14,16,11,32,0.47,0.56,0.67,0.63,0.51,call;call;call;call;call;call;call;call;call;426303789;426408577;426645015;426857244;427305984;427307149;427307153,call;call;call;call;call;call;call;426252346;426848544;427306227;427306761,15,172,32,,0.08,0.32,187,187,0,False
e2b_nothinking,v6,raw,mv1,telugu,Explicit-Flirting,0.2,25,48,10,13,15,35,0.43,0.4,0.73,0.62,0.42,call;call;call;call;call;call;call;call;426303789;426408577;426645015;426857244;427307149,call;call;call;call;call;call;call;call;425912424;426252346;426649193;426652242;426848544;427306227;427306761,10,112,37,,0.08,0.21,122,187,0,False
e2b_nothinking,v6,raw,mv1,telugu,Explicit-Flirting,0.3,25,48,10,13,15,35,0.43,0.4,0.73,0.62,0.42,call;call;call;call;call;call;call;call;426303789;426408577;426645015;426857244;427307149,call;call;call;call;call;call;call;call;425912424;426252346;426649193;426652242;426848544;427306227;427306761,10,112,37,,0.08,0.21,122,187,0,False
e2b_nothinking,v6,raw,mv1,telugu,Explicit-Flirting,0.4,25,48,7,7,18,41,0.5,0.28,0.85,0.66,0.36,call;call;call;call;426303789;426408577;426857244,call;call;call;call;call;call;call;call;call;call;425912424;426252346;426534420;426649193;426652242;426848544;427306227;427306761,7,68,40,,0.09,0.15,75,187,0,False
e2b_nothinking,v6,raw,mv1,telugu,Explicit-Flirting,0.5,25,48,7,7,18,41,0.5,0.28,0.85,0.66,0.36,call;call;call;call;426303789;426408577;426857244,call;call;call;call;call;call;call;call;call;call;425912424;426252346;426534420;426649193;426652242;426848544;427306227;427306761,7,68,40,,0.09,0.15,75,187,0,False
e2b_nothinking,v6,raw,mv1,telugu,Explicit-Flirting,0.6,25,48,7,7,18,41,0.5,0.28,0.85,0.66,0.36,call;call;call;call;426303789;426408577;426857244,call;call;call;call;call;call;call;call;call;call;425912424;426252346;426534420;426649193;426652242;426848544;427306227;427306761,7,68,40,,0.09,0.15,75,187,0,False
e2b_nothinking,v6,raw,mv1,telugu,Explicit-Flirting,0.7,25,48,7,4,18,44,0.64,0.28,0.92,0.7,0.39,call;call;call;426408577,call;call;call;call;call;call;call;call;call;call;425912424;426252346;426534420;426649193;426652242;426848544;427306227;427306761,7,31,40,,0.18,0.15,38,187,0,False
e2b_nothinking,v6,raw,mv1,telugu,Explicit-Flirting,0.8,25,48,7,4,18,44,0.64,0.28,0.92,0.7,0.39,call;call;call;426408577,call;call;call;call;call;call;call;call;call;call;425912424;426252346;426534420;426649193;426652242;426848544;427306227;427306761,7,31,40,,0.18,0.15,38,187,0,False
e2b_nothinking,v6,raw,mv1,telugu,Explicit-Flirting,0.9,25,48,7,3,18,45,0.7,0.28,0.94,0.71,0.4,call;call;426408577,call;call;call;call;call;call;call;call;call;call;425912424;426252346;426534420;426649193;426652242;426848544;427306227;427306761,7,29,40,,0.19,0.15,36,187,0,False
e2b_nothinking,v6,raw,mv1,telugu,Explicit-Flirting,0.95,25,48,0,0,25,48,,0.0,1.0,0.66,,,call;call;call;call;call;call;call;call;call;call;call;call;call;425908372;425912424;426252346;426363836;426534420;426582734;426642159;426649193;426652242;426848544;427306227;427306761,0,0,47,,,0.0,0,187,0,False
e2b_nothinking,v6,raw,mv1,telugu,Explicit-Flirting,1.0,25,48,0,0,25,48,,0.0,1.0,0.66,,,call;call;call;call;call;call;call;call;call;call;call;call;call;425908372;425912424;426252346;426363836;426534420;426582734;426642159;426649193;426652242;426848544;427306227;427306761,0,0,47,,,0.0,0,187,0,False
e2b_nothinking,v6,raw,mv1,telugu,Explicit-Flirting,none,25,48,14,16,11,32,0.47,0.56,0.67,0.63,0.51,call;call;call;call;call;call;call;call;call;426303789;426408577;426645015;426857244;427305984;427307149;427307153,call;call;call;call;call;call;call;426252346;426848544;427306227;427306761,15,172,32,,0.08,0.32,187,187,0,False
e2b_nothinking,v6,raw,mv1,telugu,ALL,0.0,56,17,39,10,17,7,0.8,0.7,0.41,0.63,0.74,call;call;426857244;427305871;427305885;427305984;427306937;427307149;427307153;427307170,call;call;call;call;call;call;call;call;call;call;426303789;426439325;426639345;426848544;427306227;427306761;427306879,62,1838,62,,0.03,0.5,1900,2023,0,False
e2b_nothinking,v6,raw,mv1,telugu,ALL,0.1,56,17,39,10,17,7,0.8,0.7,0.41,0.63,0.74,call;call;426857244;427305871;427305885;427305984;427306937;427307149;427307153;427307170,call;call;call;call;call;call;call;call;call;call;426303789;426439325;426639345;426848544;427306227;427306761;427306879,62,1821,62,,0.03,0.5,1883,2023,0,False
e2b_nothinking,v6,raw,mv1,telugu,ALL,0.2,56,17,36,9,20,8,0.8,0.64,0.47,0.6,0.71,call;call;426857244;427305871;427305885;427305984;427306937;427307149;427307153,call;call;call;call;call;call;call;call;call;call;426252346;426303789;426439325;426639345;426649193;426652242;426848544;427306227;427306761;427306879,53,846,71,,0.06,0.43,899,2023,0,False
e2b_nothinking,v6,raw,mv1,telugu,ALL,0.3,56,17,36,9,20,8,0.8,0.64,0.47,0.6,0.71,call;call;426857244;427305871;427305885;427305984;427306937;427307149;427307153,call;call;call;call;call;call;call;call;call;call;426252346;426303789;426439325;426639345;426649193;426652242;426848544;427306227;427306761;427306879,53,844,71,,0.06,0.43,897,2023,0,False
e2b_nothinking,v6,raw,mv1,telugu,ALL,0.4,56,17,33,8,23,9,0.8,0.59,0.53,0.58,0.68,call;call;426857244;427305871;427305885;427305984;427307149;427307153,call;call;call;call;call;call;call;call;call;call;call;call;426252346;426303789;426439325;426534420;426639345;426649193;426652242;426848544;427306227;427306761;427306879,50,313,74,,0.14,0.4,363,2023,0,False
e2b_nothinking,v6,raw,mv1,telugu,ALL,0.5,56,17,33,8,23,9,0.8,0.59,0.53,0.58,0.68,call;call;426857244;427305871;427305885;427305984;427307149;427307153,call;call;call;call;call;call;call;call;call;call;call;call;426252346;426303789;426439325;426534420;426639345;426649193;426652242;426848544;427306227;427306761;427306879,50,313,74,,0.14,0.4,363,2023,0,False
e2b_nothinking,v6,raw,mv1,telugu,ALL,0.6,56,17,33,8,23,9,0.8,0.59,0.53,0.58,0.68,call;call;426857244;427305871;427305885;427305984;427307149;427307153,call;call;call;call;call;call;call;call;call;call;call;call;426252346;426303789;426439325;426534420;426639345;426649193;426652242;426848544;427306227;427306761;427306879,50,313,74,,0.14,0.4,363,2023,0,False
e2b_nothinking,v6,raw,mv1,telugu,ALL,0.7,56,17,27,1,29,16,0.96,0.48,0.94,0.59,0.64,call,call;call;call;call;call;call;call;call;call;call;call;call;call;call;call;call;call;425912424;426252346;426303789;426439325;426534420;426639345;426649193;426652242;426848544;427306227;427306761;427306879,41,179,83,,0.19,0.33,220,2023,0,False
e2b_nothinking,v6,raw,mv1,telugu,ALL,0.8,56,17,26,1,30,16,0.96,0.46,0.94,0.58,0.63,call,call;call;call;call;call;call;call;call;call;call;call;call;call;call;call;call;call;call;425912424;426252346;426303789;426439325;426534420;426639345;426649193;426652242;426848544;427306227;427306761;427306879,40,178,84,,0.18,0.32,218,2023,0,False
e2b_nothinking,v6,raw,mv1,telugu,ALL,0.9,56,17,26,1,30,16,0.96,0.46,0.94,0.58,0.63,call,call;call;call;call;call;call;call;call;call;call;call;call;call;call;call;call;call;call;425912424;426252346;426303789;426439325;426534420;426639345;426649193;426652242;426848544;427306227;427306761;427306879,39,172,85,,0.18,0.31,211,2023,0,False
e2b_nothinking,v6,raw,mv1,telugu,ALL,0.95,56,17,0,0,56,17,,0.0,1.0,0.23,,,call;call;call;call;call;call;call;call;call;call;call;call;call;call;call;call;call;call;call;call;call;call;call;call;call;call;call;call;call;call;call;call;call;call;call;call;425908372;425912424;426226216;426252346;426303789;426363836;426408577;426439325;426534420;426578327;426582734;426639345;426642159;426645015;426649193;426652242;426848544;427306227;427306761;427306879,0,0,124,,,0.0,0,2023,0,False
e2b_nothinking,v6,raw,mv1,telugu,ALL,1.0,56,17,0,0,56,17,,0.0,1.0,0.23,,,call;call;call;call;call;call;call;call;call;call;call;call;call;call;call;call;call;call;call;call;call;call;call;call;call;call;call;call;call;call;call;call;call;call;call;call;425908372;425912424;426226216;426252346;426303789;426363836;426408577;426439325;426534420;426578327;426582734;426639345;426642159;426645015;426649193;426652242;426848544;427306227;427306761;427306879,0,0,124,,,0.0,0,2023,0,False
e2b_nothinking,v6,raw,mv1,telugu,ALL,none,56,17,39,11,17,6,0.78,0.7,0.35,0.62,0.74,call;call;call;426857244;427305871;427305885;427305984;427306937;427307149;427307153;427307170,call;call;call;call;call;call;call;call;call;call;426303789;426439325;426639345;426848544;427306227;427306761;427306879,62,1961,62,,0.03,0.5,2023,2023,0,False
e2b_nothinking,v6,sa,mv1,telugu,PlatformMove,0.0,33,40,23,29,10,11,0.44,0.7,0.28,0.47,0.54,call;call;call;call;call;call;call;call;call;call;call;call;call;call;call;call;425908372;426582734;426649193;426652242;426848544;427305871;427305885;427305984;427306227;427306761;427307149;427307153;427307170,call;call;call;call;call;call;426303789;426439325;426534420;426639345,26,1134,21,,0.02,0.55,1160,1160,0,False
e2b_nothinking,v6,sa,mv1,telugu,PlatformMove,0.1,33,40,23,29,10,11,0.44,0.7,0.28,0.47,0.54,call;call;call;call;call;call;call;call;call;call;call;call;call;call;call;call;425908372;426582734;426649193;426652242;426848544;427305871;427305885;427305984;427306227;427306761;427307149;427307153;427307170,call;call;call;call;call;call;426303789;426439325;426534420;426639345,26,1133,21,,0.02,0.55,1159,1160,0,False
e2b_nothinking,v6,sa,mv1,telugu,PlatformMove,0.2,33,40,21,21,12,19,0.5,0.64,0.47,0.55,0.56,call;call;call;call;call;call;call;call;call;call;call;call;425908372;426582734;426652242;426848544;427305871;427305885;427305984;427307149;427307153,call;call;call;call;call;call;call;426252346;426303789;426439325;426534420;426639345,23,373,24,,0.06,0.49,396,1160,0,False
e2b_nothinking,v6,sa,mv1,telugu,PlatformMove,0.3,33,40,21,21,12,19,0.5,0.64,0.47,0.55,0.56,call;call;call;call;call;call;call;call;call;call;call;call;425908372;426582734;426652242;426848544;427305871;427305885;427305984;427307149;427307153,call;call;call;call;call;call;call;426252346;426303789;426439325;426534420;426639345,23,371,24,,0.06,0.49,394,1160,0,False
e2b_nothinking,v6,sa,mv1,telugu,PlatformMove,0.4,33,40,21,16,12,24,0.57,0.64,0.6,0.62,0.6,call;call;call;call;call;call;call;call;call;call;425908372;426582734;426848544;427305871;427305885;427305984,call;call;call;call;call;call;call;426252346;426303789;426439325;426534420;426639345,23,154,24,,0.13,0.49,177,1160,0,False
e2b_nothinking,v6,sa,mv1,telugu,PlatformMove,0.5,33,40,21,16,12,24,0.57,0.64,0.6,0.62,0.6,call;call;call;call;call;call;call;call;call;call;425908372;426582734;426848544;427305871;427305885;427305984,call;call;call;call;call;call;call;426252346;426303789;426439325;426534420;426639345,23,154,24,,0.13,0.49,177,1160,0,False
e2b_nothinking,v6,sa,mv1,telugu,PlatformMove,0.6,33,40,21,16,12,24,0.57,0.64,0.6,0.62,0.6,call;call;call;call;call;call;call;call;call;call;425908372;426582734;426848544;427305871;427305885;427305984,call;call;call;call;call;call;call;426252346;426303789;426439325;426534420;426639345,23,154,24,,0.13,0.49,177,1160,0,False
e2b_nothinking,v6,sa,mv1,telugu,PlatformMove,0.7,33,40,18,8,15,32,0.69,0.55,0.8,0.68,0.61,call;call;call;call;call;call;call;426582734,call;call;call;call;call;call;call;call;425912424;426252346;426303789;426439325;426534420;426639345;426642159,21,116,26,,0.15,0.45,137,1160,0,False
e2b_nothinking,v6,sa,mv1,telugu,PlatformMove,0.8,33,40,18,8,15,32,0.69,0.55,0.8,0.68,0.61,call;call;call;call;call;call;call;426582734,call;call;call;call;call;call;call;call;425912424;426252346;426303789;426439325;426534420;426639345;426642159,21,116,26,,0.15,0.45,137,1160,0,False
e2b_nothinking,v6,sa,mv1,telugu,PlatformMove,0.9,33,40,18,8,15,32,0.69,0.55,0.8,0.68,0.61,call;call;call;call;call;call;call;426582734,call;call;call;call;call;call;call;call;425912424;426252346;426303789;426439325;426534420;426639345;426642159,21,114,26,,0.16,0.45,135,1160,0,False
e2b_nothinking,v6,sa,mv1,telugu,PlatformMove,0.95,33,40,0,0,33,40,,0.0,1.0,0.55,,,call;call;call;call;call;call;call;call;call;call;call;call;call;call;call;call;call;call;call;call;call;call;425912424;426226216;426252346;426303789;426363836;426408577;426439325;426534420;426639345;426642159;426645015,0,0,47,,,0.0,0,1160,0,False
e2b_nothinking,v6,sa,mv1,telugu,PlatformMove,1.0,33,40,0,0,33,40,,0.0,1.0,0.55,,,call;call;call;call;call;call;call;call;call;call;call;call;call;call;call;call;call;call;call;call;call;call;425912424;426226216;426252346;426303789;426363836;426408577;426439325;426534420;426639345;426642159;426645015,0,0,47,,,0.0,0,1160,0,False
e2b_nothinking,v6,sa,mv1,telugu,PlatformMove,none,33,40,23,29,10,11,0.44,0.7,0.28,0.47,0.54,call;call;call;call;call;call;call;call;call;call;call;call;call;call;call;call;425908372;426582734;426649193;426652242;426848544;427305871;427305885;427305984;427306227;427306761;427307149;427307153;427307170,call;call;call;call;call;call;426303789;426439325;426534420;426639345,26,1134,21,,0.02,0.55,1160,1160,0,False
e2b_nothinking,v6,sa,mv1,telugu,SuspiciousActivity,0.0,21,52,17,30,4,22,0.36,0.81,0.42,0.53,0.5,call;call;call;call;call;call;call;call;call;call;call;call;call;call;425908372;425912424;426226216;426252346;426303789;426439325;426582734;426639345;426645015;426652242;426848544;427305871;427305885;427305984;427307149;427307153,call;call;426534420;427306879,21,210,9,,0.09,0.7,231,231,0,False
e2b_nothinking,v6,sa,mv1,telugu,SuspiciousActivity,0.1,21,52,17,30,4,22,0.36,0.81,0.42,0.53,0.5,call;call;call;call;call;call;call;call;call;call;call;call;call;call;425908372;425912424;426226216;426252346;426303789;426439325;426582734;426639345;426645015;426652242;426848544;427305871;427305885;427305984;427307149;427307153,call;call;426534420;427306879,21,210,9,,0.09,0.7,231,231,0,False
e2b_nothinking,v6,sa,mv1,telugu,SuspiciousActivity,0.2,21,52,17,29,4,23,0.37,0.81,0.44,0.55,0.51,call;call;call;call;call;call;call;call;call;call;call;call;call;425908372;425912424;426226216;426252346;426303789;426439325;426582734;426639345;426645015;426652242;426848544;427305871;427305885;427305984;427307149;427307153,call;call;426534420;427306879,20,158,10,,0.11,0.67,178,231,0,False
e2b_nothinking,v6,sa,mv1,telugu,SuspiciousActivity,0.3,21,52,17,29,4,23,0.37,0.81,0.44,0.55,0.51,call;call;call;call;call;call;call;call;call;call;call;call;call;425908372;425912424;426226216;426252346;426303789;426439325;426582734;426639345;426645015;426652242;426848544;427305871;427305885;427305984;427307149;427307153,call;call;426534420;427306879,20,158,10,,0.11,0.67,178,231,0,False
e2b_nothinking,v6,sa,mv1,telugu,SuspiciousActivity,0.4,21,52,17,21,4,31,0.45,0.81,0.6,0.66,0.58,call;call;call;call;call;call;call;call;call;call;425908372;426226216;426252346;426303789;426582734;426639345;426645015;426652242;427305871;427307149;427307153,call;call;426534420;427306879,20,85,10,,0.19,0.67,105,231,0,False
e2b_nothinking,v6,sa,mv1,telugu,SuspiciousActivity,0.5,21,52,17,21,4,31,0.45,0.81,0.6,0.66,0.58,call;call;call;call;call;call;call;call;call;call;425908372;426226216;426252346;426303789;426582734;426639345;426645015;426652242;427305871;427307149;427307153,call;call;426534420;427306879,20,85,10,,0.19,0.67,105,231,0,False
e2b_nothinking,v6,sa,mv1,telugu,SuspiciousActivity,0.6,21,52,17,21,4,31,0.45,0.81,0.6,0.66,0.58,call;call;call;call;call;call;call;call;call;call;425908372;426226216;426252346;426303789;426582734;426639345;426645015;426652242;427305871;427307149;427307153,call;call;426534420;427306879,20,85,10,,0.19,0.67,105,231,0,False
e2b_nothinking,v6,sa,mv1,telugu,SuspiciousActivity,0.7,21,52,12,7,9,45,0.63,0.57,0.87,0.78,0.6,call;call;call;call;426226216;426252346;426303789,call;call;call;call;call;call;call;426534420;427306879,13,29,17,,0.31,0.43,42,231,0,False
e2b_nothinking,v6,sa,mv1,telugu,SuspiciousActivity,0.8,21,52,11,7,10,45,0.61,0.52,0.87,0.77,0.56,call;call;call;call;426226216;426252346;426303789,call;call;call;call;call;call;call;call;426534420;427306879,12,28,18,,0.3,0.4,40,231,0,False
e2b_nothinking,v6,sa,mv1,telugu,SuspiciousActivity,0.9,21,52,10,7,11,45,0.59,0.48,0.87,0.75,0.53,call;call;call;call;426226216;426252346;426303789,call;call;call;call;call;call;call;call;426534420;426642159;427306879,11,26,19,,0.3,0.37,37,231,0,False
e2b_nothinking,v6,sa,mv1,telugu,SuspiciousActivity,0.95,21,52,0,0,21,52,,0.0,1.0,0.71,,,call;call;call;call;call;call;call;call;call;call;call;call;call;call;call;call;426408577;426534420;426578327;426642159;427306879,0,0,30,,,0.0,0,231,0,False
e2b_nothinking,v6,sa,mv1,telugu,SuspiciousActivity,1.0,21,52,0,0,21,52,,0.0,1.0,0.71,,,call;call;call;call;call;call;call;call;call;call;call;call;call;call;call;call;426408577;426534420;426578327;426642159;427306879,0,0,30,,,0.0,0,231,0,False
e2b_nothinking,v6,sa,mv1,telugu,SuspiciousActivity,none,21,52,17,30,4,22,0.36,0.81,0.42,0.53,0.5,call;call;call;call;call;call;call;call;call;call;call;call;call;call;425908372;425912424;426226216;426252346;426303789;426439325;426582734;426639345;426645015;426652242;426848544;427305871;427305885;427305984;427307149;427307153,call;call;426534420;427306879,21,210,9,,0.09,0.7,231,231,0,False
e2b_nothinking,v6,sa,mv1,telugu,Explicit-Flirting,0.0,25,48,14,16,11,32,0.47,0.56,0.67,0.63,0.51,call;call;call;call;call;call;call;call;call;426303789;426408577;426645015;426857244;427305984;427307149;427307153,call;call;call;call;call;call;call;426252346;426848544;427306227;427306761,15,172,32,,0.08,0.32,187,187,0,False
e2b_nothinking,v6,sa,mv1,telugu,Explicit-Flirting,0.1,25,48,14,16,11,32,0.47,0.56,0.67,0.63,0.51,call;call;call;call;call;call;call;call;call;426303789;426408577;426645015;426857244;427305984;427307149;427307153,call;call;call;call;call;call;call;426252346;426848544;427306227;427306761,15,172,32,,0.08,0.32,187,187,0,False
e2b_nothinking,v6,sa,mv1,telugu,Explicit-Flirting,0.2,25,48,10,13,15,35,0.43,0.4,0.73,0.62,0.42,call;call;call;call;call;call;call;call;426303789;426408577;426645015;426857244;427307149,call;call;call;call;call;call;call;call;425912424;426252346;426649193;426652242;426848544;427306227;427306761,10,112,37,,0.08,0.21,122,187,0,False
e2b_nothinking,v6,sa,mv1,telugu,Explicit-Flirting,0.3,25,48,10,13,15,35,0.43,0.4,0.73,0.62,0.42,call;call;call;call;call;call;call;call;426303789;426408577;426645015;426857244;427307149,call;call;call;call;call;call;call;call;425912424;426252346;426649193;426652242;426848544;427306227;427306761,10,112,37,,0.08,0.21,122,187,0,False
e2b_nothinking,v6,sa,mv1,telugu,Explicit-Flirting,0.4,25,48,7,7,18,41,0.5,0.28,0.85,0.66,0.36,call;call;call;call;426303789;426408577;426857244,call;call;call;call;call;call;call;call;call;call;425912424;426252346;426534420;426649193;426652242;426848544;427306227;427306761,7,66,40,,0.1,0.15,73,187,0,False
e2b_nothinking,v6,sa,mv1,telugu,Explicit-Flirting,0.5,25,48,7,7,18,41,0.5,0.28,0.85,0.66,0.36,call;call;call;call;426303789;426408577;426857244,call;call;call;call;call;call;call;call;call;call;425912424;426252346;426534420;426649193;426652242;426848544;427306227;427306761,7,66,40,,0.1,0.15,73,187,0,False
e2b_nothinking,v6,sa,mv1,telugu,Explicit-Flirting,0.6,25,48,7,7,18,41,0.5,0.28,0.85,0.66,0.36,call;call;call;call;426303789;426408577;426857244,call;call;call;call;call;call;call;call;call;call;425912424;426252346;426534420;426649193;426652242;426848544;427306227;427306761,7,66,40,,0.1,0.15,73,187,0,False
e2b_nothinking,v6,sa,mv1,telugu,Explicit-Flirting,0.7,25,48,7,4,18,44,0.64,0.28,0.92,0.7,0.39,call;call;call;426408577,call;call;call;call;call;call;call;call;call;call;425912424;426252346;426534420;426649193;426652242;426848544;427306227;427306761,7,31,40,,0.18,0.15,38,187,0,False
e2b_nothinking,v6,sa,mv1,telugu,Explicit-Flirting,0.8,25,48,7,4,18,44,0.64,0.28,0.92,0.7,0.39,call;call;call;426408577,call;call;call;call;call;call;call;call;call;call;425912424;426252346;426534420;426649193;426652242;426848544;427306227;427306761,7,31,40,,0.18,0.15,38,187,0,False
e2b_nothinking,v6,sa,mv1,telugu,Explicit-Flirting,0.9,25,48,7,3,18,45,0.7,0.28,0.94,0.71,0.4,call;call;426408577,call;call;call;call;call;call;call;call;call;call;425912424;426252346;426534420;426649193;426652242;426848544;427306227;427306761,7,29,40,,0.19,0.15,36,187,0,False
e2b_nothinking,v6,sa,mv1,telugu,Explicit-Flirting,0.95,25,48,0,0,25,48,,0.0,1.0,0.66,,,call;call;call;call;call;call;call;call;call;call;call;call;call;425908372;425912424;426252346;426363836;426534420;426582734;426642159;426649193;426652242;426848544;427306227;427306761,0,0,47,,,0.0,0,187,0,False
e2b_nothinking,v6,sa,mv1,telugu,Explicit-Flirting,1.0,25,48,0,0,25,48,,0.0,1.0,0.66,,,call;call;call;call;call;call;call;call;call;call;call;call;call;425908372;425912424;426252346;426363836;426534420;426582734;426642159;426649193;426652242;426848544;427306227;427306761,0,0,47,,,0.0,0,187,0,False
e2b_nothinking,v6,sa,mv1,telugu,Explicit-Flirting,none,25,48,14,16,11,32,0.47,0.56,0.67,0.63,0.51,call;call;call;call;call;call;call;call;call;426303789;426408577;426645015;426857244;427305984;427307149;427307153,call;call;call;call;call;call;call;426252346;426848544;427306227;427306761,15,172,32,,0.08,0.32,187,187,0,False
e2b_nothinking,v6,sa,mv1,telugu,ALL,0.0,56,17,39,11,17,6,0.78,0.7,0.35,0.62,0.74,call;call;call;426857244;427305871;427305885;427305984;427306937;427307149;427307153;427307170,call;call;call;call;call;call;call;call;call;call;426303789;426439325;426639345;426848544;427306227;427306761;427306879,62,1961,62,,0.03,0.5,2023,2023,0,False
e2b_nothinking,v6,sa,mv1,telugu,ALL,0.1,56,17,39,10,17,7,0.8,0.7,0.41,0.63,0.74,call;call;426857244;427305871;427305885;427305984;427306937;427307149;427307153;427307170,call;call;call;call;call;call;call;call;call;call;426303789;426439325;426639345;426848544;427306227;427306761;427306879,62,1821,62,,0.03,0.5,1883,2023,0,False
e2b_nothinking,v6,sa,mv1,telugu,ALL,0.2,56,17,36,9,20,8,0.8,0.64,0.47,0.6,0.71,call;call;426857244;427305871;427305885;427305984;427306937;427307149;427307153,call;call;call;call;call;call;call;call;call;call;426252346;426303789;426439325;426639345;426649193;426652242;426848544;427306227;427306761;427306879,53,846,71,,0.06,0.43,899,2023,0,False
e2b_nothinking,v6,sa,mv1,telugu,ALL,0.3,56,17,36,9,20,8,0.8,0.64,0.47,0.6,0.71,call;call;426857244;427305871;427305885;427305984;427306937;427307149;427307153,call;call;call;call;call;call;call;call;call;call;426252346;426303789;426439325;426639345;426649193;426652242;426848544;427306227;427306761;427306879,53,844,71,,0.06,0.43,897,2023,0,False
e2b_nothinking,v6,sa,mv1,telugu,ALL,0.4,56,17,33,8,23,9,0.8,0.59,0.53,0.58,0.68,call;call;426857244;427305871;427305885;427305984;427307149;427307153,call;call;call;call;call;call;call;call;call;call;call;call;426252346;426303789;426439325;426534420;426639345;426649193;426652242;426848544;427306227;427306761;427306879,50,305,74,,0.14,0.4,355,2023,0,False
e2b_nothinking,v6,sa,mv1,telugu,ALL,0.5,56,17,33,8,23,9,0.8,0.59,0.53,0.58,0.68,call;call;426857244;427305871;427305885;427305984;427307149;427307153,call;call;call;call;call;call;call;call;call;call;call;call;426252346;426303789;426439325;426534420;426639345;426649193;426652242;426848544;427306227;427306761;427306879,50,305,74,,0.14,0.4,355,2023,0,False
e2b_nothinking,v6,sa,mv1,telugu,ALL,0.6,56,17,33,8,23,9,0.8,0.59,0.53,0.58,0.68,call;call;426857244;427305871;427305885;427305984;427307149;427307153,call;call;call;call;call;call;call;call;call;call;call;call;426252346;426303789;426439325;426534420;426639345;426649193;426652242;426848544;427306227;427306761;427306879,50,305,74,,0.14,0.4,355,2023,0,False
e2b_nothinking,v6,sa,mv1,telugu,ALL,0.7,56,17,27,1,29,16,0.96,0.48,0.94,0.59,0.64,call,call;call;call;call;call;call;call;call;call;call;call;call;call;call;call;call;call;425912424;426252346;426303789;426439325;426534420;426639345;426649193;426652242;426848544;427306227;427306761;427306879,41,176,83,,0.19,0.33,217,2023,0,False
e2b_nothinking,v6,sa,mv1,telugu,ALL,0.8,56,17,26,1,30,16,0.96,0.46,0.94,0.58,0.63,call,call;call;call;call;call;call;call;call;call;call;call;call;call;call;call;call;call;call;425912424;426252346;426303789;426439325;426534420;426639345;426649193;426652242;426848544;427306227;427306761;427306879,40,175,84,,0.19,0.32,215,2023,0,False
e2b_nothinking,v6,sa,mv1,telugu,ALL,0.9,56,17,26,1,30,16,0.96,0.46,0.94,0.58,0.63,call,call;call;call;call;call;call;call;call;call;call;call;call;call;call;call;call;call;call;425912424;426252346;426303789;426439325;426534420;426639345;426649193;426652242;426848544;427306227;427306761;427306879,39,169,85,,0.19,0.31,208,2023,0,False
e2b_nothinking,v6,sa,mv1,telugu,ALL,0.95,56,17,0,0,56,17,,0.0,1.0,0.23,,,call;call;call;call;call;call;call;call;call;call;call;call;call;call;call;call;call;call;call;call;call;call;call;call;call;call;call;call;call;call;call;call;call;call;call;call;425908372;425912424;426226216;426252346;426303789;426363836;426408577;426439325;426534420;426578327;426582734;426639345;426642159;426645015;426649193;426652242;426848544;427306227;427306761;427306879,0,0,124,,,0.0,0,2023,0,False
e2b_nothinking,v6,sa,mv1,telugu,ALL,1.0,56,17,0,0,56,17,,0.0,1.0,0.23,,,call;call;call;call;call;call;call;call;call;call;call;call;call;call;call;call;call;call;call;call;call;call;call;call;call;call;call;call;call;call;call;call;call;call;call;call;425908372;425912424;426226216;426252346;426303789;426363836;426408577;426439325;426534420;426578327;426582734;426639345;426642159;426645015;426649193;426652242;426848544;427306227;427306761;427306879,0,0,124,,,0.0,0,2023,0,False
e2b_nothinking,v6,sa,mv1,telugu,ALL,none,56,17,39,11,17,6,0.78,0.7,0.35,0.62,0.74,call;call;call;426857244;427305871;427305885;427305984;427306937;427307149;427307153;427307170,call;call;call;call;call;call;call;call;call;call;426303789;426439325;426639345;426848544;427306227;427306761;427306879,62,1961,62,,0.03,0.5,2023,2023,0,False
e2b_nothinking,v6,sa_drop_invalid,mv1,telugu,PlatformMove,0.0,33,40,23,29,10,11,0.44,0.7,0.28,0.47,0.54,call;call;call;call;call;call;call;call;call;call;call;call;call;call;call;call;425908372;426582734;426649193;426652242;426848544;427305871;427305885;427305984;427306227;427306761;427307149;427307153;427307170,call;call;call;call;call;call;426303789;426439325;426534420;426639345,26,1134,21,,0.02,0.55,1160,1160,0,False
e2b_nothinking,v6,sa_drop_invalid,mv1,telugu,PlatformMove,0.1,33,40,23,29,10,11,0.44,0.7,0.28,0.47,0.54,call;call;call;call;call;call;call;call;call;call;call;call;call;call;call;call;425908372;426582734;426649193;426652242;426848544;427305871;427305885;427305984;427306227;427306761;427307149;427307153;427307170,call;call;call;call;call;call;426303789;426439325;426534420;426639345,26,1133,21,,0.02,0.55,1159,1160,0,False
e2b_nothinking,v6,sa_drop_invalid,mv1,telugu,PlatformMove,0.2,33,40,21,21,12,19,0.5,0.64,0.47,0.55,0.56,call;call;call;call;call;call;call;call;call;call;call;call;425908372;426582734;426652242;426848544;427305871;427305885;427305984;427307149;427307153,call;call;call;call;call;call;call;426252346;426303789;426439325;426534420;426639345,23,373,24,,0.06,0.49,396,1160,0,False
e2b_nothinking,v6,sa_drop_invalid,mv1,telugu,PlatformMove,0.3,33,40,21,21,12,19,0.5,0.64,0.47,0.55,0.56,call;call;call;call;call;call;call;call;call;call;call;call;425908372;426582734;426652242;426848544;427305871;427305885;427305984;427307149;427307153,call;call;call;call;call;call;call;426252346;426303789;426439325;426534420;426639345,23,371,24,,0.06,0.49,394,1160,0,False
e2b_nothinking,v6,sa_drop_invalid,mv1,telugu,PlatformMove,0.4,33,40,21,16,12,24,0.57,0.64,0.6,0.62,0.6,call;call;call;call;call;call;call;call;call;call;425908372;426582734;426848544;427305871;427305885;427305984,call;call;call;call;call;call;call;426252346;426303789;426439325;426534420;426639345,23,154,24,,0.13,0.49,177,1160,0,False
e2b_nothinking,v6,sa_drop_invalid,mv1,telugu,PlatformMove,0.5,33,40,21,16,12,24,0.57,0.64,0.6,0.62,0.6,call;call;call;call;call;call;call;call;call;call;425908372;426582734;426848544;427305871;427305885;427305984,call;call;call;call;call;call;call;426252346;426303789;426439325;426534420;426639345,23,154,24,,0.13,0.49,177,1160,0,False
e2b_nothinking,v6,sa_drop_invalid,mv1,telugu,PlatformMove,0.6,33,40,21,16,12,24,0.57,0.64,0.6,0.62,0.6,call;call;call;call;call;call;call;call;call;call;425908372;426582734;426848544;427305871;427305885;427305984,call;call;call;call;call;call;call;426252346;426303789;426439325;426534420;426639345,23,154,24,,0.13,0.49,177,1160,0,False
e2b_nothinking,v6,sa_drop_invalid,mv1,telugu,PlatformMove,0.7,33,40,18,8,15,32,0.69,0.55,0.8,0.68,0.61,call;call;call;call;call;call;call;426582734,call;call;call;call;call;call;call;call;425912424;426252346;426303789;426439325;426534420;426639345;426642159,21,116,26,,0.15,0.45,137,1160,0,False
e2b_nothinking,v6,sa_drop_invalid,mv1,telugu,PlatformMove,0.8,33,40,18,8,15,32,0.69,0.55,0.8,0.68,0.61,call;call;call;call;call;call;call;426582734,call;call;call;call;call;call;call;call;425912424;426252346;426303789;426439325;426534420;426639345;426642159,21,116,26,,0.15,0.45,137,1160,0,False
e2b_nothinking,v6,sa_drop_invalid,mv1,telugu,PlatformMove,0.9,33,40,18,8,15,32,0.69,0.55,0.8,0.68,0.61,call;call;call;call;call;call;call;426582734,call;call;call;call;call;call;call;call;425912424;426252346;426303789;426439325;426534420;426639345;426642159,21,114,26,,0.16,0.45,135,1160,0,False
e2b_nothinking,v6,sa_drop_invalid,mv1,telugu,PlatformMove,0.95,33,40,0,0,33,40,,0.0,1.0,0.55,,,call;call;call;call;call;call;call;call;call;call;call;call;call;call;call;call;call;call;call;call;call;call;425912424;426226216;426252346;426303789;426363836;426408577;426439325;426534420;426639345;426642159;426645015,0,0,47,,,0.0,0,1160,0,False
e2b_nothinking,v6,sa_drop_invalid,mv1,telugu,PlatformMove,1.0,33,40,0,0,33,40,,0.0,1.0,0.55,,,call;call;call;call;call;call;call;call;call;call;call;call;call;call;call;call;call;call;call;call;call;call;425912424;426226216;426252346;426303789;426363836;426408577;426439325;426534420;426639345;426642159;426645015,0,0,47,,,0.0,0,1160,0,False
e2b_nothinking,v6,sa_drop_invalid,mv1,telugu,PlatformMove,none,33,40,23,29,10,11,0.44,0.7,0.28,0.47,0.54,call;call;call;call;call;call;call;call;call;call;call;call;call;call;call;call;425908372;426582734;426649193;426652242;426848544;427305871;427305885;427305984;427306227;427306761;427307149;427307153;427307170,call;call;call;call;call;call;426303789;426439325;426534420;426639345,26,1134,21,,0.02,0.55,1160,1160,0,False
e2b_nothinking,v6,sa_drop_invalid,mv1,telugu,SuspiciousActivity,0.0,21,52,17,30,4,22,0.36,0.81,0.42,0.53,0.5,call;call;call;call;call;call;call;call;call;call;call;call;call;call;425908372;425912424;426226216;426252346;426303789;426439325;426582734;426639345;426645015;426652242;426848544;427305871;427305885;427305984;427307149;427307153,call;call;426534420;427306879,21,210,9,,0.09,0.7,231,231,0,False
e2b_nothinking,v6,sa_drop_invalid,mv1,telugu,SuspiciousActivity,0.1,21,52,17,30,4,22,0.36,0.81,0.42,0.53,0.5,call;call;call;call;call;call;call;call;call;call;call;call;call;call;425908372;425912424;426226216;426252346;426303789;426439325;426582734;426639345;426645015;426652242;426848544;427305871;427305885;427305984;427307149;427307153,call;call;426534420;427306879,21,210,9,,0.09,0.7,231,231,0,False
e2b_nothinking,v6,sa_drop_invalid,mv1,telugu,SuspiciousActivity,0.2,21,52,17,29,4,23,0.37,0.81,0.44,0.55,0.51,call;call;call;call;call;call;call;call;call;call;call;call;call;425908372;425912424;426226216;426252346;426303789;426439325;426582734;426639345;426645015;426652242;426848544;427305871;427305885;427305984;427307149;427307153,call;call;426534420;427306879,20,158,10,,0.11,0.67,178,231,0,False
e2b_nothinking,v6,sa_drop_invalid,mv1,telugu,SuspiciousActivity,0.3,21,52,17,29,4,23,0.37,0.81,0.44,0.55,0.51,call;call;call;call;call;call;call;call;call;call;call;call;call;425908372;425912424;426226216;426252346;426303789;426439325;426582734;426639345;426645015;426652242;426848544;427305871;427305885;427305984;427307149;427307153,call;call;426534420;427306879,20,158,10,,0.11,0.67,178,231,0,False
e2b_nothinking,v6,sa_drop_invalid,mv1,telugu,SuspiciousActivity,0.4,21,52,17,21,4,31,0.45,0.81,0.6,0.66,0.58,call;call;call;call;call;call;call;call;call;call;425908372;426226216;426252346;426303789;426582734;426639345;426645015;426652242;427305871;427307149;427307153,call;call;426534420;427306879,20,85,10,,0.19,0.67,105,231,0,False
e2b_nothinking,v6,sa_drop_invalid,mv1,telugu,SuspiciousActivity,0.5,21,52,17,21,4,31,0.45,0.81,0.6,0.66,0.58,call;call;call;call;call;call;call;call;call;call;425908372;426226216;426252346;426303789;426582734;426639345;426645015;426652242;427305871;427307149;427307153,call;call;426534420;427306879,20,85,10,,0.19,0.67,105,231,0,False
e2b_nothinking,v6,sa_drop_invalid,mv1,telugu,SuspiciousActivity,0.6,21,52,17,21,4,31,0.45,0.81,0.6,0.66,0.58,call;call;call;call;call;call;call;call;call;call;425908372;426226216;426252346;426303789;426582734;426639345;426645015;426652242;427305871;427307149;427307153,call;call;426534420;427306879,20,85,10,,0.19,0.67,105,231,0,False
e2b_nothinking,v6,sa_drop_invalid,mv1,telugu,SuspiciousActivity,0.7,21,52,12,7,9,45,0.63,0.57,0.87,0.78,0.6,call;call;call;call;426226216;426252346;426303789,call;call;call;call;call;call;call;426534420;427306879,13,29,17,,0.31,0.43,42,231,0,False
e2b_nothinking,v6,sa_drop_invalid,mv1,telugu,SuspiciousActivity,0.8,21,52,11,7,10,45,0.61,0.52,0.87,0.77,0.56,call;call;call;call;426226216;426252346;426303789,call;call;call;call;call;call;call;call;426534420;427306879,12,28,18,,0.3,0.4,40,231,0,False
e2b_nothinking,v6,sa_drop_invalid,mv1,telugu,SuspiciousActivity,0.9,21,52,10,7,11,45,0.59,0.48,0.87,0.75,0.53,call;call;call;call;426226216;426252346;426303789,call;call;call;call;call;call;call;call;426534420;426642159;427306879,11,26,19,,0.3,0.37,37,231,0,False
e2b_nothinking,v6,sa_drop_invalid,mv1,telugu,SuspiciousActivity,0.95,21,52,0,0,21,52,,0.0,1.0,0.71,,,call;call;call;call;call;call;call;call;call;call;call;call;call;call;call;call;426408577;426534420;426578327;426642159;427306879,0,0,30,,,0.0,0,231,0,False
e2b_nothinking,v6,sa_drop_invalid,mv1,telugu,SuspiciousActivity,1.0,21,52,0,0,21,52,,0.0,1.0,0.71,,,call;call;call;call;call;call;call;call;call;call;call;call;call;call;call;call;426408577;426534420;426578327;426642159;427306879,0,0,30,,,0.0,0,231,0,False
e2b_nothinking,v6,sa_drop_invalid,mv1,telugu,SuspiciousActivity,none,21,52,17,30,4,22,0.36,0.81,0.42,0.53,0.5,call;call;call;call;call;call;call;call;call;call;call;call;call;call;425908372;425912424;426226216;426252346;426303789;426439325;426582734;426639345;426645015;426652242;426848544;427305871;427305885;427305984;427307149;427307153,call;call;426534420;427306879,21,210,9,,0.09,0.7,231,231,0,False
e2b_nothinking,v6,sa_drop_invalid,mv1,telugu,Explicit-Flirting,0.0,25,48,14,16,11,32,0.47,0.56,0.67,0.63,0.51,call;call;call;call;call;call;call;call;call;426303789;426408577;426645015;426857244;427305984;427307149;427307153,call;call;call;call;call;call;call;426252346;426848544;427306227;427306761,15,172,32,,0.08,0.32,187,187,0,False
e2b_nothinking,v6,sa_drop_invalid,mv1,telugu,Explicit-Flirting,0.1,25,48,14,16,11,32,0.47,0.56,0.67,0.63,0.51,call;call;call;call;call;call;call;call;call;426303789;426408577;426645015;426857244;427305984;427307149;427307153,call;call;call;call;call;call;call;426252346;426848544;427306227;427306761,15,172,32,,0.08,0.32,187,187,0,False
e2b_nothinking,v6,sa_drop_invalid,mv1,telugu,Explicit-Flirting,0.2,25,48,10,13,15,35,0.43,0.4,0.73,0.62,0.42,call;call;call;call;call;call;call;call;426303789;426408577;426645015;426857244;427307149,call;call;call;call;call;call;call;call;425912424;426252346;426649193;426652242;426848544;427306227;427306761,10,112,37,,0.08,0.21,122,187,0,False
e2b_nothinking,v6,sa_drop_invalid,mv1,telugu,Explicit-Flirting,0.3,25,48,10,13,15,35,0.43,0.4,0.73,0.62,0.42,call;call;call;call;call;call;call;call;426303789;426408577;426645015;426857244;427307149,call;call;call;call;call;call;call;call;425912424;426252346;426649193;426652242;426848544;427306227;427306761,10,112,37,,0.08,0.21,122,187,0,False
e2b_nothinking,v6,sa_drop_invalid,mv1,telugu,Explicit-Flirting,0.4,25,48,7,7,18,41,0.5,0.28,0.85,0.66,0.36,call;call;call;call;426303789;426408577;426857244,call;call;call;call;call;call;call;call;call;call;425912424;426252346;426534420;426649193;426652242;426848544;427306227;427306761,7,66,40,,0.1,0.15,73,187,0,False
e2b_nothinking,v6,sa_drop_invalid,mv1,telugu,Explicit-Flirting,0.5,25,48,7,7,18,41,0.5,0.28,0.85,0.66,0.36,call;call;call;call;426303789;426408577;426857244,call;call;call;call;call;call;call;call;call;call;425912424;426252346;426534420;426649193;426652242;426848544;427306227;427306761,7,66,40,,0.1,0.15,73,187,0,False
e2b_nothinking,v6,sa_drop_invalid,mv1,telugu,Explicit-Flirting,0.6,25,48,7,7,18,41,0.5,0.28,0.85,0.66,0.36,call;call;call;call;426303789;426408577;426857244,call;call;call;call;call;call;call;call;call;call;425912424;426252346;426534420;426649193;426652242;426848544;427306227;427306761,7,66,40,,0.1,0.15,73,187,0,False
e2b_nothinking,v6,sa_drop_invalid,mv1,telugu,Explicit-Flirting,0.7,25,48,7,4,18,44,0.64,0.28,0.92,0.7,0.39,call;call;call;426408577,call;call;call;call;call;call;call;call;call;call;425912424;426252346;426534420;426649193;426652242;426848544;427306227;427306761,7,31,40,,0.18,0.15,38,187,0,False
e2b_nothinking,v6,sa_drop_invalid,mv1,telugu,Explicit-Flirting,0.8,25,48,7,4,18,44,0.64,0.28,0.92,0.7,0.39,call;call;call;426408577,call;call;call;call;call;call;call;call;call;call;425912424;426252346;426534420;426649193;426652242;426848544;427306227;427306761,7,31,40,,0.18,0.15,38,187,0,False
e2b_nothinking,v6,sa_drop_invalid,mv1,telugu,Explicit-Flirting,0.9,25,48,7,3,18,45,0.7,0.28,0.94,0.71,0.4,call;call;426408577,call;call;call;call;call;call;call;call;call;call;425912424;426252346;426534420;426649193;426652242;426848544;427306227;427306761,7,29,40,,0.19,0.15,36,187,0,False
e2b_nothinking,v6,sa_drop_invalid,mv1,telugu,Explicit-Flirting,0.95,25,48,0,0,25,48,,0.0,1.0,0.66,,,call;call;call;call;call;call;call;call;call;call;call;call;call;425908372;425912424;426252346;426363836;426534420;426582734;426642159;426649193;426652242;426848544;427306227;427306761,0,0,47,,,0.0,0,187,0,False
e2b_nothinking,v6,sa_drop_invalid,mv1,telugu,Explicit-Flirting,1.0,25,48,0,0,25,48,,0.0,1.0,0.66,,,call;call;call;call;call;call;call;call;call;call;call;call;call;425908372;425912424;426252346;426363836;426534420;426582734;426642159;426649193;426652242;426848544;427306227;427306761,0,0,47,,,0.0,0,187,0,False
e2b_nothinking,v6,sa_drop_invalid,mv1,telugu,Explicit-Flirting,none,25,48,14,16,11,32,0.47,0.56,0.67,0.63,0.51,call;call;call;call;call;call;call;call;call;426303789;426408577;426645015;426857244;427305984;427307149;427307153,call;call;call;call;call;call;call;426252346;426848544;427306227;427306761,15,172,32,,0.08,0.32,187,187,0,False
e2b_nothinking,v6,sa_drop_invalid,mv1,telugu,ALL,0.0,56,17,39,9,17,8,0.81,0.7,0.47,0.64,0.75,call;call;426857244;427305871;427305885;427305984;427307149;427307153;427307170,call;call;call;call;call;call;call;call;call;call;426303789;426439325;426639345;426848544;427306227;427306761;427306879,62,1516,62,,0.04,0.5,1578,1578,445,False
e2b_nothinking,v6,sa_drop_invalid,mv1,telugu,ALL,0.1,56,17,39,9,17,8,0.81,0.7,0.47,0.64,0.75,call;call;426857244;427305871;427305885;427305984;427307149;427307153;427307170,call;call;call;call;call;call;call;call;call;call;426303789;426439325;426639345;426848544;427306227;427306761;427306879,62,1515,62,,0.04,0.5,1577,1578,445,False
e2b_nothinking,v6,sa_drop_invalid,mv1,telugu,ALL,0.2,56,17,36,8,20,9,0.82,0.64,0.53,0.62,0.72,call;call;426857244;427305871;427305885;427305984;427307149;427307153,call;call;call;call;call;call;call;call;call;call;426252346;426303789;426439325;426639345;426649193;426652242;426848544;427306227;427306761;427306879,53,643,71,,0.08,0.43,696,1578,445,False
e2b_nothinking,v6,sa_drop_invalid,mv1,telugu,ALL,0.3,56,17,36,8,20,9,0.82,0.64,0.53,0.62,0.72,call;call;426857244;427305871;427305885;427305984;427307149;427307153,call;call;call;call;call;call;call;call;call;call;426252346;426303789;426439325;426639345;426649193;426652242;426848544;427306227;427306761;427306879,53,641,71,,0.08,0.43,694,1578,445,False
e2b_nothinking,v6,sa_drop_invalid,mv1,telugu,ALL,0.4,56,17,33,8,23,9,0.8,0.59,0.53,0.58,0.68,call;call;426857244;427305871;427305885;427305984;427307149;427307153,call;call;call;call;call;call;call;call;call;call;call;call;426252346;426303789;426439325;426534420;426639345;426649193;426652242;426848544;427306227;427306761;427306879,50,305,74,,0.14,0.4,355,1578,445,False
e2b_nothinking,v6,sa_drop_invalid,mv1,telugu,ALL,0.5,56,17,33,8,23,9,0.8,0.59,0.53,0.58,0.68,call;call;426857244;427305871;427305885;427305984;427307149;427307153,call;call;call;call;call;call;call;call;call;call;call;call;426252346;426303789;426439325;426534420;426639345;426649193;426652242;426848544;427306227;427306761;427306879,50,305,74,,0.14,0.4,355,1578,445,False
e2b_nothinking,v6,sa_drop_invalid,mv1,telugu,ALL,0.6,56,17,33,8,23,9,0.8,0.59,0.53,0.58,0.68,call;call;426857244;427305871;427305885;427305984;427307149;427307153,call;call;call;call;call;call;call;call;call;call;call;call;426252346;426303789;426439325;426534420;426639345;426649193;426652242;426848544;427306227;427306761;427306879,50,305,74,,0.14,0.4,355,1578,445,False
e2b_nothinking,v6,sa_drop_invalid,mv1,telugu,ALL,0.7,56,17,27,1,29,16,0.96,0.48,0.94,0.59,0.64,call,call;call;call;call;call;call;call;call;call;call;call;call;call;call;call;call;call;425912424;426252346;426303789;426439325;426534420;426639345;426649193;426652242;426848544;427306227;427306761;427306879,41,176,83,,0.19,0.33,217,1578,445,False
e2b_nothinking,v6,sa_drop_invalid,mv1,telugu,ALL,0.8,56,17,26,1,30,16,0.96,0.46,0.94,0.58,0.63,call,call;call;call;call;call;call;call;call;call;call;call;call;call;call;call;call;call;call;425912424;426252346;426303789;426439325;426534420;426639345;426649193;426652242;426848544;427306227;427306761;427306879,40,175,84,,0.19,0.32,215,1578,445,False
e2b_nothinking,v6,sa_drop_invalid,mv1,telugu,ALL,0.9,56,17,26,1,30,16,0.96,0.46,0.94,0.58,0.63,call,call;call;call;call;call;call;call;call;call;call;call;call;call;call;call;call;call;call;425912424;426252346;426303789;426439325;426534420;426639345;426649193;426652242;426848544;427306227;427306761;427306879,39,169,85,,0.19,0.31,208,1578,445,False
e2b_nothinking,v6,sa_drop_invalid,mv1,telugu,ALL,0.95,56,17,0,0,56,17,,0.0,1.0,0.23,,,call;call;call;call;call;call;call;call;call;call;call;call;call;call;call;call;call;call;call;call;call;call;call;call;call;call;call;call;call;call;call;call;call;call;call;call;425908372;425912424;426226216;426252346;426303789;426363836;426408577;426439325;426534420;426578327;426582734;426639345;426642159;426645015;426649193;426652242;426848544;427306227;427306761;427306879,0,0,124,,,0.0,0,1578,445,False
e2b_nothinking,v6,sa_drop_invalid,mv1,telugu,ALL,1.0,56,17,0,0,56,17,,0.0,1.0,0.23,,,call;call;call;call;call;call;call;call;call;call;call;call;call;call;call;call;call;call;call;call;call;call;call;call;call;call;call;call;call;call;call;call;call;call;call;call;425908372;425912424;426226216;426252346;426303789;426363836;426408577;426439325;426534420;426578327;426582734;426639345;426642159;426645015;426649193;426652242;426848544;427306227;427306761;427306879,0,0,124,,,0.0,0,1578,445,False
e2b_nothinking,v6,sa_drop_invalid,mv1,telugu,ALL,none,56,17,39,9,17,8,0.81,0.7,0.47,0.64,0.75,call;call;426857244;427305871;427305885;427305984;427307149;427307153;427307170,call;call;call;call;call;call;call;call;call;call;426303789;426439325;426639345;426848544;427306227;427306761;427306879,62,1516,62,,0.04,0.5,1578,1578,445,False
e2b_nothinking,v6,pp_full,mv1,telugu,PlatformMove,0.0,33,40,23,29,10,11,0.44,0.7,0.28,0.47,0.54,call;call;call;call;call;call;call;call;call;call;call;call;call;call;call;call;425908372;426582734;426649193;426652242;426848544;427305871;427305885;427305984;427306227;427306761;427307149;427307153;427307170,call;call;call;call;call;call;426303789;426439325;426534420;426639345,26,1134,21,,0.02,0.55,1160,1160,0,False
e2b_nothinking,v6,pp_full,mv1,telugu,PlatformMove,0.1,33,40,23,29,10,11,0.44,0.7,0.28,0.47,0.54,call;call;call;call;call;call;call;call;call;call;call;call;call;call;call;call;425908372;426582734;426649193;426652242;426848544;427305871;427305885;427305984;427306227;427306761;427307149;427307153;427307170,call;call;call;call;call;call;426303789;426439325;426534420;426639345,26,1133,21,,0.02,0.55,1159,1160,0,False
e2b_nothinking,v6,pp_full,mv1,telugu,PlatformMove,0.2,33,40,21,21,12,19,0.5,0.64,0.47,0.55,0.56,call;call;call;call;call;call;call;call;call;call;call;call;425908372;426582734;426652242;426848544;427305871;427305885;427305984;427307149;427307153,call;call;call;call;call;call;call;426252346;426303789;426439325;426534420;426639345,23,373,24,,0.06,0.49,396,1160,0,False
e2b_nothinking,v6,pp_full,mv1,telugu,PlatformMove,0.3,33,40,21,21,12,19,0.5,0.64,0.47,0.55,0.56,call;call;call;call;call;call;call;call;call;call;call;call;425908372;426582734;426652242;426848544;427305871;427305885;427305984;427307149;427307153,call;call;call;call;call;call;call;426252346;426303789;426439325;426534420;426639345,23,371,24,,0.06,0.49,394,1160,0,False
e2b_nothinking,v6,pp_full,mv1,telugu,PlatformMove,0.4,33,40,18,6,15,34,0.75,0.55,0.85,0.71,0.63,call;call;call;call;call;426582734,call;call;call;call;call;call;call;call;425912424;426252346;426303789;426439325;426534420;426639345;426642159,21,100,26,,0.17,0.45,121,1160,0,False
e2b_nothinking,v6,pp_full,mv1,telugu,PlatformMove,0.5,33,40,18,6,15,34,0.75,0.55,0.85,0.71,0.63,call;call;call;call;call;426582734,call;call;call;call;call;call;call;call;425912424;426252346;426303789;426439325;426534420;426639345;426642159,21,100,26,,0.17,0.45,121,1160,0,False
e2b_nothinking,v6,pp_full,mv1,telugu,PlatformMove,0.6,33,40,18,6,15,34,0.75,0.55,0.85,0.71,0.63,call;call;call;call;call;426582734,call;call;call;call;call;call;call;call;425912424;426252346;426303789;426439325;426534420;426639345;426642159,21,100,26,,0.17,0.45,121,1160,0,False
e2b_nothinking,v6,pp_full,mv1,telugu,PlatformMove,0.7,33,40,18,6,15,34,0.75,0.55,0.85,0.71,0.63,call;call;call;call;call;426582734,call;call;call;call;call;call;call;call;425912424;426252346;426303789;426439325;426534420;426639345;426642159,21,94,26,,0.18,0.45,115,1160,0,False
e2b_nothinking,v6,pp_full,mv1,telugu,PlatformMove,0.8,33,40,18,6,15,34,0.75,0.55,0.85,0.71,0.63,call;call;call;call;call;426582734,call;call;call;call;call;call;call;call;425912424;426252346;426303789;426439325;426534420;426639345;426642159,21,94,26,,0.18,0.45,115,1160,0,False
e2b_nothinking,v6,pp_full,mv1,telugu,PlatformMove,0.9,33,40,18,6,15,34,0.75,0.55,0.85,0.71,0.63,call;call;call;call;call;426582734,call;call;call;call;call;call;call;call;425912424;426252346;426303789;426439325;426534420;426639345;426642159,21,92,26,,0.19,0.45,113,1160,0,False
e2b_nothinking,v6,pp_full,mv1,telugu,PlatformMove,0.95,33,40,0,0,33,40,,0.0,1.0,0.55,,,call;call;call;call;call;call;call;call;call;call;call;call;call;call;call;call;call;call;call;call;call;call;425912424;426226216;426252346;426303789;426363836;426408577;426439325;426534420;426639345;426642159;426645015,0,0,47,,,0.0,0,1160,0,False
e2b_nothinking,v6,pp_full,mv1,telugu,PlatformMove,1.0,33,40,0,0,33,40,,0.0,1.0,0.55,,,call;call;call;call;call;call;call;call;call;call;call;call;call;call;call;call;call;call;call;call;call;call;425912424;426226216;426252346;426303789;426363836;426408577;426439325;426534420;426639345;426642159;426645015,0,0,47,,,0.0,0,1160,0,False
e2b_nothinking,v6,pp_full,mv1,telugu,PlatformMove,none,33,40,23,29,10,11,0.44,0.7,0.28,0.47,0.54,call;call;call;call;call;call;call;call;call;call;call;call;call;call;call;call;425908372;426582734;426649193;426652242;426848544;427305871;427305885;427305984;427306227;427306761;427307149;427307153;427307170,call;call;call;call;call;call;426303789;426439325;426534420;426639345,26,1134,21,,0.02,0.55,1160,1160,0,False
e2b_nothinking,v6,pp_full,mv1,telugu,SuspiciousActivity,0.0,21,52,17,30,4,22,0.36,0.81,0.42,0.53,0.5,call;call;call;call;call;call;call;call;call;call;call;call;call;call;425908372;425912424;426226216;426252346;426303789;426439325;426582734;426639345;426645015;426652242;426848544;427305871;427305885;427305984;427307149;427307153,call;call;426534420;427306879,21,210,9,,0.09,0.7,231,231,0,False
e2b_nothinking,v6,pp_full,mv1,telugu,SuspiciousActivity,0.1,21,52,17,30,4,22,0.36,0.81,0.42,0.53,0.5,call;call;call;call;call;call;call;call;call;call;call;call;call;call;425908372;425912424;426226216;426252346;426303789;426439325;426582734;426639345;426645015;426652242;426848544;427305871;427305885;427305984;427307149;427307153,call;call;426534420;427306879,21,210,9,,0.09,0.7,231,231,0,False
e2b_nothinking,v6,pp_full,mv1,telugu,SuspiciousActivity,0.2,21,52,17,29,4,23,0.37,0.81,0.44,0.55,0.51,call;call;call;call;call;call;call;call;call;call;call;call;call;425908372;425912424;426226216;426252346;426303789;426439325;426582734;426639345;426645015;426652242;426848544;427305871;427305885;427305984;427307149;427307153,call;call;426534420;427306879,20,158,10,,0.11,0.67,178,231,0,False
e2b_nothinking,v6,pp_full,mv1,telugu,SuspiciousActivity,0.3,21,52,17,29,4,23,0.37,0.81,0.44,0.55,0.51,call;call;call;call;call;call;call;call;call;call;call;call;call;425908372;425912424;426226216;426252346;426303789;426439325;426582734;426639345;426645015;426652242;426848544;427305871;427305885;427305984;427307149;427307153,call;call;426534420;427306879,20,158,10,,0.11,0.67,178,231,0,False
e2b_nothinking,v6,pp_full,mv1,telugu,SuspiciousActivity,0.4,21,52,15,10,6,42,0.6,0.71,0.81,0.78,0.65,call;call;call;call;call;call;426226216;426252346;426303789;426645015,call;call;call;call;426534420;427306879,17,46,13,,0.27,0.57,63,231,0,False
e2b_nothinking,v6,pp_full,mv1,telugu,SuspiciousActivity,0.5,21,52,15,10,6,42,0.6,0.71,0.81,0.78,0.65,call;call;call;call;call;call;426226216;426252346;426303789;426645015,call;call;call;call;426534420;427306879,17,46,13,,0.27,0.57,63,231,0,False
e2b_nothinking,v6,pp_full,mv1,telugu,SuspiciousActivity,0.6,21,52,15,10,6,42,0.6,0.71,0.81,0.78,0.65,call;call;call;call;call;call;426226216;426252346;426303789;426645015,call;call;call;call;426534420;427306879,17,46,13,,0.27,0.57,63,231,0,False
e2b_nothinking,v6,pp_full,mv1,telugu,SuspiciousActivity,0.7,21,52,12,7,9,45,0.63,0.57,0.87,0.78,0.6,call;call;call;call;426226216;426252346;426303789,call;call;call;call;call;call;call;426534420;427306879,13,29,17,,0.31,0.43,42,231,0,False
e2b_nothinking,v6,pp_full,mv1,telugu,SuspiciousActivity,0.8,21,52,11,7,10,45,0.61,0.52,0.87,0.77,0.56,call;call;call;call;426226216;426252346;426303789,call;call;call;call;call;call;call;call;426534420;427306879,12,28,18,,0.3,0.4,40,231,0,False
e2b_nothinking,v6,pp_full,mv1,telugu,SuspiciousActivity,0.9,21,52,10,7,11,45,0.59,0.48,0.87,0.75,0.53,call;call;call;call;426226216;426252346;426303789,call;call;call;call;call;call;call;call;426534420;426642159;427306879,11,26,19,,0.3,0.37,37,231,0,False
e2b_nothinking,v6,pp_full,mv1,telugu,SuspiciousActivity,0.95,21,52,0,0,21,52,,0.0,1.0,0.71,,,call;call;call;call;call;call;call;call;call;call;call;call;call;call;call;call;426408577;426534420;426578327;426642159;427306879,0,0,30,,,0.0,0,231,0,False
e2b_nothinking,v6,pp_full,mv1,telugu,SuspiciousActivity,1.0,21,52,0,0,21,52,,0.0,1.0,0.71,,,call;call;call;call;call;call;call;call;call;call;call;call;call;call;call;call;426408577;426534420;426578327;426642159;427306879,0,0,30,,,0.0,0,231,0,False
e2b_nothinking,v6,pp_full,mv1,telugu,SuspiciousActivity,none,21,52,17,30,4,22,0.36,0.81,0.42,0.53,0.5,call;call;call;call;call;call;call;call;call;call;call;call;call;call;425908372;425912424;426226216;426252346;426303789;426439325;426582734;426639345;426645015;426652242;426848544;427305871;427305885;427305984;427307149;427307153,call;call;426534420;427306879,21,210,9,,0.09,0.7,231,231,0,False
e2b_nothinking,v6,pp_full,mv1,telugu,Explicit-Flirting,0.0,25,48,14,16,11,32,0.47,0.56,0.67,0.63,0.51,call;call;call;call;call;call;call;call;call;426303789;426408577;426645015;426857244;427305984;427307149;427307153,call;call;call;call;call;call;call;426252346;426848544;427306227;427306761,15,172,32,,0.08,0.32,187,187,0,False
e2b_nothinking,v6,pp_full,mv1,telugu,Explicit-Flirting,0.1,25,48,14,16,11,32,0.47,0.56,0.67,0.63,0.51,call;call;call;call;call;call;call;call;call;426303789;426408577;426645015;426857244;427305984;427307149;427307153,call;call;call;call;call;call;call;426252346;426848544;427306227;427306761,15,172,32,,0.08,0.32,187,187,0,False
e2b_nothinking,v6,pp_full,mv1,telugu,Explicit-Flirting,0.2,25,48,10,13,15,35,0.43,0.4,0.73,0.62,0.42,call;call;call;call;call;call;call;call;426303789;426408577;426645015;426857244;427307149,call;call;call;call;call;call;call;call;425912424;426252346;426649193;426652242;426848544;427306227;427306761,10,112,37,,0.08,0.21,122,187,0,False
e2b_nothinking,v6,pp_full,mv1,telugu,Explicit-Flirting,0.3,25,48,10,13,15,35,0.43,0.4,0.73,0.62,0.42,call;call;call;call;call;call;call;call;426303789;426408577;426645015;426857244;427307149,call;call;call;call;call;call;call;call;425912424;426252346;426649193;426652242;426848544;427306227;427306761,10,112,37,,0.08,0.21,122,187,0,False
e2b_nothinking,v6,pp_full,mv1,telugu,Explicit-Flirting,0.4,25,48,7,4,18,44,0.64,0.28,0.92,0.7,0.39,call;call;call;426408577,call;call;call;call;call;call;call;call;call;call;425912424;426252346;426534420;426649193;426652242;426848544;427306227;427306761,7,32,40,,0.18,0.15,39,187,0,False
e2b_nothinking,v6,pp_full,mv1,telugu,Explicit-Flirting,0.5,25,48,7,4,18,44,0.64,0.28,0.92,0.7,0.39,call;call;call;426408577,call;call;call;call;call;call;call;call;call;call;425912424;426252346;426534420;426649193;426652242;426848544;427306227;427306761,7,32,40,,0.18,0.15,39,187,0,False
e2b_nothinking,v6,pp_full,mv1,telugu,Explicit-Flirting,0.6,25,48,7,4,18,44,0.64,0.28,0.92,0.7,0.39,call;call;call;426408577,call;call;call;call;call;call;call;call;call;call;425912424;426252346;426534420;426649193;426652242;426848544;427306227;427306761,7,32,40,,0.18,0.15,39,187,0,False
e2b_nothinking,v6,pp_full,mv1,telugu,Explicit-Flirting,0.7,25,48,7,4,18,44,0.64,0.28,0.92,0.7,0.39,call;call;call;426408577,call;call;call;call;call;call;call;call;call;call;425912424;426252346;426534420;426649193;426652242;426848544;427306227;427306761,7,27,40,,0.21,0.15,34,187,0,False
e2b_nothinking,v6,pp_full,mv1,telugu,Explicit-Flirting,0.8,25,48,7,4,18,44,0.64,0.28,0.92,0.7,0.39,call;call;call;426408577,call;call;call;call;call;call;call;call;call;call;425912424;426252346;426534420;426649193;426652242;426848544;427306227;427306761,7,27,40,,0.21,0.15,34,187,0,False
e2b_nothinking,v6,pp_full,mv1,telugu,Explicit-Flirting,0.9,25,48,7,3,18,45,0.7,0.28,0.94,0.71,0.4,call;call;426408577,call;call;call;call;call;call;call;call;call;call;425912424;426252346;426534420;426649193;426652242;426848544;427306227;427306761,7,25,40,,0.22,0.15,32,187,0,False
e2b_nothinking,v6,pp_full,mv1,telugu,Explicit-Flirting,0.95,25,48,0,0,25,48,,0.0,1.0,0.66,,,call;call;call;call;call;call;call;call;call;call;call;call;call;425908372;425912424;426252346;426363836;426534420;426582734;426642159;426649193;426652242;426848544;427306227;427306761,0,0,47,,,0.0,0,187,0,False
e2b_nothinking,v6,pp_full,mv1,telugu,Explicit-Flirting,1.0,25,48,0,0,25,48,,0.0,1.0,0.66,,,call;call;call;call;call;call;call;call;call;call;call;call;call;425908372;425912424;426252346;426363836;426534420;426582734;426642159;426649193;426652242;426848544;427306227;427306761,0,0,47,,,0.0,0,187,0,False
e2b_nothinking,v6,pp_full,mv1,telugu,Explicit-Flirting,none,25,48,14,16,11,32,0.47,0.56,0.67,0.63,0.51,call;call;call;call;call;call;call;call;call;426303789;426408577;426645015;426857244;427305984;427307149;427307153,call;call;call;call;call;call;call;426252346;426848544;427306227;427306761,15,172,32,,0.08,0.32,187,187,0,False
e2b_nothinking,v6,pp_full,mv1,telugu,ALL,0.0,56,17,39,9,17,8,0.81,0.7,0.47,0.64,0.75,call;call;426857244;427305871;427305885;427305984;427307149;427307153;427307170,call;call;call;call;call;call;call;call;call;call;426303789;426439325;426639345;426848544;427306227;427306761;427306879,62,1516,62,,0.04,0.5,1578,1578,445,False
e2b_nothinking,v6,pp_full,mv1,telugu,ALL,0.1,56,17,39,9,17,8,0.81,0.7,0.47,0.64,0.75,call;call;426857244;427305871;427305885;427305984;427307149;427307153;427307170,call;call;call;call;call;call;call;call;call;call;426303789;426439325;426639345;426848544;427306227;427306761;427306879,62,1515,62,,0.04,0.5,1577,1578,445,False
e2b_nothinking,v6,pp_full,mv1,telugu,ALL,0.2,56,17,36,8,20,9,0.82,0.64,0.53,0.62,0.72,call;call;426857244;427305871;427305885;427305984;427307149;427307153,call;call;call;call;call;call;call;call;call;call;426252346;426303789;426439325;426639345;426649193;426652242;426848544;427306227;427306761;427306879,53,643,71,,0.08,0.43,696,1578,445,False
e2b_nothinking,v6,pp_full,mv1,telugu,ALL,0.3,56,17,36,8,20,9,0.82,0.64,0.53,0.62,0.72,call;call;426857244;427305871;427305885;427305984;427307149;427307153,call;call;call;call;call;call;call;call;call;call;426252346;426303789;426439325;426639345;426649193;426652242;426848544;427306227;427306761;427306879,53,641,71,,0.08,0.43,694,1578,445,False
e2b_nothinking,v6,pp_full,mv1,telugu,ALL,0.4,56,17,29,1,27,16,0.97,0.52,0.94,0.62,0.67,call,call;call;call;call;call;call;call;call;call;call;call;call;call;call;call;425912424;426252346;426303789;426439325;426534420;426639345;426649193;426652242;426848544;427306227;427306761;427306879,45,178,79,,0.2,0.36,223,1578,445,False
e2b_nothinking,v6,pp_full,mv1,telugu,ALL,0.5,56,17,29,1,27,16,0.97,0.52,0.94,0.62,0.67,call,call;call;call;call;call;call;call;call;call;call;call;call;call;call;call;425912424;426252346;426303789;426439325;426534420;426639345;426649193;426652242;426848544;427306227;427306761;427306879,45,178,79,,0.2,0.36,223,1578,445,False
e2b_nothinking,v6,pp_full,mv1,telugu,ALL,0.6,56,17,29,1,27,16,0.97,0.52,0.94,0.62,0.67,call,call;call;call;call;call;call;call;call;call;call;call;call;call;call;call;425912424;426252346;426303789;426439325;426534420;426639345;426649193;426652242;426848544;427306227;427306761;427306879,45,178,79,,0.2,0.36,223,1578,445,False
e2b_nothinking,v6,pp_full,mv1,telugu,ALL,0.7,56,17,27,1,29,16,0.96,0.48,0.94,0.59,0.64,call,call;call;call;call;call;call;call;call;call;call;call;call;call;call;call;call;call;425912424;426252346;426303789;426439325;426534420;426639345;426649193;426652242;426848544;427306227;427306761;427306879,41,150,83,,0.21,0.33,191,1578,445,False
e2b_nothinking,v6,pp_full,mv1,telugu,ALL,0.8,56,17,26,1,30,16,0.96,0.46,0.94,0.58,0.63,call,call;call;call;call;call;call;call;call;call;call;call;call;call;call;call;call;call;call;425912424;426252346;426303789;426439325;426534420;426639345;426649193;426652242;426848544;427306227;427306761;427306879,40,149,84,,0.21,0.32,189,1578,445,False
e2b_nothinking,v6,pp_full,mv1,telugu,ALL,0.9,56,17,26,1,30,16,0.96,0.46,0.94,0.58,0.63,call,call;call;call;call;call;call;call;call;call;call;call;call;call;call;call;call;call;call;425912424;426252346;426303789;426439325;426534420;426639345;426649193;426652242;426848544;427306227;427306761;427306879,39,143,85,,0.21,0.31,182,1578,445,False
e2b_nothinking,v6,pp_full,mv1,telugu,ALL,0.95,56,17,0,0,56,17,,0.0,1.0,0.23,,,call;call;call;call;call;call;call;call;call;call;call;call;call;call;call;call;call;call;call;call;call;call;call;call;call;call;call;call;call;call;call;call;call;call;call;call;425908372;425912424;426226216;426252346;426303789;426363836;426408577;426439325;426534420;426578327;426582734;426639345;426642159;426645015;426649193;426652242;426848544;427306227;427306761;427306879,0,0,124,,,0.0,0,1578,445,False
e2b_nothinking,v6,pp_full,mv1,telugu,ALL,1.0,56,17,0,0,56,17,,0.0,1.0,0.23,,,call;call;call;call;call;call;call;call;call;call;call;call;call;call;call;call;call;call;call;call;call;call;call;call;call;call;call;call;call;call;call;call;call;call;call;call;425908372;425912424;426226216;426252346;426303789;426363836;426408577;426439325;426534420;426578327;426582734;426639345;426642159;426645015;426649193;426652242;426848544;427306227;427306761;427306879,0,0,124,,,0.0,0,1578,445,False
e2b_nothinking,v6,pp_full,mv1,telugu,ALL,none,56,17,39,9,17,8,0.81,0.7,0.47,0.64,0.75,call;call;426857244;427305871;427305885;427305984;427307149;427307153;427307170,call;call;call;call;call;call;call;call;call;call;426303789;426439325;426639345;426848544;427306227;427306761;427306879,62,1516,62,,0.04,0.5,1578,1578,445,False
e2b_nothinking,v6,raw,mv1,kannada,PlatformMove,0.0,23,44,17,29,6,15,0.37,0.74,0.34,0.48,0.49,call;call;call;call;call;call;call;call;call;call;call;call;call;403927389;423324272;426101552;426432272;426636424;426636576;426648998;426855984;426863933;426864020;426864282;426864654;426864666;426865205;426865726;426865848,call;call;420511327;425476935;426377718;426649926,24,1012,11,,0.02,0.69,1036,1037,0,False
e2b_nothinking,v6,raw,mv1,kannada,PlatformMove,0.1,23,44,17,29,6,15,0.37,0.74,0.34,0.48,0.49,call;call;call;call;call;call;call;call;call;call;call;call;call;403927389;423324272;426101552;426432272;426636424;426636576;426648998;426855984;426863933;426864020;426864282;426864654;426864666;426865205;426865726;426865848,call;call;420511327;425476935;426377718;426649926,24,1012,11,,0.02,0.69,1036,1037,0,False
e2b_nothinking,v6,raw,mv1,kannada,PlatformMove,0.2,23,44,16,22,7,22,0.42,0.7,0.5,0.57,0.52,call;call;call;call;call;call;call;call;call;call;call;403927389;423324272;426101552;426432272;426636424;426636576;426855984;426864020;426864666;426865205;426865848,call;call;420511327;425476935;426377718;426583408;426649926,23,334,12,,0.06,0.66,357,1037,0,False
e2b_nothinking,v6,raw,mv1,kannada,PlatformMove,0.3,23,44,16,22,7,22,0.42,0.7,0.5,0.57,0.52,call;call;call;call;call;call;call;call;call;call;call;403927389;423324272;426101552;426432272;426636424;426636576;426855984;426864020;426864666;426865205;426865848,call;call;420511327;425476935;426377718;426583408;426649926,23,332,12,,0.06,0.66,355,1037,0,False
e2b_nothinking,v6,raw,mv1,kannada,PlatformMove,0.4,23,44,16,17,7,27,0.48,0.7,0.61,0.64,0.57,call;call;call;call;call;call;call;call;423324272;426101552;426432272;426636424;426636576;426855984;426864020;426864666;426865848,call;call;420511327;425476935;426377718;426583408;426649926,23,97,12,,0.19,0.66,120,1037,0,False
e2b_nothinking,v6,raw,mv1,kannada,PlatformMove,0.5,23,44,16,17,7,27,0.48,0.7,0.61,0.64,0.57,call;call;call;call;call;call;call;call;423324272;426101552;426432272;426636424;426636576;426855984;426864020;426864666;426865848,call;call;420511327;425476935;426377718;426583408;426649926,23,97,12,,0.19,0.66,120,1037,0,False
e2b_nothinking,v6,raw,mv1,kannada,PlatformMove,0.6,23,44,16,17,7,27,0.48,0.7,0.61,0.64,0.57,call;call;call;call;call;call;call;call;423324272;426101552;426432272;426636424;426636576;426855984;426864020;426864666;426865848,call;call;420511327;425476935;426377718;426583408;426649926,23,97,12,,0.19,0.66,120,1037,0,False
e2b_nothinking,v6,raw,mv1,kannada,PlatformMove,0.7,23,44,15,11,8,33,0.58,0.65,0.75,0.72,0.61,call;call;call;call;call;423324272;426101552;426636576;426864020;426864666;426865848,call;call;call;420511327;425476935;426377718;426583408;426649926,20,59,15,,0.25,0.57,79,1037,0,False
e2b_nothinking,v6,raw,mv1,kannada,PlatformMove,0.8,23,44,15,11,8,33,0.58,0.65,0.75,0.72,0.61,call;call;call;call;call;423324272;426101552;426636576;426864020;426864666;426865848,call;call;call;420511327;425476935;426377718;426583408;426649926,20,59,15,,0.25,0.57,79,1037,0,False
e2b_nothinking,v6,raw,mv1,kannada,PlatformMove,0.9,23,44,15,11,8,33,0.58,0.65,0.75,0.72,0.61,call;call;call;call;call;423324272;426101552;426636576;426864020;426864666;426865848,call;call;call;420511327;425476935;426377718;426583408;426649926,20,58,15,,0.26,0.57,78,1037,0,False
e2b_nothinking,v6,raw,mv1,kannada,PlatformMove,0.95,23,44,0,0,23,44,,0.0,1.0,0.66,,,call;call;call;call;call;call;call;call;420511327;422311857;423336284;424610958;424687669;425476935;425942168;426377718;426548691;426583408;426594432;426603278;426609609;426631751;426649926,0,0,35,,,0.0,0,1037,0,False
e2b_nothinking,v6,raw,mv1,kannada,PlatformMove,1.0,23,44,0,0,23,44,,0.0,1.0,0.66,,,call;call;call;call;call;call;call;call;420511327;422311857;423336284;424610958;424687669;425476935;425942168;426377718;426548691;426583408;426594432;426603278;426609609;426631751;426649926,0,0,35,,,0.0,0,1037,0,False
e2b_nothinking,v6,raw,mv1,kannada,PlatformMove,none,23,44,18,29,5,15,0.38,0.78,0.34,0.49,0.51,call;call;call;call;call;call;call;call;call;call;call;call;call;403927389;423324272;426101552;426432272;426636424;426636576;426648998;426855984;426863933;426864020;426864282;426864654;426864666;426865205;426865726;426865848,call;call;420511327;425476935;426649926,25,1012,10,,0.02,0.71,1037,1037,0,False
e2b_nothinking,v6,raw,mv1,kannada,SuspiciousActivity,0.0,12,55,11,24,1,31,0.31,0.92,0.56,0.63,0.47,call;call;call;call;call;call;call;call;call;call;call;403927389;420511327;423324272;426432272;426583408;426603278;426609609;426631751;426636576;426648998;426855984;426864282;426864654,424610958,11,153,3,,0.07,0.79,164,164,0,False
e2b_nothinking,v6,raw,mv1,kannada,SuspiciousActivity,0.1,12,55,11,24,1,31,0.31,0.92,0.56,0.63,0.47,call;call;call;call;call;call;call;call;call;call;call;403927389;420511327;423324272;426432272;426583408;426603278;426609609;426631751;426636576;426648998;426855984;426864282;426864654,424610958,11,153,3,,0.07,0.79,164,164,0,False
e2b_nothinking,v6,raw,mv1,kannada,SuspiciousActivity,0.2,12,55,11,23,1,32,0.32,0.92,0.58,0.64,0.48,call;call;call;call;call;call;call;call;call;call;403927389;420511327;423324272;426432272;426583408;426603278;426609609;426631751;426636576;426648998;426855984;426864282;426864654,424610958,11,106,3,,0.09,0.79,117,164,0,False
e2b_nothinking,v6,raw,mv1,kannada,SuspiciousActivity,0.3,12,55,11,23,1,32,0.32,0.92,0.58,0.64,0.48,call;call;call;call;call;call;call;call;call;call;403927389;420511327;423324272;426432272;426583408;426603278;426609609;426631751;426636576;426648998;426855984;426864282;426864654,424610958,11,106,3,,0.09,0.79,117,164,0,False
e2b_nothinking,v6,raw,mv1,kannada,SuspiciousActivity,0.4,12,55,11,16,1,39,0.41,0.92,0.71,0.75,0.56,call;call;call;call;call;call;call;call;403927389;420511327;426432272;426583408;426603278;426636576;426648998;426864654,424610958,11,53,3,,0.17,0.79,64,164,0,False
e2b_nothinking,v6,raw,mv1,kannada,SuspiciousActivity,0.5,12,55,11,16,1,39,0.41,0.92,0.71,0.75,0.56,call;call;call;call;call;call;call;call;403927389;420511327;426432272;426583408;426603278;426636576;426648998;426864654,424610958,11,53,3,,0.17,0.79,64,164,0,False
e2b_nothinking,v6,raw,mv1,kannada,SuspiciousActivity,0.6,12,55,11,16,1,39,0.41,0.92,0.71,0.75,0.56,call;call;call;call;call;call;call;call;403927389;420511327;426432272;426583408;426603278;426636576;426648998;426864654,424610958,11,53,3,,0.17,0.79,64,164,0,False
e2b_nothinking,v6,raw,mv1,kannada,SuspiciousActivity,0.7,12,55,6,7,6,48,0.46,0.5,0.87,0.81,0.48,call;call;call;call;call;call;426636576,call;call;422311857;424154820;424610958;426548691,7,16,7,,0.3,0.5,23,164,0,False
e2b_nothinking,v6,raw,mv1,kannada,SuspiciousActivity,0.8,12,55,6,7,6,48,0.46,0.5,0.87,0.81,0.48,call;call;call;call;call;call;426636576,call;call;422311857;424154820;424610958;426548691,7,16,7,,0.3,0.5,23,164,0,False
e2b_nothinking,v6,raw,mv1,kannada,SuspiciousActivity,0.9,12,55,6,6,6,49,0.5,0.5,0.89,0.82,0.5,call;call;call;call;call;426636576,call;call;422311857;424154820;424610958;426548691,7,15,7,,0.32,0.5,22,164,0,False
e2b_nothinking,v6,raw,mv1,kannada,SuspiciousActivity,0.95,12,55,0,0,12,55,,0.0,1.0,0.82,,,call;call;call;call;422311857;423336284;424154820;424610958;424687669;425476935;426377718;426548691,0,0,14,,,0.0,0,164,0,False
e2b_nothinking,v6,raw,mv1,kannada,SuspiciousActivity,1.0,12,55,0,0,12,55,,0.0,1.0,0.82,,,call;call;call;call;422311857;423336284;424154820;424610958;424687669;425476935;426377718;426548691,0,0,14,,,0.0,0,164,0,False
e2b_nothinking,v6,raw,mv1,kannada,SuspiciousActivity,none,12,55,11,24,1,31,0.31,0.92,0.56,0.63,0.47,call;call;call;call;call;call;call;call;call;call;call;403927389;420511327;423324272;426432272;426583408;426603278;426609609;426631751;426636576;426648998;426855984;426864282;426864654,424610958,11,153,3,,0.07,0.79,164,164,0,False
e2b_nothinking,v6,raw,mv1,kannada,Explicit-Flirting,0.0,13,54,7,21,6,33,0.25,0.54,0.61,0.6,0.34,call;call;call;call;call;call;call;call;call;call;call;403927389;420511327;423324272;424610958;426583408;426603278;426636576;426855984;426863933;426865726,call;424687669;425476935;426377718;426636424;426648998,8,205,23,,0.04,0.26,213,213,0,False
e2b_nothinking,v6,raw,mv1,kannada,Explicit-Flirting,0.1,13,54,7,21,6,33,0.25,0.54,0.61,0.6,0.34,call;call;call;call;call;call;call;call;call;call;call;403927389;420511327;423324272;424610958;426583408;426603278;426636576;426855984;426863933;426865726,call;424687669;425476935;426377718;426636424;426648998,8,205,23,,0.04,0.26,213,213,0,False
e2b_nothinking,v6,raw,mv1,kannada,Explicit-Flirting,0.2,13,54,6,19,7,35,0.24,0.46,0.65,0.61,0.32,call;call;call;call;call;call;call;call;call;call;420511327;423324272;424610958;426583408;426603278;426636576;426855984;426863933;426865726,call;424687669;425476935;426377718;426432272;426636424;426648998,6,140,25,,0.04,0.19,146,213,0,False
e2b_nothinking,v6,raw,mv1,kannada,Explicit-Flirting,0.3,13,54,6,19,7,35,0.24,0.46,0.65,0.61,0.32,call;call;call;call;call;call;call;call;call;call;420511327;423324272;424610958;426583408;426603278;426636576;426855984;426863933;426865726,call;424687669;425476935;426377718;426432272;426636424;426648998,6,140,25,,0.04,0.19,146,213,0,False
e2b_nothinking,v6,raw,mv1,kannada,Explicit-Flirting,0.4,13,54,6,12,7,42,0.33,0.46,0.78,0.72,0.39,call;call;call;call;call;call;call;call;call;426583408;426636576;426863933,call;424687669;425476935;426377718;426432272;426636424;426648998,6,70,25,,0.08,0.19,76,213,0,False
e2b_nothinking,v6,raw,mv1,kannada,Explicit-Flirting,0.5,13,54,6,12,7,42,0.33,0.46,0.78,0.72,0.39,call;call;call;call;call;call;call;call;call;426583408;426636576;426863933,call;424687669;425476935;426377718;426432272;426636424;426648998,6,70,25,,0.08,0.19,76,213,0,False
e2b_nothinking,v6,raw,mv1,kannada,Explicit-Flirting,0.6,13,54,6,12,7,42,0.33,0.46,0.78,0.72,0.39,call;call;call;call;call;call;call;call;call;426583408;426636576;426863933,call;424687669;425476935;426377718;426432272;426636424;426648998,6,70,25,,0.08,0.19,76,213,0,False
e2b_nothinking,v6,raw,mv1,kannada,Explicit-Flirting,0.7,13,54,5,9,8,45,0.36,0.38,0.83,0.75,0.37,call;call;call;call;call;call;call;426583408;426636576,call;424687669;425476935;425942168;426377718;426432272;426636424;426648998,5,32,26,,0.14,0.16,37,213,0,False
e2b_nothinking,v6,raw,mv1,kannada,Explicit-Flirting,0.8,13,54,5,9,8,45,0.36,0.38,0.83,0.75,0.37,call;call;call;call;call;call;call;426583408;426636576,call;424687669;425476935;425942168;426377718;426432272;426636424;426648998,5,32,26,,0.14,0.16,37,213,0,False
e2b_nothinking,v6,raw,mv1,kannada,Explicit-Flirting,0.9,13,54,5,9,8,45,0.36,0.38,0.83,0.75,0.37,call;call;call;call;call;call;call;426583408;426636576,call;424687669;425476935;425942168;426377718;426432272;426636424;426648998,5,31,26,,0.14,0.16,36,213,0,False
e2b_nothinking,v6,raw,mv1,kannada,Explicit-Flirting,0.95,13,54,0,0,13,54,,0.0,1.0,0.81,,,call;call;call;422311857;424687669;425476935;425942168;426377718;426432272;426548691;426631751;426636424;426648998,0,0,31,,,0.0,0,213,0,False
e2b_nothinking,v6,raw,mv1,kannada,Explicit-Flirting,1.0,13,54,0,0,13,54,,0.0,1.0,0.81,,,call;call;call;422311857;424687669;425476935;425942168;426377718;426432272;426548691;426631751;426636424;426648998,0,0,31,,,0.0,0,213,0,False
e2b_nothinking,v6,raw,mv1,kannada,Explicit-Flirting,none,13,54,7,21,6,33,0.25,0.54,0.61,0.6,0.34,call;call;call;call;call;call;call;call;call;call;call;403927389;420511327;423324272;424610958;426583408;426603278;426636576;426855984;426863933;426865726,call;424687669;425476935;426377718;426636424;426648998,8,205,23,,0.04,0.26,213,213,0,False
e2b_nothinking,v6,raw,mv1,kannada,ALL,0.0,30,37,23,25,7,12,0.48,0.77,0.32,0.52,0.59,call;call;call;call;call;call;call;call;call;call;call;call;403927389;423324272;426101552;426636576;426855984;426863933;426864020;426864282;426864654;426864666;426865205;426865726;426865848,call;call;call;420511327;426636424;426648998;426649926,43,1788,37,,0.02,0.54,1831,2066,0,False
e2b_nothinking,v6,raw,mv1,kannada,ALL,0.1,30,37,23,25,7,12,0.48,0.77,0.32,0.52,0.59,call;call;call;call;call;call;call;call;call;call;call;call;403927389;423324272;426101552;426636576;426855984;426863933;426864020;426864282;426864654;426864666;426865205;426865726;426865848,call;call;call;420511327;426636424;426648998;426649926,43,1755,37,,0.02,0.54,1798,2066,0,False
e2b_nothinking,v6,raw,mv1,kannada,ALL,0.2,30,37,21,24,9,13,0.47,0.7,0.35,0.51,0.56,call;call;call;call;call;call;call;call;call;call;call;403927389;423324272;426101552;426636576;426855984;426863933;426864020;426864282;426864654;426864666;426865205;426865726;426865848,call;call;call;420511327;426432272;426583408;426636424;426648998;426649926,40,792,40,,0.05,0.5,832,2066,0,False
e2b_nothinking,v6,raw,mv1,kannada,ALL,0.3,30,37,21,24,9,13,0.47,0.7,0.35,0.51,0.56,call;call;call;call;call;call;call;call;call;call;call;403927389;423324272;426101552;426636576;426855984;426863933;426864020;426864282;426864654;426864666;426865205;426865726;426865848,call;call;call;420511327;426432272;426583408;426636424;426648998;426649926,40,790,40,,0.05,0.5,830,2066,0,False
e2b_nothinking,v6,raw,mv1,kannada,ALL,0.4,30,37,21,18,9,19,0.54,0.7,0.51,0.6,0.61,call;call;call;call;call;call;call;call;403927389;423324272;426101552;426636576;426855984;426863933;426864020;426864654;426864666;426865848,call;call;call;420511327;426432272;426583408;426636424;426648998;426649926,40,221,40,,0.15,0.5,261,2066,0,False
e2b_nothinking,v6,raw,mv1,kannada,ALL,0.5,30,37,21,18,9,19,0.54,0.7,0.51,0.6,0.61,call;call;call;call;call;call;call;call;403927389;423324272;426101552;426636576;426855984;426863933;426864020;426864654;426864666;426865848,call;call;call;420511327;426432272;426583408;426636424;426648998;426649926,40,221,40,,0.15,0.5,261,2066,0,False
e2b_nothinking,v6,raw,mv1,kannada,ALL,0.6,30,37,21,18,9,19,0.54,0.7,0.51,0.6,0.61,call;call;call;call;call;call;call;call;403927389;423324272;426101552;426636576;426855984;426863933;426864020;426864654;426864666;426865848,call;call;call;420511327;426432272;426583408;426636424;426648998;426649926,40,221,40,,0.15,0.5,261,2066,0,False
e2b_nothinking,v6,raw,mv1,kannada,ALL,0.7,30,37,18,13,12,24,0.58,0.6,0.65,0.63,0.59,call;call;call;call;call;call;call;423324272;426101552;426636576;426864020;426864666;426865848,call;call;call;call;call;420511327;424154820;426432272;426583408;426636424;426648998;426649926,32,108,48,,0.23,0.4,140,2066,0,False
e2b_nothinking,v6,raw,mv1,kannada,ALL,0.8,30,37,18,13,12,24,0.58,0.6,0.65,0.63,0.59,call;call;call;call;call;call;call;423324272;426101552;426636576;426864020;426864666;426865848,call;call;call;call;call;420511327;424154820;426432272;426583408;426636424;426648998;426649926,32,108,48,,0.23,0.4,140,2066,0,False
e2b_nothinking,v6,raw,mv1,kannada,ALL,0.9,30,37,18,13,12,24,0.58,0.6,0.65,0.63,0.59,call;call;call;call;call;call;call;423324272;426101552;426636576;426864020;426864666;426865848,call;call;call;call;call;420511327;424154820;426432272;426583408;426636424;426648998;426649926,32,105,48,,0.23,0.4,137,2066,0,False
e2b_nothinking,v6,raw,mv1,kannada,ALL,0.95,30,37,0,0,30,37,,0.0,1.0,0.55,,,call;call;call;call;call;call;call;call;call;call;call;420511327;422311857;423336284;424154820;424610958;424687669;425476935;425942168;426377718;426432272;426548691;426583408;426594432;426603278;426609609;426631751;426636424;426648998;426649926,0,0,80,,,0.0,0,2066,0,False
e2b_nothinking,v6,raw,mv1,kannada,ALL,1.0,30,37,0,0,30,37,,0.0,1.0,0.55,,,call;call;call;call;call;call;call;call;call;call;call;420511327;422311857;423336284;424154820;424610958;424687669;425476935;425942168;426377718;426432272;426548691;426583408;426594432;426603278;426609609;426631751;426636424;426648998;426649926,0,0,80,,,0.0,0,2066,0,False
e2b_nothinking,v6,raw,mv1,kannada,ALL,none,30,37,23,29,7,8,0.44,0.77,0.22,0.46,0.56,call;call;call;call;call;call;call;call;call;call;call;call;call;call;call;call;403927389;423324272;426101552;426636576;426855984;426863933;426864020;426864282;426864654;426864666;426865205;426865726;426865848,call;call;call;420511327;426636424;426648998;426649926,44,2022,36,,0.02,0.55,2066,2066,0,False
e2b_nothinking,v6,sa,mv1,kannada,PlatformMove,0.0,23,44,18,29,5,15,0.38,0.78,0.34,0.49,0.51,call;call;call;call;call;call;call;call;call;call;call;call;call;403927389;423324272;426101552;426432272;426636424;426636576;426648998;426855984;426863933;426864020;426864282;426864654;426864666;426865205;426865726;426865848,call;call;420511327;425476935;426649926,25,1012,10,,0.02,0.71,1037,1037,0,False
e2b_nothinking,v6,sa,mv1,kannada,PlatformMove,0.1,23,44,17,29,6,15,0.37,0.74,0.34,0.48,0.49,call;call;call;call;call;call;call;call;call;call;call;call;call;403927389;423324272;426101552;426432272;426636424;426636576;426648998;426855984;426863933;426864020;426864282;426864654;426864666;426865205;426865726;426865848,call;call;420511327;425476935;426377718;426649926,24,1012,11,,0.02,0.69,1036,1037,0,False
e2b_nothinking,v6,sa,mv1,kannada,PlatformMove,0.2,23,44,16,22,7,22,0.42,0.7,0.5,0.57,0.52,call;call;call;call;call;call;call;call;call;call;call;403927389;423324272;426101552;426432272;426636424;426636576;426855984;426864020;426864666;426865205;426865848,call;call;420511327;425476935;426377718;426583408;426649926,23,334,12,,0.06,0.66,357,1037,0,False
e2b_nothinking,v6,sa,mv1,kannada,PlatformMove,0.3,23,44,16,22,7,22,0.42,0.7,0.5,0.57,0.52,call;call;call;call;call;call;call;call;call;call;call;403927389;423324272;426101552;426432272;426636424;426636576;426855984;426864020;426864666;426865205;426865848,call;call;420511327;425476935;426377718;426583408;426649926,23,332,12,,0.06,0.66,355,1037,0,False
e2b_nothinking,v6,sa,mv1,kannada,PlatformMove,0.4,23,44,16,17,7,27,0.48,0.7,0.61,0.64,0.57,call;call;call;call;call;call;call;call;423324272;426101552;426432272;426636424;426636576;426855984;426864020;426864666;426865848,call;call;420511327;425476935;426377718;426583408;426649926,23,91,12,,0.2,0.66,114,1037,0,False
e2b_nothinking,v6,sa,mv1,kannada,PlatformMove,0.5,23,44,16,17,7,27,0.48,0.7,0.61,0.64,0.57,call;call;call;call;call;call;call;call;423324272;426101552;426432272;426636424;426636576;426855984;426864020;426864666;426865848,call;call;420511327;425476935;426377718;426583408;426649926,23,91,12,,0.2,0.66,114,1037,0,False
e2b_nothinking,v6,sa,mv1,kannada,PlatformMove,0.6,23,44,16,17,7,27,0.48,0.7,0.61,0.64,0.57,call;call;call;call;call;call;call;call;423324272;426101552;426432272;426636424;426636576;426855984;426864020;426864666;426865848,call;call;420511327;425476935;426377718;426583408;426649926,23,91,12,,0.2,0.66,114,1037,0,False
e2b_nothinking,v6,sa,mv1,kannada,PlatformMove,0.7,23,44,15,11,8,33,0.58,0.65,0.75,0.72,0.61,call;call;call;call;call;423324272;426101552;426636576;426864020;426864666;426865848,call;call;call;420511327;425476935;426377718;426583408;426649926,20,56,15,,0.26,0.57,76,1037,0,False
e2b_nothinking,v6,sa,mv1,kannada,PlatformMove,0.8,23,44,15,11,8,33,0.58,0.65,0.75,0.72,0.61,call;call;call;call;call;423324272;426101552;426636576;426864020;426864666;426865848,call;call;call;420511327;425476935;426377718;426583408;426649926,20,56,15,,0.26,0.57,76,1037,0,False
e2b_nothinking,v6,sa,mv1,kannada,PlatformMove,0.9,23,44,15,11,8,33,0.58,0.65,0.75,0.72,0.61,call;call;call;call;call;423324272;426101552;426636576;426864020;426864666;426865848,call;call;call;420511327;425476935;426377718;426583408;426649926,20,55,15,,0.27,0.57,75,1037,0,False
e2b_nothinking,v6,sa,mv1,kannada,PlatformMove,0.95,23,44,0,0,23,44,,0.0,1.0,0.66,,,call;call;call;call;call;call;call;call;420511327;422311857;423336284;424610958;424687669;425476935;425942168;426377718;426548691;426583408;426594432;426603278;426609609;426631751;426649926,0,0,35,,,0.0,0,1037,0,False
e2b_nothinking,v6,sa,mv1,kannada,PlatformMove,1.0,23,44,0,0,23,44,,0.0,1.0,0.66,,,call;call;call;call;call;call;call;call;420511327;422311857;423336284;424610958;424687669;425476935;425942168;426377718;426548691;426583408;426594432;426603278;426609609;426631751;426649926,0,0,35,,,0.0,0,1037,0,False
e2b_nothinking,v6,sa,mv1,kannada,PlatformMove,none,23,44,18,29,5,15,0.38,0.78,0.34,0.49,0.51,call;call;call;call;call;call;call;call;call;call;call;call;call;403927389;423324272;426101552;426432272;426636424;426636576;426648998;426855984;426863933;426864020;426864282;426864654;426864666;426865205;426865726;426865848,call;call;420511327;425476935;426649926,25,1012,10,,0.02,0.71,1037,1037,0,False
e2b_nothinking,v6,sa,mv1,kannada,SuspiciousActivity,0.0,12,55,11,24,1,31,0.31,0.92,0.56,0.63,0.47,call;call;call;call;call;call;call;call;call;call;call;403927389;420511327;423324272;426432272;426583408;426603278;426609609;426631751;426636576;426648998;426855984;426864282;426864654,424610958,11,153,3,,0.07,0.79,164,164,0,False
e2b_nothinking,v6,sa,mv1,kannada,SuspiciousActivity,0.1,12,55,11,24,1,31,0.31,0.92,0.56,0.63,0.47,call;call;call;call;call;call;call;call;call;call;call;403927389;420511327;423324272;426432272;426583408;426603278;426609609;426631751;426636576;426648998;426855984;426864282;426864654,424610958,11,153,3,,0.07,0.79,164,164,0,False
e2b_nothinking,v6,sa,mv1,kannada,SuspiciousActivity,0.2,12,55,11,23,1,32,0.32,0.92,0.58,0.64,0.48,call;call;call;call;call;call;call;call;call;call;403927389;420511327;423324272;426432272;426583408;426603278;426609609;426631751;426636576;426648998;426855984;426864282;426864654,424610958,11,106,3,,0.09,0.79,117,164,0,False
e2b_nothinking,v6,sa,mv1,kannada,SuspiciousActivity,0.3,12,55,11,23,1,32,0.32,0.92,0.58,0.64,0.48,call;call;call;call;call;call;call;call;call;call;403927389;420511327;423324272;426432272;426583408;426603278;426609609;426631751;426636576;426648998;426855984;426864282;426864654,424610958,11,106,3,,0.09,0.79,117,164,0,False
e2b_nothinking,v6,sa,mv1,kannada,SuspiciousActivity,0.4,12,55,11,15,1,40,0.42,0.92,0.73,0.76,0.58,call;call;call;call;call;call;call;call;403927389;420511327;426432272;426583408;426603278;426648998;426864654,424610958,11,51,3,,0.18,0.79,62,164,0,False
e2b_nothinking,v6,sa,mv1,kannada,SuspiciousActivity,0.5,12,55,11,15,1,40,0.42,0.92,0.73,0.76,0.58,call;call;call;call;call;call;call;call;403927389;420511327;426432272;426583408;426603278;426648998;426864654,424610958,11,51,3,,0.18,0.79,62,164,0,False
e2b_nothinking,v6,sa,mv1,kannada,SuspiciousActivity,0.6,12,55,11,15,1,40,0.42,0.92,0.73,0.76,0.58,call;call;call;call;call;call;call;call;403927389;420511327;426432272;426583408;426603278;426648998;426864654,424610958,11,51,3,,0.18,0.79,62,164,0,False
e2b_nothinking,v6,sa,mv1,kannada,SuspiciousActivity,0.7,12,55,6,6,6,49,0.5,0.5,0.89,0.82,0.5,call;call;call;call;call;call,call;call;422311857;424154820;424610958;426548691,7,15,7,,0.32,0.5,22,164,0,False
e2b_nothinking,v6,sa,mv1,kannada,SuspiciousActivity,0.8,12,55,6,6,6,49,0.5,0.5,0.89,0.82,0.5,call;call;call;call;call;call,call;call;422311857;424154820;424610958;426548691,7,15,7,,0.32,0.5,22,164,0,False
e2b_nothinking,v6,sa,mv1,kannada,SuspiciousActivity,0.9,12,55,6,5,6,50,0.55,0.5,0.91,0.84,0.52,call;call;call;call;call,call;call;422311857;424154820;424610958;426548691,7,14,7,,0.33,0.5,21,164,0,False
e2b_nothinking,v6,sa,mv1,kannada,SuspiciousActivity,0.95,12,55,0,0,12,55,,0.0,1.0,0.82,,,call;call;call;call;422311857;423336284;424154820;424610958;424687669;425476935;426377718;426548691,0,0,14,,,0.0,0,164,0,False
e2b_nothinking,v6,sa,mv1,kannada,SuspiciousActivity,1.0,12,55,0,0,12,55,,0.0,1.0,0.82,,,call;call;call;call;422311857;423336284;424154820;424610958;424687669;425476935;426377718;426548691,0,0,14,,,0.0,0,164,0,False
e2b_nothinking,v6,sa,mv1,kannada,SuspiciousActivity,none,12,55,11,24,1,31,0.31,0.92,0.56,0.63,0.47,call;call;call;call;call;call;call;call;call;call;call;403927389;420511327;423324272;426432272;426583408;426603278;426609609;426631751;426636576;426648998;426855984;426864282;426864654,424610958,11,153,3,,0.07,0.79,164,164,0,False
e2b_nothinking,v6,sa,mv1,kannada,Explicit-Flirting,0.0,13,54,7,21,6,33,0.25,0.54,0.61,0.6,0.34,call;call;call;call;call;call;call;call;call;call;call;403927389;420511327;423324272;424610958;426583408;426603278;426636576;426855984;426863933;426865726,call;424687669;425476935;426377718;426636424;426648998,8,205,23,,0.04,0.26,213,213,0,False
e2b_nothinking,v6,sa,mv1,kannada,Explicit-Flirting,0.1,13,54,7,21,6,33,0.25,0.54,0.61,0.6,0.34,call;call;call;call;call;call;call;call;call;call;call;403927389;420511327;423324272;424610958;426583408;426603278;426636576;426855984;426863933;426865726,call;424687669;425476935;426377718;426636424;426648998,8,205,23,,0.04,0.26,213,213,0,False
e2b_nothinking,v6,sa,mv1,kannada,Explicit-Flirting,0.2,13,54,6,19,7,35,0.24,0.46,0.65,0.61,0.32,call;call;call;call;call;call;call;call;call;call;420511327;423324272;424610958;426583408;426603278;426636576;426855984;426863933;426865726,call;424687669;425476935;426377718;426432272;426636424;426648998,6,140,25,,0.04,0.19,146,213,0,False
e2b_nothinking,v6,sa,mv1,kannada,Explicit-Flirting,0.3,13,54,6,19,7,35,0.24,0.46,0.65,0.61,0.32,call;call;call;call;call;call;call;call;call;call;420511327;423324272;424610958;426583408;426603278;426636576;426855984;426863933;426865726,call;424687669;425476935;426377718;426432272;426636424;426648998,6,140,25,,0.04,0.19,146,213,0,False
e2b_nothinking,v6,sa,mv1,kannada,Explicit-Flirting,0.4,13,54,6,12,7,42,0.33,0.46,0.78,0.72,0.39,call;call;call;call;call;call;call;call;call;426583408;426636576;426863933,call;424687669;425476935;426377718;426432272;426636424;426648998,6,62,25,,0.09,0.19,68,213,0,False
e2b_nothinking,v6,sa,mv1,kannada,Explicit-Flirting,0.5,13,54,6,12,7,42,0.33,0.46,0.78,0.72,0.39,call;call;call;call;call;call;call;call;call;426583408;426636576;426863933,call;424687669;425476935;426377718;426432272;426636424;426648998,6,62,25,,0.09,0.19,68,213,0,False
e2b_nothinking,v6,sa,mv1,kannada,Explicit-Flirting,0.6,13,54,6,12,7,42,0.33,0.46,0.78,0.72,0.39,call;call;call;call;call;call;call;call;call;426583408;426636576;426863933,call;424687669;425476935;426377718;426432272;426636424;426648998,6,62,25,,0.09,0.19,68,213,0,False
e2b_nothinking,v6,sa,mv1,kannada,Explicit-Flirting,0.7,13,54,5,8,8,46,0.38,0.38,0.85,0.76,0.38,call;call;call;call;call;call;call;426583408,call;424687669;425476935;425942168;426377718;426432272;426636424;426648998,5,29,26,,0.15,0.16,34,213,0,False
e2b_nothinking,v6,sa,mv1,kannada,Explicit-Flirting,0.8,13,54,5,8,8,46,0.38,0.38,0.85,0.76,0.38,call;call;call;call;call;call;call;426583408,call;424687669;425476935;425942168;426377718;426432272;426636424;426648998,5,29,26,,0.15,0.16,34,213,0,False
e2b_nothinking,v6,sa,mv1,kannada,Explicit-Flirting,0.9,13,54,5,8,8,46,0.38,0.38,0.85,0.76,0.38,call;call;call;call;call;call;call;426583408,call;424687669;425476935;425942168;426377718;426432272;426636424;426648998,5,29,26,,0.15,0.16,34,213,0,False
e2b_nothinking,v6,sa,mv1,kannada,Explicit-Flirting,0.95,13,54,0,0,13,54,,0.0,1.0,0.81,,,call;call;call;422311857;424687669;425476935;425942168;426377718;426432272;426548691;426631751;426636424;426648998,0,0,31,,,0.0,0,213,0,False
e2b_nothinking,v6,sa,mv1,kannada,Explicit-Flirting,1.0,13,54,0,0,13,54,,0.0,1.0,0.81,,,call;call;call;422311857;424687669;425476935;425942168;426377718;426432272;426548691;426631751;426636424;426648998,0,0,31,,,0.0,0,213,0,False
e2b_nothinking,v6,sa,mv1,kannada,Explicit-Flirting,none,13,54,7,21,6,33,0.25,0.54,0.61,0.6,0.34,call;call;call;call;call;call;call;call;call;call;call;403927389;420511327;423324272;424610958;426583408;426603278;426636576;426855984;426863933;426865726,call;424687669;425476935;426377718;426636424;426648998,8,205,23,,0.04,0.26,213,213,0,False
e2b_nothinking,v6,sa,mv1,kannada,ALL,0.0,30,37,23,29,7,8,0.44,0.77,0.22,0.46,0.56,call;call;call;call;call;call;call;call;call;call;call;call;call;call;call;call;403927389;423324272;426101552;426636576;426855984;426863933;426864020;426864282;426864654;426864666;426865205;426865726;426865848,call;call;call;420511327;426636424;426648998;426649926,44,2022,36,,0.02,0.55,2066,2066,0,False
e2b_nothinking,v6,sa,mv1,kannada,ALL,0.1,30,37,23,25,7,12,0.48,0.77,0.32,0.52,0.59,call;call;call;call;call;call;call;call;call;call;call;call;403927389;423324272;426101552;426636576;426855984;426863933;426864020;426864282;426864654;426864666;426865205;426865726;426865848,call;call;call;420511327;426636424;426648998;426649926,43,1755,37,,0.02,0.54,1798,2066,0,False
e2b_nothinking,v6,sa,mv1,kannada,ALL,0.2,30,37,21,24,9,13,0.47,0.7,0.35,0.51,0.56,call;call;call;call;call;call;call;call;call;call;call;403927389;423324272;426101552;426636576;426855984;426863933;426864020;426864282;426864654;426864666;426865205;426865726;426865848,call;call;call;420511327;426432272;426583408;426636424;426648998;426649926,40,792,40,,0.05,0.5,832,2066,0,False
e2b_nothinking,v6,sa,mv1,kannada,ALL,0.3,30,37,21,24,9,13,0.47,0.7,0.35,0.51,0.56,call;call;call;call;call;call;call;call;call;call;call;403927389;423324272;426101552;426636576;426855984;426863933;426864020;426864282;426864654;426864666;426865205;426865726;426865848,call;call;call;420511327;426432272;426583408;426636424;426648998;426649926,40,790,40,,0.05,0.5,830,2066,0,False
e2b_nothinking,v6,sa,mv1,kannada,ALL,0.4,30,37,21,18,9,19,0.54,0.7,0.51,0.6,0.61,call;call;call;call;call;call;call;call;403927389;423324272;426101552;426636576;426855984;426863933;426864020;426864654;426864666;426865848,call;call;call;420511327;426432272;426583408;426636424;426648998;426649926,40,204,40,,0.16,0.5,244,2066,0,False
e2b_nothinking,v6,sa,mv1,kannada,ALL,0.5,30,37,21,18,9,19,0.54,0.7,0.51,0.6,0.61,call;call;call;call;call;call;call;call;403927389;423324272;426101552;426636576;426855984;426863933;426864020;426864654;426864666;426865848,call;call;call;420511327;426432272;426583408;426636424;426648998;426649926,40,204,40,,0.16,0.5,244,2066,0,False
e2b_nothinking,v6,sa,mv1,kannada,ALL,0.6,30,37,21,18,9,19,0.54,0.7,0.51,0.6,0.61,call;call;call;call;call;call;call;call;403927389;423324272;426101552;426636576;426855984;426863933;426864020;426864654;426864666;426865848,call;call;call;420511327;426432272;426583408;426636424;426648998;426649926,40,204,40,,0.16,0.5,244,2066,0,False
e2b_nothinking,v6,sa,mv1,kannada,ALL,0.7,30,37,18,13,12,24,0.58,0.6,0.65,0.63,0.59,call;call;call;call;call;call;call;423324272;426101552;426636576;426864020;426864666;426865848,call;call;call;call;call;420511327;424154820;426432272;426583408;426636424;426648998;426649926,32,100,48,,0.24,0.4,132,2066,0,False
e2b_nothinking,v6,sa,mv1,kannada,ALL,0.8,30,37,18,13,12,24,0.58,0.6,0.65,0.63,0.59,call;call;call;call;call;call;call;423324272;426101552;426636576;426864020;426864666;426865848,call;call;call;call;call;420511327;424154820;426432272;426583408;426636424;426648998;426649926,32,100,48,,0.24,0.4,132,2066,0,False
e2b_nothinking,v6,sa,mv1,kannada,ALL,0.9,30,37,18,13,12,24,0.58,0.6,0.65,0.63,0.59,call;call;call;call;call;call;call;423324272;426101552;426636576;426864020;426864666;426865848,call;call;call;call;call;420511327;424154820;426432272;426583408;426636424;426648998;426649926,32,98,48,,0.25,0.4,130,2066,0,False
e2b_nothinking,v6,sa,mv1,kannada,ALL,0.95,30,37,0,0,30,37,,0.0,1.0,0.55,,,call;call;call;call;call;call;call;call;call;call;call;420511327;422311857;423336284;424154820;424610958;424687669;425476935;425942168;426377718;426432272;426548691;426583408;426594432;426603278;426609609;426631751;426636424;426648998;426649926,0,0,80,,,0.0,0,2066,0,False
e2b_nothinking,v6,sa,mv1,kannada,ALL,1.0,30,37,0,0,30,37,,0.0,1.0,0.55,,,call;call;call;call;call;call;call;call;call;call;call;420511327;422311857;423336284;424154820;424610958;424687669;425476935;425942168;426377718;426432272;426548691;426583408;426594432;426603278;426609609;426631751;426636424;426648998;426649926,0,0,80,,,0.0,0,2066,0,False
e2b_nothinking,v6,sa,mv1,kannada,ALL,none,30,37,23,29,7,8,0.44,0.77,0.22,0.46,0.56,call;call;call;call;call;call;call;call;call;call;call;call;call;call;call;call;403927389;423324272;426101552;426636576;426855984;426863933;426864020;426864282;426864654;426864666;426865205;426865726;426865848,call;call;call;420511327;426636424;426648998;426649926,44,2022,36,,0.02,0.55,2066,2066,0,False
e2b_nothinking,v6,sa_drop_invalid,mv1,kannada,PlatformMove,0.0,23,44,18,29,5,15,0.38,0.78,0.34,0.49,0.51,call;call;call;call;call;call;call;call;call;call;call;call;call;403927389;423324272;426101552;426432272;426636424;426636576;426648998;426855984;426863933;426864020;426864282;426864654;426864666;426865205;426865726;426865848,call;call;420511327;425476935;426649926,25,1012,10,,0.02,0.71,1037,1037,0,False
e2b_nothinking,v6,sa_drop_invalid,mv1,kannada,PlatformMove,0.1,23,44,17,29,6,15,0.37,0.74,0.34,0.48,0.49,call;call;call;call;call;call;call;call;call;call;call;call;call;403927389;423324272;426101552;426432272;426636424;426636576;426648998;426855984;426863933;426864020;426864282;426864654;426864666;426865205;426865726;426865848,call;call;420511327;425476935;426377718;426649926,24,1012,11,,0.02,0.69,1036,1037,0,False
e2b_nothinking,v6,sa_drop_invalid,mv1,kannada,PlatformMove,0.2,23,44,16,22,7,22,0.42,0.7,0.5,0.57,0.52,call;call;call;call;call;call;call;call;call;call;call;403927389;423324272;426101552;426432272;426636424;426636576;426855984;426864020;426864666;426865205;426865848,call;call;420511327;425476935;426377718;426583408;426649926,23,334,12,,0.06,0.66,357,1037,0,False
e2b_nothinking,v6,sa_drop_invalid,mv1,kannada,PlatformMove,0.3,23,44,16,22,7,22,0.42,0.7,0.5,0.57,0.52,call;call;call;call;call;call;call;call;call;call;call;403927389;423324272;426101552;426432272;426636424;426636576;426855984;426864020;426864666;426865205;426865848,call;call;420511327;425476935;426377718;426583408;426649926,23,332,12,,0.06,0.66,355,1037,0,False
e2b_nothinking,v6,sa_drop_invalid,mv1,kannada,PlatformMove,0.4,23,44,16,17,7,27,0.48,0.7,0.61,0.64,0.57,call;call;call;call;call;call;call;call;423324272;426101552;426432272;426636424;426636576;426855984;426864020;426864666;426865848,call;call;420511327;425476935;426377718;426583408;426649926,23,91,12,,0.2,0.66,114,1037,0,False
e2b_nothinking,v6,sa_drop_invalid,mv1,kannada,PlatformMove,0.5,23,44,16,17,7,27,0.48,0.7,0.61,0.64,0.57,call;call;call;call;call;call;call;call;423324272;426101552;426432272;426636424;426636576;426855984;426864020;426864666;426865848,call;call;420511327;425476935;426377718;426583408;426649926,23,91,12,,0.2,0.66,114,1037,0,False
e2b_nothinking,v6,sa_drop_invalid,mv1,kannada,PlatformMove,0.6,23,44,16,17,7,27,0.48,0.7,0.61,0.64,0.57,call;call;call;call;call;call;call;call;423324272;426101552;426432272;426636424;426636576;426855984;426864020;426864666;426865848,call;call;420511327;425476935;426377718;426583408;426649926,23,91,12,,0.2,0.66,114,1037,0,False
e2b_nothinking,v6,sa_drop_invalid,mv1,kannada,PlatformMove,0.7,23,44,15,11,8,33,0.58,0.65,0.75,0.72,0.61,call;call;call;call;call;423324272;426101552;426636576;426864020;426864666;426865848,call;call;call;420511327;425476935;426377718;426583408;426649926,20,56,15,,0.26,0.57,76,1037,0,False
e2b_nothinking,v6,sa_drop_invalid,mv1,kannada,PlatformMove,0.8,23,44,15,11,8,33,0.58,0.65,0.75,0.72,0.61,call;call;call;call;call;423324272;426101552;426636576;426864020;426864666;426865848,call;call;call;420511327;425476935;426377718;426583408;426649926,20,56,15,,0.26,0.57,76,1037,0,False
e2b_nothinking,v6,sa_drop_invalid,mv1,kannada,PlatformMove,0.9,23,44,15,11,8,33,0.58,0.65,0.75,0.72,0.61,call;call;call;call;call;423324272;426101552;426636576;426864020;426864666;426865848,call;call;call;420511327;425476935;426377718;426583408;426649926,20,55,15,,0.27,0.57,75,1037,0,False
e2b_nothinking,v6,sa_drop_invalid,mv1,kannada,PlatformMove,0.95,23,44,0,0,23,44,,0.0,1.0,0.66,,,call;call;call;call;call;call;call;call;420511327;422311857;423336284;424610958;424687669;425476935;425942168;426377718;426548691;426583408;426594432;426603278;426609609;426631751;426649926,0,0,35,,,0.0,0,1037,0,False
e2b_nothinking,v6,sa_drop_invalid,mv1,kannada,PlatformMove,1.0,23,44,0,0,23,44,,0.0,1.0,0.66,,,call;call;call;call;call;call;call;call;420511327;422311857;423336284;424610958;424687669;425476935;425942168;426377718;426548691;426583408;426594432;426603278;426609609;426631751;426649926,0,0,35,,,0.0,0,1037,0,False
e2b_nothinking,v6,sa_drop_invalid,mv1,kannada,PlatformMove,none,23,44,18,29,5,15,0.38,0.78,0.34,0.49,0.51,call;call;call;call;call;call;call;call;call;call;call;call;call;403927389;423324272;426101552;426432272;426636424;426636576;426648998;426855984;426863933;426864020;426864282;426864654;426864666;426865205;426865726;426865848,call;call;420511327;425476935;426649926,25,1012,10,,0.02,0.71,1037,1037,0,False
e2b_nothinking,v6,sa_drop_invalid,mv1,kannada,SuspiciousActivity,0.0,12,55,11,24,1,31,0.31,0.92,0.56,0.63,0.47,call;call;call;call;call;call;call;call;call;call;call;403927389;420511327;423324272;426432272;426583408;426603278;426609609;426631751;426636576;426648998;426855984;426864282;426864654,424610958,11,153,3,,0.07,0.79,164,164,0,False
e2b_nothinking,v6,sa_drop_invalid,mv1,kannada,SuspiciousActivity,0.1,12,55,11,24,1,31,0.31,0.92,0.56,0.63,0.47,call;call;call;call;call;call;call;call;call;call;call;403927389;420511327;423324272;426432272;426583408;426603278;426609609;426631751;426636576;426648998;426855984;426864282;426864654,424610958,11,153,3,,0.07,0.79,164,164,0,False
e2b_nothinking,v6,sa_drop_invalid,mv1,kannada,SuspiciousActivity,0.2,12,55,11,23,1,32,0.32,0.92,0.58,0.64,0.48,call;call;call;call;call;call;call;call;call;call;403927389;420511327;423324272;426432272;426583408;426603278;426609609;426631751;426636576;426648998;426855984;426864282;426864654,424610958,11,106,3,,0.09,0.79,117,164,0,False
e2b_nothinking,v6,sa_drop_invalid,mv1,kannada,SuspiciousActivity,0.3,12,55,11,23,1,32,0.32,0.92,0.58,0.64,0.48,call;call;call;call;call;call;call;call;call;call;403927389;420511327;423324272;426432272;426583408;426603278;426609609;426631751;426636576;426648998;426855984;426864282;426864654,424610958,11,106,3,,0.09,0.79,117,164,0,False
e2b_nothinking,v6,sa_drop_invalid,mv1,kannada,SuspiciousActivity,0.4,12,55,11,15,1,40,0.42,0.92,0.73,0.76,0.58,call;call;call;call;call;call;call;call;403927389;420511327;426432272;426583408;426603278;426648998;426864654,424610958,11,51,3,,0.18,0.79,62,164,0,False
e2b_nothinking,v6,sa_drop_invalid,mv1,kannada,SuspiciousActivity,0.5,12,55,11,15,1,40,0.42,0.92,0.73,0.76,0.58,call;call;call;call;call;call;call;call;403927389;420511327;426432272;426583408;426603278;426648998;426864654,424610958,11,51,3,,0.18,0.79,62,164,0,False
e2b_nothinking,v6,sa_drop_invalid,mv1,kannada,SuspiciousActivity,0.6,12,55,11,15,1,40,0.42,0.92,0.73,0.76,0.58,call;call;call;call;call;call;call;call;403927389;420511327;426432272;426583408;426603278;426648998;426864654,424610958,11,51,3,,0.18,0.79,62,164,0,False
e2b_nothinking,v6,sa_drop_invalid,mv1,kannada,SuspiciousActivity,0.7,12,55,6,6,6,49,0.5,0.5,0.89,0.82,0.5,call;call;call;call;call;call,call;call;422311857;424154820;424610958;426548691,7,15,7,,0.32,0.5,22,164,0,False
e2b_nothinking,v6,sa_drop_invalid,mv1,kannada,SuspiciousActivity,0.8,12,55,6,6,6,49,0.5,0.5,0.89,0.82,0.5,call;call;call;call;call;call,call;call;422311857;424154820;424610958;426548691,7,15,7,,0.32,0.5,22,164,0,False
e2b_nothinking,v6,sa_drop_invalid,mv1,kannada,SuspiciousActivity,0.9,12,55,6,5,6,50,0.55,0.5,0.91,0.84,0.52,call;call;call;call;call,call;call;422311857;424154820;424610958;426548691,7,14,7,,0.33,0.5,21,164,0,False
e2b_nothinking,v6,sa_drop_invalid,mv1,kannada,SuspiciousActivity,0.95,12,55,0,0,12,55,,0.0,1.0,0.82,,,call;call;call;call;422311857;423336284;424154820;424610958;424687669;425476935;426377718;426548691,0,0,14,,,0.0,0,164,0,False
e2b_nothinking,v6,sa_drop_invalid,mv1,kannada,SuspiciousActivity,1.0,12,55,0,0,12,55,,0.0,1.0,0.82,,,call;call;call;call;422311857;423336284;424154820;424610958;424687669;425476935;426377718;426548691,0,0,14,,,0.0,0,164,0,False
e2b_nothinking,v6,sa_drop_invalid,mv1,kannada,SuspiciousActivity,none,12,55,11,24,1,31,0.31,0.92,0.56,0.63,0.47,call;call;call;call;call;call;call;call;call;call;call;403927389;420511327;423324272;426432272;426583408;426603278;426609609;426631751;426636576;426648998;426855984;426864282;426864654,424610958,11,153,3,,0.07,0.79,164,164,0,False
e2b_nothinking,v6,sa_drop_invalid,mv1,kannada,Explicit-Flirting,0.0,13,54,7,21,6,33,0.25,0.54,0.61,0.6,0.34,call;call;call;call;call;call;call;call;call;call;call;403927389;420511327;423324272;424610958;426583408;426603278;426636576;426855984;426863933;426865726,call;424687669;425476935;426377718;426636424;426648998,8,205,23,,0.04,0.26,213,213,0,False
e2b_nothinking,v6,sa_drop_invalid,mv1,kannada,Explicit-Flirting,0.1,13,54,7,21,6,33,0.25,0.54,0.61,0.6,0.34,call;call;call;call;call;call;call;call;call;call;call;403927389;420511327;423324272;424610958;426583408;426603278;426636576;426855984;426863933;426865726,call;424687669;425476935;426377718;426636424;426648998,8,205,23,,0.04,0.26,213,213,0,False
e2b_nothinking,v6,sa_drop_invalid,mv1,kannada,Explicit-Flirting,0.2,13,54,6,19,7,35,0.24,0.46,0.65,0.61,0.32,call;call;call;call;call;call;call;call;call;call;420511327;423324272;424610958;426583408;426603278;426636576;426855984;426863933;426865726,call;424687669;425476935;426377718;426432272;426636424;426648998,6,140,25,,0.04,0.19,146,213,0,False
e2b_nothinking,v6,sa_drop_invalid,mv1,kannada,Explicit-Flirting,0.3,13,54,6,19,7,35,0.24,0.46,0.65,0.61,0.32,call;call;call;call;call;call;call;call;call;call;420511327;423324272;424610958;426583408;426603278;426636576;426855984;426863933;426865726,call;424687669;425476935;426377718;426432272;426636424;426648998,6,140,25,,0.04,0.19,146,213,0,False
e2b_nothinking,v6,sa_drop_invalid,mv1,kannada,Explicit-Flirting,0.4,13,54,6,12,7,42,0.33,0.46,0.78,0.72,0.39,call;call;call;call;call;call;call;call;call;426583408;426636576;426863933,call;424687669;425476935;426377718;426432272;426636424;426648998,6,62,25,,0.09,0.19,68,213,0,False
e2b_nothinking,v6,sa_drop_invalid,mv1,kannada,Explicit-Flirting,0.5,13,54,6,12,7,42,0.33,0.46,0.78,0.72,0.39,call;call;call;call;call;call;call;call;call;426583408;426636576;426863933,call;424687669;425476935;426377718;426432272;426636424;426648998,6,62,25,,0.09,0.19,68,213,0,False
e2b_nothinking,v6,sa_drop_invalid,mv1,kannada,Explicit-Flirting,0.6,13,54,6,12,7,42,0.33,0.46,0.78,0.72,0.39,call;call;call;call;call;call;call;call;call;426583408;426636576;426863933,call;424687669;425476935;426377718;426432272;426636424;426648998,6,62,25,,0.09,0.19,68,213,0,False
e2b_nothinking,v6,sa_drop_invalid,mv1,kannada,Explicit-Flirting,0.7,13,54,5,8,8,46,0.38,0.38,0.85,0.76,0.38,call;call;call;call;call;call;call;426583408,call;424687669;425476935;425942168;426377718;426432272;426636424;426648998,5,29,26,,0.15,0.16,34,213,0,False
e2b_nothinking,v6,sa_drop_invalid,mv1,kannada,Explicit-Flirting,0.8,13,54,5,8,8,46,0.38,0.38,0.85,0.76,0.38,call;call;call;call;call;call;call;426583408,call;424687669;425476935;425942168;426377718;426432272;426636424;426648998,5,29,26,,0.15,0.16,34,213,0,False
e2b_nothinking,v6,sa_drop_invalid,mv1,kannada,Explicit-Flirting,0.9,13,54,5,8,8,46,0.38,0.38,0.85,0.76,0.38,call;call;call;call;call;call;call;426583408,call;424687669;425476935;425942168;426377718;426432272;426636424;426648998,5,29,26,,0.15,0.16,34,213,0,False
e2b_nothinking,v6,sa_drop_invalid,mv1,kannada,Explicit-Flirting,0.95,13,54,0,0,13,54,,0.0,1.0,0.81,,,call;call;call;422311857;424687669;425476935;425942168;426377718;426432272;426548691;426631751;426636424;426648998,0,0,31,,,0.0,0,213,0,False
e2b_nothinking,v6,sa_drop_invalid,mv1,kannada,Explicit-Flirting,1.0,13,54,0,0,13,54,,0.0,1.0,0.81,,,call;call;call;422311857;424687669;425476935;425942168;426377718;426432272;426548691;426631751;426636424;426648998,0,0,31,,,0.0,0,213,0,False
e2b_nothinking,v6,sa_drop_invalid,mv1,kannada,Explicit-Flirting,none,13,54,7,21,6,33,0.25,0.54,0.61,0.6,0.34,call;call;call;call;call;call;call;call;call;call;call;403927389;420511327;423324272;424610958;426583408;426603278;426636576;426855984;426863933;426865726,call;424687669;425476935;426377718;426636424;426648998,8,205,23,,0.04,0.26,213,213,0,False
e2b_nothinking,v6,sa_drop_invalid,mv1,kannada,ALL,0.0,30,37,23,25,7,12,0.48,0.77,0.32,0.52,0.59,call;call;call;call;call;call;call;call;call;call;call;call;403927389;423324272;426101552;426636576;426855984;426863933;426864020;426864282;426864654;426864666;426865205;426865726;426865848,call;call;call;420511327;426636424;426648998;426649926,44,1370,36,,0.03,0.55,1414,1414,652,False
e2b_nothinking,v6,sa_drop_invalid,mv1,kannada,ALL,0.1,30,37,23,25,7,12,0.48,0.77,0.32,0.52,0.59,call;call;call;call;call;call;call;call;call;call;call;call;403927389;423324272;426101552;426636576;426855984;426863933;426864020;426864282;426864654;426864666;426865205;426865726;426865848,call;call;call;420511327;426636424;426648998;426649926,43,1370,37,,0.03,0.54,1413,1414,652,False
e2b_nothinking,v6,sa_drop_invalid,mv1,kannada,ALL,0.2,30,37,21,24,9,13,0.47,0.7,0.35,0.51,0.56,call;call;call;call;call;call;call;call;call;call;call;403927389;423324272;426101552;426636576;426855984;426863933;426864020;426864282;426864654;426864666;426865205;426865726;426865848,call;call;call;420511327;426432272;426583408;426636424;426648998;426649926,40,580,40,,0.06,0.5,620,1414,652,False
e2b_nothinking,v6,sa_drop_invalid,mv1,kannada,ALL,0.3,30,37,21,24,9,13,0.47,0.7,0.35,0.51,0.56,call;call;call;call;call;call;call;call;call;call;call;403927389;423324272;426101552;426636576;426855984;426863933;426864020;426864282;426864654;426864666;426865205;426865726;426865848,call;call;call;420511327;426432272;426583408;426636424;426648998;426649926,40,578,40,,0.06,0.5,618,1414,652,False
e2b_nothinking,v6,sa_drop_invalid,mv1,kannada,ALL,0.4,30,37,21,18,9,19,0.54,0.7,0.51,0.6,0.61,call;call;call;call;call;call;call;call;403927389;423324272;426101552;426636576;426855984;426863933;426864020;426864654;426864666;426865848,call;call;call;420511327;426432272;426583408;426636424;426648998;426649926,40,204,40,,0.16,0.5,244,1414,652,False
e2b_nothinking,v6,sa_drop_invalid,mv1,kannada,ALL,0.5,30,37,21,18,9,19,0.54,0.7,0.51,0.6,0.61,call;call;call;call;call;call;call;call;403927389;423324272;426101552;426636576;426855984;426863933;426864020;426864654;426864666;426865848,call;call;call;420511327;426432272;426583408;426636424;426648998;426649926,40,204,40,,0.16,0.5,244,1414,652,False
e2b_nothinking,v6,sa_drop_invalid,mv1,kannada,ALL,0.6,30,37,21,18,9,19,0.54,0.7,0.51,0.6,0.61,call;call;call;call;call;call;call;call;403927389;423324272;426101552;426636576;426855984;426863933;426864020;426864654;426864666;426865848,call;call;call;420511327;426432272;426583408;426636424;426648998;426649926,40,204,40,,0.16,0.5,244,1414,652,False
e2b_nothinking,v6,sa_drop_invalid,mv1,kannada,ALL,0.7,30,37,18,13,12,24,0.58,0.6,0.65,0.63,0.59,call;call;call;call;call;call;call;423324272;426101552;426636576;426864020;426864666;426865848,call;call;call;call;call;420511327;424154820;426432272;426583408;426636424;426648998;426649926,32,100,48,,0.24,0.4,132,1414,652,False
e2b_nothinking,v6,sa_drop_invalid,mv1,kannada,ALL,0.8,30,37,18,13,12,24,0.58,0.6,0.65,0.63,0.59,call;call;call;call;call;call;call;423324272;426101552;426636576;426864020;426864666;426865848,call;call;call;call;call;420511327;424154820;426432272;426583408;426636424;426648998;426649926,32,100,48,,0.24,0.4,132,1414,652,False
e2b_nothinking,v6,sa_drop_invalid,mv1,kannada,ALL,0.9,30,37,18,13,12,24,0.58,0.6,0.65,0.63,0.59,call;call;call;call;call;call;call;423324272;426101552;426636576;426864020;426864666;426865848,call;call;call;call;call;420511327;424154820;426432272;426583408;426636424;426648998;426649926,32,98,48,,0.25,0.4,130,1414,652,False
e2b_nothinking,v6,sa_drop_invalid,mv1,kannada,ALL,0.95,30,37,0,0,30,37,,0.0,1.0,0.55,,,call;call;call;call;call;call;call;call;call;call;call;420511327;422311857;423336284;424154820;424610958;424687669;425476935;425942168;426377718;426432272;426548691;426583408;426594432;426603278;426609609;426631751;426636424;426648998;426649926,0,0,80,,,0.0,0,1414,652,False
e2b_nothinking,v6,sa_drop_invalid,mv1,kannada,ALL,1.0,30,37,0,0,30,37,,0.0,1.0,0.55,,,call;call;call;call;call;call;call;call;call;call;call;420511327;422311857;423336284;424154820;424610958;424687669;425476935;425942168;426377718;426432272;426548691;426583408;426594432;426603278;426609609;426631751;426636424;426648998;426649926,0,0,80,,,0.0,0,1414,652,False
e2b_nothinking,v6,sa_drop_invalid,mv1,kannada,ALL,none,30,37,23,25,7,12,0.48,0.77,0.32,0.52,0.59,call;call;call;call;call;call;call;call;call;call;call;call;403927389;423324272;426101552;426636576;426855984;426863933;426864020;426864282;426864654;426864666;426865205;426865726;426865848,call;call;call;420511327;426636424;426648998;426649926,44,1370,36,,0.03,0.55,1414,1414,652,False
e2b_nothinking,v6,pp_full,mv1,kannada,PlatformMove,0.0,23,44,18,29,5,15,0.38,0.78,0.34,0.49,0.51,call;call;call;call;call;call;call;call;call;call;call;call;call;403927389;423324272;426101552;426432272;426636424;426636576;426648998;426855984;426863933;426864020;426864282;426864654;426864666;426865205;426865726;426865848,call;call;420511327;425476935;426649926,25,1012,10,,0.02,0.71,1037,1037,0,False
e2b_nothinking,v6,pp_full,mv1,kannada,PlatformMove,0.1,23,44,17,29,6,15,0.37,0.74,0.34,0.48,0.49,call;call;call;call;call;call;call;call;call;call;call;call;call;403927389;423324272;426101552;426432272;426636424;426636576;426648998;426855984;426863933;426864020;426864282;426864654;426864666;426865205;426865726;426865848,call;call;420511327;425476935;426377718;426649926,24,1012,11,,0.02,0.69,1036,1037,0,False
e2b_nothinking,v6,pp_full,mv1,kannada,PlatformMove,0.2,23,44,16,22,7,22,0.42,0.7,0.5,0.57,0.52,call;call;call;call;call;call;call;call;call;call;call;403927389;423324272;426101552;426432272;426636424;426636576;426855984;426864020;426864666;426865205;426865848,call;call;420511327;425476935;426377718;426583408;426649926,23,334,12,,0.06,0.66,357,1037,0,False
e2b_nothinking,v6,pp_full,mv1,kannada,PlatformMove,0.3,23,44,16,22,7,22,0.42,0.7,0.5,0.57,0.52,call;call;call;call;call;call;call;call;call;call;call;403927389;423324272;426101552;426432272;426636424;426636576;426855984;426864020;426864666;426865205;426865848,call;call;420511327;425476935;426377718;426583408;426649926,23,332,12,,0.06,0.66,355,1037,0,False
e2b_nothinking,v6,pp_full,mv1,kannada,PlatformMove,0.4,23,44,15,11,8,33,0.58,0.65,0.75,0.72,0.61,call;call;call;call;call;423324272;426101552;426636576;426864020;426864666;426865848,call;call;call;420511327;425476935;426377718;426583408;426649926,19,52,16,,0.27,0.54,71,1037,0,False
e2b_nothinking,v6,pp_full,mv1,kannada,PlatformMove,0.5,23,44,15,11,8,33,0.58,0.65,0.75,0.72,0.61,call;call;call;call;call;423324272;426101552;426636576;426864020;426864666;426865848,call;call;call;420511327;425476935;426377718;426583408;426649926,19,52,16,,0.27,0.54,71,1037,0,False
e2b_nothinking,v6,pp_full,mv1,kannada,PlatformMove,0.6,23,44,15,11,8,33,0.58,0.65,0.75,0.72,0.61,call;call;call;call;call;423324272;426101552;426636576;426864020;426864666;426865848,call;call;call;420511327;425476935;426377718;426583408;426649926,19,52,16,,0.27,0.54,71,1037,0,False
e2b_nothinking,v6,pp_full,mv1,kannada,PlatformMove,0.7,23,44,15,11,8,33,0.58,0.65,0.75,0.72,0.61,call;call;call;call;call;423324272;426101552;426636576;426864020;426864666;426865848,call;call;call;420511327;425476935;426377718;426583408;426649926,19,48,16,,0.28,0.54,67,1037,0,False
e2b_nothinking,v6,pp_full,mv1,kannada,PlatformMove,0.8,23,44,15,11,8,33,0.58,0.65,0.75,0.72,0.61,call;call;call;call;call;423324272;426101552;426636576;426864020;426864666;426865848,call;call;call;420511327;425476935;426377718;426583408;426649926,19,48,16,,0.28,0.54,67,1037,0,False
e2b_nothinking,v6,pp_full,mv1,kannada,PlatformMove,0.9,23,44,15,11,8,33,0.58,0.65,0.75,0.72,0.61,call;call;call;call;call;423324272;426101552;426636576;426864020;426864666;426865848,call;call;call;420511327;425476935;426377718;426583408;426649926,19,47,16,,0.29,0.54,66,1037,0,False
e2b_nothinking,v6,pp_full,mv1,kannada,PlatformMove,0.95,23,44,0,0,23,44,,0.0,1.0,0.66,,,call;call;call;call;call;call;call;call;420511327;422311857;423336284;424610958;424687669;425476935;425942168;426377718;426548691;426583408;426594432;426603278;426609609;426631751;426649926,0,0,35,,,0.0,0,1037,0,False
e2b_nothinking,v6,pp_full,mv1,kannada,PlatformMove,1.0,23,44,0,0,23,44,,0.0,1.0,0.66,,,call;call;call;call;call;call;call;call;420511327;422311857;423336284;424610958;424687669;425476935;425942168;426377718;426548691;426583408;426594432;426603278;426609609;426631751;426649926,0,0,35,,,0.0,0,1037,0,False
e2b_nothinking,v6,pp_full,mv1,kannada,PlatformMove,none,23,44,18,29,5,15,0.38,0.78,0.34,0.49,0.51,call;call;call;call;call;call;call;call;call;call;call;call;call;403927389;423324272;426101552;426432272;426636424;426636576;426648998;426855984;426863933;426864020;426864282;426864654;426864666;426865205;426865726;426865848,call;call;420511327;425476935;426649926,25,1012,10,,0.02,0.71,1037,1037,0,False
e2b_nothinking,v6,pp_full,mv1,kannada,SuspiciousActivity,0.0,12,55,11,24,1,31,0.31,0.92,0.56,0.63,0.47,call;call;call;call;call;call;call;call;call;call;call;403927389;420511327;423324272;426432272;426583408;426603278;426609609;426631751;426636576;426648998;426855984;426864282;426864654,424610958,11,153,3,,0.07,0.79,164,164,0,False
e2b_nothinking,v6,pp_full,mv1,kannada,SuspiciousActivity,0.1,12,55,11,24,1,31,0.31,0.92,0.56,0.63,0.47,call;call;call;call;call;call;call;call;call;call;call;403927389;420511327;423324272;426432272;426583408;426603278;426609609;426631751;426636576;426648998;426855984;426864282;426864654,424610958,11,153,3,,0.07,0.79,164,164,0,False
e2b_nothinking,v6,pp_full,mv1,kannada,SuspiciousActivity,0.2,12,55,11,23,1,32,0.32,0.92,0.58,0.64,0.48,call;call;call;call;call;call;call;call;call;call;403927389;420511327;423324272;426432272;426583408;426603278;426609609;426631751;426636576;426648998;426855984;426864282;426864654,424610958,11,106,3,,0.09,0.79,117,164,0,False
e2b_nothinking,v6,pp_full,mv1,kannada,SuspiciousActivity,0.3,12,55,11,23,1,32,0.32,0.92,0.58,0.64,0.48,call;call;call;call;call;call;call;call;call;call;403927389;420511327;423324272;426432272;426583408;426603278;426609609;426631751;426636576;426648998;426855984;426864282;426864654,424610958,11,106,3,,0.09,0.79,117,164,0,False
e2b_nothinking,v6,pp_full,mv1,kannada,SuspiciousActivity,0.4,12,55,9,11,3,44,0.45,0.75,0.8,0.79,0.56,call;call;call;call;call;call;call;420511327;426432272;426648998;426864654,call;422311857;424610958,10,29,4,,0.26,0.71,39,164,0,False
e2b_nothinking,v6,pp_full,mv1,kannada,SuspiciousActivity,0.5,12,55,9,11,3,44,0.45,0.75,0.8,0.79,0.56,call;call;call;call;call;call;call;420511327;426432272;426648998;426864654,call;422311857;424610958,10,29,4,,0.26,0.71,39,164,0,False
e2b_nothinking,v6,pp_full,mv1,kannada,SuspiciousActivity,0.6,12,55,9,11,3,44,0.45,0.75,0.8,0.79,0.56,call;call;call;call;call;call;call;420511327;426432272;426648998;426864654,call;422311857;424610958,10,29,4,,0.26,0.71,39,164,0,False
e2b_nothinking,v6,pp_full,mv1,kannada,SuspiciousActivity,0.7,12,55,6,6,6,49,0.5,0.5,0.89,0.82,0.5,call;call;call;call;call;call,call;call;422311857;424154820;424610958;426548691,7,14,7,,0.33,0.5,21,164,0,False
e2b_nothinking,v6,pp_full,mv1,kannada,SuspiciousActivity,0.8,12,55,6,6,6,49,0.5,0.5,0.89,0.82,0.5,call;call;call;call;call;call,call;call;422311857;424154820;424610958;426548691,7,14,7,,0.33,0.5,21,164,0,False
e2b_nothinking,v6,pp_full,mv1,kannada,SuspiciousActivity,0.9,12,55,6,5,6,50,0.55,0.5,0.91,0.84,0.52,call;call;call;call;call,call;call;422311857;424154820;424610958;426548691,7,13,7,,0.35,0.5,20,164,0,False
e2b_nothinking,v6,pp_full,mv1,kannada,SuspiciousActivity,0.95,12,55,0,0,12,55,,0.0,1.0,0.82,,,call;call;call;call;422311857;423336284;424154820;424610958;424687669;425476935;426377718;426548691,0,0,14,,,0.0,0,164,0,False
e2b_nothinking,v6,pp_full,mv1,kannada,SuspiciousActivity,1.0,12,55,0,0,12,55,,0.0,1.0,0.82,,,call;call;call;call;422311857;423336284;424154820;424610958;424687669;425476935;426377718;426548691,0,0,14,,,0.0,0,164,0,False
e2b_nothinking,v6,pp_full,mv1,kannada,SuspiciousActivity,none,12,55,11,24,1,31,0.31,0.92,0.56,0.63,0.47,call;call;call;call;call;call;call;call;call;call;call;403927389;420511327;423324272;426432272;426583408;426603278;426609609;426631751;426636576;426648998;426855984;426864282;426864654,424610958,11,153,3,,0.07,0.79,164,164,0,False
e2b_nothinking,v6,pp_full,mv1,kannada,Explicit-Flirting,0.0,13,54,7,21,6,33,0.25,0.54,0.61,0.6,0.34,call;call;call;call;call;call;call;call;call;call;call;403927389;420511327;423324272;424610958;426583408;426603278;426636576;426855984;426863933;426865726,call;424687669;425476935;426377718;426636424;426648998,8,205,23,,0.04,0.26,213,213,0,False
e2b_nothinking,v6,pp_full,mv1,kannada,Explicit-Flirting,0.1,13,54,7,21,6,33,0.25,0.54,0.61,0.6,0.34,call;call;call;call;call;call;call;call;call;call;call;403927389;420511327;423324272;424610958;426583408;426603278;426636576;426855984;426863933;426865726,call;424687669;425476935;426377718;426636424;426648998,8,205,23,,0.04,0.26,213,213,0,False
e2b_nothinking,v6,pp_full,mv1,kannada,Explicit-Flirting,0.2,13,54,6,19,7,35,0.24,0.46,0.65,0.61,0.32,call;call;call;call;call;call;call;call;call;call;420511327;423324272;424610958;426583408;426603278;426636576;426855984;426863933;426865726,call;424687669;425476935;426377718;426432272;426636424;426648998,6,140,25,,0.04,0.19,146,213,0,False
e2b_nothinking,v6,pp_full,mv1,kannada,Explicit-Flirting,0.3,13,54,6,19,7,35,0.24,0.46,0.65,0.61,0.32,call;call;call;call;call;call;call;call;call;call;420511327;423324272;424610958;426583408;426603278;426636576;426855984;426863933;426865726,call;424687669;425476935;426377718;426432272;426636424;426648998,6,140,25,,0.04,0.19,146,213,0,False
e2b_nothinking,v6,pp_full,mv1,kannada,Explicit-Flirting,0.4,13,54,6,8,7,46,0.43,0.46,0.85,0.78,0.44,call;call;call;call;call;call;call;426583408,call;424687669;425476935;426377718;426432272;426636424;426648998,6,28,25,,0.18,0.19,34,213,0,False
e2b_nothinking,v6,pp_full,mv1,kannada,Explicit-Flirting,0.5,13,54,6,8,7,46,0.43,0.46,0.85,0.78,0.44,call;call;call;call;call;call;call;426583408,call;424687669;425476935;426377718;426432272;426636424;426648998,6,28,25,,0.18,0.19,34,213,0,False
e2b_nothinking,v6,pp_full,mv1,kannada,Explicit-Flirting,0.6,13,54,6,8,7,46,0.43,0.46,0.85,0.78,0.44,call;call;call;call;call;call;call;426583408,call;424687669;425476935;426377718;426432272;426636424;426648998,6,28,25,,0.18,0.19,34,213,0,False
e2b_nothinking,v6,pp_full,mv1,kannada,Explicit-Flirting,0.7,13,54,5,8,8,46,0.38,0.38,0.85,0.76,0.38,call;call;call;call;call;call;call;426583408,call;424687669;425476935;425942168;426377718;426432272;426636424;426648998,5,27,26,,0.16,0.16,32,213,0,False
e2b_nothinking,v6,pp_full,mv1,kannada,Explicit-Flirting,0.8,13,54,5,8,8,46,0.38,0.38,0.85,0.76,0.38,call;call;call;call;call;call;call;426583408,call;424687669;425476935;425942168;426377718;426432272;426636424;426648998,5,27,26,,0.16,0.16,32,213,0,False
e2b_nothinking,v6,pp_full,mv1,kannada,Explicit-Flirting,0.9,13,54,5,8,8,46,0.38,0.38,0.85,0.76,0.38,call;call;call;call;call;call;call;426583408,call;424687669;425476935;425942168;426377718;426432272;426636424;426648998,5,27,26,,0.16,0.16,32,213,0,False
e2b_nothinking,v6,pp_full,mv1,kannada,Explicit-Flirting,0.95,13,54,0,0,13,54,,0.0,1.0,0.81,,,call;call;call;422311857;424687669;425476935;425942168;426377718;426432272;426548691;426631751;426636424;426648998,0,0,31,,,0.0,0,213,0,False
e2b_nothinking,v6,pp_full,mv1,kannada,Explicit-Flirting,1.0,13,54,0,0,13,54,,0.0,1.0,0.81,,,call;call;call;422311857;424687669;425476935;425942168;426377718;426432272;426548691;426631751;426636424;426648998,0,0,31,,,0.0,0,213,0,False
e2b_nothinking,v6,pp_full,mv1,kannada,Explicit-Flirting,none,13,54,7,21,6,33,0.25,0.54,0.61,0.6,0.34,call;call;call;call;call;call;call;call;call;call;call;403927389;420511327;423324272;424610958;426583408;426603278;426636576;426855984;426863933;426865726,call;424687669;425476935;426377718;426636424;426648998,8,205,23,,0.04,0.26,213,213,0,False
e2b_nothinking,v6,pp_full,mv1,kannada,ALL,0.0,30,37,23,25,7,12,0.48,0.77,0.32,0.52,0.59,call;call;call;call;call;call;call;call;call;call;call;call;403927389;423324272;426101552;426636576;426855984;426863933;426864020;426864282;426864654;426864666;426865205;426865726;426865848,call;call;call;420511327;426636424;426648998;426649926,44,1370,36,,0.03,0.55,1414,1414,652,False
e2b_nothinking,v6,pp_full,mv1,kannada,ALL,0.1,30,37,23,25,7,12,0.48,0.77,0.32,0.52,0.59,call;call;call;call;call;call;call;call;call;call;call;call;403927389;423324272;426101552;426636576;426855984;426863933;426864020;426864282;426864654;426864666;426865205;426865726;426865848,call;call;call;420511327;426636424;426648998;426649926,43,1370,37,,0.03,0.54,1413,1414,652,False
e2b_nothinking,v6,pp_full,mv1,kannada,ALL,0.2,30,37,21,24,9,13,0.47,0.7,0.35,0.51,0.56,call;call;call;call;call;call;call;call;call;call;call;403927389;423324272;426101552;426636576;426855984;426863933;426864020;426864282;426864654;426864666;426865205;426865726;426865848,call;call;call;420511327;426432272;426583408;426636424;426648998;426649926,40,580,40,,0.06,0.5,620,1414,652,False
e2b_nothinking,v6,pp_full,mv1,kannada,ALL,0.3,30,37,21,24,9,13,0.47,0.7,0.35,0.51,0.56,call;call;call;call;call;call;call;call;call;call;call;403927389;423324272;426101552;426636576;426855984;426863933;426864020;426864282;426864654;426864666;426865205;426865726;426865848,call;call;call;420511327;426432272;426583408;426636424;426648998;426649926,40,578,40,,0.06,0.5,618,1414,652,False
e2b_nothinking,v6,pp_full,mv1,kannada,ALL,0.4,30,37,19,15,11,22,0.56,0.63,0.59,0.61,0.59,call;call;call;call;call;call;call;call;423324272;426101552;426636576;426864020;426864654;426864666;426865848,call;call;call;call;call;420511327;426432272;426583408;426636424;426648998;426649926,35,109,45,,0.24,0.44,144,1414,652,False
e2b_nothinking,v6,pp_full,mv1,kannada,ALL,0.5,30,37,19,15,11,22,0.56,0.63,0.59,0.61,0.59,call;call;call;call;call;call;call;call;423324272;426101552;426636576;426864020;426864654;426864666;426865848,call;call;call;call;call;420511327;426432272;426583408;426636424;426648998;426649926,35,109,45,,0.24,0.44,144,1414,652,False
e2b_nothinking,v6,pp_full,mv1,kannada,ALL,0.6,30,37,19,15,11,22,0.56,0.63,0.59,0.61,0.59,call;call;call;call;call;call;call;call;423324272;426101552;426636576;426864020;426864654;426864666;426865848,call;call;call;call;call;420511327;426432272;426583408;426636424;426648998;426649926,35,109,45,,0.24,0.44,144,1414,652,False
e2b_nothinking,v6,pp_full,mv1,kannada,ALL,0.7,30,37,18,13,12,24,0.58,0.6,0.65,0.63,0.59,call;call;call;call;call;call;call;423324272;426101552;426636576;426864020;426864666;426865848,call;call;call;call;call;420511327;424154820;426432272;426583408;426636424;426648998;426649926,31,89,49,,0.26,0.39,120,1414,652,False
e2b_nothinking,v6,pp_full,mv1,kannada,ALL,0.8,30,37,18,13,12,24,0.58,0.6,0.65,0.63,0.59,call;call;call;call;call;call;call;423324272;426101552;426636576;426864020;426864666;426865848,call;call;call;call;call;420511327;424154820;426432272;426583408;426636424;426648998;426649926,31,89,49,,0.26,0.39,120,1414,652,False
e2b_nothinking,v6,pp_full,mv1,kannada,ALL,0.9,30,37,18,13,12,24,0.58,0.6,0.65,0.63,0.59,call;call;call;call;call;call;call;423324272;426101552;426636576;426864020;426864666;426865848,call;call;call;call;call;420511327;424154820;426432272;426583408;426636424;426648998;426649926,31,87,49,,0.26,0.39,118,1414,652,False
e2b_nothinking,v6,pp_full,mv1,kannada,ALL,0.95,30,37,0,0,30,37,,0.0,1.0,0.55,,,call;call;call;call;call;call;call;call;call;call;call;420511327;422311857;423336284;424154820;424610958;424687669;425476935;425942168;426377718;426432272;426548691;426583408;426594432;426603278;426609609;426631751;426636424;426648998;426649926,0,0,80,,,0.0,0,1414,652,False
e2b_nothinking,v6,pp_full,mv1,kannada,ALL,1.0,30,37,0,0,30,37,,0.0,1.0,0.55,,,call;call;call;call;call;call;call;call;call;call;call;420511327;422311857;423336284;424154820;424610958;424687669;425476935;425942168;426377718;426432272;426548691;426583408;426594432;426603278;426609609;426631751;426636424;426648998;426649926,0,0,80,,,0.0,0,1414,652,False
e2b_nothinking,v6,pp_full,mv1,kannada,ALL,none,30,37,23,25,7,12,0.48,0.77,0.32,0.52,0.59,call;call;call;call;call;call;call;call;call;call;call;call;403927389;423324272;426101552;426636576;426855984;426863933;426864020;426864282;426864654;426864666;426865205;426865726;426865848,call;call;call;420511327;426636424;426648998;426649926,44,1370,36,,0.03,0.55,1414,1414,652,False
e2b_nothinking,v6,raw,mv1,malayalam,PlatformMove,0.0,22,36,17,25,5,11,0.4,0.77,0.31,0.48,0.53,call;call;call;call;call;call;call;call;call;423219318;423562532;423662590;426108348;426460304;426565486;426591403;426600174;426604065;426608730;427012537;427012755;427018157;427030481;427035680;427037139,call;423505352;425939252;425971422;426657127,23,854,10,,0.03,0.7,877,877,0,False
e2b_nothinking,v6,raw,mv1,malayalam,PlatformMove,0.1,22,36,17,25,5,11,0.4,0.77,0.31,0.48,0.53,call;call;call;call;call;call;call;call;call;423219318;423562532;423662590;426108348;426460304;426565486;426591403;426600174;426604065;426608730;427012537;427012755;427018157;427030481;427035680;427037139,call;423505352;425939252;425971422;426657127,23,854,10,,0.03,0.7,877,877,0,False
e2b_nothinking,v6,raw,mv1,malayalam,PlatformMove,0.2,22,36,17,18,5,18,0.49,0.77,0.5,0.6,0.6,call;call;call;call;call;call;423219318;423562532;423662590;426460304;426565486;426591403;426600174;427012755;427018157;427030481;427035680;427037139,call;423505352;425939252;425971422;426657127,21,244,12,,0.08,0.64,265,877,0,False
e2b_nothinking,v6,raw,mv1,malayalam,PlatformMove,0.3,22,36,17,18,5,18,0.49,0.77,0.5,0.6,0.6,call;call;call;call;call;call;423219318;423562532;423662590;426460304;426565486;426591403;426600174;427012755;427018157;427030481;427035680;427037139,call;423505352;425939252;425971422;426657127,21,244,12,,0.08,0.64,265,877,0,False
e2b_nothinking,v6,raw,mv1,malayalam,PlatformMove,0.4,22,36,16,11,6,25,0.59,0.73,0.69,0.71,0.65,call;call;call;call;call;423219318;423562532;426460304;426600174;427030481;427035680,call;call;423505352;425939252;425971422;426657127,19,72,14,,0.21,0.58,91,877,0,False
e2b_nothinking,v6,raw,mv1,malayalam,PlatformMove,0.5,22,36,16,11,6,25,0.59,0.73,0.69,0.71,0.65,call;call;call;call;call;423219318;423562532;426460304;426600174;427030481;427035680,call;call;423505352;425939252;425971422;426657127,19,72,14,,0.21,0.58,91,877,0,False
e2b_nothinking,v6,raw,mv1,malayalam,PlatformMove,0.6,22,36,16,11,6,25,0.59,0.73,0.69,0.71,0.65,call;call;call;call;call;423219318;423562532;426460304;426600174;427030481;427035680,call;call;423505352;425939252;425971422;426657127,19,72,14,,0.21,0.58,91,877,0,False
e2b_nothinking,v6,raw,mv1,malayalam,PlatformMove,0.7,22,36,14,9,8,27,0.61,0.64,0.75,0.71,0.62,call;call;call;call;call;423562532;426600174;427030481;427035680,call;call;call;call;423505352;425939252;425971422;426657127,17,59,16,,0.22,0.52,76,877,0,False
e2b_nothinking,v6,raw,mv1,malayalam,PlatformMove,0.8,22,36,14,9,8,27,0.61,0.64,0.75,0.71,0.62,call;call;call;call;call;423562532;426600174;427030481;427035680,call;call;call;call;423505352;425939252;425971422;426657127,17,59,16,,0.22,0.52,76,877,0,False
e2b_nothinking,v6,raw,mv1,malayalam,PlatformMove,0.9,22,36,14,9,8,27,0.61,0.64,0.75,0.71,0.62,call;call;call;call;call;423562532;426600174;427030481;427035680,call;call;call;call;423505352;425939252;425971422;426657127,17,58,16,,0.23,0.52,75,877,0,False
e2b_nothinking,v6,raw,mv1,malayalam,PlatformMove,0.95,22,36,0,0,22,36,,0.0,1.0,0.62,,,call;call;call;call;call;call;call;call;call;call;call;call;423505352;425939252;425971422;426438311;426606195;426610860;426656120;426657127;426667318;426669005,0,0,33,,,0.0,0,877,0,False
e2b_nothinking,v6,raw,mv1,malayalam,PlatformMove,1.0,22,36,0,0,22,36,,0.0,1.0,0.62,,,call;call;call;call;call;call;call;call;call;call;call;call;423505352;425939252;425971422;426438311;426606195;426610860;426656120;426657127;426667318;426669005,0,0,33,,,0.0,0,877,0,False
e2b_nothinking,v6,raw,mv1,malayalam,PlatformMove,none,22,36,17,25,5,11,0.4,0.77,0.31,0.48,0.53,call;call;call;call;call;call;call;call;call;423219318;423562532;423662590;426108348;426460304;426565486;426591403;426600174;426604065;426608730;427012537;427012755;427018157;427030481;427035680;427037139,call;423505352;425939252;425971422;426657127,23,854,10,,0.03,0.7,877,877,0,False
e2b_nothinking,v6,raw,mv1,malayalam,SuspiciousActivity,0.0,5,53,3,24,2,29,0.11,0.6,0.55,0.55,0.19,call;call;call;call;call;call;call;call;call;call;call;call;call;423219318;423562532;423662590;425939252;425971422;426591403;426608730;426656120;426657127;427035680;427037139,426480223;426610860,4,139,1,,0.03,0.8,143,143,0,False
e2b_nothinking,v6,raw,mv1,malayalam,SuspiciousActivity,0.1,5,53,3,24,2,29,0.11,0.6,0.55,0.55,0.19,call;call;call;call;call;call;call;call;call;call;call;call;call;423219318;423562532;423662590;425939252;425971422;426591403;426608730;426656120;426657127;427035680;427037139,426480223;426610860,4,139,1,,0.03,0.8,143,143,0,False
e2b_nothinking,v6,raw,mv1,malayalam,SuspiciousActivity,0.2,5,53,3,22,2,31,0.12,0.6,0.58,0.59,0.2,call;call;call;call;call;call;call;call;call;call;call;call;call;423219318;423562532;423662590;425939252;425971422;426608730;426656120;426657127;427037139,426480223;426610860,4,97,1,,0.04,0.8,101,143,0,False
e2b_nothinking,v6,raw,mv1,malayalam,SuspiciousActivity,0.3,5,53,3,22,2,31,0.12,0.6,0.58,0.59,0.2,call;call;call;call;call;call;call;call;call;call;call;call;call;423219318;423562532;423662590;425939252;425971422;426608730;426656120;426657127;427037139,426480223;426610860,4,97,1,,0.04,0.8,101,143,0,False
e2b_nothinking,v6,raw,mv1,malayalam,SuspiciousActivity,0.4,5,53,3,17,2,36,0.15,0.6,0.68,0.67,0.24,call;call;call;call;call;call;call;call;call;423219318;423562532;423662590;425939252;425971422;426608730;426656120;426657127,426480223;426610860,4,61,1,,0.06,0.8,65,143,0,False
e2b_nothinking,v6,raw,mv1,malayalam,SuspiciousActivity,0.5,5,53,3,17,2,36,0.15,0.6,0.68,0.67,0.24,call;call;call;call;call;call;call;call;call;423219318;423562532;423662590;425939252;425971422;426608730;426656120;426657127,426480223;426610860,4,61,1,,0.06,0.8,65,143,0,False
e2b_nothinking,v6,raw,mv1,malayalam,SuspiciousActivity,0.6,5,53,3,17,2,36,0.15,0.6,0.68,0.67,0.24,call;call;call;call;call;call;call;call;call;423219318;423562532;423662590;425939252;425971422;426608730;426656120;426657127,426480223;426610860,4,61,1,,0.06,0.8,65,143,0,False
e2b_nothinking,v6,raw,mv1,malayalam,SuspiciousActivity,0.7,5,53,2,5,3,48,0.29,0.4,0.91,0.86,0.33,call;425939252;426608730;426656120;426657127,call;426480223;426610860,2,19,3,,0.1,0.4,21,143,0,False
e2b_nothinking,v6,raw,mv1,malayalam,SuspiciousActivity,0.8,5,53,2,5,3,48,0.29,0.4,0.91,0.86,0.33,call;425939252;426608730;426656120;426657127,call;426480223;426610860,2,19,3,,0.1,0.4,21,143,0,False
e2b_nothinking,v6,raw,mv1,malayalam,SuspiciousActivity,0.9,5,53,2,4,3,49,0.33,0.4,0.92,0.88,0.36,call;425939252;426608730;426657127,call;426480223;426610860,2,18,3,,0.1,0.4,20,143,0,False
e2b_nothinking,v6,raw,mv1,malayalam,SuspiciousActivity,0.95,5,53,0,0,5,53,,0.0,1.0,0.91,,,call;call;426480223;426606195;426610860,0,0,5,,,0.0,0,143,0,False
e2b_nothinking,v6,raw,mv1,malayalam,SuspiciousActivity,1.0,5,53,0,0,5,53,,0.0,1.0,0.91,,,call;call;426480223;426606195;426610860,0,0,5,,,0.0,0,143,0,False
e2b_nothinking,v6,raw,mv1,malayalam,SuspiciousActivity,none,5,53,3,24,2,29,0.11,0.6,0.55,0.55,0.19,call;call;call;call;call;call;call;call;call;call;call;call;call;423219318;423562532;423662590;425939252;425971422;426591403;426608730;426656120;426657127;427035680;427037139,426480223;426610860,4,139,1,,0.03,0.8,143,143,0,False
e2b_nothinking,v6,raw,mv1,malayalam,Explicit-Flirting,0.0,21,37,11,17,10,20,0.39,0.52,0.54,0.53,0.45,call;call;call;call;call;call;call;call;call;423219318;423505352;425939252;425971422;426600174;426656120;427012755;427018157,call;call;call;call;426537197;426565486;426573512;426606195;426667318;427012537,10,165,26,,0.06,0.28,175,175,0,False
e2b_nothinking,v6,raw,mv1,malayalam,Explicit-Flirting,0.1,21,37,11,17,10,20,0.39,0.52,0.54,0.53,0.45,call;call;call;call;call;call;call;call;call;423219318;423505352;425939252;425971422;426600174;426656120;427012755;427018157,call;call;call;call;426537197;426565486;426573512;426606195;426667318;427012537,10,165,26,,0.06,0.28,175,175,0,False
e2b_nothinking,v6,raw,mv1,malayalam,Explicit-Flirting,0.2,21,37,9,16,12,21,0.36,0.43,0.57,0.52,0.39,call;call;call;call;call;call;call;call;423219318;423505352;425939252;425971422;426600174;426656120;427012755;427018157,call;call;call;call;call;426537197;426565486;426573512;426591403;426606195;426667318;427012537,8,117,28,,0.06,0.22,125,175,0,False
e2b_nothinking,v6,raw,mv1,malayalam,Explicit-Flirting,0.3,21,37,9,16,12,21,0.36,0.43,0.57,0.52,0.39,call;call;call;call;call;call;call;call;423219318;423505352;425939252;425971422;426600174;426656120;427012755;427018157,call;call;call;call;call;426537197;426565486;426573512;426591403;426606195;426667318;427012537,8,117,28,,0.06,0.22,125,175,0,False
e2b_nothinking,v6,raw,mv1,malayalam,Explicit-Flirting,0.4,21,37,8,13,13,24,0.38,0.38,0.65,0.55,0.38,call;call;call;call;call;call;423219318;425939252;425971422;426600174;426656120;427012755;427018157,call;call;call;call;call;426480223;426537197;426565486;426573512;426591403;426606195;426667318;427012537,7,66,29,,0.1,0.19,73,175,0,False
e2b_nothinking,v6,raw,mv1,malayalam,Explicit-Flirting,0.5,21,37,8,13,13,24,0.38,0.38,0.65,0.55,0.38,call;call;call;call;call;call;423219318;425939252;425971422;426600174;426656120;427012755;427018157,call;call;call;call;call;426480223;426537197;426565486;426573512;426591403;426606195;426667318;427012537,7,66,29,,0.1,0.19,73,175,0,False
e2b_nothinking,v6,raw,mv1,malayalam,Explicit-Flirting,0.6,21,37,8,13,13,24,0.38,0.38,0.65,0.55,0.38,call;call;call;call;call;call;423219318;425939252;425971422;426600174;426656120;427012755;427018157,call;call;call;call;call;426480223;426537197;426565486;426573512;426591403;426606195;426667318;427012537,7,66,29,,0.1,0.19,73,175,0,False
e2b_nothinking,v6,raw,mv1,malayalam,Explicit-Flirting,0.7,21,37,5,4,16,33,0.56,0.24,0.89,0.66,0.33,call;call;call;427018157,call;call;call;call;call;call;call;426480223;426537197;426565486;426573512;426591403;426606195;426667318;427012375;427012537,5,30,31,,0.14,0.14,35,175,0,False
e2b_nothinking,v6,raw,mv1,malayalam,Explicit-Flirting,0.8,21,37,5,3,16,34,0.62,0.24,0.92,0.67,0.34,call;call;427018157,call;call;call;call;call;call;call;426480223;426537197;426565486;426573512;426591403;426606195;426667318;427012375;427012537,5,29,31,,0.15,0.14,34,175,0,False
e2b_nothinking,v6,raw,mv1,malayalam,Explicit-Flirting,0.9,21,37,4,3,17,34,0.57,0.19,0.92,0.66,0.29,call;call;427018157,call;call;call;call;call;call;call;426480223;426537197;426565486;426573512;426591403;426604065;426606195;426667318;427012375;427012537,4,28,32,,0.12,0.11,32,175,0,False
e2b_nothinking,v6,raw,mv1,malayalam,Explicit-Flirting,0.95,21,37,0,0,21,37,,0.0,1.0,0.64,,,call;call;call;call;call;call;call;call;423662590;426460304;426480223;426537197;426565486;426573512;426591403;426604065;426606195;426610860;426667318;427012375;427012537,0,0,36,,,0.0,0,175,0,False
e2b_nothinking,v6,raw,mv1,malayalam,Explicit-Flirting,1.0,21,37,0,0,21,37,,0.0,1.0,0.64,,,call;call;call;call;call;call;call;call;423662590;426460304;426480223;426537197;426565486;426573512;426591403;426604065;426606195;426610860;426667318;427012375;427012537,0,0,36,,,0.0,0,175,0,False
e2b_nothinking,v6,raw,mv1,malayalam,Explicit-Flirting,none,21,37,11,17,10,20,0.39,0.52,0.54,0.53,0.45,call;call;call;call;call;call;call;call;call;423219318;423505352;425939252;425971422;426600174;426656120;427012755;427018157,call;call;call;call;426537197;426565486;426573512;426606195;426667318;427012537,10,165,26,,0.06,0.28,175,175,0,False
e2b_nothinking,v6,raw,mv1,malayalam,ALL,0.0,35,23,26,16,9,7,0.62,0.74,0.3,0.57,0.68,call;call;call;call;call;call;423219318;423562532;426108348;426600174;426608730;427012755;427018157;427030481;427035680;427037139,call;423505352;425939252;425971422;426537197;426565486;426573512;426657127;427012537,37,1446,37,,0.02,0.5,1483,1611,0,False
e2b_nothinking,v6,raw,mv1,malayalam,ALL,0.1,35,23,26,16,9,7,0.62,0.74,0.3,0.57,0.68,call;call;call;call;call;call;423219318;423562532;426108348;426600174;426608730;427012755;427018157;427030481;427035680;427037139,call;423505352;425939252;425971422;426537197;426565486;426573512;426657127;427012537,37,1411,37,,0.03,0.5,1448,1611,0,False
e2b_nothinking,v6,raw,mv1,malayalam,ALL,0.2,35,23,24,13,11,10,0.65,0.69,0.43,0.59,0.67,call;call;call;call;423219318;423562532;426600174;426608730;427012755;427018157;427030481;427035680;427037139,call;call;423505352;425939252;425971422;426537197;426565486;426573512;426591403;426657127;427012537,33,647,41,,0.05,0.45,680,1611,0,False
e2b_nothinking,v6,raw,mv1,malayalam,ALL,0.3,35,23,24,13,11,10,0.65,0.69,0.43,0.59,0.67,call;call;call;call;423219318;423562532;426600174;426608730;427012755;427018157;427030481;427035680;427037139,call;call;423505352;425939252;425971422;426537197;426565486;426573512;426591403;426657127;427012537,33,647,41,,0.05,0.45,680,1611,0,False
e2b_nothinking,v6,raw,mv1,malayalam,ALL,0.4,35,23,22,12,13,11,0.65,0.63,0.48,0.57,0.64,call;call;call;call;423219318;423562532;426600174;426608730;427012755;427018157;427030481;427035680,call;call;call;423505352;425939252;425971422;426480223;426537197;426565486;426573512;426591403;426657127;427012537,30,200,44,,0.13,0.41,230,1611,0,False
e2b_nothinking,v6,raw,mv1,malayalam,ALL,0.5,35,23,22,12,13,11,0.65,0.63,0.48,0.57,0.64,call;call;call;call;423219318;423562532;426600174;426608730;427012755;427018157;427030481;427035680,call;call;call;423505352;425939252;425971422;426480223;426537197;426565486;426573512;426591403;426657127;427012537,30,200,44,,0.13,0.41,230,1611,0,False
e2b_nothinking,v6,raw,mv1,malayalam,ALL,0.6,35,23,22,12,13,11,0.65,0.63,0.48,0.57,0.64,call;call;call;call;423219318;423562532;426600174;426608730;427012755;427018157;427030481;427035680,call;call;call;423505352;425939252;425971422;426480223;426537197;426565486;426573512;426591403;426657127;427012537,30,200,44,,0.13,0.41,230,1611,0,False
e2b_nothinking,v6,raw,mv1,malayalam,ALL,0.7,35,23,18,9,17,14,0.67,0.51,0.61,0.55,0.58,call;call;call;423562532;426600174;426608730;427018157;427030481;427035680,call;call;call;call;call;call;423505352;425939252;425971422;426480223;426537197;426565486;426573512;426591403;426657127;427012375;427012537,24,109,50,,0.18,0.32,133,1611,0,False
e2b_nothinking,v6,raw,mv1,malayalam,ALL,0.8,35,23,18,9,17,14,0.67,0.51,0.61,0.55,0.58,call;call;call;423562532;426600174;426608730;427018157;427030481;427035680,call;call;call;call;call;call;423505352;425939252;425971422;426480223;426537197;426565486;426573512;426591403;426657127;427012375;427012537,24,108,50,,0.18,0.32,132,1611,0,False
e2b_nothinking,v6,raw,mv1,malayalam,ALL,0.9,35,23,17,9,18,14,0.65,0.49,0.61,0.53,0.56,call;call;call;423562532;426600174;426608730;427018157;427030481;427035680,call;call;call;call;call;call;423505352;425939252;425971422;426480223;426537197;426565486;426573512;426591403;426604065;426657127;427012375;427012537,23,105,51,,0.18,0.31,128,1611,0,False
e2b_nothinking,v6,raw,mv1,malayalam,ALL,0.95,35,23,0,0,35,23,,0.0,1.0,0.4,,,call;call;call;call;call;call;call;call;call;call;call;call;call;call;call;423505352;423662590;425939252;425971422;426438311;426460304;426480223;426537197;426565486;426573512;426591403;426604065;426606195;426610860;426656120;426657127;426667318;426669005;427012375;427012537,0,0,74,,,0.0,0,1611,0,False
e2b_nothinking,v6,raw,mv1,malayalam,ALL,1.0,35,23,0,0,35,23,,0.0,1.0,0.4,,,call;call;call;call;call;call;call;call;call;call;call;call;call;call;call;423505352;423662590;425939252;425971422;426438311;426460304;426480223;426537197;426565486;426573512;426591403;426604065;426606195;426610860;426656120;426657127;426667318;426669005;427012375;427012537,0,0,74,,,0.0,0,1611,0,False
e2b_nothinking,v6,raw,mv1,malayalam,ALL,none,35,23,26,16,9,7,0.62,0.74,0.3,0.57,0.68,call;call;call;call;call;call;423219318;423562532;426108348;426600174;426608730;427012755;427018157;427030481;427035680;427037139,call;423505352;425939252;425971422;426537197;426565486;426573512;426657127;427012537,37,1574,37,,0.02,0.5,1611,1611,0,False
e2b_nothinking,v6,sa,mv1,malayalam,PlatformMove,0.0,22,36,17,25,5,11,0.4,0.77,0.31,0.48,0.53,call;call;call;call;call;call;call;call;call;423219318;423562532;423662590;426108348;426460304;426565486;426591403;426600174;426604065;426608730;427012537;427012755;427018157;427030481;427035680;427037139,call;423505352;425939252;425971422;426657127,23,854,10,,0.03,0.7,877,877,0,False
e2b_nothinking,v6,sa,mv1,malayalam,PlatformMove,0.1,22,36,17,25,5,11,0.4,0.77,0.31,0.48,0.53,call;call;call;call;call;call;call;call;call;423219318;423562532;423662590;426108348;426460304;426565486;426591403;426600174;426604065;426608730;427012537;427012755;427018157;427030481;427035680;427037139,call;423505352;425939252;425971422;426657127,23,854,10,,0.03,0.7,877,877,0,False
e2b_nothinking,v6,sa,mv1,malayalam,PlatformMove,0.2,22,36,17,18,5,18,0.49,0.77,0.5,0.6,0.6,call;call;call;call;call;call;423219318;423562532;423662590;426460304;426565486;426591403;426600174;427012755;427018157;427030481;427035680;427037139,call;423505352;425939252;425971422;426657127,21,244,12,,0.08,0.64,265,877,0,False
e2b_nothinking,v6,sa,mv1,malayalam,PlatformMove,0.3,22,36,17,18,5,18,0.49,0.77,0.5,0.6,0.6,call;call;call;call;call;call;423219318;423562532;423662590;426460304;426565486;426591403;426600174;427012755;427018157;427030481;427035680;427037139,call;423505352;425939252;425971422;426657127,21,244,12,,0.08,0.64,265,877,0,False
e2b_nothinking,v6,sa,mv1,malayalam,PlatformMove,0.4,22,36,16,9,6,27,0.64,0.73,0.75,0.74,0.68,call;call;call;call;call;423219318;423562532;426460304;427035680,call;call;423505352;425939252;425971422;426657127,19,65,14,,0.23,0.58,84,877,0,False
e2b_nothinking,v6,sa,mv1,malayalam,PlatformMove,0.5,22,36,16,9,6,27,0.64,0.73,0.75,0.74,0.68,call;call;call;call;call;423219318;423562532;426460304;427035680,call;call;423505352;425939252;425971422;426657127,19,65,14,,0.23,0.58,84,877,0,False
e2b_nothinking,v6,sa,mv1,malayalam,PlatformMove,0.6,22,36,16,9,6,27,0.64,0.73,0.75,0.74,0.68,call;call;call;call;call;423219318;423562532;426460304;427035680,call;call;423505352;425939252;425971422;426657127,19,65,14,,0.23,0.58,84,877,0,False
e2b_nothinking,v6,sa,mv1,malayalam,PlatformMove,0.7,22,36,14,7,8,29,0.67,0.64,0.81,0.74,0.65,call;call;call;call;call;423562532;427035680,call;call;call;call;423505352;425939252;425971422;426657127,17,53,16,,0.24,0.52,70,877,0,False
e2b_nothinking,v6,sa,mv1,malayalam,PlatformMove,0.8,22,36,14,7,8,29,0.67,0.64,0.81,0.74,0.65,call;call;call;call;call;423562532;427035680,call;call;call;call;423505352;425939252;425971422;426657127,17,53,16,,0.24,0.52,70,877,0,False
e2b_nothinking,v6,sa,mv1,malayalam,PlatformMove,0.9,22,36,14,7,8,29,0.67,0.64,0.81,0.74,0.65,call;call;call;call;call;423562532;427035680,call;call;call;call;423505352;425939252;425971422;426657127,17,53,16,,0.24,0.52,70,877,0,False
e2b_nothinking,v6,sa,mv1,malayalam,PlatformMove,0.95,22,36,0,0,22,36,,0.0,1.0,0.62,,,call;call;call;call;call;call;call;call;call;call;call;call;423505352;425939252;425971422;426438311;426606195;426610860;426656120;426657127;426667318;426669005,0,0,33,,,0.0,0,877,0,False
e2b_nothinking,v6,sa,mv1,malayalam,PlatformMove,1.0,22,36,0,0,22,36,,0.0,1.0,0.62,,,call;call;call;call;call;call;call;call;call;call;call;call;423505352;425939252;425971422;426438311;426606195;426610860;426656120;426657127;426667318;426669005,0,0,33,,,0.0,0,877,0,False
e2b_nothinking,v6,sa,mv1,malayalam,PlatformMove,none,22,36,17,25,5,11,0.4,0.77,0.31,0.48,0.53,call;call;call;call;call;call;call;call;call;423219318;423562532;423662590;426108348;426460304;426565486;426591403;426600174;426604065;426608730;427012537;427012755;427018157;427030481;427035680;427037139,call;423505352;425939252;425971422;426657127,23,854,10,,0.03,0.7,877,877,0,False
e2b_nothinking,v6,sa,mv1,malayalam,SuspiciousActivity,0.0,5,53,3,24,2,29,0.11,0.6,0.55,0.55,0.19,call;call;call;call;call;call;call;call;call;call;call;call;call;423219318;423562532;423662590;425939252;425971422;426591403;426608730;426656120;426657127;427035680;427037139,426480223;426610860,4,139,1,,0.03,0.8,143,143,0,False
e2b_nothinking,v6,sa,mv1,malayalam,SuspiciousActivity,0.1,5,53,3,24,2,29,0.11,0.6,0.55,0.55,0.19,call;call;call;call;call;call;call;call;call;call;call;call;call;423219318;423562532;423662590;425939252;425971422;426591403;426608730;426656120;426657127;427035680;427037139,426480223;426610860,4,139,1,,0.03,0.8,143,143,0,False
e2b_nothinking,v6,sa,mv1,malayalam,SuspiciousActivity,0.2,5,53,3,22,2,31,0.12,0.6,0.58,0.59,0.2,call;call;call;call;call;call;call;call;call;call;call;call;call;423219318;423562532;423662590;425939252;425971422;426608730;426656120;426657127;427037139,426480223;426610860,4,97,1,,0.04,0.8,101,143,0,False
e2b_nothinking,v6,sa,mv1,malayalam,SuspiciousActivity,0.3,5,53,3,22,2,31,0.12,0.6,0.58,0.59,0.2,call;call;call;call;call;call;call;call;call;call;call;call;call;423219318;423562532;423662590;425939252;425971422;426608730;426656120;426657127;427037139,426480223;426610860,4,97,1,,0.04,0.8,101,143,0,False
e2b_nothinking,v6,sa,mv1,malayalam,SuspiciousActivity,0.4,5,53,3,16,2,37,0.16,0.6,0.7,0.69,0.25,call;call;call;call;call;call;call;call;call;423219318;423662590;425939252;425971422;426608730;426656120;426657127,426480223;426610860,4,59,1,,0.06,0.8,63,143,0,False
e2b_nothinking,v6,sa,mv1,malayalam,SuspiciousActivity,0.5,5,53,3,16,2,37,0.16,0.6,0.7,0.69,0.25,call;call;call;call;call;call;call;call;call;423219318;423662590;425939252;425971422;426608730;426656120;426657127,426480223;426610860,4,59,1,,0.06,0.8,63,143,0,False
e2b_nothinking,v6,sa,mv1,malayalam,SuspiciousActivity,0.6,5,53,3,16,2,37,0.16,0.6,0.7,0.69,0.25,call;call;call;call;call;call;call;call;call;423219318;423662590;425939252;425971422;426608730;426656120;426657127,426480223;426610860,4,59,1,,0.06,0.8,63,143,0,False
e2b_nothinking,v6,sa,mv1,malayalam,SuspiciousActivity,0.7,5,53,2,5,3,48,0.29,0.4,0.91,0.86,0.33,call;425939252;426608730;426656120;426657127,call;426480223;426610860,2,18,3,,0.1,0.4,20,143,0,False
e2b_nothinking,v6,sa,mv1,malayalam,SuspiciousActivity,0.8,5,53,2,5,3,48,0.29,0.4,0.91,0.86,0.33,call;425939252;426608730;426656120;426657127,call;426480223;426610860,2,18,3,,0.1,0.4,20,143,0,False
e2b_nothinking,v6,sa,mv1,malayalam,SuspiciousActivity,0.9,5,53,2,4,3,49,0.33,0.4,0.92,0.88,0.36,call;425939252;426608730;426657127,call;426480223;426610860,2,17,3,,0.11,0.4,19,143,0,False
e2b_nothinking,v6,sa,mv1,malayalam,SuspiciousActivity,0.95,5,53,0,0,5,53,,0.0,1.0,0.91,,,call;call;426480223;426606195;426610860,0,0,5,,,0.0,0,143,0,False
e2b_nothinking,v6,sa,mv1,malayalam,SuspiciousActivity,1.0,5,53,0,0,5,53,,0.0,1.0,0.91,,,call;call;426480223;426606195;426610860,0,0,5,,,0.0,0,143,0,False
e2b_nothinking,v6,sa,mv1,malayalam,SuspiciousActivity,none,5,53,3,24,2,29,0.11,0.6,0.55,0.55,0.19,call;call;call;call;call;call;call;call;call;call;call;call;call;423219318;423562532;423662590;425939252;425971422;426591403;426608730;426656120;426657127;427035680;427037139,426480223;426610860,4,139,1,,0.03,0.8,143,143,0,False
e2b_nothinking,v6,sa,mv1,malayalam,Explicit-Flirting,0.0,21,37,11,17,10,20,0.39,0.52,0.54,0.53,0.45,call;call;call;call;call;call;call;call;call;423219318;423505352;425939252;425971422;426600174;426656120;427012755;427018157,call;call;call;call;426537197;426565486;426573512;426606195;426667318;427012537,10,165,26,,0.06,0.28,175,175,0,False
e2b_nothinking,v6,sa,mv1,malayalam,Explicit-Flirting,0.1,21,37,11,17,10,20,0.39,0.52,0.54,0.53,0.45,call;call;call;call;call;call;call;call;call;423219318;423505352;425939252;425971422;426600174;426656120;427012755;427018157,call;call;call;call;426537197;426565486;426573512;426606195;426667318;427012537,10,165,26,,0.06,0.28,175,175,0,False
e2b_nothinking,v6,sa,mv1,malayalam,Explicit-Flirting,0.2,21,37,9,16,12,21,0.36,0.43,0.57,0.52,0.39,call;call;call;call;call;call;call;call;423219318;423505352;425939252;425971422;426600174;426656120;427012755;427018157,call;call;call;call;call;426537197;426565486;426573512;426591403;426606195;426667318;427012537,8,117,28,,0.06,0.22,125,175,0,False
e2b_nothinking,v6,sa,mv1,malayalam,Explicit-Flirting,0.3,21,37,9,16,12,21,0.36,0.43,0.57,0.52,0.39,call;call;call;call;call;call;call;call;423219318;423505352;425939252;425971422;426600174;426656120;427012755;427018157,call;call;call;call;call;426537197;426565486;426573512;426591403;426606195;426667318;427012537,8,117,28,,0.06,0.22,125,175,0,False
e2b_nothinking,v6,sa,mv1,malayalam,Explicit-Flirting,0.4,21,37,7,13,14,24,0.35,0.33,0.65,0.53,0.34,call;call;call;call;call;call;423219318;425939252;425971422;426600174;426656120;427012755;427018157,call;call;call;call;call;426480223;426537197;426565486;426573512;426591403;426604065;426606195;426667318;427012537,6,60,30,,0.09,0.17,66,175,0,False
e2b_nothinking,v6,sa,mv1,malayalam,Explicit-Flirting,0.5,21,37,7,13,14,24,0.35,0.33,0.65,0.53,0.34,call;call;call;call;call;call;423219318;425939252;425971422;426600174;426656120;427012755;427018157,call;call;call;call;call;426480223;426537197;426565486;426573512;426591403;426604065;426606195;426667318;427012537,6,60,30,,0.09,0.17,66,175,0,False
e2b_nothinking,v6,sa,mv1,malayalam,Explicit-Flirting,0.6,21,37,7,13,14,24,0.35,0.33,0.65,0.53,0.34,call;call;call;call;call;call;423219318;425939252;425971422;426600174;426656120;427012755;427018157,call;call;call;call;call;426480223;426537197;426565486;426573512;426591403;426604065;426606195;426667318;427012537,6,60,30,,0.09,0.17,66,175,0,False
e2b_nothinking,v6,sa,mv1,malayalam,Explicit-Flirting,0.7,21,37,4,4,17,33,0.5,0.19,0.89,0.64,0.28,call;call;call;427018157,call;call;call;call;call;call;call;426480223;426537197;426565486;426573512;426591403;426604065;426606195;426667318;427012375;427012537,4,25,32,,0.14,0.11,29,175,0,False
e2b_nothinking,v6,sa,mv1,malayalam,Explicit-Flirting,0.8,21,37,4,3,17,34,0.57,0.19,0.92,0.66,0.29,call;call;427018157,call;call;call;call;call;call;call;426480223;426537197;426565486;426573512;426591403;426604065;426606195;426667318;427012375;427012537,4,24,32,,0.14,0.11,28,175,0,False
e2b_nothinking,v6,sa,mv1,malayalam,Explicit-Flirting,0.9,21,37,4,3,17,34,0.57,0.19,0.92,0.66,0.29,call;call;427018157,call;call;call;call;call;call;call;426480223;426537197;426565486;426573512;426591403;426604065;426606195;426667318;427012375;427012537,4,24,32,,0.14,0.11,28,175,0,False
e2b_nothinking,v6,sa,mv1,malayalam,Explicit-Flirting,0.95,21,37,0,0,21,37,,0.0,1.0,0.64,,,call;call;call;call;call;call;call;call;423662590;426460304;426480223;426537197;426565486;426573512;426591403;426604065;426606195;426610860;426667318;427012375;427012537,0,0,36,,,0.0,0,175,0,False
e2b_nothinking,v6,sa,mv1,malayalam,Explicit-Flirting,1.0,21,37,0,0,21,37,,0.0,1.0,0.64,,,call;call;call;call;call;call;call;call;423662590;426460304;426480223;426537197;426565486;426573512;426591403;426604065;426606195;426610860;426667318;427012375;427012537,0,0,36,,,0.0,0,175,0,False
e2b_nothinking,v6,sa,mv1,malayalam,Explicit-Flirting,none,21,37,11,17,10,20,0.39,0.52,0.54,0.53,0.45,call;call;call;call;call;call;call;call;call;423219318;423505352;425939252;425971422;426600174;426656120;427012755;427018157,call;call;call;call;426537197;426565486;426573512;426606195;426667318;427012537,10,165,26,,0.06,0.28,175,175,0,False
e2b_nothinking,v6,sa,mv1,malayalam,ALL,0.0,35,23,26,16,9,7,0.62,0.74,0.3,0.57,0.68,call;call;call;call;call;call;423219318;423562532;426108348;426600174;426608730;427012755;427018157;427030481;427035680;427037139,call;423505352;425939252;425971422;426537197;426565486;426573512;426657127;427012537,37,1574,37,,0.02,0.5,1611,1611,0,False
e2b_nothinking,v6,sa,mv1,malayalam,ALL,0.1,35,23,26,16,9,7,0.62,0.74,0.3,0.57,0.68,call;call;call;call;call;call;423219318;423562532;426108348;426600174;426608730;427012755;427018157;427030481;427035680;427037139,call;423505352;425939252;425971422;426537197;426565486;426573512;426657127;427012537,37,1411,37,,0.03,0.5,1448,1611,0,False
e2b_nothinking,v6,sa,mv1,malayalam,ALL,0.2,35,23,24,13,11,10,0.65,0.69,0.43,0.59,0.67,call;call;call;call;423219318;423562532;426600174;426608730;427012755;427018157;427030481;427035680;427037139,call;call;423505352;425939252;425971422;426537197;426565486;426573512;426591403;426657127;427012537,33,647,41,,0.05,0.45,680,1611,0,False
e2b_nothinking,v6,sa,mv1,malayalam,ALL,0.3,35,23,24,13,11,10,0.65,0.69,0.43,0.59,0.67,call;call;call;call;423219318;423562532;426600174;426608730;427012755;427018157;427030481;427035680;427037139,call;call;423505352;425939252;425971422;426537197;426565486;426573512;426591403;426657127;427012537,33,647,41,,0.05,0.45,680,1611,0,False
e2b_nothinking,v6,sa,mv1,malayalam,ALL,0.4,35,23,21,11,14,12,0.66,0.6,0.52,0.57,0.63,call;call;call;call;423219318;423562532;426600174;426608730;427012755;427018157;427035680,call;call;call;423505352;425939252;425971422;426480223;426537197;426565486;426573512;426591403;426604065;426657127;427012537,29,184,45,,0.14,0.39,213,1611,0,False
e2b_nothinking,v6,sa,mv1,malayalam,ALL,0.5,35,23,21,11,14,12,0.66,0.6,0.52,0.57,0.63,call;call;call;call;423219318;423562532;426600174;426608730;427012755;427018157;427035680,call;call;call;423505352;425939252;425971422;426480223;426537197;426565486;426573512;426591403;426604065;426657127;427012537,29,184,45,,0.14,0.39,213,1611,0,False
e2b_nothinking,v6,sa,mv1,malayalam,ALL,0.6,35,23,21,11,14,12,0.66,0.6,0.52,0.57,0.63,call;call;call;call;423219318;423562532;426600174;426608730;427012755;427018157;427035680,call;call;call;423505352;425939252;425971422;426480223;426537197;426565486;426573512;426591403;426604065;426657127;427012537,29,184,45,,0.14,0.39,213,1611,0,False
e2b_nothinking,v6,sa,mv1,malayalam,ALL,0.7,35,23,17,7,18,16,0.71,0.49,0.7,0.57,0.58,call;call;call;423562532;426608730;427018157;427035680,call;call;call;call;call;call;423505352;425939252;425971422;426480223;426537197;426565486;426573512;426591403;426604065;426657127;427012375;427012537,23,96,51,,0.19,0.31,119,1611,0,False
e2b_nothinking,v6,sa,mv1,malayalam,ALL,0.8,35,23,17,7,18,16,0.71,0.49,0.7,0.57,0.58,call;call;call;423562532;426608730;427018157;427035680,call;call;call;call;call;call;423505352;425939252;425971422;426480223;426537197;426565486;426573512;426591403;426604065;426657127;427012375;427012537,23,95,51,,0.19,0.31,118,1611,0,False
e2b_nothinking,v6,sa,mv1,malayalam,ALL,0.9,35,23,17,7,18,16,0.71,0.49,0.7,0.57,0.58,call;call;call;423562532;426608730;427018157;427035680,call;call;call;call;call;call;423505352;425939252;425971422;426480223;426537197;426565486;426573512;426591403;426604065;426657127;427012375;427012537,23,94,51,,0.2,0.31,117,1611,0,False
e2b_nothinking,v6,sa,mv1,malayalam,ALL,0.95,35,23,0,0,35,23,,0.0,1.0,0.4,,,call;call;call;call;call;call;call;call;call;call;call;call;call;call;call;423505352;423662590;425939252;425971422;426438311;426460304;426480223;426537197;426565486;426573512;426591403;426604065;426606195;426610860;426656120;426657127;426667318;426669005;427012375;427012537,0,0,74,,,0.0,0,1611,0,False
e2b_nothinking,v6,sa,mv1,malayalam,ALL,1.0,35,23,0,0,35,23,,0.0,1.0,0.4,,,call;call;call;call;call;call;call;call;call;call;call;call;call;call;call;423505352;423662590;425939252;425971422;426438311;426460304;426480223;426537197;426565486;426573512;426591403;426604065;426606195;426610860;426656120;426657127;426667318;426669005;427012375;427012537,0,0,74,,,0.0,0,1611,0,False
e2b_nothinking,v6,sa,mv1,malayalam,ALL,none,35,23,26,16,9,7,0.62,0.74,0.3,0.57,0.68,call;call;call;call;call;call;423219318;423562532;426108348;426600174;426608730;427012755;427018157;427030481;427035680;427037139,call;423505352;425939252;425971422;426537197;426565486;426573512;426657127;427012537,37,1574,37,,0.02,0.5,1611,1611,0,False
e2b_nothinking,v6,sa_drop_invalid,mv1,malayalam,PlatformMove,0.0,22,36,17,25,5,11,0.4,0.77,0.31,0.48,0.53,call;call;call;call;call;call;call;call;call;423219318;423562532;423662590;426108348;426460304;426565486;426591403;426600174;426604065;426608730;427012537;427012755;427018157;427030481;427035680;427037139,call;423505352;425939252;425971422;426657127,23,854,10,,0.03,0.7,877,877,0,False
e2b_nothinking,v6,sa_drop_invalid,mv1,malayalam,PlatformMove,0.1,22,36,17,25,5,11,0.4,0.77,0.31,0.48,0.53,call;call;call;call;call;call;call;call;call;423219318;423562532;423662590;426108348;426460304;426565486;426591403;426600174;426604065;426608730;427012537;427012755;427018157;427030481;427035680;427037139,call;423505352;425939252;425971422;426657127,23,854,10,,0.03,0.7,877,877,0,False
e2b_nothinking,v6,sa_drop_invalid,mv1,malayalam,PlatformMove,0.2,22,36,17,18,5,18,0.49,0.77,0.5,0.6,0.6,call;call;call;call;call;call;423219318;423562532;423662590;426460304;426565486;426591403;426600174;427012755;427018157;427030481;427035680;427037139,call;423505352;425939252;425971422;426657127,21,244,12,,0.08,0.64,265,877,0,False
e2b_nothinking,v6,sa_drop_invalid,mv1,malayalam,PlatformMove,0.3,22,36,17,18,5,18,0.49,0.77,0.5,0.6,0.6,call;call;call;call;call;call;423219318;423562532;423662590;426460304;426565486;426591403;426600174;427012755;427018157;427030481;427035680;427037139,call;423505352;425939252;425971422;426657127,21,244,12,,0.08,0.64,265,877,0,False
e2b_nothinking,v6,sa_drop_invalid,mv1,malayalam,PlatformMove,0.4,22,36,16,9,6,27,0.64,0.73,0.75,0.74,0.68,call;call;call;call;call;423219318;423562532;426460304;427035680,call;call;423505352;425939252;425971422;426657127,19,65,14,,0.23,0.58,84,877,0,False
e2b_nothinking,v6,sa_drop_invalid,mv1,malayalam,PlatformMove,0.5,22,36,16,9,6,27,0.64,0.73,0.75,0.74,0.68,call;call;call;call;call;423219318;423562532;426460304;427035680,call;call;423505352;425939252;425971422;426657127,19,65,14,,0.23,0.58,84,877,0,False
e2b_nothinking,v6,sa_drop_invalid,mv1,malayalam,PlatformMove,0.6,22,36,16,9,6,27,0.64,0.73,0.75,0.74,0.68,call;call;call;call;call;423219318;423562532;426460304;427035680,call;call;423505352;425939252;425971422;426657127,19,65,14,,0.23,0.58,84,877,0,False
e2b_nothinking,v6,sa_drop_invalid,mv1,malayalam,PlatformMove,0.7,22,36,14,7,8,29,0.67,0.64,0.81,0.74,0.65,call;call;call;call;call;423562532;427035680,call;call;call;call;423505352;425939252;425971422;426657127,17,53,16,,0.24,0.52,70,877,0,False
e2b_nothinking,v6,sa_drop_invalid,mv1,malayalam,PlatformMove,0.8,22,36,14,7,8,29,0.67,0.64,0.81,0.74,0.65,call;call;call;call;call;423562532;427035680,call;call;call;call;423505352;425939252;425971422;426657127,17,53,16,,0.24,0.52,70,877,0,False
e2b_nothinking,v6,sa_drop_invalid,mv1,malayalam,PlatformMove,0.9,22,36,14,7,8,29,0.67,0.64,0.81,0.74,0.65,call;call;call;call;call;423562532;427035680,call;call;call;call;423505352;425939252;425971422;426657127,17,53,16,,0.24,0.52,70,877,0,False
e2b_nothinking,v6,sa_drop_invalid,mv1,malayalam,PlatformMove,0.95,22,36,0,0,22,36,,0.0,1.0,0.62,,,call;call;call;call;call;call;call;call;call;call;call;call;423505352;425939252;425971422;426438311;426606195;426610860;426656120;426657127;426667318;426669005,0,0,33,,,0.0,0,877,0,False
e2b_nothinking,v6,sa_drop_invalid,mv1,malayalam,PlatformMove,1.0,22,36,0,0,22,36,,0.0,1.0,0.62,,,call;call;call;call;call;call;call;call;call;call;call;call;423505352;425939252;425971422;426438311;426606195;426610860;426656120;426657127;426667318;426669005,0,0,33,,,0.0,0,877,0,False
e2b_nothinking,v6,sa_drop_invalid,mv1,malayalam,PlatformMove,none,22,36,17,25,5,11,0.4,0.77,0.31,0.48,0.53,call;call;call;call;call;call;call;call;call;423219318;423562532;423662590;426108348;426460304;426565486;426591403;426600174;426604065;426608730;427012537;427012755;427018157;427030481;427035680;427037139,call;423505352;425939252;425971422;426657127,23,854,10,,0.03,0.7,877,877,0,False
e2b_nothinking,v6,sa_drop_invalid,mv1,malayalam,SuspiciousActivity,0.0,5,53,3,24,2,29,0.11,0.6,0.55,0.55,0.19,call;call;call;call;call;call;call;call;call;call;call;call;call;423219318;423562532;423662590;425939252;425971422;426591403;426608730;426656120;426657127;427035680;427037139,426480223;426610860,4,139,1,,0.03,0.8,143,143,0,False
e2b_nothinking,v6,sa_drop_invalid,mv1,malayalam,SuspiciousActivity,0.1,5,53,3,24,2,29,0.11,0.6,0.55,0.55,0.19,call;call;call;call;call;call;call;call;call;call;call;call;call;423219318;423562532;423662590;425939252;425971422;426591403;426608730;426656120;426657127;427035680;427037139,426480223;426610860,4,139,1,,0.03,0.8,143,143,0,False
e2b_nothinking,v6,sa_drop_invalid,mv1,malayalam,SuspiciousActivity,0.2,5,53,3,22,2,31,0.12,0.6,0.58,0.59,0.2,call;call;call;call;call;call;call;call;call;call;call;call;call;423219318;423562532;423662590;425939252;425971422;426608730;426656120;426657127;427037139,426480223;426610860,4,97,1,,0.04,0.8,101,143,0,False
e2b_nothinking,v6,sa_drop_invalid,mv1,malayalam,SuspiciousActivity,0.3,5,53,3,22,2,31,0.12,0.6,0.58,0.59,0.2,call;call;call;call;call;call;call;call;call;call;call;call;call;423219318;423562532;423662590;425939252;425971422;426608730;426656120;426657127;427037139,426480223;426610860,4,97,1,,0.04,0.8,101,143,0,False
e2b_nothinking,v6,sa_drop_invalid,mv1,malayalam,SuspiciousActivity,0.4,5,53,3,16,2,37,0.16,0.6,0.7,0.69,0.25,call;call;call;call;call;call;call;call;call;423219318;423662590;425939252;425971422;426608730;426656120;426657127,426480223;426610860,4,59,1,,0.06,0.8,63,143,0,False
e2b_nothinking,v6,sa_drop_invalid,mv1,malayalam,SuspiciousActivity,0.5,5,53,3,16,2,37,0.16,0.6,0.7,0.69,0.25,call;call;call;call;call;call;call;call;call;423219318;423662590;425939252;425971422;426608730;426656120;426657127,426480223;426610860,4,59,1,,0.06,0.8,63,143,0,False
e2b_nothinking,v6,sa_drop_invalid,mv1,malayalam,SuspiciousActivity,0.6,5,53,3,16,2,37,0.16,0.6,0.7,0.69,0.25,call;call;call;call;call;call;call;call;call;423219318;423662590;425939252;425971422;426608730;426656120;426657127,426480223;426610860,4,59,1,,0.06,0.8,63,143,0,False
e2b_nothinking,v6,sa_drop_invalid,mv1,malayalam,SuspiciousActivity,0.7,5,53,2,5,3,48,0.29,0.4,0.91,0.86,0.33,call;425939252;426608730;426656120;426657127,call;426480223;426610860,2,18,3,,0.1,0.4,20,143,0,False
e2b_nothinking,v6,sa_drop_invalid,mv1,malayalam,SuspiciousActivity,0.8,5,53,2,5,3,48,0.29,0.4,0.91,0.86,0.33,call;425939252;426608730;426656120;426657127,call;426480223;426610860,2,18,3,,0.1,0.4,20,143,0,False
e2b_nothinking,v6,sa_drop_invalid,mv1,malayalam,SuspiciousActivity,0.9,5,53,2,4,3,49,0.33,0.4,0.92,0.88,0.36,call;425939252;426608730;426657127,call;426480223;426610860,2,17,3,,0.11,0.4,19,143,0,False
e2b_nothinking,v6,sa_drop_invalid,mv1,malayalam,SuspiciousActivity,0.95,5,53,0,0,5,53,,0.0,1.0,0.91,,,call;call;426480223;426606195;426610860,0,0,5,,,0.0,0,143,0,False
e2b_nothinking,v6,sa_drop_invalid,mv1,malayalam,SuspiciousActivity,1.0,5,53,0,0,5,53,,0.0,1.0,0.91,,,call;call;426480223;426606195;426610860,0,0,5,,,0.0,0,143,0,False
e2b_nothinking,v6,sa_drop_invalid,mv1,malayalam,SuspiciousActivity,none,5,53,3,24,2,29,0.11,0.6,0.55,0.55,0.19,call;call;call;call;call;call;call;call;call;call;call;call;call;423219318;423562532;423662590;425939252;425971422;426591403;426608730;426656120;426657127;427035680;427037139,426480223;426610860,4,139,1,,0.03,0.8,143,143,0,False
e2b_nothinking,v6,sa_drop_invalid,mv1,malayalam,Explicit-Flirting,0.0,21,37,11,17,10,20,0.39,0.52,0.54,0.53,0.45,call;call;call;call;call;call;call;call;call;423219318;423505352;425939252;425971422;426600174;426656120;427012755;427018157,call;call;call;call;426537197;426565486;426573512;426606195;426667318;427012537,10,165,26,,0.06,0.28,175,175,0,False
e2b_nothinking,v6,sa_drop_invalid,mv1,malayalam,Explicit-Flirting,0.1,21,37,11,17,10,20,0.39,0.52,0.54,0.53,0.45,call;call;call;call;call;call;call;call;call;423219318;423505352;425939252;425971422;426600174;426656120;427012755;427018157,call;call;call;call;426537197;426565486;426573512;426606195;426667318;427012537,10,165,26,,0.06,0.28,175,175,0,False
e2b_nothinking,v6,sa_drop_invalid,mv1,malayalam,Explicit-Flirting,0.2,21,37,9,16,12,21,0.36,0.43,0.57,0.52,0.39,call;call;call;call;call;call;call;call;423219318;423505352;425939252;425971422;426600174;426656120;427012755;427018157,call;call;call;call;call;426537197;426565486;426573512;426591403;426606195;426667318;427012537,8,117,28,,0.06,0.22,125,175,0,False
e2b_nothinking,v6,sa_drop_invalid,mv1,malayalam,Explicit-Flirting,0.3,21,37,9,16,12,21,0.36,0.43,0.57,0.52,0.39,call;call;call;call;call;call;call;call;423219318;423505352;425939252;425971422;426600174;426656120;427012755;427018157,call;call;call;call;call;426537197;426565486;426573512;426591403;426606195;426667318;427012537,8,117,28,,0.06,0.22,125,175,0,False
e2b_nothinking,v6,sa_drop_invalid,mv1,malayalam,Explicit-Flirting,0.4,21,37,7,13,14,24,0.35,0.33,0.65,0.53,0.34,call;call;call;call;call;call;423219318;425939252;425971422;426600174;426656120;427012755;427018157,call;call;call;call;call;426480223;426537197;426565486;426573512;426591403;426604065;426606195;426667318;427012537,6,60,30,,0.09,0.17,66,175,0,False
e2b_nothinking,v6,sa_drop_invalid,mv1,malayalam,Explicit-Flirting,0.5,21,37,7,13,14,24,0.35,0.33,0.65,0.53,0.34,call;call;call;call;call;call;423219318;425939252;425971422;426600174;426656120;427012755;427018157,call;call;call;call;call;426480223;426537197;426565486;426573512;426591403;426604065;426606195;426667318;427012537,6,60,30,,0.09,0.17,66,175,0,False
e2b_nothinking,v6,sa_drop_invalid,mv1,malayalam,Explicit-Flirting,0.6,21,37,7,13,14,24,0.35,0.33,0.65,0.53,0.34,call;call;call;call;call;call;423219318;425939252;425971422;426600174;426656120;427012755;427018157,call;call;call;call;call;426480223;426537197;426565486;426573512;426591403;426604065;426606195;426667318;427012537,6,60,30,,0.09,0.17,66,175,0,False
e2b_nothinking,v6,sa_drop_invalid,mv1,malayalam,Explicit-Flirting,0.7,21,37,4,4,17,33,0.5,0.19,0.89,0.64,0.28,call;call;call;427018157,call;call;call;call;call;call;call;426480223;426537197;426565486;426573512;426591403;426604065;426606195;426667318;427012375;427012537,4,25,32,,0.14,0.11,29,175,0,False
e2b_nothinking,v6,sa_drop_invalid,mv1,malayalam,Explicit-Flirting,0.8,21,37,4,3,17,34,0.57,0.19,0.92,0.66,0.29,call;call;427018157,call;call;call;call;call;call;call;426480223;426537197;426565486;426573512;426591403;426604065;426606195;426667318;427012375;427012537,4,24,32,,0.14,0.11,28,175,0,False
e2b_nothinking,v6,sa_drop_invalid,mv1,malayalam,Explicit-Flirting,0.9,21,37,4,3,17,34,0.57,0.19,0.92,0.66,0.29,call;call;427018157,call;call;call;call;call;call;call;426480223;426537197;426565486;426573512;426591403;426604065;426606195;426667318;427012375;427012537,4,24,32,,0.14,0.11,28,175,0,False
e2b_nothinking,v6,sa_drop_invalid,mv1,malayalam,Explicit-Flirting,0.95,21,37,0,0,21,37,,0.0,1.0,0.64,,,call;call;call;call;call;call;call;call;423662590;426460304;426480223;426537197;426565486;426573512;426591403;426604065;426606195;426610860;426667318;427012375;427012537,0,0,36,,,0.0,0,175,0,False
e2b_nothinking,v6,sa_drop_invalid,mv1,malayalam,Explicit-Flirting,1.0,21,37,0,0,21,37,,0.0,1.0,0.64,,,call;call;call;call;call;call;call;call;423662590;426460304;426480223;426537197;426565486;426573512;426591403;426604065;426606195;426610860;426667318;427012375;427012537,0,0,36,,,0.0,0,175,0,False
e2b_nothinking,v6,sa_drop_invalid,mv1,malayalam,Explicit-Flirting,none,21,37,11,17,10,20,0.39,0.52,0.54,0.53,0.45,call;call;call;call;call;call;call;call;call;423219318;423505352;425939252;425971422;426600174;426656120;427012755;427018157,call;call;call;call;426537197;426565486;426573512;426606195;426667318;427012537,10,165,26,,0.06,0.28,175,175,0,False
e2b_nothinking,v6,sa_drop_invalid,mv1,malayalam,ALL,0.0,35,23,26,16,9,7,0.62,0.74,0.3,0.57,0.68,call;call;call;call;call;call;423219318;423562532;426108348;426600174;426608730;427012755;427018157;427030481;427035680;427037139,call;423505352;425939252;425971422;426537197;426565486;426573512;426657127;427012537,37,1158,37,,0.03,0.5,1195,1195,416,False
e2b_nothinking,v6,sa_drop_invalid,mv1,malayalam,ALL,0.1,35,23,26,16,9,7,0.62,0.74,0.3,0.57,0.68,call;call;call;call;call;call;423219318;423562532;426108348;426600174;426608730;427012755;427018157;427030481;427035680;427037139,call;423505352;425939252;425971422;426537197;426565486;426573512;426657127;427012537,37,1158,37,,0.03,0.5,1195,1195,416,False
e2b_nothinking,v6,sa_drop_invalid,mv1,malayalam,ALL,0.2,35,23,24,13,11,10,0.65,0.69,0.43,0.59,0.67,call;call;call;call;423219318;423562532;426600174;426608730;427012755;427018157;427030481;427035680;427037139,call;call;423505352;425939252;425971422;426537197;426565486;426573512;426591403;426657127;427012537,33,458,41,,0.07,0.45,491,1195,416,False
e2b_nothinking,v6,sa_drop_invalid,mv1,malayalam,ALL,0.3,35,23,24,13,11,10,0.65,0.69,0.43,0.59,0.67,call;call;call;call;423219318;423562532;426600174;426608730;427012755;427018157;427030481;427035680;427037139,call;call;423505352;425939252;425971422;426537197;426565486;426573512;426591403;426657127;427012537,33,458,41,,0.07,0.45,491,1195,416,False
e2b_nothinking,v6,sa_drop_invalid,mv1,malayalam,ALL,0.4,35,23,21,11,14,12,0.66,0.6,0.52,0.57,0.63,call;call;call;call;423219318;423562532;426600174;426608730;427012755;427018157;427035680,call;call;call;423505352;425939252;425971422;426480223;426537197;426565486;426573512;426591403;426604065;426657127;427012537,29,184,45,,0.14,0.39,213,1195,416,False
e2b_nothinking,v6,sa_drop_invalid,mv1,malayalam,ALL,0.5,35,23,21,11,14,12,0.66,0.6,0.52,0.57,0.63,call;call;call;call;423219318;423562532;426600174;426608730;427012755;427018157;427035680,call;call;call;423505352;425939252;425971422;426480223;426537197;426565486;426573512;426591403;426604065;426657127;427012537,29,184,45,,0.14,0.39,213,1195,416,False
e2b_nothinking,v6,sa_drop_invalid,mv1,malayalam,ALL,0.6,35,23,21,11,14,12,0.66,0.6,0.52,0.57,0.63,call;call;call;call;423219318;423562532;426600174;426608730;427012755;427018157;427035680,call;call;call;423505352;425939252;425971422;426480223;426537197;426565486;426573512;426591403;426604065;426657127;427012537,29,184,45,,0.14,0.39,213,1195,416,False
e2b_nothinking,v6,sa_drop_invalid,mv1,malayalam,ALL,0.7,35,23,17,7,18,16,0.71,0.49,0.7,0.57,0.58,call;call;call;423562532;426608730;427018157;427035680,call;call;call;call;call;call;423505352;425939252;425971422;426480223;426537197;426565486;426573512;426591403;426604065;426657127;427012375;427012537,23,96,51,,0.19,0.31,119,1195,416,False
e2b_nothinking,v6,sa_drop_invalid,mv1,malayalam,ALL,0.8,35,23,17,7,18,16,0.71,0.49,0.7,0.57,0.58,call;call;call;423562532;426608730;427018157;427035680,call;call;call;call;call;call;423505352;425939252;425971422;426480223;426537197;426565486;426573512;426591403;426604065;426657127;427012375;427012537,23,95,51,,0.19,0.31,118,1195,416,False
e2b_nothinking,v6,sa_drop_invalid,mv1,malayalam,ALL,0.9,35,23,17,7,18,16,0.71,0.49,0.7,0.57,0.58,call;call;call;423562532;426608730;427018157;427035680,call;call;call;call;call;call;423505352;425939252;425971422;426480223;426537197;426565486;426573512;426591403;426604065;426657127;427012375;427012537,23,94,51,,0.2,0.31,117,1195,416,False
e2b_nothinking,v6,sa_drop_invalid,mv1,malayalam,ALL,0.95,35,23,0,0,35,23,,0.0,1.0,0.4,,,call;call;call;call;call;call;call;call;call;call;call;call;call;call;call;423505352;423662590;425939252;425971422;426438311;426460304;426480223;426537197;426565486;426573512;426591403;426604065;426606195;426610860;426656120;426657127;426667318;426669005;427012375;427012537,0,0,74,,,0.0,0,1195,416,False
e2b_nothinking,v6,sa_drop_invalid,mv1,malayalam,ALL,1.0,35,23,0,0,35,23,,0.0,1.0,0.4,,,call;call;call;call;call;call;call;call;call;call;call;call;call;call;call;423505352;423662590;425939252;425971422;426438311;426460304;426480223;426537197;426565486;426573512;426591403;426604065;426606195;426610860;426656120;426657127;426667318;426669005;427012375;427012537,0,0,74,,,0.0,0,1195,416,False
e2b_nothinking,v6,sa_drop_invalid,mv1,malayalam,ALL,none,35,23,26,16,9,7,0.62,0.74,0.3,0.57,0.68,call;call;call;call;call;call;423219318;423562532;426108348;426600174;426608730;427012755;427018157;427030481;427035680;427037139,call;423505352;425939252;425971422;426537197;426565486;426573512;426657127;427012537,37,1158,37,,0.03,0.5,1195,1195,416,False
e2b_nothinking,v6,pp_full,mv1,malayalam,PlatformMove,0.0,22,36,17,25,5,11,0.4,0.77,0.31,0.48,0.53,call;call;call;call;call;call;call;call;call;423219318;423562532;423662590;426108348;426460304;426565486;426591403;426600174;426604065;426608730;427012537;427012755;427018157;427030481;427035680;427037139,call;423505352;425939252;425971422;426657127,23,854,10,,0.03,0.7,877,877,0,False
e2b_nothinking,v6,pp_full,mv1,malayalam,PlatformMove,0.1,22,36,17,25,5,11,0.4,0.77,0.31,0.48,0.53,call;call;call;call;call;call;call;call;call;423219318;423562532;423662590;426108348;426460304;426565486;426591403;426600174;426604065;426608730;427012537;427012755;427018157;427030481;427035680;427037139,call;423505352;425939252;425971422;426657127,23,854,10,,0.03,0.7,877,877,0,False
e2b_nothinking,v6,pp_full,mv1,malayalam,PlatformMove,0.2,22,36,17,18,5,18,0.49,0.77,0.5,0.6,0.6,call;call;call;call;call;call;423219318;423562532;423662590;426460304;426565486;426591403;426600174;427012755;427018157;427030481;427035680;427037139,call;423505352;425939252;425971422;426657127,21,244,12,,0.08,0.64,265,877,0,False
e2b_nothinking,v6,pp_full,mv1,malayalam,PlatformMove,0.3,22,36,17,18,5,18,0.49,0.77,0.5,0.6,0.6,call;call;call;call;call;call;423219318;423562532;423662590;426460304;426565486;426591403;426600174;427012755;427018157;427030481;427035680;427037139,call;423505352;425939252;425971422;426657127,21,244,12,,0.08,0.64,265,877,0,False
e2b_nothinking,v6,pp_full,mv1,malayalam,PlatformMove,0.4,22,36,13,6,9,30,0.68,0.59,0.83,0.74,0.63,call;call;call;call;423562532;427035680,call;call;call;call;call;423505352;425939252;425971422;426657127,16,49,17,,0.25,0.48,65,877,0,False
e2b_nothinking,v6,pp_full,mv1,malayalam,PlatformMove,0.5,22,36,13,6,9,30,0.68,0.59,0.83,0.74,0.63,call;call;call;call;423562532;427035680,call;call;call;call;call;423505352;425939252;425971422;426657127,16,49,17,,0.25,0.48,65,877,0,False
e2b_nothinking,v6,pp_full,mv1,malayalam,PlatformMove,0.6,22,36,13,6,9,30,0.68,0.59,0.83,0.74,0.63,call;call;call;call;423562532;427035680,call;call;call;call;call;423505352;425939252;425971422;426657127,16,49,17,,0.25,0.48,65,877,0,False
e2b_nothinking,v6,pp_full,mv1,malayalam,PlatformMove,0.7,22,36,13,6,9,30,0.68,0.59,0.83,0.74,0.63,call;call;call;call;423562532;427035680,call;call;call;call;call;423505352;425939252;425971422;426657127,16,47,17,,0.25,0.48,63,877,0,False
e2b_nothinking,v6,pp_full,mv1,malayalam,PlatformMove,0.8,22,36,13,6,9,30,0.68,0.59,0.83,0.74,0.63,call;call;call;call;423562532;427035680,call;call;call;call;call;423505352;425939252;425971422;426657127,16,47,17,,0.25,0.48,63,877,0,False
e2b_nothinking,v6,pp_full,mv1,malayalam,PlatformMove,0.9,22,36,13,6,9,30,0.68,0.59,0.83,0.74,0.63,call;call;call;call;423562532;427035680,call;call;call;call;call;423505352;425939252;425971422;426657127,16,47,17,,0.25,0.48,63,877,0,False
e2b_nothinking,v6,pp_full,mv1,malayalam,PlatformMove,0.95,22,36,0,0,22,36,,0.0,1.0,0.62,,,call;call;call;call;call;call;call;call;call;call;call;call;423505352;425939252;425971422;426438311;426606195;426610860;426656120;426657127;426667318;426669005,0,0,33,,,0.0,0,877,0,False
e2b_nothinking,v6,pp_full,mv1,malayalam,PlatformMove,1.0,22,36,0,0,22,36,,0.0,1.0,0.62,,,call;call;call;call;call;call;call;call;call;call;call;call;423505352;425939252;425971422;426438311;426606195;426610860;426656120;426657127;426667318;426669005,0,0,33,,,0.0,0,877,0,False
e2b_nothinking,v6,pp_full,mv1,malayalam,PlatformMove,none,22,36,17,25,5,11,0.4,0.77,0.31,0.48,0.53,call;call;call;call;call;call;call;call;call;423219318;423562532;423662590;426108348;426460304;426565486;426591403;426600174;426604065;426608730;427012537;427012755;427018157;427030481;427035680;427037139,call;423505352;425939252;425971422;426657127,23,854,10,,0.03,0.7,877,877,0,False
e2b_nothinking,v6,pp_full,mv1,malayalam,SuspiciousActivity,0.0,5,53,3,24,2,29,0.11,0.6,0.55,0.55,0.19,call;call;call;call;call;call;call;call;call;call;call;call;call;423219318;423562532;423662590;425939252;425971422;426591403;426608730;426656120;426657127;427035680;427037139,426480223;426610860,4,139,1,,0.03,0.8,143,143,0,False
e2b_nothinking,v6,pp_full,mv1,malayalam,SuspiciousActivity,0.1,5,53,3,24,2,29,0.11,0.6,0.55,0.55,0.19,call;call;call;call;call;call;call;call;call;call;call;call;call;423219318;423562532;423662590;425939252;425971422;426591403;426608730;426656120;426657127;427035680;427037139,426480223;426610860,4,139,1,,0.03,0.8,143,143,0,False
e2b_nothinking,v6,pp_full,mv1,malayalam,SuspiciousActivity,0.2,5,53,3,22,2,31,0.12,0.6,0.58,0.59,0.2,call;call;call;call;call;call;call;call;call;call;call;call;call;423219318;423562532;423662590;425939252;425971422;426608730;426656120;426657127;427037139,426480223;426610860,4,97,1,,0.04,0.8,101,143,0,False
e2b_nothinking,v6,pp_full,mv1,malayalam,SuspiciousActivity,0.3,5,53,3,22,2,31,0.12,0.6,0.58,0.59,0.2,call;call;call;call;call;call;call;call;call;call;call;call;call;423219318;423562532;423662590;425939252;425971422;426608730;426656120;426657127;427037139,426480223;426610860,4,97,1,,0.04,0.8,101,143,0,False
e2b_nothinking,v6,pp_full,mv1,malayalam,SuspiciousActivity,0.4,5,53,2,12,3,41,0.14,0.4,0.77,0.74,0.21,call;call;call;call;call;call;call;423219318;425939252;426608730;426656120;426657127,call;426480223;426610860,3,32,2,,0.09,0.6,35,143,0,False
e2b_nothinking,v6,pp_full,mv1,malayalam,SuspiciousActivity,0.5,5,53,2,12,3,41,0.14,0.4,0.77,0.74,0.21,call;call;call;call;call;call;call;423219318;425939252;426608730;426656120;426657127,call;426480223;426610860,3,32,2,,0.09,0.6,35,143,0,False
e2b_nothinking,v6,pp_full,mv1,malayalam,SuspiciousActivity,0.6,5,53,2,12,3,41,0.14,0.4,0.77,0.74,0.21,call;call;call;call;call;call;call;423219318;425939252;426608730;426656120;426657127,call;426480223;426610860,3,32,2,,0.09,0.6,35,143,0,False
e2b_nothinking,v6,pp_full,mv1,malayalam,SuspiciousActivity,0.7,5,53,2,5,3,48,0.29,0.4,0.91,0.86,0.33,call;425939252;426608730;426656120;426657127,call;426480223;426610860,2,18,3,,0.1,0.4,20,143,0,False
e2b_nothinking,v6,pp_full,mv1,malayalam,SuspiciousActivity,0.8,5,53,2,5,3,48,0.29,0.4,0.91,0.86,0.33,call;425939252;426608730;426656120;426657127,call;426480223;426610860,2,18,3,,0.1,0.4,20,143,0,False
e2b_nothinking,v6,pp_full,mv1,malayalam,SuspiciousActivity,0.9,5,53,2,4,3,49,0.33,0.4,0.92,0.88,0.36,call;425939252;426608730;426657127,call;426480223;426610860,2,17,3,,0.11,0.4,19,143,0,False
e2b_nothinking,v6,pp_full,mv1,malayalam,SuspiciousActivity,0.95,5,53,0,0,5,53,,0.0,1.0,0.91,,,call;call;426480223;426606195;426610860,0,0,5,,,0.0,0,143,0,False
e2b_nothinking,v6,pp_full,mv1,malayalam,SuspiciousActivity,1.0,5,53,0,0,5,53,,0.0,1.0,0.91,,,call;call;426480223;426606195;426610860,0,0,5,,,0.0,0,143,0,False
e2b_nothinking,v6,pp_full,mv1,malayalam,SuspiciousActivity,none,5,53,3,24,2,29,0.11,0.6,0.55,0.55,0.19,call;call;call;call;call;call;call;call;call;call;call;call;call;423219318;423562532;423662590;425939252;425971422;426591403;426608730;426656120;426657127;427035680;427037139,426480223;426610860,4,139,1,,0.03,0.8,143,143,0,False
e2b_nothinking,v6,pp_full,mv1,malayalam,Explicit-Flirting,0.0,21,37,11,17,10,20,0.39,0.52,0.54,0.53,0.45,call;call;call;call;call;call;call;call;call;423219318;423505352;425939252;425971422;426600174;426656120;427012755;427018157,call;call;call;call;426537197;426565486;426573512;426606195;426667318;427012537,10,165,26,,0.06,0.28,175,175,0,False
e2b_nothinking,v6,pp_full,mv1,malayalam,Explicit-Flirting,0.1,21,37,11,17,10,20,0.39,0.52,0.54,0.53,0.45,call;call;call;call;call;call;call;call;call;423219318;423505352;425939252;425971422;426600174;426656120;427012755;427018157,call;call;call;call;426537197;426565486;426573512;426606195;426667318;427012537,10,165,26,,0.06,0.28,175,175,0,False
e2b_nothinking,v6,pp_full,mv1,malayalam,Explicit-Flirting,0.2,21,37,9,16,12,21,0.36,0.43,0.57,0.52,0.39,call;call;call;call;call;call;call;call;423219318;423505352;425939252;425971422;426600174;426656120;427012755;427018157,call;call;call;call;call;426537197;426565486;426573512;426591403;426606195;426667318;427012537,8,117,28,,0.06,0.22,125,175,0,False
e2b_nothinking,v6,pp_full,mv1,malayalam,Explicit-Flirting,0.3,21,37,9,16,12,21,0.36,0.43,0.57,0.52,0.39,call;call;call;call;call;call;call;call;423219318;423505352;425939252;425971422;426600174;426656120;427012755;427018157,call;call;call;call;call;426537197;426565486;426573512;426591403;426606195;426667318;427012537,8,117,28,,0.06,0.22,125,175,0,False
e2b_nothinking,v6,pp_full,mv1,malayalam,Explicit-Flirting,0.4,21,37,5,3,16,34,0.62,0.24,0.92,0.67,0.34,call;call;427018157,call;call;call;call;call;call;426480223;426537197;426565486;426573512;426591403;426604065;426606195;426667318;427012375;427012537,4,23,32,,0.15,0.11,27,175,0,False
e2b_nothinking,v6,pp_full,mv1,malayalam,Explicit-Flirting,0.5,21,37,5,3,16,34,0.62,0.24,0.92,0.67,0.34,call;call;427018157,call;call;call;call;call;call;426480223;426537197;426565486;426573512;426591403;426604065;426606195;426667318;427012375;427012537,4,23,32,,0.15,0.11,27,175,0,False
e2b_nothinking,v6,pp_full,mv1,malayalam,Explicit-Flirting,0.6,21,37,5,3,16,34,0.62,0.24,0.92,0.67,0.34,call;call;427018157,call;call;call;call;call;call;426480223;426537197;426565486;426573512;426591403;426604065;426606195;426667318;427012375;427012537,4,23,32,,0.15,0.11,27,175,0,False
e2b_nothinking,v6,pp_full,mv1,malayalam,Explicit-Flirting,0.7,21,37,4,3,17,34,0.57,0.19,0.92,0.66,0.29,call;call;427018157,call;call;call;call;call;call;call;426480223;426537197;426565486;426573512;426591403;426604065;426606195;426667318;427012375;427012537,4,22,32,,0.15,0.11,26,175,0,False
e2b_nothinking,v6,pp_full,mv1,malayalam,Explicit-Flirting,0.8,21,37,4,2,17,35,0.67,0.19,0.95,0.67,0.3,call;427018157,call;call;call;call;call;call;call;426480223;426537197;426565486;426573512;426591403;426604065;426606195;426667318;427012375;427012537,4,21,32,,0.16,0.11,25,175,0,False
e2b_nothinking,v6,pp_full,mv1,malayalam,Explicit-Flirting,0.9,21,37,4,2,17,35,0.67,0.19,0.95,0.67,0.3,call;427018157,call;call;call;call;call;call;call;426480223;426537197;426565486;426573512;426591403;426604065;426606195;426667318;427012375;427012537,4,21,32,,0.16,0.11,25,175,0,False
e2b_nothinking,v6,pp_full,mv1,malayalam,Explicit-Flirting,0.95,21,37,0,0,21,37,,0.0,1.0,0.64,,,call;call;call;call;call;call;call;call;423662590;426460304;426480223;426537197;426565486;426573512;426591403;426604065;426606195;426610860;426667318;427012375;427012537,0,0,36,,,0.0,0,175,0,False
e2b_nothinking,v6,pp_full,mv1,malayalam,Explicit-Flirting,1.0,21,37,0,0,21,37,,0.0,1.0,0.64,,,call;call;call;call;call;call;call;call;423662590;426460304;426480223;426537197;426565486;426573512;426591403;426604065;426606195;426610860;426667318;427012375;427012537,0,0,36,,,0.0,0,175,0,False
e2b_nothinking,v6,pp_full,mv1,malayalam,Explicit-Flirting,none,21,37,11,17,10,20,0.39,0.52,0.54,0.53,0.45,call;call;call;call;call;call;call;call;call;423219318;423505352;425939252;425971422;426600174;426656120;427012755;427018157,call;call;call;call;426537197;426565486;426573512;426606195;426667318;427012537,10,165,26,,0.06,0.28,175,175,0,False
e2b_nothinking,v6,pp_full,mv1,malayalam,ALL,0.0,35,23,26,16,9,7,0.62,0.74,0.3,0.57,0.68,call;call;call;call;call;call;423219318;423562532;426108348;426600174;426608730;427012755;427018157;427030481;427035680;427037139,call;423505352;425939252;425971422;426537197;426565486;426573512;426657127;427012537,37,1158,37,,0.03,0.5,1195,1195,416,False
e2b_nothinking,v6,pp_full,mv1,malayalam,ALL,0.1,35,23,26,16,9,7,0.62,0.74,0.3,0.57,0.68,call;call;call;call;call;call;423219318;423562532;426108348;426600174;426608730;427012755;427018157;427030481;427035680;427037139,call;423505352;425939252;425971422;426537197;426565486;426573512;426657127;427012537,37,1158,37,,0.03,0.5,1195,1195,416,False
e2b_nothinking,v6,pp_full,mv1,malayalam,ALL,0.2,35,23,24,13,11,10,0.65,0.69,0.43,0.59,0.67,call;call;call;call;423219318;423562532;426600174;426608730;427012755;427018157;427030481;427035680;427037139,call;call;423505352;425939252;425971422;426537197;426565486;426573512;426591403;426657127;427012537,33,458,41,,0.07,0.45,491,1195,416,False
e2b_nothinking,v6,pp_full,mv1,malayalam,ALL,0.3,35,23,24,13,11,10,0.65,0.69,0.43,0.59,0.67,call;call;call;call;423219318;423562532;426600174;426608730;427012755;427018157;427030481;427035680;427037139,call;call;423505352;425939252;425971422;426537197;426565486;426573512;426591403;426657127;427012537,33,458,41,,0.07,0.45,491,1195,416,False
e2b_nothinking,v6,pp_full,mv1,malayalam,ALL,0.4,35,23,16,8,19,15,0.67,0.46,0.65,0.53,0.54,call;call;call;423219318;423562532;426608730;427018157;427035680,call;call;call;call;call;call;call;423505352;425939252;425971422;426480223;426537197;426565486;426573512;426591403;426604065;426657127;427012375;427012537,23,104,51,,0.18,0.31,127,1195,416,False
e2b_nothinking,v6,pp_full,mv1,malayalam,ALL,0.5,35,23,16,8,19,15,0.67,0.46,0.65,0.53,0.54,call;call;call;423219318;423562532;426608730;427018157;427035680,call;call;call;call;call;call;call;423505352;425939252;425971422;426480223;426537197;426565486;426573512;426591403;426604065;426657127;427012375;427012537,23,104,51,,0.18,0.31,127,1195,416,False
e2b_nothinking,v6,pp_full,mv1,malayalam,ALL,0.6,35,23,16,8,19,15,0.67,0.46,0.65,0.53,0.54,call;call;call;423219318;423562532;426608730;427018157;427035680,call;call;call;call;call;call;call;423505352;425939252;425971422;426480223;426537197;426565486;426573512;426591403;426604065;426657127;427012375;427012537,23,104,51,,0.18,0.31,127,1195,416,False
e2b_nothinking,v6,pp_full,mv1,malayalam,ALL,0.7,35,23,16,6,19,17,0.73,0.46,0.74,0.57,0.56,call;call;423562532;426608730;427018157;427035680,call;call;call;call;call;call;call;423505352;425939252;425971422;426480223;426537197;426565486;426573512;426591403;426604065;426657127;427012375;427012537,22,87,52,,0.2,0.3,109,1195,416,False
e2b_nothinking,v6,pp_full,mv1,malayalam,ALL,0.8,35,23,16,6,19,17,0.73,0.46,0.74,0.57,0.56,call;call;423562532;426608730;427018157;427035680,call;call;call;call;call;call;call;423505352;425939252;425971422;426480223;426537197;426565486;426573512;426591403;426604065;426657127;427012375;427012537,22,86,52,,0.2,0.3,108,1195,416,False
e2b_nothinking,v6,pp_full,mv1,malayalam,ALL,0.9,35,23,16,6,19,17,0.73,0.46,0.74,0.57,0.56,call;call;423562532;426608730;427018157;427035680,call;call;call;call;call;call;call;423505352;425939252;425971422;426480223;426537197;426565486;426573512;426591403;426604065;426657127;427012375;427012537,22,85,52,,0.21,0.3,107,1195,416,False
e2b_nothinking,v6,pp_full,mv1,malayalam,ALL,0.95,35,23,0,0,35,23,,0.0,1.0,0.4,,,call;call;call;call;call;call;call;call;call;call;call;call;call;call;call;423505352;423662590;425939252;425971422;426438311;426460304;426480223;426537197;426565486;426573512;426591403;426604065;426606195;426610860;426656120;426657127;426667318;426669005;427012375;427012537,0,0,74,,,0.0,0,1195,416,False
e2b_nothinking,v6,pp_full,mv1,malayalam,ALL,1.0,35,23,0,0,35,23,,0.0,1.0,0.4,,,call;call;call;call;call;call;call;call;call;call;call;call;call;call;call;423505352;423662590;425939252;425971422;426438311;426460304;426480223;426537197;426565486;426573512;426591403;426604065;426606195;426610860;426656120;426657127;426667318;426669005;427012375;427012537,0,0,74,,,0.0,0,1195,416,False
e2b_nothinking,v6,pp_full,mv1,malayalam,ALL,none,35,23,26,16,9,7,0.62,0.74,0.3,0.57,0.68,call;call;call;call;call;call;423219318;423562532;426108348;426600174;426608730;427012755;427018157;427030481;427035680;427037139,call;423505352;425939252;425971422;426537197;426565486;426573512;426657127;427012537,37,1158,37,,0.03,0.5,1195,1195,416,False
gemini-3.1-flash-lite,v6,raw,mv1,ALL,PlatformMove,0.0,130,251,84,33,46,218,0.72,0.65,0.87,0.79,0.68,call;call;call;call;call;call;call;call;call;call;call;call;call;call;call;call;call;call;call;call;call;call;420599099;423562532;423662590;424880310;425908372;426610557;426649193;426865848;427305885;427307153;427308167,call;call;call;call;call;call;call;call;call;call;call;call;call;call;call;call;call;call;call;call;call;call;call;call;423104500;423887482;423958539;424687669;425396309;425939252;425942168;425971422;426226216;426252346;426303789;426363836;426377718;426438311;426439325;426538743;426594432;426603278;426610860;426649926;426656120;426662883,103,203,88,,0.34,0.54,306,306,0,False
gemini-3.1-flash-lite,v6,raw,mv1,ALL,PlatformMove,0.1,130,251,84,33,46,218,0.72,0.65,0.87,0.79,0.68,call;call;call;call;call;call;call;call;call;call;call;call;call;call;call;call;call;call;call;call;call;call;420599099;423562532;423662590;424880310;425908372;426610557;426649193;426865848;427305885;427307153;427308167,call;call;call;call;call;call;call;call;call;call;call;call;call;call;call;call;call;call;call;call;call;call;call;call;423104500;423887482;423958539;424687669;425396309;425939252;425942168;425971422;426226216;426252346;426303789;426363836;426377718;426438311;426439325;426538743;426594432;426603278;426610860;426649926;426656120;426662883,103,203,88,,0.34,0.54,306,306,0,False
gemini-3.1-flash-lite,v6,raw,mv1,ALL,PlatformMove,0.2,130,251,83,21,47,230,0.8,0.64,0.92,0.82,0.71,call;call;call;call;call;call;call;call;call;call;call;call;call;call;call;423562532;425908372;426610557;426649193;427307153;427308167,call;call;call;call;call;call;call;call;call;call;call;call;call;call;call;call;call;call;call;call;call;call;call;call;call;423104500;423887482;423958539;424687669;425396309;425939252;425942168;425971422;426226216;426252346;426303789;426363836;426377718;426438311;426439325;426538743;426594432;426603278;426610860;426649926;426656120;426662883,101,166,90,,0.38,0.53,267,306,0,False
gemini-3.1-flash-lite,v6,raw,mv1,ALL,PlatformMove,0.3,130,251,83,21,47,230,0.8,0.64,0.92,0.82,0.71,call;call;call;call;call;call;call;call;call;call;call;call;call;call;call;423562532;425908372;426610557;426649193;427307153;427308167,call;call;call;call;call;call;call;call;call;call;call;call;call;call;call;call;call;call;call;call;call;call;call;call;call;423104500;423887482;423958539;424687669;425396309;425939252;425942168;425971422;426226216;426252346;426303789;426363836;426377718;426438311;426439325;426538743;426594432;426603278;426610860;426649926;426656120;426662883,101,166,90,,0.38,0.53,267,306,0,False
gemini-3.1-flash-lite,v6,raw,mv1,ALL,PlatformMove,0.4,130,251,79,13,51,238,0.86,0.61,0.95,0.83,0.71,call;call;call;call;call;call;call;call;call;call;call;call;426610557,call;call;call;call;call;call;call;call;call;call;call;call;call;call;call;call;call;call;call;call;call;call;call;call;call;call;423104500;423887482;423958539;424687669;425396309;425476935;425656790;425939252;425942168;425971422;426226216;426252346;426303789;426363836;426377718;426438311;426439325;426538743;426594432;426597928;426603278;426610860;426649926;426656120;426662883,95,141,96,,0.4,0.5,236,306,0,False
gemini-3.1-flash-lite,v6,raw,mv1,ALL,PlatformMove,0.5,130,251,79,13,51,238,0.86,0.61,0.95,0.83,0.71,call;call;call;call;call;call;call;call;call;call;call;call;426610557,call;call;call;call;call;call;call;call;call;call;call;call;call;call;call;call;call;call;call;call;call;call;call;call;call;call;423104500;423887482;423958539;424687669;425396309;425476935;425656790;425939252;425942168;425971422;426226216;426252346;426303789;426363836;426377718;426438311;426439325;426538743;426594432;426597928;426603278;426610860;426649926;426656120;426662883,95,141,96,,0.4,0.5,236,306,0,False
gemini-3.1-flash-lite,v6,raw,mv1,ALL,PlatformMove,0.6,130,251,79,13,51,238,0.86,0.61,0.95,0.83,0.71,call;call;call;call;call;call;call;call;call;call;call;call;426610557,call;call;call;call;call;call;call;call;call;call;call;call;call;call;call;call;call;call;call;call;call;call;call;call;call;call;423104500;423887482;423958539;424687669;425396309;425476935;425656790;425939252;425942168;425971422;426226216;426252346;426303789;426363836;426377718;426438311;426439325;426538743;426594432;426597928;426603278;426610860;426649926;426656120;426662883,95,141,96,,0.4,0.5,236,306,0,False
gemini-3.1-flash-lite,v6,raw,mv1,ALL,PlatformMove,0.7,130,251,75,12,55,239,0.86,0.58,0.95,0.82,0.69,call;call;call;call;call;call;call;call;call;call;call;426610557,call;call;call;call;call;call;call;call;call;call;call;call;call;call;call;call;call;call;call;call;call;call;call;call;call;call;call;call;call;call;423104500;423887482;423958539;424687669;425396309;425476935;425656790;425939252;425942168;425971422;426226216;426252346;426303789;426363836;426377718;426438311;426439325;426538743;426594432;426597928;426603278;426610860;426649926;426656120;426662883,92,131,99,,0.41,0.48,223,306,0,False
gemini-3.1-flash-lite,v6,raw,mv1,ALL,PlatformMove,0.8,130,251,75,12,55,239,0.86,0.58,0.95,0.82,0.69,call;call;call;call;call;call;call;call;call;call;call;426610557,call;call;call;call;call;call;call;call;call;call;call;call;call;call;call;call;call;call;call;call;call;call;call;call;call;call;call;call;call;call;423104500;423887482;423958539;424687669;425396309;425476935;425656790;425939252;425942168;425971422;426226216;426252346;426303789;426363836;426377718;426438311;426439325;426538743;426594432;426597928;426603278;426610860;426649926;426656120;426662883,92,131,99,,0.41,0.48,223,306,0,False
gemini-3.1-flash-lite,v6,raw,mv1,ALL,PlatformMove,0.9,130,251,75,12,55,239,0.86,0.58,0.95,0.82,0.69,call;call;call;call;call;call;call;call;call;call;call;426610557,call;call;call;call;call;call;call;call;call;call;call;call;call;call;call;call;call;call;call;call;call;call;call;call;call;call;call;call;call;call;423104500;423887482;423958539;424687669;425396309;425476935;425656790;425939252;425942168;425971422;426226216;426252346;426303789;426363836;426377718;426438311;426439325;426538743;426594432;426597928;426603278;426610860;426649926;426656120;426662883,92,131,99,,0.41,0.48,223,306,0,False
gemini-3.1-flash-lite,v6,raw,mv1,ALL,PlatformMove,0.95,130,251,0,0,130,251,,0.0,1.0,0.66,,,call;call;call;call;call;call;call;call;call;call;call;call;call;call;call;call;call;call;call;call;call;call;call;call;call;call;call;call;call;call;call;call;call;call;call;call;call;call;call;call;call;call;call;call;call;call;call;call;call;call;call;call;call;call;call;call;call;call;call;call;call;call;call;call;call;call;call;call;call;call;call;call;call;call;call;call;call;420147298;420511327;421888258;422311857;422797054;423104500;423336284;423505352;423887482;423958539;423978016;424610958;424687669;425396309;425476935;425656790;425912424;425939252;425942168;425971422;426023290;426226216;426252346;426303789;426363836;426377718;426408577;426438311;426439325;426534420;426538743;426548691;426573210;426583408;426593829;426594432;426597928;426603278;426606195;426609609;426610860;426631751;426634262;426639345;426642159;426645015;426647598;426649926;426656120;426657127;426662883;426667318;426669005,0,0,191,,,0.0,0,306,0,False
gemini-3.1-flash-lite,v6,raw,mv1,ALL,PlatformMove,1.0,130,251,0,0,130,251,,0.0,1.0,0.66,,,call;call;call;call;call;call;call;call;call;call;call;call;call;call;call;call;call;call;call;call;call;call;call;call;call;call;call;call;call;call;call;call;call;call;call;call;call;call;call;call;call;call;call;call;call;call;call;call;call;call;call;call;call;call;call;call;call;call;call;call;call;call;call;call;call;call;call;call;call;call;call;call;call;call;call;call;call;420147298;420511327;421888258;422311857;422797054;423104500;423336284;423505352;423887482;423958539;423978016;424610958;424687669;425396309;425476935;425656790;425912424;425939252;425942168;425971422;426023290;426226216;426252346;426303789;426363836;426377718;426408577;426438311;426439325;426534420;426538743;426548691;426573210;426583408;426593829;426594432;426597928;426603278;426606195;426609609;426610860;426631751;426634262;426639345;426642159;426645015;426647598;426649926;426656120;426657127;426662883;426667318;426669005,0,0,191,,,0.0,0,306,0,False
gemini-3.1-flash-lite,v6,raw,mv1,ALL,PlatformMove,none,130,251,84,33,46,218,0.72,0.65,0.87,0.79,0.68,call;call;call;call;call;call;call;call;call;call;call;call;call;call;call;call;call;call;call;call;call;call;420599099;423562532;423662590;424880310;425908372;426610557;426649193;426865848;427305885;427307153;427308167,call;call;call;call;call;call;call;call;call;call;call;call;call;call;call;call;call;call;call;call;call;call;call;call;423104500;423887482;423958539;424687669;425396309;425939252;425942168;425971422;426226216;426252346;426303789;426363836;426377718;426438311;426439325;426538743;426594432;426603278;426610860;426649926;426656120;426662883,103,203,88,,0.34,0.54,306,306,0,False
gemini-3.1-flash-lite,v6,raw,mv1,ALL,SuspiciousActivity,0.0,70,311,58,23,12,288,0.72,0.83,0.93,0.91,0.77,call;call;call;call;call;call;call;call;call;call;call;call;call;call;423562532;425656790;425912424;426608730;426639345;426656120;427307149;427307153;427308167,call;call;call;call;call;call;424610958;426023290;426408577;426548691;426597928;426610860,69,75,23,,0.48,0.75,144,144,0,False
gemini-3.1-flash-lite,v6,raw,mv1,ALL,SuspiciousActivity,0.1,70,311,58,23,12,288,0.72,0.83,0.93,0.91,0.77,call;call;call;call;call;call;call;call;call;call;call;call;call;call;423562532;425656790;425912424;426608730;426639345;426656120;427307149;427307153;427308167,call;call;call;call;call;call;424610958;426023290;426408577;426548691;426597928;426610860,69,75,23,,0.48,0.75,144,144,0,False
gemini-3.1-flash-lite,v6,raw,mv1,ALL,SuspiciousActivity,0.2,70,311,57,18,13,293,0.76,0.81,0.94,0.92,0.79,call;call;call;call;call;call;call;call;call;call;call;423562532;425656790;426639345;426656120;427307149;427307153;427308167,call;call;call;call;call;call;call;424610958;426023290;426408577;426548691;426597928;426610860,69,65,23,,0.51,0.75,134,144,0,False
gemini-3.1-flash-lite,v6,raw,mv1,ALL,SuspiciousActivity,0.3,70,311,57,18,13,293,0.76,0.81,0.94,0.92,0.79,call;call;call;call;call;call;call;call;call;call;call;423562532;425656790;426639345;426656120;427307149;427307153;427308167,call;call;call;call;call;call;call;424610958;426023290;426408577;426548691;426597928;426610860,69,65,23,,0.51,0.75,134,144,0,False
gemini-3.1-flash-lite,v6,raw,mv1,ALL,SuspiciousActivity,0.4,70,311,56,10,14,301,0.85,0.8,0.97,0.94,0.82,call;call;call;call;call;call;call;426639345;426656120;427307149,call;call;call;call;call;call;call;424610958;425476935;426023290;426408577;426548691;426597928;426610860,68,47,24,,0.59,0.74,115,144,0,False
gemini-3.1-flash-lite,v6,raw,mv1,ALL,SuspiciousActivity,0.5,70,311,56,10,14,301,0.85,0.8,0.97,0.94,0.82,call;call;call;call;call;call;call;426639345;426656120;427307149,call;call;call;call;call;call;call;424610958;425476935;426023290;426408577;426548691;426597928;426610860,68,47,24,,0.59,0.74,115,144,0,False
gemini-3.1-flash-lite,v6,raw,mv1,ALL,SuspiciousActivity,0.6,70,311,56,10,14,301,0.85,0.8,0.97,0.94,0.82,call;call;call;call;call;call;call;426639345;426656120;427307149,call;call;call;call;call;call;call;424610958;425476935;426023290;426408577;426548691;426597928;426610860,68,47,24,,0.59,0.74,115,144,0,False
gemini-3.1-flash-lite,v6,raw,mv1,ALL,SuspiciousActivity,0.7,70,311,53,5,17,306,0.91,0.76,0.98,0.94,0.83,call;call;call;call;call,call;call;call;call;call;call;call;call;call;424610958;425476935;425778316;426023290;426408577;426548691;426597928;426610860,60,31,32,,0.66,0.65,91,144,0,False
gemini-3.1-flash-lite,v6,raw,mv1,ALL,SuspiciousActivity,0.8,70,311,53,5,17,306,0.91,0.76,0.98,0.94,0.83,call;call;call;call;call,call;call;call;call;call;call;call;call;call;424610958;425476935;425778316;426023290;426408577;426548691;426597928;426610860,60,31,32,,0.66,0.65,91,144,0,False
gemini-3.1-flash-lite,v6,raw,mv1,ALL,SuspiciousActivity,0.9,70,311,53,5,17,306,0.91,0.76,0.98,0.94,0.83,call;call;call;call;call,call;call;call;call;call;call;call;call;call;424610958;425476935;425778316;426023290;426408577;426548691;426597928;426610860,60,31,32,,0.66,0.65,91,144,0,False
gemini-3.1-flash-lite,v6,raw,mv1,ALL,SuspiciousActivity,0.95,70,311,0,0,70,311,,0.0,1.0,0.82,,,call;call;call;call;call;call;call;call;call;call;call;call;call;call;call;call;call;call;call;call;call;call;call;call;call;call;call;call;call;call;call;call;call;call;call;call;call;call;call;call;call;call;call;call;422311857;422797054;423104500;423163427;423336284;423887482;423978016;424154820;424610958;424687669;425396309;425476935;425778316;426023290;426377718;426408577;426480223;426534420;426548691;426578327;426593829;426597928;426606195;426610860;426642159;427306879,0,0,92,,,0.0,0,144,0,False
gemini-3.1-flash-lite,v6,raw,mv1,ALL,SuspiciousActivity,1.0,70,311,0,0,70,311,,0.0,1.0,0.82,,,call;call;call;call;call;call;call;call;call;call;call;call;call;call;call;call;call;call;call;call;call;call;call;call;call;call;call;call;call;call;call;call;call;call;call;call;call;call;call;call;call;call;call;call;422311857;422797054;423104500;423163427;423336284;423887482;423978016;424154820;424610958;424687669;425396309;425476935;425778316;426023290;426377718;426408577;426480223;426534420;426548691;426578327;426593829;426597928;426606195;426610860;426642159;427306879,0,0,92,,,0.0,0,144,0,False
gemini-3.1-flash-lite,v6,raw,mv1,ALL,SuspiciousActivity,none,70,311,58,23,12,288,0.72,0.83,0.93,0.91,0.77,call;call;call;call;call;call;call;call;call;call;call;call;call;call;423562532;425656790;425912424;426608730;426639345;426656120;427307149;427307153;427308167,call;call;call;call;call;call;424610958;426023290;426408577;426548691;426597928;426610860,69,75,23,,0.48,0.75,144,144,0,False
gemini-3.1-flash-lite,v6,raw,mv1,ALL,Explicit-Flirting,0.0,113,268,46,33,67,235,0.58,0.41,0.88,0.74,0.48,call;call;call;call;call;call;call;call;call;call;call;call;call;call;call;call;call;call;call;call;426107744;426408577;426439325;426573210;426578327;426600174;426608730;426855984;426864020;427012755;427305885;427307149;427308167,call;call;call;call;call;call;call;call;call;call;call;call;call;call;call;call;call;call;call;call;call;call;call;call;call;call;call;421961206;422797054;423662590;423887482;424687669;424793843;424950341;425656790;425778316;425908372;426108828;426126833;426127716;426252346;426363836;426377718;426480223;426534420;426537197;426538743;426565486;426593601;426593829;426604065;426606195;426620137;426631751;426633368;426634262;426636424;426642159;426662883;426667318;426848544;426853539;427012375;427012537;427306227;427306761;427307746,66,202,164,,0.25,0.29,268,268,0,False
gemini-3.1-flash-lite,v6,raw,mv1,ALL,Explicit-Flirting,0.1,113,268,46,33,67,235,0.58,0.41,0.88,0.74,0.48,call;call;call;call;call;call;call;call;call;call;call;call;call;call;call;call;call;call;call;call;426107744;426408577;426439325;426573210;426578327;426600174;426608730;426855984;426864020;427012755;427305885;427307149;427308167,call;call;call;call;call;call;call;call;call;call;call;call;call;call;call;call;call;call;call;call;call;call;call;call;call;call;call;421961206;422797054;423662590;423887482;424687669;424793843;424950341;425656790;425778316;425908372;426108828;426126833;426127716;426252346;426363836;426377718;426480223;426534420;426537197;426538743;426565486;426593601;426593829;426604065;426606195;426620137;426631751;426633368;426634262;426636424;426642159;426662883;426667318;426848544;426853539;427012375;427012537;427306227;427306761;427307746,66,202,164,,0.25,0.29,268,268,0,False
gemini-3.1-flash-lite,v6,raw,mv1,ALL,Explicit-Flirting,0.2,113,268,44,23,69,245,0.66,0.39,0.91,0.76,0.49,call;call;call;call;call;call;call;call;call;call;call;call;call;call;call;426408577;426439325;426573210;426578327;426600174;427012755;427307149;427308167,call;call;call;call;call;call;call;call;call;call;call;call;call;call;call;call;call;call;call;call;call;call;call;call;call;call;call;call;421961206;422797054;423662590;423887482;424687669;424793843;424950341;425656790;425778316;425908372;425912424;426108828;426126833;426127716;426252346;426363836;426377718;426480223;426534420;426537197;426538743;426565486;426593601;426593829;426604065;426606195;426620137;426631751;426633368;426634262;426636424;426642159;426662883;426667318;426848544;426853539;427012375;427012537;427306227;427306761;427307746,63,167,167,,0.27,0.27,230,268,0,False
gemini-3.1-flash-lite,v6,raw,mv1,ALL,Explicit-Flirting,0.3,113,268,44,23,69,245,0.66,0.39,0.91,0.76,0.49,call;call;call;call;call;call;call;call;call;call;call;call;call;call;call;426408577;426439325;426573210;426578327;426600174;427012755;427307149;427308167,call;call;call;call;call;call;call;call;call;call;call;call;call;call;call;call;call;call;call;call;call;call;call;call;call;call;call;call;421961206;422797054;423662590;423887482;424687669;424793843;424950341;425656790;425778316;425908372;425912424;426108828;426126833;426127716;426252346;426363836;426377718;426480223;426534420;426537197;426538743;426565486;426593601;426593829;426604065;426606195;426620137;426631751;426633368;426634262;426636424;426642159;426662883;426667318;426848544;426853539;427012375;427012537;427306227;427306761;427307746,63,166,167,,0.28,0.27,229,268,0,False
gemini-3.1-flash-lite,v6,raw,mv1,ALL,Explicit-Flirting,0.4,113,268,41,10,72,258,0.8,0.36,0.96,0.78,0.5,call;call;call;call;426408577;426439325;426578327;426600174;427012755;427307149,call;call;call;call;call;call;call;call;call;call;call;call;call;call;call;call;call;call;call;call;call;call;call;call;call;call;call;call;421661435;421961206;422797054;423662590;423887482;424687669;424793843;424950341;425476935;425656790;425778316;425908372;425912424;426108828;426126833;426127716;426252346;426363836;426377718;426432272;426480223;426534420;426537197;426538743;426565486;426593601;426593829;426604065;426606195;426620137;426631751;426633368;426634262;426636424;426642159;426662883;426667318;426848544;426853539;427012375;427012537;427306227;427306761;427307746,60,104,170,,0.37,0.26,164,268,0,False
gemini-3.1-flash-lite,v6,raw,mv1,ALL,Explicit-Flirting,0.5,113,268,41,10,72,258,0.8,0.36,0.96,0.78,0.5,call;call;call;call;426408577;426439325;426578327;426600174;427012755;427307149,call;call;call;call;call;call;call;call;call;call;call;call;call;call;call;call;call;call;call;call;call;call;call;call;call;call;call;call;421661435;421961206;422797054;423662590;423887482;424687669;424793843;424950341;425476935;425656790;425778316;425908372;425912424;426108828;426126833;426127716;426252346;426363836;426377718;426432272;426480223;426534420;426537197;426538743;426565486;426593601;426593829;426604065;426606195;426620137;426631751;426633368;426634262;426636424;426642159;426662883;426667318;426848544;426853539;427012375;427012537;427306227;427306761;427307746,60,104,170,,0.37,0.26,164,268,0,False
gemini-3.1-flash-lite,v6,raw,mv1,ALL,Explicit-Flirting,0.6,113,268,41,10,72,258,0.8,0.36,0.96,0.78,0.5,call;call;call;call;426408577;426439325;426578327;426600174;427012755;427307149,call;call;call;call;call;call;call;call;call;call;call;call;call;call;call;call;call;call;call;call;call;call;call;call;call;call;call;call;421661435;421961206;422797054;423662590;423887482;424687669;424793843;424950341;425476935;425656790;425778316;425908372;425912424;426108828;426126833;426127716;426252346;426363836;426377718;426432272;426480223;426534420;426537197;426538743;426565486;426593601;426593829;426604065;426606195;426620137;426631751;426633368;426634262;426636424;426642159;426662883;426667318;426848544;426853539;427012375;427012537;427306227;427306761;427307746,60,104,170,,0.37,0.26,164,268,0,False
gemini-3.1-flash-lite,v6,raw,mv1,ALL,Explicit-Flirting,0.7,113,268,39,5,74,263,0.89,0.35,0.98,0.79,0.5,call;call;426408577;426578327;427012755,call;call;call;call;call;call;call;call;call;call;call;call;call;call;call;call;call;call;call;call;call;call;call;call;call;call;call;call;call;421661435;421961206;422797054;423662590;423887482;424687669;424793843;424950341;425476935;425656790;425778316;425908372;425912424;426108828;426126833;426127716;426252346;426363836;426377718;426432272;426480223;426534420;426537197;426538743;426565486;426582734;426593601;426593829;426604065;426606195;426620137;426631751;426633368;426634262;426636424;426642159;426662883;426667318;426848544;426853539;427012375;427012537;427306227;427306761;427307746,55,74,175,,0.43,0.24,129,268,0,False
gemini-3.1-flash-lite,v6,raw,mv1,ALL,Explicit-Flirting,0.8,113,268,39,5,74,263,0.89,0.35,0.98,0.79,0.5,call;call;426408577;426578327;427012755,call;call;call;call;call;call;call;call;call;call;call;call;call;call;call;call;call;call;call;call;call;call;call;call;call;call;call;call;call;421661435;421961206;422797054;423662590;423887482;424687669;424793843;424950341;425476935;425656790;425778316;425908372;425912424;426108828;426126833;426127716;426252346;426363836;426377718;426432272;426480223;426534420;426537197;426538743;426565486;426582734;426593601;426593829;426604065;426606195;426620137;426631751;426633368;426634262;426636424;426642159;426662883;426667318;426848544;426853539;427012375;427012537;427306227;427306761;427307746,55,74,175,,0.43,0.24,129,268,0,False
gemini-3.1-flash-lite,v6,raw,mv1,ALL,Explicit-Flirting,0.9,113,268,39,5,74,263,0.89,0.35,0.98,0.79,0.5,call;call;426408577;426578327;427012755,call;call;call;call;call;call;call;call;call;call;call;call;call;call;call;call;call;call;call;call;call;call;call;call;call;call;call;call;call;421661435;421961206;422797054;423662590;423887482;424687669;424793843;424950341;425476935;425656790;425778316;425908372;425912424;426108828;426126833;426127716;426252346;426363836;426377718;426432272;426480223;426534420;426537197;426538743;426565486;426582734;426593601;426593829;426604065;426606195;426620137;426631751;426633368;426634262;426636424;426642159;426662883;426667318;426848544;426853539;427012375;427012537;427306227;427306761;427307746,55,73,175,,0.43,0.24,128,268,0,False
gemini-3.1-flash-lite,v6,raw,mv1,ALL,Explicit-Flirting,0.95,113,268,0,0,113,268,,0.0,1.0,0.7,,,call;call;call;call;call;call;call;call;call;call;call;call;call;call;call;call;call;call;call;call;call;call;call;call;call;call;call;call;call;call;call;call;call;call;call;call;call;call;call;call;call;call;call;call;call;call;call;call;call;call;call;call;call;call;421661435;421961206;422311857;422797054;423662590;423887482;424687669;424793843;424880310;424950341;425134890;425141339;425392837;425476935;425656790;425778316;425908372;425912424;425942168;426108828;426126833;426127716;426252346;426363836;426377718;426432272;426460304;426480223;426534420;426537197;426538743;426548691;426565486;426573512;426582734;426591403;426593601;426593829;426604065;426606195;426610860;426620137;426631751;426633368;426634262;426636424;426642159;426648998;426649193;426652242;426662883;426667318;426848544;426853539;427012375;427012537;427306227;427306761;427307746,0,0,230,,,0.0,0,268,0,False
gemini-3.1-flash-lite,v6,raw,mv1,ALL,Explicit-Flirting,1.0,113,268,0,0,113,268,,0.0,1.0,0.7,,,call;call;call;call;call;call;call;call;call;call;call;call;call;call;call;call;call;call;call;call;call;call;call;call;call;call;call;call;call;call;call;call;call;call;call;call;call;call;call;call;call;call;call;call;call;call;call;call;call;call;call;call;call;call;421661435;421961206;422311857;422797054;423662590;423887482;424687669;424793843;424880310;424950341;425134890;425141339;425392837;425476935;425656790;425778316;425908372;425912424;425942168;426108828;426126833;426127716;426252346;426363836;426377718;426432272;426460304;426480223;426534420;426537197;426538743;426548691;426565486;426573512;426582734;426591403;426593601;426593829;426604065;426606195;426610860;426620137;426631751;426633368;426634262;426636424;426642159;426648998;426649193;426652242;426662883;426667318;426848544;426853539;427012375;427012537;427306227;427306761;427307746,0,0,230,,,0.0,0,268,0,False
gemini-3.1-flash-lite,v6,raw,mv1,ALL,Explicit-Flirting,none,113,268,46,33,67,235,0.58,0.41,0.88,0.74,0.48,call;call;call;call;call;call;call;call;call;call;call;call;call;call;call;call;call;call;call;call;426107744;426408577;426439325;426573210;426578327;426600174;426608730;426855984;426864020;427012755;427305885;427307149;427308167,call;call;call;call;call;call;call;call;call;call;call;call;call;call;call;call;call;call;call;call;call;call;call;call;call;call;call;421961206;422797054;423662590;423887482;424687669;424793843;424950341;425656790;425778316;425908372;426108828;426126833;426127716;426252346;426363836;426377718;426480223;426534420;426537197;426538743;426565486;426593601;426593829;426604065;426606195;426620137;426631751;426633368;426634262;426636424;426642159;426662883;426667318;426848544;426853539;427012375;427012537;427306227;427306761;427307746,66,202,164,,0.25,0.29,268,268,0,False
gemini-3.1-flash-lite,v6,raw,mv1,ALL,ALL,0.0,214,167,142,39,72,128,0.78,0.66,0.77,0.71,0.72,call;call;call;call;call;call;call;call;call;call;call;call;call;call;call;call;call;call;call;call;call;call;call;call;call;420599099;423562532;426107744;426600174;426608730;426610557;426855984;426864020;426865848;427012755;427305885;427307149;427307153;427308167,call;call;call;call;call;call;call;call;call;call;call;call;call;call;call;call;call;call;call;call;call;call;call;call;call;call;call;call;call;call;call;call;call;call;call;421961206;423662590;423958539;424793843;424950341;425908372;425939252;425971422;426108828;426126833;426127716;426226216;426252346;426303789;426363836;426438311;426439325;426537197;426538743;426565486;426593601;426594432;426603278;426604065;426620137;426633368;426636424;426649926;426656120;426662883;426848544;426853539;427012375;427012537;427306227;427306761;427307746,238,480,275,,0.33,0.46,718,718,0,False
gemini-3.1-flash-lite,v6,raw,mv1,ALL,ALL,0.1,214,167,142,39,72,128,0.78,0.66,0.77,0.71,0.72,call;call;call;call;call;call;call;call;call;call;call;call;call;call;call;call;call;call;call;call;call;call;call;call;call;420599099;423562532;426107744;426600174;426608730;426610557;426855984;426864020;426865848;427012755;427305885;427307149;427307153;427308167,call;call;call;call;call;call;call;call;call;call;call;call;call;call;call;call;call;call;call;call;call;call;call;call;call;call;call;call;call;call;call;call;call;call;call;421961206;423662590;423958539;424793843;424950341;425908372;425939252;425971422;426108828;426126833;426127716;426226216;426252346;426303789;426363836;426438311;426439325;426537197;426538743;426565486;426593601;426594432;426603278;426604065;426620137;426633368;426636424;426649926;426656120;426662883;426848544;426853539;427012375;427012537;427306227;427306761;427307746,238,480,275,,0.33,0.46,718,718,0,False
gemini-3.1-flash-lite,v6,raw,mv1,ALL,ALL,0.2,214,167,140,28,74,139,0.83,0.65,0.83,0.73,0.73,call;call;call;call;call;call;call;call;call;call;call;call;call;call;call;call;call;call;call;call;call;423562532;426600174;426610557;427012755;427307149;427307153;427308167,call;call;call;call;call;call;call;call;call;call;call;call;call;call;call;call;call;call;call;call;call;call;call;call;call;call;call;call;call;call;call;call;call;call;call;call;call;421961206;423662590;423958539;424793843;424950341;425908372;425939252;425971422;426108828;426126833;426127716;426226216;426252346;426303789;426363836;426438311;426439325;426537197;426538743;426565486;426593601;426594432;426603278;426604065;426620137;426633368;426636424;426649926;426656120;426662883;426848544;426853539;427012375;427012537;427306227;427306761;427307746,233,398,280,,0.37,0.45,631,718,0,False
gemini-3.1-flash-lite,v6,raw,mv1,ALL,ALL,0.3,214,167,140,28,74,139,0.83,0.65,0.83,0.73,0.73,call;call;call;call;call;call;call;call;call;call;call;call;call;call;call;call;call;call;call;call;call;423562532;426600174;426610557;427012755;427307149;427307153;427308167,call;call;call;call;call;call;call;call;call;call;call;call;call;call;call;call;call;call;call;call;call;call;call;call;call;call;call;call;call;call;call;call;call;call;call;call;call;421961206;423662590;423958539;424793843;424950341;425908372;425939252;425971422;426108828;426126833;426127716;426226216;426252346;426303789;426363836;426438311;426439325;426537197;426538743;426565486;426593601;426594432;426603278;426604065;426620137;426633368;426636424;426649926;426656120;426662883;426848544;426853539;427012375;427012537;427306227;427306761;427307746,233,397,280,,0.37,0.45,630,718,0,False
gemini-3.1-flash-lite,v6,raw,mv1,ALL,ALL,0.4,214,167,134,13,80,154,0.91,0.63,0.92,0.76,0.74,call;call;call;call;call;call;call;call;call;426600174;426610557;427012755;427307149,call;call;call;call;call;call;call;call;call;call;call;call;call;call;call;call;call;call;call;call;call;call;call;call;call;call;call;call;call;call;call;call;call;call;call;call;call;call;421661435;421961206;423662590;423958539;424793843;424950341;425476935;425656790;425908372;425939252;425971422;426108828;426126833;426127716;426226216;426252346;426303789;426363836;426432272;426438311;426439325;426537197;426538743;426565486;426593601;426594432;426597928;426603278;426604065;426620137;426633368;426636424;426649926;426656120;426662883;426848544;426853539;427012375;427012537;427306227;427306761;427307746,223,292,290,,0.43,0.43,515,718,0,False
gemini-3.1-flash-lite,v6,raw,mv1,ALL,ALL,0.5,214,167,134,13,80,154,0.91,0.63,0.92,0.76,0.74,call;call;call;call;call;call;call;call;call;426600174;426610557;427012755;427307149,call;call;call;call;call;call;call;call;call;call;call;call;call;call;call;call;call;call;call;call;call;call;call;call;call;call;call;call;call;call;call;call;call;call;call;call;call;call;421661435;421961206;423662590;423958539;424793843;424950341;425476935;425656790;425908372;425939252;425971422;426108828;426126833;426127716;426226216;426252346;426303789;426363836;426432272;426438311;426439325;426537197;426538743;426565486;426593601;426594432;426597928;426603278;426604065;426620137;426633368;426636424;426649926;426656120;426662883;426848544;426853539;427012375;427012537;427306227;427306761;427307746,223,292,290,,0.43,0.43,515,718,0,False
gemini-3.1-flash-lite,v6,raw,mv1,ALL,ALL,0.6,214,167,134,13,80,154,0.91,0.63,0.92,0.76,0.74,call;call;call;call;call;call;call;call;call;426600174;426610557;427012755;427307149,call;call;call;call;call;call;call;call;call;call;call;call;call;call;call;call;call;call;call;call;call;call;call;call;call;call;call;call;call;call;call;call;call;call;call;call;call;call;421661435;421961206;423662590;423958539;424793843;424950341;425476935;425656790;425908372;425939252;425971422;426108828;426126833;426127716;426226216;426252346;426303789;426363836;426432272;426438311;426439325;426537197;426538743;426565486;426593601;426594432;426597928;426603278;426604065;426620137;426633368;426636424;426649926;426656120;426662883;426848544;426853539;427012375;427012537;427306227;427306761;427307746,223,292,290,,0.43,0.43,515,718,0,False
gemini-3.1-flash-lite,v6,raw,mv1,ALL,ALL,0.7,214,167,127,8,87,159,0.94,0.59,0.95,0.75,0.73,call;call;call;call;call;call;426610557;427012755,call;call;call;call;call;call;call;call;call;call;call;call;call;call;call;call;call;call;call;call;call;call;call;call;call;call;call;call;call;call;call;call;call;call;call;call;call;call;call;call;call;call;call;421661435;421961206;423662590;423958539;424793843;424950341;425476935;425656790;425778316;425908372;425939252;425971422;426108828;426126833;426127716;426226216;426252346;426303789;426363836;426432272;426438311;426439325;426537197;426538743;426565486;426582734;426593601;426594432;426597928;426603278;426604065;426620137;426633368;426636424;426649926;426656120;426662883;426848544;426853539;427012375;427012537;427306227;427306761;427307746,207,236,306,,0.47,0.4,443,718,0,False
gemini-3.1-flash-lite,v6,raw,mv1,ALL,ALL,0.8,214,167,127,8,87,159,0.94,0.59,0.95,0.75,0.73,call;call;call;call;call;call;426610557;427012755,call;call;call;call;call;call;call;call;call;call;call;call;call;call;call;call;call;call;call;call;call;call;call;call;call;call;call;call;call;call;call;call;call;call;call;call;call;call;call;call;call;call;call;421661435;421961206;423662590;423958539;424793843;424950341;425476935;425656790;425778316;425908372;425939252;425971422;426108828;426126833;426127716;426226216;426252346;426303789;426363836;426432272;426438311;426439325;426537197;426538743;426565486;426582734;426593601;426594432;426597928;426603278;426604065;426620137;426633368;426636424;426649926;426656120;426662883;426848544;426853539;427012375;427012537;427306227;427306761;427307746,207,236,306,,0.47,0.4,443,718,0,False
gemini-3.1-flash-lite,v6,raw,mv1,ALL,ALL,0.9,214,167,127,8,87,159,0.94,0.59,0.95,0.75,0.73,call;call;call;call;call;call;426610557;427012755,call;call;call;call;call;call;call;call;call;call;call;call;call;call;call;call;call;call;call;call;call;call;call;call;call;call;call;call;call;call;call;call;call;call;call;call;call;call;call;call;call;call;call;421661435;421961206;423662590;423958539;424793843;424950341;425476935;425656790;425778316;425908372;425939252;425971422;426108828;426126833;426127716;426226216;426252346;426303789;426363836;426432272;426438311;426439325;426537197;426538743;426565486;426582734;426593601;426594432;426597928;426603278;426604065;426620137;426633368;426636424;426649926;426656120;426662883;426848544;426853539;427012375;427012537;427306227;427306761;427307746,207,235,306,,0.47,0.4,442,718,0,False
gemini-3.1-flash-lite,v6,raw,mv1,ALL,ALL,0.95,214,167,0,0,214,167,,0.0,1.0,0.44,,,call;call;call;call;call;call;call;call;call;call;call;call;call;call;call;call;call;call;call;call;call;call;call;call;call;call;call;call;call;call;call;call;call;call;call;call;call;call;call;call;call;call;call;call;call;call;call;call;call;call;call;call;call;call;call;call;call;call;call;call;call;call;call;call;call;call;call;call;call;call;call;call;call;call;call;call;call;call;call;call;call;call;call;call;call;call;call;call;call;call;call;call;call;call;call;call;call;call;call;call;call;call;call;call;call;call;call;call;call;call;call;call;call;call;call;call;call;call;call;call;420147298;420511327;421661435;421888258;421961206;422311857;422797054;423104500;423163427;423336284;423505352;423662590;423887482;423958539;423978016;424154820;424610958;424687669;424793843;424880310;424950341;425134890;425141339;425392837;425396309;425476935;425656790;425778316;425908372;425912424;425939252;425942168;425971422;426023290;426108828;426126833;426127716;426226216;426252346;426303789;426363836;426377718;426408577;426432272;426438311;426439325;426460304;426480223;426534420;426537197;426538743;426548691;426565486;426573210;426573512;426578327;426582734;426583408;426591403;426593601;426593829;426594432;426597928;426603278;426604065;426606195;426609609;426610860;426620137;426631751;426633368;426634262;426636424;426639345;426642159;426645015;426647598;426648998;426649193;426649926;426652242;426656120;426657127;426662883;426667318;426669005;426848544;426853539;427012375;427012537;427306227;427306761;427306879;427307746,0,0,513,,,0.0,0,718,0,False
gemini-3.1-flash-lite,v6,raw,mv1,ALL,ALL,1.0,214,167,0,0,214,167,,0.0,1.0,0.44,,,call;call;call;call;call;call;call;call;call;call;call;call;call;call;call;call;call;call;call;call;call;call;call;call;call;call;call;call;call;call;call;call;call;call;call;call;call;call;call;call;call;call;call;call;call;call;call;call;call;call;call;call;call;call;call;call;call;call;call;call;call;call;call;call;call;call;call;call;call;call;call;call;call;call;call;call;call;call;call;call;call;call;call;call;call;call;call;call;call;call;call;call;call;call;call;call;call;call;call;call;call;call;call;call;call;call;call;call;call;call;call;call;call;call;call;call;call;call;call;call;420147298;420511327;421661435;421888258;421961206;422311857;422797054;423104500;423163427;423336284;423505352;423662590;423887482;423958539;423978016;424154820;424610958;424687669;424793843;424880310;424950341;425134890;425141339;425392837;425396309;425476935;425656790;425778316;425908372;425912424;425939252;425942168;425971422;426023290;426108828;426126833;426127716;426226216;426252346;426303789;426363836;426377718;426408577;426432272;426438311;426439325;426460304;426480223;426534420;426537197;426538743;426548691;426565486;426573210;426573512;426578327;426582734;426583408;426591403;426593601;426593829;426594432;426597928;426603278;426604065;426606195;426609609;426610860;426620137;426631751;426633368;426634262;426636424;426639345;426642159;426645015;426647598;426648998;426649193;426649926;426652242;426656120;426657127;426662883;426667318;426669005;426848544;426853539;427012375;427012537;427306227;427306761;427306879;427307746,0,0,513,,,0.0,0,718,0,False
gemini-3.1-flash-lite,v6,raw,mv1,ALL,ALL,none,214,167,142,39,72,128,0.78,0.66,0.77,0.71,0.72,call;call;call;call;call;call;call;call;call;call;call;call;call;call;call;call;call;call;call;call;call;call;call;call;call;420599099;423562532;426107744;426600174;426608730;426610557;426855984;426864020;426865848;427012755;427305885;427307149;427307153;427308167,call;call;call;call;call;call;call;call;call;call;call;call;call;call;call;call;call;call;call;call;call;call;call;call;call;call;call;call;call;call;call;call;call;call;call;421961206;423662590;423958539;424793843;424950341;425908372;425939252;425971422;426108828;426126833;426127716;426226216;426252346;426303789;426363836;426438311;426439325;426537197;426538743;426565486;426593601;426594432;426603278;426604065;426620137;426633368;426636424;426649926;426656120;426662883;426848544;426853539;427012375;427012537;427306227;427306761;427307746,238,480,275,,0.33,0.46,718,718,0,False
gemini-3.1-flash-lite,v6,sa,mv1,ALL,PlatformMove,0.0,130,251,84,33,46,218,0.72,0.65,0.87,0.79,0.68,call;call;call;call;call;call;call;call;call;call;call;call;call;call;call;call;call;call;call;call;call;call;420599099;423562532;423662590;424880310;425908372;426610557;426649193;426865848;427305885;427307153;427308167,call;call;call;call;call;call;call;call;call;call;call;call;call;call;call;call;call;call;call;call;call;call;call;call;423104500;423887482;423958539;424687669;425396309;425939252;425942168;425971422;426226216;426252346;426303789;426363836;426377718;426438311;426439325;426538743;426594432;426603278;426610860;426649926;426656120;426662883,103,203,88,,0.34,0.54,306,306,0,False
gemini-3.1-flash-lite,v6,sa,mv1,ALL,PlatformMove,0.1,130,251,84,33,46,218,0.72,0.65,0.87,0.79,0.68,call;call;call;call;call;call;call;call;call;call;call;call;call;call;call;call;call;call;call;call;call;call;420599099;423562532;423662590;424880310;425908372;426610557;426649193;426865848;427305885;427307153;427308167,call;call;call;call;call;call;call;call;call;call;call;call;call;call;call;call;call;call;call;call;call;call;call;call;423104500;423887482;423958539;424687669;425396309;425939252;425942168;425971422;426226216;426252346;426303789;426363836;426377718;426438311;426439325;426538743;426594432;426603278;426610860;426649926;426656120;426662883,103,203,88,,0.34,0.54,306,306,0,False
gemini-3.1-flash-lite,v6,sa,mv1,ALL,PlatformMove,0.2,130,251,83,21,47,230,0.8,0.64,0.92,0.82,0.71,call;call;call;call;call;call;call;call;call;call;call;call;call;call;call;423562532;425908372;426610557;426649193;427307153;427308167,call;call;call;call;call;call;call;call;call;call;call;call;call;call;call;call;call;call;call;call;call;call;call;call;call;423104500;423887482;423958539;424687669;425396309;425939252;425942168;425971422;426226216;426252346;426303789;426363836;426377718;426438311;426439325;426538743;426594432;426603278;426610860;426649926;426656120;426662883,101,166,90,,0.38,0.53,267,306,0,False
gemini-3.1-flash-lite,v6,sa,mv1,ALL,PlatformMove,0.3,130,251,83,21,47,230,0.8,0.64,0.92,0.82,0.71,call;call;call;call;call;call;call;call;call;call;call;call;call;call;call;423562532;425908372;426610557;426649193;427307153;427308167,call;call;call;call;call;call;call;call;call;call;call;call;call;call;call;call;call;call;call;call;call;call;call;call;call;423104500;423887482;423958539;424687669;425396309;425939252;425942168;425971422;426226216;426252346;426303789;426363836;426377718;426438311;426439325;426538743;426594432;426603278;426610860;426649926;426656120;426662883,101,166,90,,0.38,0.53,267,306,0,False
gemini-3.1-flash-lite,v6,sa,mv1,ALL,PlatformMove,0.4,130,251,79,13,51,238,0.86,0.61,0.95,0.83,0.71,call;call;call;call;call;call;call;call;call;call;call;call;426610557,call;call;call;call;call;call;call;call;call;call;call;call;call;call;call;call;call;call;call;call;call;call;call;call;call;call;423104500;423887482;423958539;424687669;425396309;425476935;425656790;425939252;425942168;425971422;426226216;426252346;426303789;426363836;426377718;426438311;426439325;426538743;426594432;426597928;426603278;426610860;426649926;426656120;426662883,95,141,96,,0.4,0.5,236,306,0,False
gemini-3.1-flash-lite,v6,sa,mv1,ALL,PlatformMove,0.5,130,251,79,13,51,238,0.86,0.61,0.95,0.83,0.71,call;call;call;call;call;call;call;call;call;call;call;call;426610557,call;call;call;call;call;call;call;call;call;call;call;call;call;call;call;call;call;call;call;call;call;call;call;call;call;call;423104500;423887482;423958539;424687669;425396309;425476935;425656790;425939252;425942168;425971422;426226216;426252346;426303789;426363836;426377718;426438311;426439325;426538743;426594432;426597928;426603278;426610860;426649926;426656120;426662883,95,141,96,,0.4,0.5,236,306,0,False
gemini-3.1-flash-lite,v6,sa,mv1,ALL,PlatformMove,0.6,130,251,79,13,51,238,0.86,0.61,0.95,0.83,0.71,call;call;call;call;call;call;call;call;call;call;call;call;426610557,call;call;call;call;call;call;call;call;call;call;call;call;call;call;call;call;call;call;call;call;call;call;call;call;call;call;423104500;423887482;423958539;424687669;425396309;425476935;425656790;425939252;425942168;425971422;426226216;426252346;426303789;426363836;426377718;426438311;426439325;426538743;426594432;426597928;426603278;426610860;426649926;426656120;426662883,95,141,96,,0.4,0.5,236,306,0,False
gemini-3.1-flash-lite,v6,sa,mv1,ALL,PlatformMove,0.7,130,251,75,12,55,239,0.86,0.58,0.95,0.82,0.69,call;call;call;call;call;call;call;call;call;call;call;426610557,call;call;call;call;call;call;call;call;call;call;call;call;call;call;call;call;call;call;call;call;call;call;call;call;call;call;call;call;call;call;423104500;423887482;423958539;424687669;425396309;425476935;425656790;425939252;425942168;425971422;426226216;426252346;426303789;426363836;426377718;426438311;426439325;426538743;426594432;426597928;426603278;426610860;426649926;426656120;426662883,92,131,99,,0.41,0.48,223,306,0,False
gemini-3.1-flash-lite,v6,sa,mv1,ALL,PlatformMove,0.8,130,251,75,12,55,239,0.86,0.58,0.95,0.82,0.69,call;call;call;call;call;call;call;call;call;call;call;426610557,call;call;call;call;call;call;call;call;call;call;call;call;call;call;call;call;call;call;call;call;call;call;call;call;call;call;call;call;call;call;423104500;423887482;423958539;424687669;425396309;425476935;425656790;425939252;425942168;425971422;426226216;426252346;426303789;426363836;426377718;426438311;426439325;426538743;426594432;426597928;426603278;426610860;426649926;426656120;426662883,92,131,99,,0.41,0.48,223,306,0,False
gemini-3.1-flash-lite,v6,sa,mv1,ALL,PlatformMove,0.9,130,251,75,12,55,239,0.86,0.58,0.95,0.82,0.69,call;call;call;call;call;call;call;call;call;call;call;426610557,call;call;call;call;call;call;call;call;call;call;call;call;call;call;call;call;call;call;call;call;call;call;call;call;call;call;call;call;call;call;423104500;423887482;423958539;424687669;425396309;425476935;425656790;425939252;425942168;425971422;426226216;426252346;426303789;426363836;426377718;426438311;426439325;426538743;426594432;426597928;426603278;426610860;426649926;426656120;426662883,92,131,99,,0.41,0.48,223,306,0,False
gemini-3.1-flash-lite,v6,sa,mv1,ALL,PlatformMove,0.95,130,251,0,0,130,251,,0.0,1.0,0.66,,,call;call;call;call;call;call;call;call;call;call;call;call;call;call;call;call;call;call;call;call;call;call;call;call;call;call;call;call;call;call;call;call;call;call;call;call;call;call;call;call;call;call;call;call;call;call;call;call;call;call;call;call;call;call;call;call;call;call;call;call;call;call;call;call;call;call;call;call;call;call;call;call;call;call;call;call;call;420147298;420511327;421888258;422311857;422797054;423104500;423336284;423505352;423887482;423958539;423978016;424610958;424687669;425396309;425476935;425656790;425912424;425939252;425942168;425971422;426023290;426226216;426252346;426303789;426363836;426377718;426408577;426438311;426439325;426534420;426538743;426548691;426573210;426583408;426593829;426594432;426597928;426603278;426606195;426609609;426610860;426631751;426634262;426639345;426642159;426645015;426647598;426649926;426656120;426657127;426662883;426667318;426669005,0,0,191,,,0.0,0,306,0,False
gemini-3.1-flash-lite,v6,sa,mv1,ALL,PlatformMove,1.0,130,251,0,0,130,251,,0.0,1.0,0.66,,,call;call;call;call;call;call;call;call;call;call;call;call;call;call;call;call;call;call;call;call;call;call;call;call;call;call;call;call;call;call;call;call;call;call;call;call;call;call;call;call;call;call;call;call;call;call;call;call;call;call;call;call;call;call;call;call;call;call;call;call;call;call;call;call;call;call;call;call;call;call;call;call;call;call;call;call;call;420147298;420511327;421888258;422311857;422797054;423104500;423336284;423505352;423887482;423958539;423978016;424610958;424687669;425396309;425476935;425656790;425912424;425939252;425942168;425971422;426023290;426226216;426252346;426303789;426363836;426377718;426408577;426438311;426439325;426534420;426538743;426548691;426573210;426583408;426593829;426594432;426597928;426603278;426606195;426609609;426610860;426631751;426634262;426639345;426642159;426645015;426647598;426649926;426656120;426657127;426662883;426667318;426669005,0,0,191,,,0.0,0,306,0,False
gemini-3.1-flash-lite,v6,sa,mv1,ALL,PlatformMove,none,130,251,84,33,46,218,0.72,0.65,0.87,0.79,0.68,call;call;call;call;call;call;call;call;call;call;call;call;call;call;call;call;call;call;call;call;call;call;420599099;423562532;423662590;424880310;425908372;426610557;426649193;426865848;427305885;427307153;427308167,call;call;call;call;call;call;call;call;call;call;call;call;call;call;call;call;call;call;call;call;call;call;call;call;423104500;423887482;423958539;424687669;425396309;425939252;425942168;425971422;426226216;426252346;426303789;426363836;426377718;426438311;426439325;426538743;426594432;426603278;426610860;426649926;426656120;426662883,103,203,88,,0.34,0.54,306,306,0,False
gemini-3.1-flash-lite,v6,sa,mv1,ALL,SuspiciousActivity,0.0,70,311,58,23,12,288,0.72,0.83,0.93,0.91,0.77,call;call;call;call;call;call;call;call;call;call;call;call;call;call;423562532;425656790;425912424;426608730;426639345;426656120;427307149;427307153;427308167,call;call;call;call;call;call;424610958;426023290;426408577;426548691;426597928;426610860,69,75,23,,0.48,0.75,144,144,0,False
gemini-3.1-flash-lite,v6,sa,mv1,ALL,SuspiciousActivity,0.1,70,311,58,23,12,288,0.72,0.83,0.93,0.91,0.77,call;call;call;call;call;call;call;call;call;call;call;call;call;call;423562532;425656790;425912424;426608730;426639345;426656120;427307149;427307153;427308167,call;call;call;call;call;call;424610958;426023290;426408577;426548691;426597928;426610860,69,75,23,,0.48,0.75,144,144,0,False
gemini-3.1-flash-lite,v6,sa,mv1,ALL,SuspiciousActivity,0.2,70,311,57,18,13,293,0.76,0.81,0.94,0.92,0.79,call;call;call;call;call;call;call;call;call;call;call;423562532;425656790;426639345;426656120;427307149;427307153;427308167,call;call;call;call;call;call;call;424610958;426023290;426408577;426548691;426597928;426610860,69,65,23,,0.51,0.75,134,144,0,False
gemini-3.1-flash-lite,v6,sa,mv1,ALL,SuspiciousActivity,0.3,70,311,57,18,13,293,0.76,0.81,0.94,0.92,0.79,call;call;call;call;call;call;call;call;call;call;call;423562532;425656790;426639345;426656120;427307149;427307153;427308167,call;call;call;call;call;call;call;424610958;426023290;426408577;426548691;426597928;426610860,69,65,23,,0.51,0.75,134,144,0,False
gemini-3.1-flash-lite,v6,sa,mv1,ALL,SuspiciousActivity,0.4,70,311,56,10,14,301,0.85,0.8,0.97,0.94,0.82,call;call;call;call;call;call;call;426639345;426656120;427307149,call;call;call;call;call;call;call;424610958;425476935;426023290;426408577;426548691;426597928;426610860,68,47,24,,0.59,0.74,115,144,0,False
gemini-3.1-flash-lite,v6,sa,mv1,ALL,SuspiciousActivity,0.5,70,311,56,10,14,301,0.85,0.8,0.97,0.94,0.82,call;call;call;call;call;call;call;426639345;426656120;427307149,call;call;call;call;call;call;call;424610958;425476935;426023290;426408577;426548691;426597928;426610860,68,47,24,,0.59,0.74,115,144,0,False
gemini-3.1-flash-lite,v6,sa,mv1,ALL,SuspiciousActivity,0.6,70,311,56,10,14,301,0.85,0.8,0.97,0.94,0.82,call;call;call;call;call;call;call;426639345;426656120;427307149,call;call;call;call;call;call;call;424610958;425476935;426023290;426408577;426548691;426597928;426610860,68,47,24,,0.59,0.74,115,144,0,False
gemini-3.1-flash-lite,v6,sa,mv1,ALL,SuspiciousActivity,0.7,70,311,53,5,17,306,0.91,0.76,0.98,0.94,0.83,call;call;call;call;call,call;call;call;call;call;call;call;call;call;424610958;425476935;425778316;426023290;426408577;426548691;426597928;426610860,60,31,32,,0.66,0.65,91,144,0,False
gemini-3.1-flash-lite,v6,sa,mv1,ALL,SuspiciousActivity,0.8,70,311,53,5,17,306,0.91,0.76,0.98,0.94,0.83,call;call;call;call;call,call;call;call;call;call;call;call;call;call;424610958;425476935;425778316;426023290;426408577;426548691;426597928;426610860,60,31,32,,0.66,0.65,91,144,0,False
gemini-3.1-flash-lite,v6,sa,mv1,ALL,SuspiciousActivity,0.9,70,311,53,5,17,306,0.91,0.76,0.98,0.94,0.83,call;call;call;call;call,call;call;call;call;call;call;call;call;call;424610958;425476935;425778316;426023290;426408577;426548691;426597928;426610860,60,31,32,,0.66,0.65,91,144,0,False
gemini-3.1-flash-lite,v6,sa,mv1,ALL,SuspiciousActivity,0.95,70,311,0,0,70,311,,0.0,1.0,0.82,,,call;call;call;call;call;call;call;call;call;call;call;call;call;call;call;call;call;call;call;call;call;call;call;call;call;call;call;call;call;call;call;call;call;call;call;call;call;call;call;call;call;call;call;call;422311857;422797054;423104500;423163427;423336284;423887482;423978016;424154820;424610958;424687669;425396309;425476935;425778316;426023290;426377718;426408577;426480223;426534420;426548691;426578327;426593829;426597928;426606195;426610860;426642159;427306879,0,0,92,,,0.0,0,144,0,False
gemini-3.1-flash-lite,v6,sa,mv1,ALL,SuspiciousActivity,1.0,70,311,0,0,70,311,,0.0,1.0,0.82,,,call;call;call;call;call;call;call;call;call;call;call;call;call;call;call;call;call;call;call;call;call;call;call;call;call;call;call;call;call;call;call;call;call;call;call;call;call;call;call;call;call;call;call;call;422311857;422797054;423104500;423163427;423336284;423887482;423978016;424154820;424610958;424687669;425396309;425476935;425778316;426023290;426377718;426408577;426480223;426534420;426548691;426578327;426593829;426597928;426606195;426610860;426642159;427306879,0,0,92,,,0.0,0,144,0,False
gemini-3.1-flash-lite,v6,sa,mv1,ALL,SuspiciousActivity,none,70,311,58,23,12,288,0.72,0.83,0.93,0.91,0.77,call;call;call;call;call;call;call;call;call;call;call;call;call;call;423562532;425656790;425912424;426608730;426639345;426656120;427307149;427307153;427308167,call;call;call;call;call;call;424610958;426023290;426408577;426548691;426597928;426610860,69,75,23,,0.48,0.75,144,144,0,False
gemini-3.1-flash-lite,v6,sa,mv1,ALL,Explicit-Flirting,0.0,113,268,46,33,67,235,0.58,0.41,0.88,0.74,0.48,call;call;call;call;call;call;call;call;call;call;call;call;call;call;call;call;call;call;call;call;426107744;426408577;426439325;426573210;426578327;426600174;426608730;426855984;426864020;427012755;427305885;427307149;427308167,call;call;call;call;call;call;call;call;call;call;call;call;call;call;call;call;call;call;call;call;call;call;call;call;call;call;call;421961206;422797054;423662590;423887482;424687669;424793843;424950341;425656790;425778316;425908372;426108828;426126833;426127716;426252346;426363836;426377718;426480223;426534420;426537197;426538743;426565486;426593601;426593829;426604065;426606195;426620137;426631751;426633368;426634262;426636424;426642159;426662883;426667318;426848544;426853539;427012375;427012537;427306227;427306761;427307746,66,202,164,,0.25,0.29,268,268,0,False
gemini-3.1-flash-lite,v6,sa,mv1,ALL,Explicit-Flirting,0.1,113,268,46,33,67,235,0.58,0.41,0.88,0.74,0.48,call;call;call;call;call;call;call;call;call;call;call;call;call;call;call;call;call;call;call;call;426107744;426408577;426439325;426573210;426578327;426600174;426608730;426855984;426864020;427012755;427305885;427307149;427308167,call;call;call;call;call;call;call;call;call;call;call;call;call;call;call;call;call;call;call;call;call;call;call;call;call;call;call;421961206;422797054;423662590;423887482;424687669;424793843;424950341;425656790;425778316;425908372;426108828;426126833;426127716;426252346;426363836;426377718;426480223;426534420;426537197;426538743;426565486;426593601;426593829;426604065;426606195;426620137;426631751;426633368;426634262;426636424;426642159;426662883;426667318;426848544;426853539;427012375;427012537;427306227;427306761;427307746,66,202,164,,0.25,0.29,268,268,0,False
gemini-3.1-flash-lite,v6,sa,mv1,ALL,Explicit-Flirting,0.2,113,268,44,23,69,245,0.66,0.39,0.91,0.76,0.49,call;call;call;call;call;call;call;call;call;call;call;call;call;call;call;426408577;426439325;426573210;426578327;426600174;427012755;427307149;427308167,call;call;call;call;call;call;call;call;call;call;call;call;call;call;call;call;call;call;call;call;call;call;call;call;call;call;call;call;421961206;422797054;423662590;423887482;424687669;424793843;424950341;425656790;425778316;425908372;425912424;426108828;426126833;426127716;426252346;426363836;426377718;426480223;426534420;426537197;426538743;426565486;426593601;426593829;426604065;426606195;426620137;426631751;426633368;426634262;426636424;426642159;426662883;426667318;426848544;426853539;427012375;427012537;427306227;427306761;427307746,63,167,167,,0.27,0.27,230,268,0,False
gemini-3.1-flash-lite,v6,sa,mv1,ALL,Explicit-Flirting,0.3,113,268,44,23,69,245,0.66,0.39,0.91,0.76,0.49,call;call;call;call;call;call;call;call;call;call;call;call;call;call;call;426408577;426439325;426573210;426578327;426600174;427012755;427307149;427308167,call;call;call;call;call;call;call;call;call;call;call;call;call;call;call;call;call;call;call;call;call;call;call;call;call;call;call;call;421961206;422797054;423662590;423887482;424687669;424793843;424950341;425656790;425778316;425908372;425912424;426108828;426126833;426127716;426252346;426363836;426377718;426480223;426534420;426537197;426538743;426565486;426593601;426593829;426604065;426606195;426620137;426631751;426633368;426634262;426636424;426642159;426662883;426667318;426848544;426853539;427012375;427012537;427306227;427306761;427307746,63,166,167,,0.28,0.27,229,268,0,False
gemini-3.1-flash-lite,v6,sa,mv1,ALL,Explicit-Flirting,0.4,113,268,41,10,72,258,0.8,0.36,0.96,0.78,0.5,call;call;call;call;426408577;426439325;426578327;426600174;427012755;427307149,call;call;call;call;call;call;call;call;call;call;call;call;call;call;call;call;call;call;call;call;call;call;call;call;call;call;call;call;421661435;421961206;422797054;423662590;423887482;424687669;424793843;424950341;425476935;425656790;425778316;425908372;425912424;426108828;426126833;426127716;426252346;426363836;426377718;426432272;426480223;426534420;426537197;426538743;426565486;426593601;426593829;426604065;426606195;426620137;426631751;426633368;426634262;426636424;426642159;426662883;426667318;426848544;426853539;427012375;427012537;427306227;427306761;427307746,60,104,170,,0.37,0.26,164,268,0,False
gemini-3.1-flash-lite,v6,sa,mv1,ALL,Explicit-Flirting,0.5,113,268,41,10,72,258,0.8,0.36,0.96,0.78,0.5,call;call;call;call;426408577;426439325;426578327;426600174;427012755;427307149,call;call;call;call;call;call;call;call;call;call;call;call;call;call;call;call;call;call;call;call;call;call;call;call;call;call;call;call;421661435;421961206;422797054;423662590;423887482;424687669;424793843;424950341;425476935;425656790;425778316;425908372;425912424;426108828;426126833;426127716;426252346;426363836;426377718;426432272;426480223;426534420;426537197;426538743;426565486;426593601;426593829;426604065;426606195;426620137;426631751;426633368;426634262;426636424;426642159;426662883;426667318;426848544;426853539;427012375;427012537;427306227;427306761;427307746,60,104,170,,0.37,0.26,164,268,0,False
gemini-3.1-flash-lite,v6,sa,mv1,ALL,Explicit-Flirting,0.6,113,268,41,10,72,258,0.8,0.36,0.96,0.78,0.5,call;call;call;call;426408577;426439325;426578327;426600174;427012755;427307149,call;call;call;call;call;call;call;call;call;call;call;call;call;call;call;call;call;call;call;call;call;call;call;call;call;call;call;call;421661435;421961206;422797054;423662590;423887482;424687669;424793843;424950341;425476935;425656790;425778316;425908372;425912424;426108828;426126833;426127716;426252346;426363836;426377718;426432272;426480223;426534420;426537197;426538743;426565486;426593601;426593829;426604065;426606195;426620137;426631751;426633368;426634262;426636424;426642159;426662883;426667318;426848544;426853539;427012375;427012537;427306227;427306761;427307746,60,104,170,,0.37,0.26,164,268,0,False
gemini-3.1-flash-lite,v6,sa,mv1,ALL,Explicit-Flirting,0.7,113,268,39,5,74,263,0.89,0.35,0.98,0.79,0.5,call;call;426408577;426578327;427012755,call;call;call;call;call;call;call;call;call;call;call;call;call;call;call;call;call;call;call;call;call;call;call;call;call;call;call;call;call;421661435;421961206;422797054;423662590;423887482;424687669;424793843;424950341;425476935;425656790;425778316;425908372;425912424;426108828;426126833;426127716;426252346;426363836;426377718;426432272;426480223;426534420;426537197;426538743;426565486;426582734;426593601;426593829;426604065;426606195;426620137;426631751;426633368;426634262;426636424;426642159;426662883;426667318;426848544;426853539;427012375;427012537;427306227;427306761;427307746,55,74,175,,0.43,0.24,129,268,0,False
gemini-3.1-flash-lite,v6,sa,mv1,ALL,Explicit-Flirting,0.8,113,268,39,5,74,263,0.89,0.35,0.98,0.79,0.5,call;call;426408577;426578327;427012755,call;call;call;call;call;call;call;call;call;call;call;call;call;call;call;call;call;call;call;call;call;call;call;call;call;call;call;call;call;421661435;421961206;422797054;423662590;423887482;424687669;424793843;424950341;425476935;425656790;425778316;425908372;425912424;426108828;426126833;426127716;426252346;426363836;426377718;426432272;426480223;426534420;426537197;426538743;426565486;426582734;426593601;426593829;426604065;426606195;426620137;426631751;426633368;426634262;426636424;426642159;426662883;426667318;426848544;426853539;427012375;427012537;427306227;427306761;427307746,55,74,175,,0.43,0.24,129,268,0,False
gemini-3.1-flash-lite,v6,sa,mv1,ALL,Explicit-Flirting,0.9,113,268,39,5,74,263,0.89,0.35,0.98,0.79,0.5,call;call;426408577;426578327;427012755,call;call;call;call;call;call;call;call;call;call;call;call;call;call;call;call;call;call;call;call;call;call;call;call;call;call;call;call;call;421661435;421961206;422797054;423662590;423887482;424687669;424793843;424950341;425476935;425656790;425778316;425908372;425912424;426108828;426126833;426127716;426252346;426363836;426377718;426432272;426480223;426534420;426537197;426538743;426565486;426582734;426593601;426593829;426604065;426606195;426620137;426631751;426633368;426634262;426636424;426642159;426662883;426667318;426848544;426853539;427012375;427012537;427306227;427306761;427307746,55,73,175,,0.43,0.24,128,268,0,False
gemini-3.1-flash-lite,v6,sa,mv1,ALL,Explicit-Flirting,0.95,113,268,0,0,113,268,,0.0,1.0,0.7,,,call;call;call;call;call;call;call;call;call;call;call;call;call;call;call;call;call;call;call;call;call;call;call;call;call;call;call;call;call;call;call;call;call;call;call;call;call;call;call;call;call;call;call;call;call;call;call;call;call;call;call;call;call;call;421661435;421961206;422311857;422797054;423662590;423887482;424687669;424793843;424880310;424950341;425134890;425141339;425392837;425476935;425656790;425778316;425908372;425912424;425942168;426108828;426126833;426127716;426252346;426363836;426377718;426432272;426460304;426480223;426534420;426537197;426538743;426548691;426565486;426573512;426582734;426591403;426593601;426593829;426604065;426606195;426610860;426620137;426631751;426633368;426634262;426636424;426642159;426648998;426649193;426652242;426662883;426667318;426848544;426853539;427012375;427012537;427306227;427306761;427307746,0,0,230,,,0.0,0,268,0,False
gemini-3.1-flash-lite,v6,sa,mv1,ALL,Explicit-Flirting,1.0,113,268,0,0,113,268,,0.0,1.0,0.7,,,call;call;call;call;call;call;call;call;call;call;call;call;call;call;call;call;call;call;call;call;call;call;call;call;call;call;call;call;call;call;call;call;call;call;call;call;call;call;call;call;call;call;call;call;call;call;call;call;call;call;call;call;call;call;421661435;421961206;422311857;422797054;423662590;423887482;424687669;424793843;424880310;424950341;425134890;425141339;425392837;425476935;425656790;425778316;425908372;425912424;425942168;426108828;426126833;426127716;426252346;426363836;426377718;426432272;426460304;426480223;426534420;426537197;426538743;426548691;426565486;426573512;426582734;426591403;426593601;426593829;426604065;426606195;426610860;426620137;426631751;426633368;426634262;426636424;426642159;426648998;426649193;426652242;426662883;426667318;426848544;426853539;427012375;427012537;427306227;427306761;427307746,0,0,230,,,0.0,0,268,0,False
gemini-3.1-flash-lite,v6,sa,mv1,ALL,Explicit-Flirting,none,113,268,46,33,67,235,0.58,0.41,0.88,0.74,0.48,call;call;call;call;call;call;call;call;call;call;call;call;call;call;call;call;call;call;call;call;426107744;426408577;426439325;426573210;426578327;426600174;426608730;426855984;426864020;427012755;427305885;427307149;427308167,call;call;call;call;call;call;call;call;call;call;call;call;call;call;call;call;call;call;call;call;call;call;call;call;call;call;call;421961206;422797054;423662590;423887482;424687669;424793843;424950341;425656790;425778316;425908372;426108828;426126833;426127716;426252346;426363836;426377718;426480223;426534420;426537197;426538743;426565486;426593601;426593829;426604065;426606195;426620137;426631751;426633368;426634262;426636424;426642159;426662883;426667318;426848544;426853539;427012375;427012537;427306227;427306761;427307746,66,202,164,,0.25,0.29,268,268,0,False
gemini-3.1-flash-lite,v6,sa,mv1,ALL,ALL,0.0,214,167,142,39,72,128,0.78,0.66,0.77,0.71,0.72,call;call;call;call;call;call;call;call;call;call;call;call;call;call;call;call;call;call;call;call;call;call;call;call;call;420599099;423562532;426107744;426600174;426608730;426610557;426855984;426864020;426865848;427012755;427305885;427307149;427307153;427308167,call;call;call;call;call;call;call;call;call;call;call;call;call;call;call;call;call;call;call;call;call;call;call;call;call;call;call;call;call;call;call;call;call;call;call;421961206;423662590;423958539;424793843;424950341;425908372;425939252;425971422;426108828;426126833;426127716;426226216;426252346;426303789;426363836;426438311;426439325;426537197;426538743;426565486;426593601;426594432;426603278;426604065;426620137;426633368;426636424;426649926;426656120;426662883;426848544;426853539;427012375;427012537;427306227;427306761;427307746,238,480,275,,0.33,0.46,718,718,0,False
gemini-3.1-flash-lite,v6,sa,mv1,ALL,ALL,0.1,214,167,142,39,72,128,0.78,0.66,0.77,0.71,0.72,call;call;call;call;call;call;call;call;call;call;call;call;call;call;call;call;call;call;call;call;call;call;call;call;call;420599099;423562532;426107744;426600174;426608730;426610557;426855984;426864020;426865848;427012755;427305885;427307149;427307153;427308167,call;call;call;call;call;call;call;call;call;call;call;call;call;call;call;call;call;call;call;call;call;call;call;call;call;call;call;call;call;call;call;call;call;call;call;421961206;423662590;423958539;424793843;424950341;425908372;425939252;425971422;426108828;426126833;426127716;426226216;426252346;426303789;426363836;426438311;426439325;426537197;426538743;426565486;426593601;426594432;426603278;426604065;426620137;426633368;426636424;426649926;426656120;426662883;426848544;426853539;427012375;427012537;427306227;427306761;427307746,238,480,275,,0.33,0.46,718,718,0,False
gemini-3.1-flash-lite,v6,sa,mv1,ALL,ALL,0.2,214,167,140,28,74,139,0.83,0.65,0.83,0.73,0.73,call;call;call;call;call;call;call;call;call;call;call;call;call;call;call;call;call;call;call;call;call;423562532;426600174;426610557;427012755;427307149;427307153;427308167,call;call;call;call;call;call;call;call;call;call;call;call;call;call;call;call;call;call;call;call;call;call;call;call;call;call;call;call;call;call;call;call;call;call;call;call;call;421961206;423662590;423958539;424793843;424950341;425908372;425939252;425971422;426108828;426126833;426127716;426226216;426252346;426303789;426363836;426438311;426439325;426537197;426538743;426565486;426593601;426594432;426603278;426604065;426620137;426633368;426636424;426649926;426656120;426662883;426848544;426853539;427012375;427012537;427306227;427306761;427307746,233,398,280,,0.37,0.45,631,718,0,False
gemini-3.1-flash-lite,v6,sa,mv1,ALL,ALL,0.3,214,167,140,28,74,139,0.83,0.65,0.83,0.73,0.73,call;call;call;call;call;call;call;call;call;call;call;call;call;call;call;call;call;call;call;call;call;423562532;426600174;426610557;427012755;427307149;427307153;427308167,call;call;call;call;call;call;call;call;call;call;call;call;call;call;call;call;call;call;call;call;call;call;call;call;call;call;call;call;call;call;call;call;call;call;call;call;call;421961206;423662590;423958539;424793843;424950341;425908372;425939252;425971422;426108828;426126833;426127716;426226216;426252346;426303789;426363836;426438311;426439325;426537197;426538743;426565486;426593601;426594432;426603278;426604065;426620137;426633368;426636424;426649926;426656120;426662883;426848544;426853539;427012375;427012537;427306227;427306761;427307746,233,397,280,,0.37,0.45,630,718,0,False
gemini-3.1-flash-lite,v6,sa,mv1,ALL,ALL,0.4,214,167,134,13,80,154,0.91,0.63,0.92,0.76,0.74,call;call;call;call;call;call;call;call;call;426600174;426610557;427012755;427307149,call;call;call;call;call;call;call;call;call;call;call;call;call;call;call;call;call;call;call;call;call;call;call;call;call;call;call;call;call;call;call;call;call;call;call;call;call;call;421661435;421961206;423662590;423958539;424793843;424950341;425476935;425656790;425908372;425939252;425971422;426108828;426126833;426127716;426226216;426252346;426303789;426363836;426432272;426438311;426439325;426537197;426538743;426565486;426593601;426594432;426597928;426603278;426604065;426620137;426633368;426636424;426649926;426656120;426662883;426848544;426853539;427012375;427012537;427306227;427306761;427307746,223,292,290,,0.43,0.43,515,718,0,False
gemini-3.1-flash-lite,v6,sa,mv1,ALL,ALL,0.5,214,167,134,13,80,154,0.91,0.63,0.92,0.76,0.74,call;call;call;call;call;call;call;call;call;426600174;426610557;427012755;427307149,call;call;call;call;call;call;call;call;call;call;call;call;call;call;call;call;call;call;call;call;call;call;call;call;call;call;call;call;call;call;call;call;call;call;call;call;call;call;421661435;421961206;423662590;423958539;424793843;424950341;425476935;425656790;425908372;425939252;425971422;426108828;426126833;426127716;426226216;426252346;426303789;426363836;426432272;426438311;426439325;426537197;426538743;426565486;426593601;426594432;426597928;426603278;426604065;426620137;426633368;426636424;426649926;426656120;426662883;426848544;426853539;427012375;427012537;427306227;427306761;427307746,223,292,290,,0.43,0.43,515,718,0,False
gemini-3.1-flash-lite,v6,sa,mv1,ALL,ALL,0.6,214,167,134,13,80,154,0.91,0.63,0.92,0.76,0.74,call;call;call;call;call;call;call;call;call;426600174;426610557;427012755;427307149,call;call;call;call;call;call;call;call;call;call;call;call;call;call;call;call;call;call;call;call;call;call;call;call;call;call;call;call;call;call;call;call;call;call;call;call;call;call;421661435;421961206;423662590;423958539;424793843;424950341;425476935;425656790;425908372;425939252;425971422;426108828;426126833;426127716;426226216;426252346;426303789;426363836;426432272;426438311;426439325;426537197;426538743;426565486;426593601;426594432;426597928;426603278;426604065;426620137;426633368;426636424;426649926;426656120;426662883;426848544;426853539;427012375;427012537;427306227;427306761;427307746,223,292,290,,0.43,0.43,515,718,0,False
gemini-3.1-flash-lite,v6,sa,mv1,ALL,ALL,0.7,214,167,127,8,87,159,0.94,0.59,0.95,0.75,0.73,call;call;call;call;call;call;426610557;427012755,call;call;call;call;call;call;call;call;call;call;call;call;call;call;call;call;call;call;call;call;call;call;call;call;call;call;call;call;call;call;call;call;call;call;call;call;call;call;call;call;call;call;call;421661435;421961206;423662590;423958539;424793843;424950341;425476935;425656790;425778316;425908372;425939252;425971422;426108828;426126833;426127716;426226216;426252346;426303789;426363836;426432272;426438311;426439325;426537197;426538743;426565486;426582734;426593601;426594432;426597928;426603278;426604065;426620137;426633368;426636424;426649926;426656120;426662883;426848544;426853539;427012375;427012537;427306227;427306761;427307746,207,236,306,,0.47,0.4,443,718,0,False
gemini-3.1-flash-lite,v6,sa,mv1,ALL,ALL,0.8,214,167,127,8,87,159,0.94,0.59,0.95,0.75,0.73,call;call;call;call;call;call;426610557;427012755,call;call;call;call;call;call;call;call;call;call;call;call;call;call;call;call;call;call;call;call;call;call;call;call;call;call;call;call;call;call;call;call;call;call;call;call;call;call;call;call;call;call;call;421661435;421961206;423662590;423958539;424793843;424950341;425476935;425656790;425778316;425908372;425939252;425971422;426108828;426126833;426127716;426226216;426252346;426303789;426363836;426432272;426438311;426439325;426537197;426538743;426565486;426582734;426593601;426594432;426597928;426603278;426604065;426620137;426633368;426636424;426649926;426656120;426662883;426848544;426853539;427012375;427012537;427306227;427306761;427307746,207,236,306,,0.47,0.4,443,718,0,False
gemini-3.1-flash-lite,v6,sa,mv1,ALL,ALL,0.9,214,167,127,8,87,159,0.94,0.59,0.95,0.75,0.73,call;call;call;call;call;call;426610557;427012755,call;call;call;call;call;call;call;call;call;call;call;call;call;call;call;call;call;call;call;call;call;call;call;call;call;call;call;call;call;call;call;call;call;call;call;call;call;call;call;call;call;call;call;421661435;421961206;423662590;423958539;424793843;424950341;425476935;425656790;425778316;425908372;425939252;425971422;426108828;426126833;426127716;426226216;426252346;426303789;426363836;426432272;426438311;426439325;426537197;426538743;426565486;426582734;426593601;426594432;426597928;426603278;426604065;426620137;426633368;426636424;426649926;426656120;426662883;426848544;426853539;427012375;427012537;427306227;427306761;427307746,207,235,306,,0.47,0.4,442,718,0,False
gemini-3.1-flash-lite,v6,sa,mv1,ALL,ALL,0.95,214,167,0,0,214,167,,0.0,1.0,0.44,,,call;call;call;call;call;call;call;call;call;call;call;call;call;call;call;call;call;call;call;call;call;call;call;call;call;call;call;call;call;call;call;call;call;call;call;call;call;call;call;call;call;call;call;call;call;call;call;call;call;call;call;call;call;call;call;call;call;call;call;call;call;call;call;call;call;call;call;call;call;call;call;call;call;call;call;call;call;call;call;call;call;call;call;call;call;call;call;call;call;call;call;call;call;call;call;call;call;call;call;call;call;call;call;call;call;call;call;call;call;call;call;call;call;call;call;call;call;call;call;call;420147298;420511327;421661435;421888258;421961206;422311857;422797054;423104500;423163427;423336284;423505352;423662590;423887482;423958539;423978016;424154820;424610958;424687669;424793843;424880310;424950341;425134890;425141339;425392837;425396309;425476935;425656790;425778316;425908372;425912424;425939252;425942168;425971422;426023290;426108828;426126833;426127716;426226216;426252346;426303789;426363836;426377718;426408577;426432272;426438311;426439325;426460304;426480223;426534420;426537197;426538743;426548691;426565486;426573210;426573512;426578327;426582734;426583408;426591403;426593601;426593829;426594432;426597928;426603278;426604065;426606195;426609609;426610860;426620137;426631751;426633368;426634262;426636424;426639345;426642159;426645015;426647598;426648998;426649193;426649926;426652242;426656120;426657127;426662883;426667318;426669005;426848544;426853539;427012375;427012537;427306227;427306761;427306879;427307746,0,0,513,,,0.0,0,718,0,False
gemini-3.1-flash-lite,v6,sa,mv1,ALL,ALL,1.0,214,167,0,0,214,167,,0.0,1.0,0.44,,,call;call;call;call;call;call;call;call;call;call;call;call;call;call;call;call;call;call;call;call;call;call;call;call;call;call;call;call;call;call;call;call;call;call;call;call;call;call;call;call;call;call;call;call;call;call;call;call;call;call;call;call;call;call;call;call;call;call;call;call;call;call;call;call;call;call;call;call;call;call;call;call;call;call;call;call;call;call;call;call;call;call;call;call;call;call;call;call;call;call;call;call;call;call;call;call;call;call;call;call;call;call;call;call;call;call;call;call;call;call;call;call;call;call;call;call;call;call;call;call;420147298;420511327;421661435;421888258;421961206;422311857;422797054;423104500;423163427;423336284;423505352;423662590;423887482;423958539;423978016;424154820;424610958;424687669;424793843;424880310;424950341;425134890;425141339;425392837;425396309;425476935;425656790;425778316;425908372;425912424;425939252;425942168;425971422;426023290;426108828;426126833;426127716;426226216;426252346;426303789;426363836;426377718;426408577;426432272;426438311;426439325;426460304;426480223;426534420;426537197;426538743;426548691;426565486;426573210;426573512;426578327;426582734;426583408;426591403;426593601;426593829;426594432;426597928;426603278;426604065;426606195;426609609;426610860;426620137;426631751;426633368;426634262;426636424;426639345;426642159;426645015;426647598;426648998;426649193;426649926;426652242;426656120;426657127;426662883;426667318;426669005;426848544;426853539;427012375;427012537;427306227;427306761;427306879;427307746,0,0,513,,,0.0,0,718,0,False
gemini-3.1-flash-lite,v6,sa,mv1,ALL,ALL,none,214,167,142,39,72,128,0.78,0.66,0.77,0.71,0.72,call;call;call;call;call;call;call;call;call;call;call;call;call;call;call;call;call;call;call;call;call;call;call;call;call;420599099;423562532;426107744;426600174;426608730;426610557;426855984;426864020;426865848;427012755;427305885;427307149;427307153;427308167,call;call;call;call;call;call;call;call;call;call;call;call;call;call;call;call;call;call;call;call;call;call;call;call;call;call;call;call;call;call;call;call;call;call;call;421961206;423662590;423958539;424793843;424950341;425908372;425939252;425971422;426108828;426126833;426127716;426226216;426252346;426303789;426363836;426438311;426439325;426537197;426538743;426565486;426593601;426594432;426603278;426604065;426620137;426633368;426636424;426649926;426656120;426662883;426848544;426853539;427012375;427012537;427306227;427306761;427307746,238,480,275,,0.33,0.46,718,718,0,False
gemini-3.1-flash-lite,v6,sa_drop_invalid,mv1,ALL,PlatformMove,0.0,130,251,84,33,46,218,0.72,0.65,0.87,0.79,0.68,call;call;call;call;call;call;call;call;call;call;call;call;call;call;call;call;call;call;call;call;call;call;420599099;423562532;423662590;424880310;425908372;426610557;426649193;426865848;427305885;427307153;427308167,call;call;call;call;call;call;call;call;call;call;call;call;call;call;call;call;call;call;call;call;call;call;call;call;423104500;423887482;423958539;424687669;425396309;425939252;425942168;425971422;426226216;426252346;426303789;426363836;426377718;426438311;426439325;426538743;426594432;426603278;426610860;426649926;426656120;426662883,103,203,88,,0.34,0.54,306,306,0,False
gemini-3.1-flash-lite,v6,sa_drop_invalid,mv1,ALL,PlatformMove,0.1,130,251,84,33,46,218,0.72,0.65,0.87,0.79,0.68,call;call;call;call;call;call;call;call;call;call;call;call;call;call;call;call;call;call;call;call;call;call;420599099;423562532;423662590;424880310;425908372;426610557;426649193;426865848;427305885;427307153;427308167,call;call;call;call;call;call;call;call;call;call;call;call;call;call;call;call;call;call;call;call;call;call;call;call;423104500;423887482;423958539;424687669;425396309;425939252;425942168;425971422;426226216;426252346;426303789;426363836;426377718;426438311;426439325;426538743;426594432;426603278;426610860;426649926;426656120;426662883,103,203,88,,0.34,0.54,306,306,0,False
gemini-3.1-flash-lite,v6,sa_drop_invalid,mv1,ALL,PlatformMove,0.2,130,251,83,21,47,230,0.8,0.64,0.92,0.82,0.71,call;call;call;call;call;call;call;call;call;call;call;call;call;call;call;423562532;425908372;426610557;426649193;427307153;427308167,call;call;call;call;call;call;call;call;call;call;call;call;call;call;call;call;call;call;call;call;call;call;call;call;call;423104500;423887482;423958539;424687669;425396309;425939252;425942168;425971422;426226216;426252346;426303789;426363836;426377718;426438311;426439325;426538743;426594432;426603278;426610860;426649926;426656120;426662883,101,166,90,,0.38,0.53,267,306,0,False
gemini-3.1-flash-lite,v6,sa_drop_invalid,mv1,ALL,PlatformMove,0.3,130,251,83,21,47,230,0.8,0.64,0.92,0.82,0.71,call;call;call;call;call;call;call;call;call;call;call;call;call;call;call;423562532;425908372;426610557;426649193;427307153;427308167,call;call;call;call;call;call;call;call;call;call;call;call;call;call;call;call;call;call;call;call;call;call;call;call;call;423104500;423887482;423958539;424687669;425396309;425939252;425942168;425971422;426226216;426252346;426303789;426363836;426377718;426438311;426439325;426538743;426594432;426603278;426610860;426649926;426656120;426662883,101,166,90,,0.38,0.53,267,306,0,False
gemini-3.1-flash-lite,v6,sa_drop_invalid,mv1,ALL,PlatformMove,0.4,130,251,79,13,51,238,0.86,0.61,0.95,0.83,0.71,call;call;call;call;call;call;call;call;call;call;call;call;426610557,call;call;call;call;call;call;call;call;call;call;call;call;call;call;call;call;call;call;call;call;call;call;call;call;call;call;423104500;423887482;423958539;424687669;425396309;425476935;425656790;425939252;425942168;425971422;426226216;426252346;426303789;426363836;426377718;426438311;426439325;426538743;426594432;426597928;426603278;426610860;426649926;426656120;426662883,95,141,96,,0.4,0.5,236,306,0,False
gemini-3.1-flash-lite,v6,sa_drop_invalid,mv1,ALL,PlatformMove,0.5,130,251,79,13,51,238,0.86,0.61,0.95,0.83,0.71,call;call;call;call;call;call;call;call;call;call;call;call;426610557,call;call;call;call;call;call;call;call;call;call;call;call;call;call;call;call;call;call;call;call;call;call;call;call;call;call;423104500;423887482;423958539;424687669;425396309;425476935;425656790;425939252;425942168;425971422;426226216;426252346;426303789;426363836;426377718;426438311;426439325;426538743;426594432;426597928;426603278;426610860;426649926;426656120;426662883,95,141,96,,0.4,0.5,236,306,0,False
gemini-3.1-flash-lite,v6,sa_drop_invalid,mv1,ALL,PlatformMove,0.6,130,251,79,13,51,238,0.86,0.61,0.95,0.83,0.71,call;call;call;call;call;call;call;call;call;call;call;call;426610557,call;call;call;call;call;call;call;call;call;call;call;call;call;call;call;call;call;call;call;call;call;call;call;call;call;call;423104500;423887482;423958539;424687669;425396309;425476935;425656790;425939252;425942168;425971422;426226216;426252346;426303789;426363836;426377718;426438311;426439325;426538743;426594432;426597928;426603278;426610860;426649926;426656120;426662883,95,141,96,,0.4,0.5,236,306,0,False
gemini-3.1-flash-lite,v6,sa_drop_invalid,mv1,ALL,PlatformMove,0.7,130,251,75,12,55,239,0.86,0.58,0.95,0.82,0.69,call;call;call;call;call;call;call;call;call;call;call;426610557,call;call;call;call;call;call;call;call;call;call;call;call;call;call;call;call;call;call;call;call;call;call;call;call;call;call;call;call;call;call;423104500;423887482;423958539;424687669;425396309;425476935;425656790;425939252;425942168;425971422;426226216;426252346;426303789;426363836;426377718;426438311;426439325;426538743;426594432;426597928;426603278;426610860;426649926;426656120;426662883,92,131,99,,0.41,0.48,223,306,0,False
gemini-3.1-flash-lite,v6,sa_drop_invalid,mv1,ALL,PlatformMove,0.8,130,251,75,12,55,239,0.86,0.58,0.95,0.82,0.69,call;call;call;call;call;call;call;call;call;call;call;426610557,call;call;call;call;call;call;call;call;call;call;call;call;call;call;call;call;call;call;call;call;call;call;call;call;call;call;call;call;call;call;423104500;423887482;423958539;424687669;425396309;425476935;425656790;425939252;425942168;425971422;426226216;426252346;426303789;426363836;426377718;426438311;426439325;426538743;426594432;426597928;426603278;426610860;426649926;426656120;426662883,92,131,99,,0.41,0.48,223,306,0,False
gemini-3.1-flash-lite,v6,sa_drop_invalid,mv1,ALL,PlatformMove,0.9,130,251,75,12,55,239,0.86,0.58,0.95,0.82,0.69,call;call;call;call;call;call;call;call;call;call;call;426610557,call;call;call;call;call;call;call;call;call;call;call;call;call;call;call;call;call;call;call;call;call;call;call;call;call;call;call;call;call;call;423104500;423887482;423958539;424687669;425396309;425476935;425656790;425939252;425942168;425971422;426226216;426252346;426303789;426363836;426377718;426438311;426439325;426538743;426594432;426597928;426603278;426610860;426649926;426656120;426662883,92,131,99,,0.41,0.48,223,306,0,False
gemini-3.1-flash-lite,v6,sa_drop_invalid,mv1,ALL,PlatformMove,0.95,130,251,0,0,130,251,,0.0,1.0,0.66,,,call;call;call;call;call;call;call;call;call;call;call;call;call;call;call;call;call;call;call;call;call;call;call;call;call;call;call;call;call;call;call;call;call;call;call;call;call;call;call;call;call;call;call;call;call;call;call;call;call;call;call;call;call;call;call;call;call;call;call;call;call;call;call;call;call;call;call;call;call;call;call;call;call;call;call;call;call;420147298;420511327;421888258;422311857;422797054;423104500;423336284;423505352;423887482;423958539;423978016;424610958;424687669;425396309;425476935;425656790;425912424;425939252;425942168;425971422;426023290;426226216;426252346;426303789;426363836;426377718;426408577;426438311;426439325;426534420;426538743;426548691;426573210;426583408;426593829;426594432;426597928;426603278;426606195;426609609;426610860;426631751;426634262;426639345;426642159;426645015;426647598;426649926;426656120;426657127;426662883;426667318;426669005,0,0,191,,,0.0,0,306,0,False
gemini-3.1-flash-lite,v6,sa_drop_invalid,mv1,ALL,PlatformMove,1.0,130,251,0,0,130,251,,0.0,1.0,0.66,,,call;call;call;call;call;call;call;call;call;call;call;call;call;call;call;call;call;call;call;call;call;call;call;call;call;call;call;call;call;call;call;call;call;call;call;call;call;call;call;call;call;call;call;call;call;call;call;call;call;call;call;call;call;call;call;call;call;call;call;call;call;call;call;call;call;call;call;call;call;call;call;call;call;call;call;call;call;420147298;420511327;421888258;422311857;422797054;423104500;423336284;423505352;423887482;423958539;423978016;424610958;424687669;425396309;425476935;425656790;425912424;425939252;425942168;425971422;426023290;426226216;426252346;426303789;426363836;426377718;426408577;426438311;426439325;426534420;426538743;426548691;426573210;426583408;426593829;426594432;426597928;426603278;426606195;426609609;426610860;426631751;426634262;426639345;426642159;426645015;426647598;426649926;426656120;426657127;426662883;426667318;426669005,0,0,191,,,0.0,0,306,0,False
gemini-3.1-flash-lite,v6,sa_drop_invalid,mv1,ALL,PlatformMove,none,130,251,84,33,46,218,0.72,0.65,0.87,0.79,0.68,call;call;call;call;call;call;call;call;call;call;call;call;call;call;call;call;call;call;call;call;call;call;420599099;423562532;423662590;424880310;425908372;426610557;426649193;426865848;427305885;427307153;427308167,call;call;call;call;call;call;call;call;call;call;call;call;call;call;call;call;call;call;call;call;call;call;call;call;423104500;423887482;423958539;424687669;425396309;425939252;425942168;425971422;426226216;426252346;426303789;426363836;426377718;426438311;426439325;426538743;426594432;426603278;426610860;426649926;426656120;426662883,103,203,88,,0.34,0.54,306,306,0,False
gemini-3.1-flash-lite,v6,sa_drop_invalid,mv1,ALL,SuspiciousActivity,0.0,70,311,58,23,12,288,0.72,0.83,0.93,0.91,0.77,call;call;call;call;call;call;call;call;call;call;call;call;call;call;423562532;425656790;425912424;426608730;426639345;426656120;427307149;427307153;427308167,call;call;call;call;call;call;424610958;426023290;426408577;426548691;426597928;426610860,69,75,23,,0.48,0.75,144,144,0,False
gemini-3.1-flash-lite,v6,sa_drop_invalid,mv1,ALL,SuspiciousActivity,0.1,70,311,58,23,12,288,0.72,0.83,0.93,0.91,0.77,call;call;call;call;call;call;call;call;call;call;call;call;call;call;423562532;425656790;425912424;426608730;426639345;426656120;427307149;427307153;427308167,call;call;call;call;call;call;424610958;426023290;426408577;426548691;426597928;426610860,69,75,23,,0.48,0.75,144,144,0,False
gemini-3.1-flash-lite,v6,sa_drop_invalid,mv1,ALL,SuspiciousActivity,0.2,70,311,57,18,13,293,0.76,0.81,0.94,0.92,0.79,call;call;call;call;call;call;call;call;call;call;call;423562532;425656790;426639345;426656120;427307149;427307153;427308167,call;call;call;call;call;call;call;424610958;426023290;426408577;426548691;426597928;426610860,69,65,23,,0.51,0.75,134,144,0,False
gemini-3.1-flash-lite,v6,sa_drop_invalid,mv1,ALL,SuspiciousActivity,0.3,70,311,57,18,13,293,0.76,0.81,0.94,0.92,0.79,call;call;call;call;call;call;call;call;call;call;call;423562532;425656790;426639345;426656120;427307149;427307153;427308167,call;call;call;call;call;call;call;424610958;426023290;426408577;426548691;426597928;426610860,69,65,23,,0.51,0.75,134,144,0,False
gemini-3.1-flash-lite,v6,sa_drop_invalid,mv1,ALL,SuspiciousActivity,0.4,70,311,56,10,14,301,0.85,0.8,0.97,0.94,0.82,call;call;call;call;call;call;call;426639345;426656120;427307149,call;call;call;call;call;call;call;424610958;425476935;426023290;426408577;426548691;426597928;426610860,68,47,24,,0.59,0.74,115,144,0,False
gemini-3.1-flash-lite,v6,sa_drop_invalid,mv1,ALL,SuspiciousActivity,0.5,70,311,56,10,14,301,0.85,0.8,0.97,0.94,0.82,call;call;call;call;call;call;call;426639345;426656120;427307149,call;call;call;call;call;call;call;424610958;425476935;426023290;426408577;426548691;426597928;426610860,68,47,24,,0.59,0.74,115,144,0,False
gemini-3.1-flash-lite,v6,sa_drop_invalid,mv1,ALL,SuspiciousActivity,0.6,70,311,56,10,14,301,0.85,0.8,0.97,0.94,0.82,call;call;call;call;call;call;call;426639345;426656120;427307149,call;call;call;call;call;call;call;424610958;425476935;426023290;426408577;426548691;426597928;426610860,68,47,24,,0.59,0.74,115,144,0,False
gemini-3.1-flash-lite,v6,sa_drop_invalid,mv1,ALL,SuspiciousActivity,0.7,70,311,53,5,17,306,0.91,0.76,0.98,0.94,0.83,call;call;call;call;call,call;call;call;call;call;call;call;call;call;424610958;425476935;425778316;426023290;426408577;426548691;426597928;426610860,60,31,32,,0.66,0.65,91,144,0,False
gemini-3.1-flash-lite,v6,sa_drop_invalid,mv1,ALL,SuspiciousActivity,0.8,70,311,53,5,17,306,0.91,0.76,0.98,0.94,0.83,call;call;call;call;call,call;call;call;call;call;call;call;call;call;424610958;425476935;425778316;426023290;426408577;426548691;426597928;426610860,60,31,32,,0.66,0.65,91,144,0,False
gemini-3.1-flash-lite,v6,sa_drop_invalid,mv1,ALL,SuspiciousActivity,0.9,70,311,53,5,17,306,0.91,0.76,0.98,0.94,0.83,call;call;call;call;call,call;call;call;call;call;call;call;call;call;424610958;425476935;425778316;426023290;426408577;426548691;426597928;426610860,60,31,32,,0.66,0.65,91,144,0,False
gemini-3.1-flash-lite,v6,sa_drop_invalid,mv1,ALL,SuspiciousActivity,0.95,70,311,0,0,70,311,,0.0,1.0,0.82,,,call;call;call;call;call;call;call;call;call;call;call;call;call;call;call;call;call;call;call;call;call;call;call;call;call;call;call;call;call;call;call;call;call;call;call;call;call;call;call;call;call;call;call;call;422311857;422797054;423104500;423163427;423336284;423887482;423978016;424154820;424610958;424687669;425396309;425476935;425778316;426023290;426377718;426408577;426480223;426534420;426548691;426578327;426593829;426597928;426606195;426610860;426642159;427306879,0,0,92,,,0.0,0,144,0,False
gemini-3.1-flash-lite,v6,sa_drop_invalid,mv1,ALL,SuspiciousActivity,1.0,70,311,0,0,70,311,,0.0,1.0,0.82,,,call;call;call;call;call;call;call;call;call;call;call;call;call;call;call;call;call;call;call;call;call;call;call;call;call;call;call;call;call;call;call;call;call;call;call;call;call;call;call;call;call;call;call;call;422311857;422797054;423104500;423163427;423336284;423887482;423978016;424154820;424610958;424687669;425396309;425476935;425778316;426023290;426377718;426408577;426480223;426534420;426548691;426578327;426593829;426597928;426606195;426610860;426642159;427306879,0,0,92,,,0.0,0,144,0,False
gemini-3.1-flash-lite,v6,sa_drop_invalid,mv1,ALL,SuspiciousActivity,none,70,311,58,23,12,288,0.72,0.83,0.93,0.91,0.77,call;call;call;call;call;call;call;call;call;call;call;call;call;call;423562532;425656790;425912424;426608730;426639345;426656120;427307149;427307153;427308167,call;call;call;call;call;call;424610958;426023290;426408577;426548691;426597928;426610860,69,75,23,,0.48,0.75,144,144,0,False
gemini-3.1-flash-lite,v6,sa_drop_invalid,mv1,ALL,Explicit-Flirting,0.0,113,268,46,33,67,235,0.58,0.41,0.88,0.74,0.48,call;call;call;call;call;call;call;call;call;call;call;call;call;call;call;call;call;call;call;call;426107744;426408577;426439325;426573210;426578327;426600174;426608730;426855984;426864020;427012755;427305885;427307149;427308167,call;call;call;call;call;call;call;call;call;call;call;call;call;call;call;call;call;call;call;call;call;call;call;call;call;call;call;421961206;422797054;423662590;423887482;424687669;424793843;424950341;425656790;425778316;425908372;426108828;426126833;426127716;426252346;426363836;426377718;426480223;426534420;426537197;426538743;426565486;426593601;426593829;426604065;426606195;426620137;426631751;426633368;426634262;426636424;426642159;426662883;426667318;426848544;426853539;427012375;427012537;427306227;427306761;427307746,66,202,164,,0.25,0.29,268,268,0,False
gemini-3.1-flash-lite,v6,sa_drop_invalid,mv1,ALL,Explicit-Flirting,0.1,113,268,46,33,67,235,0.58,0.41,0.88,0.74,0.48,call;call;call;call;call;call;call;call;call;call;call;call;call;call;call;call;call;call;call;call;426107744;426408577;426439325;426573210;426578327;426600174;426608730;426855984;426864020;427012755;427305885;427307149;427308167,call;call;call;call;call;call;call;call;call;call;call;call;call;call;call;call;call;call;call;call;call;call;call;call;call;call;call;421961206;422797054;423662590;423887482;424687669;424793843;424950341;425656790;425778316;425908372;426108828;426126833;426127716;426252346;426363836;426377718;426480223;426534420;426537197;426538743;426565486;426593601;426593829;426604065;426606195;426620137;426631751;426633368;426634262;426636424;426642159;426662883;426667318;426848544;426853539;427012375;427012537;427306227;427306761;427307746,66,202,164,,0.25,0.29,268,268,0,False
gemini-3.1-flash-lite,v6,sa_drop_invalid,mv1,ALL,Explicit-Flirting,0.2,113,268,44,23,69,245,0.66,0.39,0.91,0.76,0.49,call;call;call;call;call;call;call;call;call;call;call;call;call;call;call;426408577;426439325;426573210;426578327;426600174;427012755;427307149;427308167,call;call;call;call;call;call;call;call;call;call;call;call;call;call;call;call;call;call;call;call;call;call;call;call;call;call;call;call;421961206;422797054;423662590;423887482;424687669;424793843;424950341;425656790;425778316;425908372;425912424;426108828;426126833;426127716;426252346;426363836;426377718;426480223;426534420;426537197;426538743;426565486;426593601;426593829;426604065;426606195;426620137;426631751;426633368;426634262;426636424;426642159;426662883;426667318;426848544;426853539;427012375;427012537;427306227;427306761;427307746,63,167,167,,0.27,0.27,230,268,0,False
gemini-3.1-flash-lite,v6,sa_drop_invalid,mv1,ALL,Explicit-Flirting,0.3,113,268,44,23,69,245,0.66,0.39,0.91,0.76,0.49,call;call;call;call;call;call;call;call;call;call;call;call;call;call;call;426408577;426439325;426573210;426578327;426600174;427012755;427307149;427308167,call;call;call;call;call;call;call;call;call;call;call;call;call;call;call;call;call;call;call;call;call;call;call;call;call;call;call;call;421961206;422797054;423662590;423887482;424687669;424793843;424950341;425656790;425778316;425908372;425912424;426108828;426126833;426127716;426252346;426363836;426377718;426480223;426534420;426537197;426538743;426565486;426593601;426593829;426604065;426606195;426620137;426631751;426633368;426634262;426636424;426642159;426662883;426667318;426848544;426853539;427012375;427012537;427306227;427306761;427307746,63,166,167,,0.28,0.27,229,268,0,False
gemini-3.1-flash-lite,v6,sa_drop_invalid,mv1,ALL,Explicit-Flirting,0.4,113,268,41,10,72,258,0.8,0.36,0.96,0.78,0.5,call;call;call;call;426408577;426439325;426578327;426600174;427012755;427307149,call;call;call;call;call;call;call;call;call;call;call;call;call;call;call;call;call;call;call;call;call;call;call;call;call;call;call;call;421661435;421961206;422797054;423662590;423887482;424687669;424793843;424950341;425476935;425656790;425778316;425908372;425912424;426108828;426126833;426127716;426252346;426363836;426377718;426432272;426480223;426534420;426537197;426538743;426565486;426593601;426593829;426604065;426606195;426620137;426631751;426633368;426634262;426636424;426642159;426662883;426667318;426848544;426853539;427012375;427012537;427306227;427306761;427307746,60,104,170,,0.37,0.26,164,268,0,False
gemini-3.1-flash-lite,v6,sa_drop_invalid,mv1,ALL,Explicit-Flirting,0.5,113,268,41,10,72,258,0.8,0.36,0.96,0.78,0.5,call;call;call;call;426408577;426439325;426578327;426600174;427012755;427307149,call;call;call;call;call;call;call;call;call;call;call;call;call;call;call;call;call;call;call;call;call;call;call;call;call;call;call;call;421661435;421961206;422797054;423662590;423887482;424687669;424793843;424950341;425476935;425656790;425778316;425908372;425912424;426108828;426126833;426127716;426252346;426363836;426377718;426432272;426480223;426534420;426537197;426538743;426565486;426593601;426593829;426604065;426606195;426620137;426631751;426633368;426634262;426636424;426642159;426662883;426667318;426848544;426853539;427012375;427012537;427306227;427306761;427307746,60,104,170,,0.37,0.26,164,268,0,False
gemini-3.1-flash-lite,v6,sa_drop_invalid,mv1,ALL,Explicit-Flirting,0.6,113,268,41,10,72,258,0.8,0.36,0.96,0.78,0.5,call;call;call;call;426408577;426439325;426578327;426600174;427012755;427307149,call;call;call;call;call;call;call;call;call;call;call;call;call;call;call;call;call;call;call;call;call;call;call;call;call;call;call;call;421661435;421961206;422797054;423662590;423887482;424687669;424793843;424950341;425476935;425656790;425778316;425908372;425912424;426108828;426126833;426127716;426252346;426363836;426377718;426432272;426480223;426534420;426537197;426538743;426565486;426593601;426593829;426604065;426606195;426620137;426631751;426633368;426634262;426636424;426642159;426662883;426667318;426848544;426853539;427012375;427012537;427306227;427306761;427307746,60,104,170,,0.37,0.26,164,268,0,False
gemini-3.1-flash-lite,v6,sa_drop_invalid,mv1,ALL,Explicit-Flirting,0.7,113,268,39,5,74,263,0.89,0.35,0.98,0.79,0.5,call;call;426408577;426578327;427012755,call;call;call;call;call;call;call;call;call;call;call;call;call;call;call;call;call;call;call;call;call;call;call;call;call;call;call;call;call;421661435;421961206;422797054;423662590;423887482;424687669;424793843;424950341;425476935;425656790;425778316;425908372;425912424;426108828;426126833;426127716;426252346;426363836;426377718;426432272;426480223;426534420;426537197;426538743;426565486;426582734;426593601;426593829;426604065;426606195;426620137;426631751;426633368;426634262;426636424;426642159;426662883;426667318;426848544;426853539;427012375;427012537;427306227;427306761;427307746,55,74,175,,0.43,0.24,129,268,0,False
gemini-3.1-flash-lite,v6,sa_drop_invalid,mv1,ALL,Explicit-Flirting,0.8,113,268,39,5,74,263,0.89,0.35,0.98,0.79,0.5,call;call;426408577;426578327;427012755,call;call;call;call;call;call;call;call;call;call;call;call;call;call;call;call;call;call;call;call;call;call;call;call;call;call;call;call;call;421661435;421961206;422797054;423662590;423887482;424687669;424793843;424950341;425476935;425656790;425778316;425908372;425912424;426108828;426126833;426127716;426252346;426363836;426377718;426432272;426480223;426534420;426537197;426538743;426565486;426582734;426593601;426593829;426604065;426606195;426620137;426631751;426633368;426634262;426636424;426642159;426662883;426667318;426848544;426853539;427012375;427012537;427306227;427306761;427307746,55,74,175,,0.43,0.24,129,268,0,False
gemini-3.1-flash-lite,v6,sa_drop_invalid,mv1,ALL,Explicit-Flirting,0.9,113,268,39,5,74,263,0.89,0.35,0.98,0.79,0.5,call;call;426408577;426578327;427012755,call;call;call;call;call;call;call;call;call;call;call;call;call;call;call;call;call;call;call;call;call;call;call;call;call;call;call;call;call;421661435;421961206;422797054;423662590;423887482;424687669;424793843;424950341;425476935;425656790;425778316;425908372;425912424;426108828;426126833;426127716;426252346;426363836;426377718;426432272;426480223;426534420;426537197;426538743;426565486;426582734;426593601;426593829;426604065;426606195;426620137;426631751;426633368;426634262;426636424;426642159;426662883;426667318;426848544;426853539;427012375;427012537;427306227;427306761;427307746,55,73,175,,0.43,0.24,128,268,0,False
gemini-3.1-flash-lite,v6,sa_drop_invalid,mv1,ALL,Explicit-Flirting,0.95,113,268,0,0,113,268,,0.0,1.0,0.7,,,call;call;call;call;call;call;call;call;call;call;call;call;call;call;call;call;call;call;call;call;call;call;call;call;call;call;call;call;call;call;call;call;call;call;call;call;call;call;call;call;call;call;call;call;call;call;call;call;call;call;call;call;call;call;421661435;421961206;422311857;422797054;423662590;423887482;424687669;424793843;424880310;424950341;425134890;425141339;425392837;425476935;425656790;425778316;425908372;425912424;425942168;426108828;426126833;426127716;426252346;426363836;426377718;426432272;426460304;426480223;426534420;426537197;426538743;426548691;426565486;426573512;426582734;426591403;426593601;426593829;426604065;426606195;426610860;426620137;426631751;426633368;426634262;426636424;426642159;426648998;426649193;426652242;426662883;426667318;426848544;426853539;427012375;427012537;427306227;427306761;427307746,0,0,230,,,0.0,0,268,0,False
gemini-3.1-flash-lite,v6,sa_drop_invalid,mv1,ALL,Explicit-Flirting,1.0,113,268,0,0,113,268,,0.0,1.0,0.7,,,call;call;call;call;call;call;call;call;call;call;call;call;call;call;call;call;call;call;call;call;call;call;call;call;call;call;call;call;call;call;call;call;call;call;call;call;call;call;call;call;call;call;call;call;call;call;call;call;call;call;call;call;call;call;421661435;421961206;422311857;422797054;423662590;423887482;424687669;424793843;424880310;424950341;425134890;425141339;425392837;425476935;425656790;425778316;425908372;425912424;425942168;426108828;426126833;426127716;426252346;426363836;426377718;426432272;426460304;426480223;426534420;426537197;426538743;426548691;426565486;426573512;426582734;426591403;426593601;426593829;426604065;426606195;426610860;426620137;426631751;426633368;426634262;426636424;426642159;426648998;426649193;426652242;426662883;426667318;426848544;426853539;427012375;427012537;427306227;427306761;427307746,0,0,230,,,0.0,0,268,0,False
gemini-3.1-flash-lite,v6,sa_drop_invalid,mv1,ALL,Explicit-Flirting,none,113,268,46,33,67,235,0.58,0.41,0.88,0.74,0.48,call;call;call;call;call;call;call;call;call;call;call;call;call;call;call;call;call;call;call;call;426107744;426408577;426439325;426573210;426578327;426600174;426608730;426855984;426864020;427012755;427305885;427307149;427308167,call;call;call;call;call;call;call;call;call;call;call;call;call;call;call;call;call;call;call;call;call;call;call;call;call;call;call;421961206;422797054;423662590;423887482;424687669;424793843;424950341;425656790;425778316;425908372;426108828;426126833;426127716;426252346;426363836;426377718;426480223;426534420;426537197;426538743;426565486;426593601;426593829;426604065;426606195;426620137;426631751;426633368;426634262;426636424;426642159;426662883;426667318;426848544;426853539;427012375;427012537;427306227;427306761;427307746,66,202,164,,0.25,0.29,268,268,0,False
gemini-3.1-flash-lite,v6,sa_drop_invalid,mv1,ALL,ALL,0.0,214,167,142,39,72,128,0.78,0.66,0.77,0.71,0.72,call;call;call;call;call;call;call;call;call;call;call;call;call;call;call;call;call;call;call;call;call;call;call;call;call;420599099;423562532;426107744;426600174;426608730;426610557;426855984;426864020;426865848;427012755;427305885;427307149;427307153;427308167,call;call;call;call;call;call;call;call;call;call;call;call;call;call;call;call;call;call;call;call;call;call;call;call;call;call;call;call;call;call;call;call;call;call;call;421961206;423662590;423958539;424793843;424950341;425908372;425939252;425971422;426108828;426126833;426127716;426226216;426252346;426303789;426363836;426438311;426439325;426537197;426538743;426565486;426593601;426594432;426603278;426604065;426620137;426633368;426636424;426649926;426656120;426662883;426848544;426853539;427012375;427012537;427306227;427306761;427307746,238,480,275,,0.33,0.46,718,718,0,False
gemini-3.1-flash-lite,v6,sa_drop_invalid,mv1,ALL,ALL,0.1,214,167,142,39,72,128,0.78,0.66,0.77,0.71,0.72,call;call;call;call;call;call;call;call;call;call;call;call;call;call;call;call;call;call;call;call;call;call;call;call;call;420599099;423562532;426107744;426600174;426608730;426610557;426855984;426864020;426865848;427012755;427305885;427307149;427307153;427308167,call;call;call;call;call;call;call;call;call;call;call;call;call;call;call;call;call;call;call;call;call;call;call;call;call;call;call;call;call;call;call;call;call;call;call;421961206;423662590;423958539;424793843;424950341;425908372;425939252;425971422;426108828;426126833;426127716;426226216;426252346;426303789;426363836;426438311;426439325;426537197;426538743;426565486;426593601;426594432;426603278;426604065;426620137;426633368;426636424;426649926;426656120;426662883;426848544;426853539;427012375;427012537;427306227;427306761;427307746,238,480,275,,0.33,0.46,718,718,0,False
gemini-3.1-flash-lite,v6,sa_drop_invalid,mv1,ALL,ALL,0.2,214,167,140,28,74,139,0.83,0.65,0.83,0.73,0.73,call;call;call;call;call;call;call;call;call;call;call;call;call;call;call;call;call;call;call;call;call;423562532;426600174;426610557;427012755;427307149;427307153;427308167,call;call;call;call;call;call;call;call;call;call;call;call;call;call;call;call;call;call;call;call;call;call;call;call;call;call;call;call;call;call;call;call;call;call;call;call;call;421961206;423662590;423958539;424793843;424950341;425908372;425939252;425971422;426108828;426126833;426127716;426226216;426252346;426303789;426363836;426438311;426439325;426537197;426538743;426565486;426593601;426594432;426603278;426604065;426620137;426633368;426636424;426649926;426656120;426662883;426848544;426853539;427012375;427012537;427306227;427306761;427307746,233,398,280,,0.37,0.45,631,718,0,False
gemini-3.1-flash-lite,v6,sa_drop_invalid,mv1,ALL,ALL,0.3,214,167,140,28,74,139,0.83,0.65,0.83,0.73,0.73,call;call;call;call;call;call;call;call;call;call;call;call;call;call;call;call;call;call;call;call;call;423562532;426600174;426610557;427012755;427307149;427307153;427308167,call;call;call;call;call;call;call;call;call;call;call;call;call;call;call;call;call;call;call;call;call;call;call;call;call;call;call;call;call;call;call;call;call;call;call;call;call;421961206;423662590;423958539;424793843;424950341;425908372;425939252;425971422;426108828;426126833;426127716;426226216;426252346;426303789;426363836;426438311;426439325;426537197;426538743;426565486;426593601;426594432;426603278;426604065;426620137;426633368;426636424;426649926;426656120;426662883;426848544;426853539;427012375;427012537;427306227;427306761;427307746,233,397,280,,0.37,0.45,630,718,0,False
gemini-3.1-flash-lite,v6,sa_drop_invalid,mv1,ALL,ALL,0.4,214,167,134,13,80,154,0.91,0.63,0.92,0.76,0.74,call;call;call;call;call;call;call;call;call;426600174;426610557;427012755;427307149,call;call;call;call;call;call;call;call;call;call;call;call;call;call;call;call;call;call;call;call;call;call;call;call;call;call;call;call;call;call;call;call;call;call;call;call;call;call;421661435;421961206;423662590;423958539;424793843;424950341;425476935;425656790;425908372;425939252;425971422;426108828;426126833;426127716;426226216;426252346;426303789;426363836;426432272;426438311;426439325;426537197;426538743;426565486;426593601;426594432;426597928;426603278;426604065;426620137;426633368;426636424;426649926;426656120;426662883;426848544;426853539;427012375;427012537;427306227;427306761;427307746,223,292,290,,0.43,0.43,515,718,0,False
gemini-3.1-flash-lite,v6,sa_drop_invalid,mv1,ALL,ALL,0.5,214,167,134,13,80,154,0.91,0.63,0.92,0.76,0.74,call;call;call;call;call;call;call;call;call;426600174;426610557;427012755;427307149,call;call;call;call;call;call;call;call;call;call;call;call;call;call;call;call;call;call;call;call;call;call;call;call;call;call;call;call;call;call;call;call;call;call;call;call;call;call;421661435;421961206;423662590;423958539;424793843;424950341;425476935;425656790;425908372;425939252;425971422;426108828;426126833;426127716;426226216;426252346;426303789;426363836;426432272;426438311;426439325;426537197;426538743;426565486;426593601;426594432;426597928;426603278;426604065;426620137;426633368;426636424;426649926;426656120;426662883;426848544;426853539;427012375;427012537;427306227;427306761;427307746,223,292,290,,0.43,0.43,515,718,0,False
gemini-3.1-flash-lite,v6,sa_drop_invalid,mv1,ALL,ALL,0.6,214,167,134,13,80,154,0.91,0.63,0.92,0.76,0.74,call;call;call;call;call;call;call;call;call;426600174;426610557;427012755;427307149,call;call;call;call;call;call;call;call;call;call;call;call;call;call;call;call;call;call;call;call;call;call;call;call;call;call;call;call;call;call;call;call;call;call;call;call;call;call;421661435;421961206;423662590;423958539;424793843;424950341;425476935;425656790;425908372;425939252;425971422;426108828;426126833;426127716;426226216;426252346;426303789;426363836;426432272;426438311;426439325;426537197;426538743;426565486;426593601;426594432;426597928;426603278;426604065;426620137;426633368;426636424;426649926;426656120;426662883;426848544;426853539;427012375;427012537;427306227;427306761;427307746,223,292,290,,0.43,0.43,515,718,0,False
gemini-3.1-flash-lite,v6,sa_drop_invalid,mv1,ALL,ALL,0.7,214,167,127,8,87,159,0.94,0.59,0.95,0.75,0.73,call;call;call;call;call;call;426610557;427012755,call;call;call;call;call;call;call;call;call;call;call;call;call;call;call;call;call;call;call;call;call;call;call;call;call;call;call;call;call;call;call;call;call;call;call;call;call;call;call;call;call;call;call;421661435;421961206;423662590;423958539;424793843;424950341;425476935;425656790;425778316;425908372;425939252;425971422;426108828;426126833;426127716;426226216;426252346;426303789;426363836;426432272;426438311;426439325;426537197;426538743;426565486;426582734;426593601;426594432;426597928;426603278;426604065;426620137;426633368;426636424;426649926;426656120;426662883;426848544;426853539;427012375;427012537;427306227;427306761;427307746,207,236,306,,0.47,0.4,443,718,0,False
gemini-3.1-flash-lite,v6,sa_drop_invalid,mv1,ALL,ALL,0.8,214,167,127,8,87,159,0.94,0.59,0.95,0.75,0.73,call;call;call;call;call;call;426610557;427012755,call;call;call;call;call;call;call;call;call;call;call;call;call;call;call;call;call;call;call;call;call;call;call;call;call;call;call;call;call;call;call;call;call;call;call;call;call;call;call;call;call;call;call;421661435;421961206;423662590;423958539;424793843;424950341;425476935;425656790;425778316;425908372;425939252;425971422;426108828;426126833;426127716;426226216;426252346;426303789;426363836;426432272;426438311;426439325;426537197;426538743;426565486;426582734;426593601;426594432;426597928;426603278;426604065;426620137;426633368;426636424;426649926;426656120;426662883;426848544;426853539;427012375;427012537;427306227;427306761;427307746,207,236,306,,0.47,0.4,443,718,0,False
gemini-3.1-flash-lite,v6,sa_drop_invalid,mv1,ALL,ALL,0.9,214,167,127,8,87,159,0.94,0.59,0.95,0.75,0.73,call;call;call;call;call;call;426610557;427012755,call;call;call;call;call;call;call;call;call;call;call;call;call;call;call;call;call;call;call;call;call;call;call;call;call;call;call;call;call;call;call;call;call;call;call;call;call;call;call;call;call;call;call;421661435;421961206;423662590;423958539;424793843;424950341;425476935;425656790;425778316;425908372;425939252;425971422;426108828;426126833;426127716;426226216;426252346;426303789;426363836;426432272;426438311;426439325;426537197;426538743;426565486;426582734;426593601;426594432;426597928;426603278;426604065;426620137;426633368;426636424;426649926;426656120;426662883;426848544;426853539;427012375;427012537;427306227;427306761;427307746,207,235,306,,0.47,0.4,442,718,0,False
gemini-3.1-flash-lite,v6,sa_drop_invalid,mv1,ALL,ALL,0.95,214,167,0,0,214,167,,0.0,1.0,0.44,,,call;call;call;call;call;call;call;call;call;call;call;call;call;call;call;call;call;call;call;call;call;call;call;call;call;call;call;call;call;call;call;call;call;call;call;call;call;call;call;call;call;call;call;call;call;call;call;call;call;call;call;call;call;call;call;call;call;call;call;call;call;call;call;call;call;call;call;call;call;call;call;call;call;call;call;call;call;call;call;call;call;call;call;call;call;call;call;call;call;call;call;call;call;call;call;call;call;call;call;call;call;call;call;call;call;call;call;call;call;call;call;call;call;call;call;call;call;call;call;call;420147298;420511327;421661435;421888258;421961206;422311857;422797054;423104500;423163427;423336284;423505352;423662590;423887482;423958539;423978016;424154820;424610958;424687669;424793843;424880310;424950341;425134890;425141339;425392837;425396309;425476935;425656790;425778316;425908372;425912424;425939252;425942168;425971422;426023290;426108828;426126833;426127716;426226216;426252346;426303789;426363836;426377718;426408577;426432272;426438311;426439325;426460304;426480223;426534420;426537197;426538743;426548691;426565486;426573210;426573512;426578327;426582734;426583408;426591403;426593601;426593829;426594432;426597928;426603278;426604065;426606195;426609609;426610860;426620137;426631751;426633368;426634262;426636424;426639345;426642159;426645015;426647598;426648998;426649193;426649926;426652242;426656120;426657127;426662883;426667318;426669005;426848544;426853539;427012375;427012537;427306227;427306761;427306879;427307746,0,0,513,,,0.0,0,718,0,False
gemini-3.1-flash-lite,v6,sa_drop_invalid,mv1,ALL,ALL,1.0,214,167,0,0,214,167,,0.0,1.0,0.44,,,call;call;call;call;call;call;call;call;call;call;call;call;call;call;call;call;call;call;call;call;call;call;call;call;call;call;call;call;call;call;call;call;call;call;call;call;call;call;call;call;call;call;call;call;call;call;call;call;call;call;call;call;call;call;call;call;call;call;call;call;call;call;call;call;call;call;call;call;call;call;call;call;call;call;call;call;call;call;call;call;call;call;call;call;call;call;call;call;call;call;call;call;call;call;call;call;call;call;call;call;call;call;call;call;call;call;call;call;call;call;call;call;call;call;call;call;call;call;call;call;420147298;420511327;421661435;421888258;421961206;422311857;422797054;423104500;423163427;423336284;423505352;423662590;423887482;423958539;423978016;424154820;424610958;424687669;424793843;424880310;424950341;425134890;425141339;425392837;425396309;425476935;425656790;425778316;425908372;425912424;425939252;425942168;425971422;426023290;426108828;426126833;426127716;426226216;426252346;426303789;426363836;426377718;426408577;426432272;426438311;426439325;426460304;426480223;426534420;426537197;426538743;426548691;426565486;426573210;426573512;426578327;426582734;426583408;426591403;426593601;426593829;426594432;426597928;426603278;426604065;426606195;426609609;426610860;426620137;426631751;426633368;426634262;426636424;426639345;426642159;426645015;426647598;426648998;426649193;426649926;426652242;426656120;426657127;426662883;426667318;426669005;426848544;426853539;427012375;427012537;427306227;427306761;427306879;427307746,0,0,513,,,0.0,0,718,0,False
gemini-3.1-flash-lite,v6,sa_drop_invalid,mv1,ALL,ALL,none,214,167,142,39,72,128,0.78,0.66,0.77,0.71,0.72,call;call;call;call;call;call;call;call;call;call;call;call;call;call;call;call;call;call;call;call;call;call;call;call;call;420599099;423562532;426107744;426600174;426608730;426610557;426855984;426864020;426865848;427012755;427305885;427307149;427307153;427308167,call;call;call;call;call;call;call;call;call;call;call;call;call;call;call;call;call;call;call;call;call;call;call;call;call;call;call;call;call;call;call;call;call;call;call;421961206;423662590;423958539;424793843;424950341;425908372;425939252;425971422;426108828;426126833;426127716;426226216;426252346;426303789;426363836;426438311;426439325;426537197;426538743;426565486;426593601;426594432;426603278;426604065;426620137;426633368;426636424;426649926;426656120;426662883;426848544;426853539;427012375;427012537;427306227;427306761;427307746,238,480,275,,0.33,0.46,718,718,0,False
gemini-3.1-flash-lite,v6,pp_full,mv1,ALL,PlatformMove,0.0,130,251,84,33,46,218,0.72,0.65,0.87,0.79,0.68,call;call;call;call;call;call;call;call;call;call;call;call;call;call;call;call;call;call;call;call;call;call;420599099;423562532;423662590;424880310;425908372;426610557;426649193;426865848;427305885;427307153;427308167,call;call;call;call;call;call;call;call;call;call;call;call;call;call;call;call;call;call;call;call;call;call;call;call;423104500;423887482;423958539;424687669;425396309;425939252;425942168;425971422;426226216;426252346;426303789;426363836;426377718;426438311;426439325;426538743;426594432;426603278;426610860;426649926;426656120;426662883,103,203,88,,0.34,0.54,306,306,0,False
gemini-3.1-flash-lite,v6,pp_full,mv1,ALL,PlatformMove,0.1,130,251,84,33,46,218,0.72,0.65,0.87,0.79,0.68,call;call;call;call;call;call;call;call;call;call;call;call;call;call;call;call;call;call;call;call;call;call;420599099;423562532;423662590;424880310;425908372;426610557;426649193;426865848;427305885;427307153;427308167,call;call;call;call;call;call;call;call;call;call;call;call;call;call;call;call;call;call;call;call;call;call;call;call;423104500;423887482;423958539;424687669;425396309;425939252;425942168;425971422;426226216;426252346;426303789;426363836;426377718;426438311;426439325;426538743;426594432;426603278;426610860;426649926;426656120;426662883,103,203,88,,0.34,0.54,306,306,0,False
gemini-3.1-flash-lite,v6,pp_full,mv1,ALL,PlatformMove,0.2,130,251,83,21,47,230,0.8,0.64,0.92,0.82,0.71,call;call;call;call;call;call;call;call;call;call;call;call;call;call;call;423562532;425908372;426610557;426649193;427307153;427308167,call;call;call;call;call;call;call;call;call;call;call;call;call;call;call;call;call;call;call;call;call;call;call;call;call;423104500;423887482;423958539;424687669;425396309;425939252;425942168;425971422;426226216;426252346;426303789;426363836;426377718;426438311;426439325;426538743;426594432;426603278;426610860;426649926;426656120;426662883,101,166,90,,0.38,0.53,267,306,0,False
gemini-3.1-flash-lite,v6,pp_full,mv1,ALL,PlatformMove,0.3,130,251,83,21,47,230,0.8,0.64,0.92,0.82,0.71,call;call;call;call;call;call;call;call;call;call;call;call;call;call;call;423562532;425908372;426610557;426649193;427307153;427308167,call;call;call;call;call;call;call;call;call;call;call;call;call;call;call;call;call;call;call;call;call;call;call;call;call;423104500;423887482;423958539;424687669;425396309;425939252;425942168;425971422;426226216;426252346;426303789;426363836;426377718;426438311;426439325;426538743;426594432;426603278;426610860;426649926;426656120;426662883,101,166,90,,0.38,0.53,267,306,0,False
gemini-3.1-flash-lite,v6,pp_full,mv1,ALL,PlatformMove,0.4,130,251,79,13,51,238,0.86,0.61,0.95,0.83,0.71,call;call;call;call;call;call;call;call;call;call;call;call;426610557,call;call;call;call;call;call;call;call;call;call;call;call;call;call;call;call;call;call;call;call;call;call;call;call;call;call;423104500;423887482;423958539;424687669;425396309;425476935;425656790;425939252;425942168;425971422;426226216;426252346;426303789;426363836;426377718;426438311;426439325;426538743;426594432;426597928;426603278;426610860;426649926;426656120;426662883,95,141,96,,0.4,0.5,236,306,0,False
gemini-3.1-flash-lite,v6,pp_full,mv1,ALL,PlatformMove,0.5,130,251,79,13,51,238,0.86,0.61,0.95,0.83,0.71,call;call;call;call;call;call;call;call;call;call;call;call;426610557,call;call;call;call;call;call;call;call;call;call;call;call;call;call;call;call;call;call;call;call;call;call;call;call;call;call;423104500;423887482;423958539;424687669;425396309;425476935;425656790;425939252;425942168;425971422;426226216;426252346;426303789;426363836;426377718;426438311;426439325;426538743;426594432;426597928;426603278;426610860;426649926;426656120;426662883,95,141,96,,0.4,0.5,236,306,0,False
gemini-3.1-flash-lite,v6,pp_full,mv1,ALL,PlatformMove,0.6,130,251,79,13,51,238,0.86,0.61,0.95,0.83,0.71,call;call;call;call;call;call;call;call;call;call;call;call;426610557,call;call;call;call;call;call;call;call;call;call;call;call;call;call;call;call;call;call;call;call;call;call;call;call;call;call;423104500;423887482;423958539;424687669;425396309;425476935;425656790;425939252;425942168;425971422;426226216;426252346;426303789;426363836;426377718;426438311;426439325;426538743;426594432;426597928;426603278;426610860;426649926;426656120;426662883,95,141,96,,0.4,0.5,236,306,0,False
gemini-3.1-flash-lite,v6,pp_full,mv1,ALL,PlatformMove,0.7,130,251,75,12,55,239,0.86,0.58,0.95,0.82,0.69,call;call;call;call;call;call;call;call;call;call;call;426610557,call;call;call;call;call;call;call;call;call;call;call;call;call;call;call;call;call;call;call;call;call;call;call;call;call;call;call;call;call;call;423104500;423887482;423958539;424687669;425396309;425476935;425656790;425939252;425942168;425971422;426226216;426252346;426303789;426363836;426377718;426438311;426439325;426538743;426594432;426597928;426603278;426610860;426649926;426656120;426662883,92,131,99,,0.41,0.48,223,306,0,False
gemini-3.1-flash-lite,v6,pp_full,mv1,ALL,PlatformMove,0.8,130,251,75,12,55,239,0.86,0.58,0.95,0.82,0.69,call;call;call;call;call;call;call;call;call;call;call;426610557,call;call;call;call;call;call;call;call;call;call;call;call;call;call;call;call;call;call;call;call;call;call;call;call;call;call;call;call;call;call;423104500;423887482;423958539;424687669;425396309;425476935;425656790;425939252;425942168;425971422;426226216;426252346;426303789;426363836;426377718;426438311;426439325;426538743;426594432;426597928;426603278;426610860;426649926;426656120;426662883,92,131,99,,0.41,0.48,223,306,0,False
gemini-3.1-flash-lite,v6,pp_full,mv1,ALL,PlatformMove,0.9,130,251,75,12,55,239,0.86,0.58,0.95,0.82,0.69,call;call;call;call;call;call;call;call;call;call;call;426610557,call;call;call;call;call;call;call;call;call;call;call;call;call;call;call;call;call;call;call;call;call;call;call;call;call;call;call;call;call;call;423104500;423887482;423958539;424687669;425396309;425476935;425656790;425939252;425942168;425971422;426226216;426252346;426303789;426363836;426377718;426438311;426439325;426538743;426594432;426597928;426603278;426610860;426649926;426656120;426662883,92,131,99,,0.41,0.48,223,306,0,False
gemini-3.1-flash-lite,v6,pp_full,mv1,ALL,PlatformMove,0.95,130,251,0,0,130,251,,0.0,1.0,0.66,,,call;call;call;call;call;call;call;call;call;call;call;call;call;call;call;call;call;call;call;call;call;call;call;call;call;call;call;call;call;call;call;call;call;call;call;call;call;call;call;call;call;call;call;call;call;call;call;call;call;call;call;call;call;call;call;call;call;call;call;call;call;call;call;call;call;call;call;call;call;call;call;call;call;call;call;call;call;420147298;420511327;421888258;422311857;422797054;423104500;423336284;423505352;423887482;423958539;423978016;424610958;424687669;425396309;425476935;425656790;425912424;425939252;425942168;425971422;426023290;426226216;426252346;426303789;426363836;426377718;426408577;426438311;426439325;426534420;426538743;426548691;426573210;426583408;426593829;426594432;426597928;426603278;426606195;426609609;426610860;426631751;426634262;426639345;426642159;426645015;426647598;426649926;426656120;426657127;426662883;426667318;426669005,0,0,191,,,0.0,0,306,0,False
gemini-3.1-flash-lite,v6,pp_full,mv1,ALL,PlatformMove,1.0,130,251,0,0,130,251,,0.0,1.0,0.66,,,call;call;call;call;call;call;call;call;call;call;call;call;call;call;call;call;call;call;call;call;call;call;call;call;call;call;call;call;call;call;call;call;call;call;call;call;call;call;call;call;call;call;call;call;call;call;call;call;call;call;call;call;call;call;call;call;call;call;call;call;call;call;call;call;call;call;call;call;call;call;call;call;call;call;call;call;call;420147298;420511327;421888258;422311857;422797054;423104500;423336284;423505352;423887482;423958539;423978016;424610958;424687669;425396309;425476935;425656790;425912424;425939252;425942168;425971422;426023290;426226216;426252346;426303789;426363836;426377718;426408577;426438311;426439325;426534420;426538743;426548691;426573210;426583408;426593829;426594432;426597928;426603278;426606195;426609609;426610860;426631751;426634262;426639345;426642159;426645015;426647598;426649926;426656120;426657127;426662883;426667318;426669005,0,0,191,,,0.0,0,306,0,False
gemini-3.1-flash-lite,v6,pp_full,mv1,ALL,PlatformMove,none,130,251,84,33,46,218,0.72,0.65,0.87,0.79,0.68,call;call;call;call;call;call;call;call;call;call;call;call;call;call;call;call;call;call;call;call;call;call;420599099;423562532;423662590;424880310;425908372;426610557;426649193;426865848;427305885;427307153;427308167,call;call;call;call;call;call;call;call;call;call;call;call;call;call;call;call;call;call;call;call;call;call;call;call;423104500;423887482;423958539;424687669;425396309;425939252;425942168;425971422;426226216;426252346;426303789;426363836;426377718;426438311;426439325;426538743;426594432;426603278;426610860;426649926;426656120;426662883,103,203,88,,0.34,0.54,306,306,0,False
gemini-3.1-flash-lite,v6,pp_full,mv1,ALL,SuspiciousActivity,0.0,70,311,58,23,12,288,0.72,0.83,0.93,0.91,0.77,call;call;call;call;call;call;call;call;call;call;call;call;call;call;423562532;425656790;425912424;426608730;426639345;426656120;427307149;427307153;427308167,call;call;call;call;call;call;424610958;426023290;426408577;426548691;426597928;426610860,69,75,23,,0.48,0.75,144,144,0,False
gemini-3.1-flash-lite,v6,pp_full,mv1,ALL,SuspiciousActivity,0.1,70,311,58,23,12,288,0.72,0.83,0.93,0.91,0.77,call;call;call;call;call;call;call;call;call;call;call;call;call;call;423562532;425656790;425912424;426608730;426639345;426656120;427307149;427307153;427308167,call;call;call;call;call;call;424610958;426023290;426408577;426548691;426597928;426610860,69,75,23,,0.48,0.75,144,144,0,False
gemini-3.1-flash-lite,v6,pp_full,mv1,ALL,SuspiciousActivity,0.2,70,311,57,18,13,293,0.76,0.81,0.94,0.92,0.79,call;call;call;call;call;call;call;call;call;call;call;423562532;425656790;426639345;426656120;427307149;427307153;427308167,call;call;call;call;call;call;call;424610958;426023290;426408577;426548691;426597928;426610860,69,65,23,,0.51,0.75,134,144,0,False
gemini-3.1-flash-lite,v6,pp_full,mv1,ALL,SuspiciousActivity,0.3,70,311,57,18,13,293,0.76,0.81,0.94,0.92,0.79,call;call;call;call;call;call;call;call;call;call;call;423562532;425656790;426639345;426656120;427307149;427307153;427308167,call;call;call;call;call;call;call;424610958;426023290;426408577;426548691;426597928;426610860,69,65,23,,0.51,0.75,134,144,0,False
gemini-3.1-flash-lite,v6,pp_full,mv1,ALL,SuspiciousActivity,0.4,70,311,56,10,14,301,0.85,0.8,0.97,0.94,0.82,call;call;call;call;call;call;call;426639345;426656120;427307149,call;call;call;call;call;call;call;424610958;425476935;426023290;426408577;426548691;426597928;426610860,68,47,24,,0.59,0.74,115,144,0,False
gemini-3.1-flash-lite,v6,pp_full,mv1,ALL,SuspiciousActivity,0.5,70,311,56,10,14,301,0.85,0.8,0.97,0.94,0.82,call;call;call;call;call;call;call;426639345;426656120;427307149,call;call;call;call;call;call;call;424610958;425476935;426023290;426408577;426548691;426597928;426610860,68,47,24,,0.59,0.74,115,144,0,False
gemini-3.1-flash-lite,v6,pp_full,mv1,ALL,SuspiciousActivity,0.6,70,311,56,10,14,301,0.85,0.8,0.97,0.94,0.82,call;call;call;call;call;call;call;426639345;426656120;427307149,call;call;call;call;call;call;call;424610958;425476935;426023290;426408577;426548691;426597928;426610860,68,47,24,,0.59,0.74,115,144,0,False
gemini-3.1-flash-lite,v6,pp_full,mv1,ALL,SuspiciousActivity,0.7,70,311,53,5,17,306,0.91,0.76,0.98,0.94,0.83,call;call;call;call;call,call;call;call;call;call;call;call;call;call;424610958;425476935;425778316;426023290;426408577;426548691;426597928;426610860,60,31,32,,0.66,0.65,91,144,0,False
gemini-3.1-flash-lite,v6,pp_full,mv1,ALL,SuspiciousActivity,0.8,70,311,53,5,17,306,0.91,0.76,0.98,0.94,0.83,call;call;call;call;call,call;call;call;call;call;call;call;call;call;424610958;425476935;425778316;426023290;426408577;426548691;426597928;426610860,60,31,32,,0.66,0.65,91,144,0,False
gemini-3.1-flash-lite,v6,pp_full,mv1,ALL,SuspiciousActivity,0.9,70,311,53,5,17,306,0.91,0.76,0.98,0.94,0.83,call;call;call;call;call,call;call;call;call;call;call;call;call;call;424610958;425476935;425778316;426023290;426408577;426548691;426597928;426610860,60,31,32,,0.66,0.65,91,144,0,False
gemini-3.1-flash-lite,v6,pp_full,mv1,ALL,SuspiciousActivity,0.95,70,311,0,0,70,311,,0.0,1.0,0.82,,,call;call;call;call;call;call;call;call;call;call;call;call;call;call;call;call;call;call;call;call;call;call;call;call;call;call;call;call;call;call;call;call;call;call;call;call;call;call;call;call;call;call;call;call;422311857;422797054;423104500;423163427;423336284;423887482;423978016;424154820;424610958;424687669;425396309;425476935;425778316;426023290;426377718;426408577;426480223;426534420;426548691;426578327;426593829;426597928;426606195;426610860;426642159;427306879,0,0,92,,,0.0,0,144,0,False
gemini-3.1-flash-lite,v6,pp_full,mv1,ALL,SuspiciousActivity,1.0,70,311,0,0,70,311,,0.0,1.0,0.82,,,call;call;call;call;call;call;call;call;call;call;call;call;call;call;call;call;call;call;call;call;call;call;call;call;call;call;call;call;call;call;call;call;call;call;call;call;call;call;call;call;call;call;call;call;422311857;422797054;423104500;423163427;423336284;423887482;423978016;424154820;424610958;424687669;425396309;425476935;425778316;426023290;426377718;426408577;426480223;426534420;426548691;426578327;426593829;426597928;426606195;426610860;426642159;427306879,0,0,92,,,0.0,0,144,0,False
gemini-3.1-flash-lite,v6,pp_full,mv1,ALL,SuspiciousActivity,none,70,311,58,23,12,288,0.72,0.83,0.93,0.91,0.77,call;call;call;call;call;call;call;call;call;call;call;call;call;call;423562532;425656790;425912424;426608730;426639345;426656120;427307149;427307153;427308167,call;call;call;call;call;call;424610958;426023290;426408577;426548691;426597928;426610860,69,75,23,,0.48,0.75,144,144,0,False
gemini-3.1-flash-lite,v6,pp_full,mv1,ALL,Explicit-Flirting,0.0,113,268,46,33,67,235,0.58,0.41,0.88,0.74,0.48,call;call;call;call;call;call;call;call;call;call;call;call;call;call;call;call;call;call;call;call;426107744;426408577;426439325;426573210;426578327;426600174;426608730;426855984;426864020;427012755;427305885;427307149;427308167,call;call;call;call;call;call;call;call;call;call;call;call;call;call;call;call;call;call;call;call;call;call;call;call;call;call;call;421961206;422797054;423662590;423887482;424687669;424793843;424950341;425656790;425778316;425908372;426108828;426126833;426127716;426252346;426363836;426377718;426480223;426534420;426537197;426538743;426565486;426593601;426593829;426604065;426606195;426620137;426631751;426633368;426634262;426636424;426642159;426662883;426667318;426848544;426853539;427012375;427012537;427306227;427306761;427307746,66,202,164,,0.25,0.29,268,268,0,False
gemini-3.1-flash-lite,v6,pp_full,mv1,ALL,Explicit-Flirting,0.1,113,268,46,33,67,235,0.58,0.41,0.88,0.74,0.48,call;call;call;call;call;call;call;call;call;call;call;call;call;call;call;call;call;call;call;call;426107744;426408577;426439325;426573210;426578327;426600174;426608730;426855984;426864020;427012755;427305885;427307149;427308167,call;call;call;call;call;call;call;call;call;call;call;call;call;call;call;call;call;call;call;call;call;call;call;call;call;call;call;421961206;422797054;423662590;423887482;424687669;424793843;424950341;425656790;425778316;425908372;426108828;426126833;426127716;426252346;426363836;426377718;426480223;426534420;426537197;426538743;426565486;426593601;426593829;426604065;426606195;426620137;426631751;426633368;426634262;426636424;426642159;426662883;426667318;426848544;426853539;427012375;427012537;427306227;427306761;427307746,66,202,164,,0.25,0.29,268,268,0,False
gemini-3.1-flash-lite,v6,pp_full,mv1,ALL,Explicit-Flirting,0.2,113,268,44,23,69,245,0.66,0.39,0.91,0.76,0.49,call;call;call;call;call;call;call;call;call;call;call;call;call;call;call;426408577;426439325;426573210;426578327;426600174;427012755;427307149;427308167,call;call;call;call;call;call;call;call;call;call;call;call;call;call;call;call;call;call;call;call;call;call;call;call;call;call;call;call;421961206;422797054;423662590;423887482;424687669;424793843;424950341;425656790;425778316;425908372;425912424;426108828;426126833;426127716;426252346;426363836;426377718;426480223;426534420;426537197;426538743;426565486;426593601;426593829;426604065;426606195;426620137;426631751;426633368;426634262;426636424;426642159;426662883;426667318;426848544;426853539;427012375;427012537;427306227;427306761;427307746,63,167,167,,0.27,0.27,230,268,0,False
gemini-3.1-flash-lite,v6,pp_full,mv1,ALL,Explicit-Flirting,0.3,113,268,44,23,69,245,0.66,0.39,0.91,0.76,0.49,call;call;call;call;call;call;call;call;call;call;call;call;call;call;call;426408577;426439325;426573210;426578327;426600174;427012755;427307149;427308167,call;call;call;call;call;call;call;call;call;call;call;call;call;call;call;call;call;call;call;call;call;call;call;call;call;call;call;call;421961206;422797054;423662590;423887482;424687669;424793843;424950341;425656790;425778316;425908372;425912424;426108828;426126833;426127716;426252346;426363836;426377718;426480223;426534420;426537197;426538743;426565486;426593601;426593829;426604065;426606195;426620137;426631751;426633368;426634262;426636424;426642159;426662883;426667318;426848544;426853539;427012375;427012537;427306227;427306761;427307746,63,166,167,,0.28,0.27,229,268,0,False
gemini-3.1-flash-lite,v6,pp_full,mv1,ALL,Explicit-Flirting,0.4,113,268,41,10,72,258,0.8,0.36,0.96,0.78,0.5,call;call;call;call;426408577;426439325;426578327;426600174;427012755;427307149,call;call;call;call;call;call;call;call;call;call;call;call;call;call;call;call;call;call;call;call;call;call;call;call;call;call;call;call;421661435;421961206;422797054;423662590;423887482;424687669;424793843;424950341;425476935;425656790;425778316;425908372;425912424;426108828;426126833;426127716;426252346;426363836;426377718;426432272;426480223;426534420;426537197;426538743;426565486;426593601;426593829;426604065;426606195;426620137;426631751;426633368;426634262;426636424;426642159;426662883;426667318;426848544;426853539;427012375;427012537;427306227;427306761;427307746,60,104,170,,0.37,0.26,164,268,0,False
gemini-3.1-flash-lite,v6,pp_full,mv1,ALL,Explicit-Flirting,0.5,113,268,41,10,72,258,0.8,0.36,0.96,0.78,0.5,call;call;call;call;426408577;426439325;426578327;426600174;427012755;427307149,call;call;call;call;call;call;call;call;call;call;call;call;call;call;call;call;call;call;call;call;call;call;call;call;call;call;call;call;421661435;421961206;422797054;423662590;423887482;424687669;424793843;424950341;425476935;425656790;425778316;425908372;425912424;426108828;426126833;426127716;426252346;426363836;426377718;426432272;426480223;426534420;426537197;426538743;426565486;426593601;426593829;426604065;426606195;426620137;426631751;426633368;426634262;426636424;426642159;426662883;426667318;426848544;426853539;427012375;427012537;427306227;427306761;427307746,60,104,170,,0.37,0.26,164,268,0,False
gemini-3.1-flash-lite,v6,pp_full,mv1,ALL,Explicit-Flirting,0.6,113,268,41,10,72,258,0.8,0.36,0.96,0.78,0.5,call;call;call;call;426408577;426439325;426578327;426600174;427012755;427307149,call;call;call;call;call;call;call;call;call;call;call;call;call;call;call;call;call;call;call;call;call;call;call;call;call;call;call;call;421661435;421961206;422797054;423662590;423887482;424687669;424793843;424950341;425476935;425656790;425778316;425908372;425912424;426108828;426126833;426127716;426252346;426363836;426377718;426432272;426480223;426534420;426537197;426538743;426565486;426593601;426593829;426604065;426606195;426620137;426631751;426633368;426634262;426636424;426642159;426662883;426667318;426848544;426853539;427012375;427012537;427306227;427306761;427307746,60,104,170,,0.37,0.26,164,268,0,False
gemini-3.1-flash-lite,v6,pp_full,mv1,ALL,Explicit-Flirting,0.7,113,268,39,5,74,263,0.89,0.35,0.98,0.79,0.5,call;call;426408577;426578327;427012755,call;call;call;call;call;call;call;call;call;call;call;call;call;call;call;call;call;call;call;call;call;call;call;call;call;call;call;call;call;421661435;421961206;422797054;423662590;423887482;424687669;424793843;424950341;425476935;425656790;425778316;425908372;425912424;426108828;426126833;426127716;426252346;426363836;426377718;426432272;426480223;426534420;426537197;426538743;426565486;426582734;426593601;426593829;426604065;426606195;426620137;426631751;426633368;426634262;426636424;426642159;426662883;426667318;426848544;426853539;427012375;427012537;427306227;427306761;427307746,55,74,175,,0.43,0.24,129,268,0,False
gemini-3.1-flash-lite,v6,pp_full,mv1,ALL,Explicit-Flirting,0.8,113,268,39,5,74,263,0.89,0.35,0.98,0.79,0.5,call;call;426408577;426578327;427012755,call;call;call;call;call;call;call;call;call;call;call;call;call;call;call;call;call;call;call;call;call;call;call;call;call;call;call;call;call;421661435;421961206;422797054;423662590;423887482;424687669;424793843;424950341;425476935;425656790;425778316;425908372;425912424;426108828;426126833;426127716;426252346;426363836;426377718;426432272;426480223;426534420;426537197;426538743;426565486;426582734;426593601;426593829;426604065;426606195;426620137;426631751;426633368;426634262;426636424;426642159;426662883;426667318;426848544;426853539;427012375;427012537;427306227;427306761;427307746,55,74,175,,0.43,0.24,129,268,0,False
gemini-3.1-flash-lite,v6,pp_full,mv1,ALL,Explicit-Flirting,0.9,113,268,39,5,74,263,0.89,0.35,0.98,0.79,0.5,call;call;426408577;426578327;427012755,call;call;call;call;call;call;call;call;call;call;call;call;call;call;call;call;call;call;call;call;call;call;call;call;call;call;call;call;call;421661435;421961206;422797054;423662590;423887482;424687669;424793843;424950341;425476935;425656790;425778316;425908372;425912424;426108828;426126833;426127716;426252346;426363836;426377718;426432272;426480223;426534420;426537197;426538743;426565486;426582734;426593601;426593829;426604065;426606195;426620137;426631751;426633368;426634262;426636424;426642159;426662883;426667318;426848544;426853539;427012375;427012537;427306227;427306761;427307746,55,73,175,,0.43,0.24,128,268,0,False
gemini-3.1-flash-lite,v6,pp_full,mv1,ALL,Explicit-Flirting,0.95,113,268,0,0,113,268,,0.0,1.0,0.7,,,call;call;call;call;call;call;call;call;call;call;call;call;call;call;call;call;call;call;call;call;call;call;call;call;call;call;call;call;call;call;call;call;call;call;call;call;call;call;call;call;call;call;call;call;call;call;call;call;call;call;call;call;call;call;421661435;421961206;422311857;422797054;423662590;423887482;424687669;424793843;424880310;424950341;425134890;425141339;425392837;425476935;425656790;425778316;425908372;425912424;425942168;426108828;426126833;426127716;426252346;426363836;426377718;426432272;426460304;426480223;426534420;426537197;426538743;426548691;426565486;426573512;426582734;426591403;426593601;426593829;426604065;426606195;426610860;426620137;426631751;426633368;426634262;426636424;426642159;426648998;426649193;426652242;426662883;426667318;426848544;426853539;427012375;427012537;427306227;427306761;427307746,0,0,230,,,0.0,0,268,0,False
gemini-3.1-flash-lite,v6,pp_full,mv1,ALL,Explicit-Flirting,1.0,113,268,0,0,113,268,,0.0,1.0,0.7,,,call;call;call;call;call;call;call;call;call;call;call;call;call;call;call;call;call;call;call;call;call;call;call;call;call;call;call;call;call;call;call;call;call;call;call;call;call;call;call;call;call;call;call;call;call;call;call;call;call;call;call;call;call;call;421661435;421961206;422311857;422797054;423662590;423887482;424687669;424793843;424880310;424950341;425134890;425141339;425392837;425476935;425656790;425778316;425908372;425912424;425942168;426108828;426126833;426127716;426252346;426363836;426377718;426432272;426460304;426480223;426534420;426537197;426538743;426548691;426565486;426573512;426582734;426591403;426593601;426593829;426604065;426606195;426610860;426620137;426631751;426633368;426634262;426636424;426642159;426648998;426649193;426652242;426662883;426667318;426848544;426853539;427012375;427012537;427306227;427306761;427307746,0,0,230,,,0.0,0,268,0,False
gemini-3.1-flash-lite,v6,pp_full,mv1,ALL,Explicit-Flirting,none,113,268,46,33,67,235,0.58,0.41,0.88,0.74,0.48,call;call;call;call;call;call;call;call;call;call;call;call;call;call;call;call;call;call;call;call;426107744;426408577;426439325;426573210;426578327;426600174;426608730;426855984;426864020;427012755;427305885;427307149;427308167,call;call;call;call;call;call;call;call;call;call;call;call;call;call;call;call;call;call;call;call;call;call;call;call;call;call;call;421961206;422797054;423662590;423887482;424687669;424793843;424950341;425656790;425778316;425908372;426108828;426126833;426127716;426252346;426363836;426377718;426480223;426534420;426537197;426538743;426565486;426593601;426593829;426604065;426606195;426620137;426631751;426633368;426634262;426636424;426642159;426662883;426667318;426848544;426853539;427012375;427012537;427306227;427306761;427307746,66,202,164,,0.25,0.29,268,268,0,False
gemini-3.1-flash-lite,v6,pp_full,mv1,ALL,ALL,0.0,214,167,142,39,72,128,0.78,0.66,0.77,0.71,0.72,call;call;call;call;call;call;call;call;call;call;call;call;call;call;call;call;call;call;call;call;call;call;call;call;call;420599099;423562532;426107744;426600174;426608730;426610557;426855984;426864020;426865848;427012755;427305885;427307149;427307153;427308167,call;call;call;call;call;call;call;call;call;call;call;call;call;call;call;call;call;call;call;call;call;call;call;call;call;call;call;call;call;call;call;call;call;call;call;421961206;423662590;423958539;424793843;424950341;425908372;425939252;425971422;426108828;426126833;426127716;426226216;426252346;426303789;426363836;426438311;426439325;426537197;426538743;426565486;426593601;426594432;426603278;426604065;426620137;426633368;426636424;426649926;426656120;426662883;426848544;426853539;427012375;427012537;427306227;427306761;427307746,238,480,275,,0.33,0.46,718,718,0,False
gemini-3.1-flash-lite,v6,pp_full,mv1,ALL,ALL,0.1,214,167,142,39,72,128,0.78,0.66,0.77,0.71,0.72,call;call;call;call;call;call;call;call;call;call;call;call;call;call;call;call;call;call;call;call;call;call;call;call;call;420599099;423562532;426107744;426600174;426608730;426610557;426855984;426864020;426865848;427012755;427305885;427307149;427307153;427308167,call;call;call;call;call;call;call;call;call;call;call;call;call;call;call;call;call;call;call;call;call;call;call;call;call;call;call;call;call;call;call;call;call;call;call;421961206;423662590;423958539;424793843;424950341;425908372;425939252;425971422;426108828;426126833;426127716;426226216;426252346;426303789;426363836;426438311;426439325;426537197;426538743;426565486;426593601;426594432;426603278;426604065;426620137;426633368;426636424;426649926;426656120;426662883;426848544;426853539;427012375;427012537;427306227;427306761;427307746,238,480,275,,0.33,0.46,718,718,0,False
gemini-3.1-flash-lite,v6,pp_full,mv1,ALL,ALL,0.2,214,167,140,28,74,139,0.83,0.65,0.83,0.73,0.73,call;call;call;call;call;call;call;call;call;call;call;call;call;call;call;call;call;call;call;call;call;423562532;426600174;426610557;427012755;427307149;427307153;427308167,call;call;call;call;call;call;call;call;call;call;call;call;call;call;call;call;call;call;call;call;call;call;call;call;call;call;call;call;call;call;call;call;call;call;call;call;call;421961206;423662590;423958539;424793843;424950341;425908372;425939252;425971422;426108828;426126833;426127716;426226216;426252346;426303789;426363836;426438311;426439325;426537197;426538743;426565486;426593601;426594432;426603278;426604065;426620137;426633368;426636424;426649926;426656120;426662883;426848544;426853539;427012375;427012537;427306227;427306761;427307746,233,398,280,,0.37,0.45,631,718,0,False
gemini-3.1-flash-lite,v6,pp_full,mv1,ALL,ALL,0.3,214,167,140,28,74,139,0.83,0.65,0.83,0.73,0.73,call;call;call;call;call;call;call;call;call;call;call;call;call;call;call;call;call;call;call;call;call;423562532;426600174;426610557;427012755;427307149;427307153;427308167,call;call;call;call;call;call;call;call;call;call;call;call;call;call;call;call;call;call;call;call;call;call;call;call;call;call;call;call;call;call;call;call;call;call;call;call;call;421961206;423662590;423958539;424793843;424950341;425908372;425939252;425971422;426108828;426126833;426127716;426226216;426252346;426303789;426363836;426438311;426439325;426537197;426538743;426565486;426593601;426594432;426603278;426604065;426620137;426633368;426636424;426649926;426656120;426662883;426848544;426853539;427012375;427012537;427306227;427306761;427307746,233,397,280,,0.37,0.45,630,718,0,False
gemini-3.1-flash-lite,v6,pp_full,mv1,ALL,ALL,0.4,214,167,134,13,80,154,0.91,0.63,0.92,0.76,0.74,call;call;call;call;call;call;call;call;call;426600174;426610557;427012755;427307149,call;call;call;call;call;call;call;call;call;call;call;call;call;call;call;call;call;call;call;call;call;call;call;call;call;call;call;call;call;call;call;call;call;call;call;call;call;call;421661435;421961206;423662590;423958539;424793843;424950341;425476935;425656790;425908372;425939252;425971422;426108828;426126833;426127716;426226216;426252346;426303789;426363836;426432272;426438311;426439325;426537197;426538743;426565486;426593601;426594432;426597928;426603278;426604065;426620137;426633368;426636424;426649926;426656120;426662883;426848544;426853539;427012375;427012537;427306227;427306761;427307746,223,292,290,,0.43,0.43,515,718,0,False
gemini-3.1-flash-lite,v6,pp_full,mv1,ALL,ALL,0.5,214,167,134,13,80,154,0.91,0.63,0.92,0.76,0.74,call;call;call;call;call;call;call;call;call;426600174;426610557;427012755;427307149,call;call;call;call;call;call;call;call;call;call;call;call;call;call;call;call;call;call;call;call;call;call;call;call;call;call;call;call;call;call;call;call;call;call;call;call;call;call;421661435;421961206;423662590;423958539;424793843;424950341;425476935;425656790;425908372;425939252;425971422;426108828;426126833;426127716;426226216;426252346;426303789;426363836;426432272;426438311;426439325;426537197;426538743;426565486;426593601;426594432;426597928;426603278;426604065;426620137;426633368;426636424;426649926;426656120;426662883;426848544;426853539;427012375;427012537;427306227;427306761;427307746,223,292,290,,0.43,0.43,515,718,0,False
gemini-3.1-flash-lite,v6,pp_full,mv1,ALL,ALL,0.6,214,167,134,13,80,154,0.91,0.63,0.92,0.76,0.74,call;call;call;call;call;call;call;call;call;426600174;426610557;427012755;427307149,call;call;call;call;call;call;call;call;call;call;call;call;call;call;call;call;call;call;call;call;call;call;call;call;call;call;call;call;call;call;call;call;call;call;call;call;call;call;421661435;421961206;423662590;423958539;424793843;424950341;425476935;425656790;425908372;425939252;425971422;426108828;426126833;426127716;426226216;426252346;426303789;426363836;426432272;426438311;426439325;426537197;426538743;426565486;426593601;426594432;426597928;426603278;426604065;426620137;426633368;426636424;426649926;426656120;426662883;426848544;426853539;427012375;427012537;427306227;427306761;427307746,223,292,290,,0.43,0.43,515,718,0,False
gemini-3.1-flash-lite,v6,pp_full,mv1,ALL,ALL,0.7,214,167,127,8,87,159,0.94,0.59,0.95,0.75,0.73,call;call;call;call;call;call;426610557;427012755,call;call;call;call;call;call;call;call;call;call;call;call;call;call;call;call;call;call;call;call;call;call;call;call;call;call;call;call;call;call;call;call;call;call;call;call;call;call;call;call;call;call;call;421661435;421961206;423662590;423958539;424793843;424950341;425476935;425656790;425778316;425908372;425939252;425971422;426108828;426126833;426127716;426226216;426252346;426303789;426363836;426432272;426438311;426439325;426537197;426538743;426565486;426582734;426593601;426594432;426597928;426603278;426604065;426620137;426633368;426636424;426649926;426656120;426662883;426848544;426853539;427012375;427012537;427306227;427306761;427307746,207,236,306,,0.47,0.4,443,718,0,False
gemini-3.1-flash-lite,v6,pp_full,mv1,ALL,ALL,0.8,214,167,127,8,87,159,0.94,0.59,0.95,0.75,0.73,call;call;call;call;call;call;426610557;427012755,call;call;call;call;call;call;call;call;call;call;call;call;call;call;call;call;call;call;call;call;call;call;call;call;call;call;call;call;call;call;call;call;call;call;call;call;call;call;call;call;call;call;call;421661435;421961206;423662590;423958539;424793843;424950341;425476935;425656790;425778316;425908372;425939252;425971422;426108828;426126833;426127716;426226216;426252346;426303789;426363836;426432272;426438311;426439325;426537197;426538743;426565486;426582734;426593601;426594432;426597928;426603278;426604065;426620137;426633368;426636424;426649926;426656120;426662883;426848544;426853539;427012375;427012537;427306227;427306761;427307746,207,236,306,,0.47,0.4,443,718,0,False
gemini-3.1-flash-lite,v6,pp_full,mv1,ALL,ALL,0.9,214,167,127,8,87,159,0.94,0.59,0.95,0.75,0.73,call;call;call;call;call;call;426610557;427012755,call;call;call;call;call;call;call;call;call;call;call;call;call;call;call;call;call;call;call;call;call;call;call;call;call;call;call;call;call;call;call;call;call;call;call;call;call;call;call;call;call;call;call;421661435;421961206;423662590;423958539;424793843;424950341;425476935;425656790;425778316;425908372;425939252;425971422;426108828;426126833;426127716;426226216;426252346;426303789;426363836;426432272;426438311;426439325;426537197;426538743;426565486;426582734;426593601;426594432;426597928;426603278;426604065;426620137;426633368;426636424;426649926;426656120;426662883;426848544;426853539;427012375;427012537;427306227;427306761;427307746,207,235,306,,0.47,0.4,442,718,0,False
gemini-3.1-flash-lite,v6,pp_full,mv1,ALL,ALL,0.95,214,167,0,0,214,167,,0.0,1.0,0.44,,,call;call;call;call;call;call;call;call;call;call;call;call;call;call;call;call;call;call;call;call;call;call;call;call;call;call;call;call;call;call;call;call;call;call;call;call;call;call;call;call;call;call;call;call;call;call;call;call;call;call;call;call;call;call;call;call;call;call;call;call;call;call;call;call;call;call;call;call;call;call;call;call;call;call;call;call;call;call;call;call;call;call;call;call;call;call;call;call;call;call;call;call;call;call;call;call;call;call;call;call;call;call;call;call;call;call;call;call;call;call;call;call;call;call;call;call;call;call;call;call;420147298;420511327;421661435;421888258;421961206;422311857;422797054;423104500;423163427;423336284;423505352;423662590;423887482;423958539;423978016;424154820;424610958;424687669;424793843;424880310;424950341;425134890;425141339;425392837;425396309;425476935;425656790;425778316;425908372;425912424;425939252;425942168;425971422;426023290;426108828;426126833;426127716;426226216;426252346;426303789;426363836;426377718;426408577;426432272;426438311;426439325;426460304;426480223;426534420;426537197;426538743;426548691;426565486;426573210;426573512;426578327;426582734;426583408;426591403;426593601;426593829;426594432;426597928;426603278;426604065;426606195;426609609;426610860;426620137;426631751;426633368;426634262;426636424;426639345;426642159;426645015;426647598;426648998;426649193;426649926;426652242;426656120;426657127;426662883;426667318;426669005;426848544;426853539;427012375;427012537;427306227;427306761;427306879;427307746,0,0,513,,,0.0,0,718,0,False
gemini-3.1-flash-lite,v6,pp_full,mv1,ALL,ALL,1.0,214,167,0,0,214,167,,0.0,1.0,0.44,,,call;call;call;call;call;call;call;call;call;call;call;call;call;call;call;call;call;call;call;call;call;call;call;call;call;call;call;call;call;call;call;call;call;call;call;call;call;call;call;call;call;call;call;call;call;call;call;call;call;call;call;call;call;call;call;call;call;call;call;call;call;call;call;call;call;call;call;call;call;call;call;call;call;call;call;call;call;call;call;call;call;call;call;call;call;call;call;call;call;call;call;call;call;call;call;call;call;call;call;call;call;call;call;call;call;call;call;call;call;call;call;call;call;call;call;call;call;call;call;call;420147298;420511327;421661435;421888258;421961206;422311857;422797054;423104500;423163427;423336284;423505352;423662590;423887482;423958539;423978016;424154820;424610958;424687669;424793843;424880310;424950341;425134890;425141339;425392837;425396309;425476935;425656790;425778316;425908372;425912424;425939252;425942168;425971422;426023290;426108828;426126833;426127716;426226216;426252346;426303789;426363836;426377718;426408577;426432272;426438311;426439325;426460304;426480223;426534420;426537197;426538743;426548691;426565486;426573210;426573512;426578327;426582734;426583408;426591403;426593601;426593829;426594432;426597928;426603278;426604065;426606195;426609609;426610860;426620137;426631751;426633368;426634262;426636424;426639345;426642159;426645015;426647598;426648998;426649193;426649926;426652242;426656120;426657127;426662883;426667318;426669005;426848544;426853539;427012375;427012537;427306227;427306761;427306879;427307746,0,0,513,,,0.0,0,718,0,False
gemini-3.1-flash-lite,v6,pp_full,mv1,ALL,ALL,none,214,167,142,39,72,128,0.78,0.66,0.77,0.71,0.72,call;call;call;call;call;call;call;call;call;call;call;call;call;call;call;call;call;call;call;call;call;call;call;call;call;420599099;423562532;426107744;426600174;426608730;426610557;426855984;426864020;426865848;427012755;427305885;427307149;427307153;427308167,call;call;call;call;call;call;call;call;call;call;call;call;call;call;call;call;call;call;call;call;call;call;call;call;call;call;call;call;call;call;call;call;call;call;call;421961206;423662590;423958539;424793843;424950341;425908372;425939252;425971422;426108828;426126833;426127716;426226216;426252346;426303789;426363836;426438311;426439325;426537197;426538743;426565486;426593601;426594432;426603278;426604065;426620137;426633368;426636424;426649926;426656120;426662883;426848544;426853539;427012375;427012537;427306227;427306761;427307746,238,480,275,,0.33,0.46,718,718,0,False
gemini-3.1-flash-lite,v6,raw,mv1,hindi,PlatformMove,0.0,31,86,25,14,6,72,0.64,0.81,0.84,0.83,0.71,call;call;call;call;call;call;call;call;call;call;call;420599099;424880310;426610557,call;call;call;423887482;423958539;425396309,32,57,12,,0.36,0.73,89,89,0,False
gemini-3.1-flash-lite,v6,raw,mv1,hindi,PlatformMove,0.1,31,86,25,14,6,72,0.64,0.81,0.84,0.83,0.71,call;call;call;call;call;call;call;call;call;call;call;420599099;424880310;426610557,call;call;call;423887482;423958539;425396309,32,57,12,,0.36,0.73,89,89,0,False
gemini-3.1-flash-lite,v6,raw,mv1,hindi,PlatformMove,0.2,31,86,25,9,6,77,0.74,0.81,0.9,0.87,0.77,call;call;call;call;call;call;call;call;426610557,call;call;call;423887482;423958539;425396309,31,42,13,,0.42,0.7,73,89,0,False
gemini-3.1-flash-lite,v6,raw,mv1,hindi,PlatformMove,0.3,31,86,25,9,6,77,0.74,0.81,0.9,0.87,0.77,call;call;call;call;call;call;call;call;426610557,call;call;call;423887482;423958539;425396309,31,42,13,,0.42,0.7,73,89,0,False
gemini-3.1-flash-lite,v6,raw,mv1,hindi,PlatformMove,0.4,31,86,25,9,6,77,0.74,0.81,0.9,0.87,0.77,call;call;call;call;call;call;call;call;426610557,call;call;call;423887482;423958539;425396309,31,39,13,,0.44,0.7,70,89,0,False
gemini-3.1-flash-lite,v6,raw,mv1,hindi,PlatformMove,0.5,31,86,25,9,6,77,0.74,0.81,0.9,0.87,0.77,call;call;call;call;call;call;call;call;426610557,call;call;call;423887482;423958539;425396309,31,39,13,,0.44,0.7,70,89,0,False
gemini-3.1-flash-lite,v6,raw,mv1,hindi,PlatformMove,0.6,31,86,25,9,6,77,0.74,0.81,0.9,0.87,0.77,call;call;call;call;call;call;call;call;426610557,call;call;call;423887482;423958539;425396309,31,39,13,,0.44,0.7,70,89,0,False
gemini-3.1-flash-lite,v6,raw,mv1,hindi,PlatformMove,0.7,31,86,23,8,8,78,0.74,0.74,0.91,0.86,0.74,call;call;call;call;call;call;call;426610557,call;call;call;call;call;423887482;423958539;425396309,29,35,15,,0.45,0.66,64,89,0,False
gemini-3.1-flash-lite,v6,raw,mv1,hindi,PlatformMove,0.8,31,86,23,8,8,78,0.74,0.74,0.91,0.86,0.74,call;call;call;call;call;call;call;426610557,call;call;call;call;call;423887482;423958539;425396309,29,35,15,,0.45,0.66,64,89,0,False
gemini-3.1-flash-lite,v6,raw,mv1,hindi,PlatformMove,0.9,31,86,23,8,8,78,0.74,0.74,0.91,0.86,0.74,call;call;call;call;call;call;call;426610557,call;call;call;call;call;423887482;423958539;425396309,29,35,15,,0.45,0.66,64,89,0,False
gemini-3.1-flash-lite,v6,raw,mv1,hindi,PlatformMove,0.95,31,86,0,0,31,86,,0.0,1.0,0.74,,,call;call;call;call;call;call;call;call;call;call;call;call;call;call;call;call;call;call;call;call;call;call;call;420147298;421888258;422797054;423887482;423958539;423978016;425396309;426593829,0,0,44,,,0.0,0,89,0,False
gemini-3.1-flash-lite,v6,raw,mv1,hindi,PlatformMove,1.0,31,86,0,0,31,86,,0.0,1.0,0.74,,,call;call;call;call;call;call;call;call;call;call;call;call;call;call;call;call;call;call;call;call;call;call;call;420147298;421888258;422797054;423887482;423958539;423978016;425396309;426593829,0,0,44,,,0.0,0,89,0,False
gemini-3.1-flash-lite,v6,raw,mv1,hindi,PlatformMove,none,31,86,25,14,6,72,0.64,0.81,0.84,0.83,0.71,call;call;call;call;call;call;call;call;call;call;call;420599099;424880310;426610557,call;call;call;423887482;423958539;425396309,32,57,12,,0.36,0.73,89,89,0,False
gemini-3.1-flash-lite,v6,raw,mv1,hindi,SuspiciousActivity,0.0,21,96,19,4,2,92,0.83,0.9,0.96,0.95,0.86,call;call;call;call,call;call,22,18,8,,0.55,0.73,40,40,0,False
gemini-3.1-flash-lite,v6,raw,mv1,hindi,SuspiciousActivity,0.1,21,96,19,4,2,92,0.83,0.9,0.96,0.95,0.86,call;call;call;call,call;call,22,18,8,,0.55,0.73,40,40,0,False
gemini-3.1-flash-lite,v6,raw,mv1,hindi,SuspiciousActivity,0.2,21,96,18,3,3,93,0.86,0.86,0.97,0.95,0.86,call;call;call,call;call;call,22,14,8,,0.61,0.73,36,40,0,False
gemini-3.1-flash-lite,v6,raw,mv1,hindi,SuspiciousActivity,0.3,21,96,18,3,3,93,0.86,0.86,0.97,0.95,0.86,call;call;call,call;call;call,22,14,8,,0.61,0.73,36,40,0,False
gemini-3.1-flash-lite,v6,raw,mv1,hindi,SuspiciousActivity,0.4,21,96,18,3,3,93,0.86,0.86,0.97,0.95,0.86,call;call;call,call;call;call,22,13,8,,0.63,0.73,35,40,0,False
gemini-3.1-flash-lite,v6,raw,mv1,hindi,SuspiciousActivity,0.5,21,96,18,3,3,93,0.86,0.86,0.97,0.95,0.86,call;call;call,call;call;call,22,13,8,,0.63,0.73,35,40,0,False
gemini-3.1-flash-lite,v6,raw,mv1,hindi,SuspiciousActivity,0.6,21,96,18,3,3,93,0.86,0.86,0.97,0.95,0.86,call;call;call,call;call;call,22,13,8,,0.63,0.73,35,40,0,False
gemini-3.1-flash-lite,v6,raw,mv1,hindi,SuspiciousActivity,0.7,21,96,17,2,4,94,0.89,0.81,0.98,0.95,0.85,call;call,call;call;call;425778316,18,10,12,,0.64,0.6,28,40,0,False
gemini-3.1-flash-lite,v6,raw,mv1,hindi,SuspiciousActivity,0.8,21,96,17,2,4,94,0.89,0.81,0.98,0.95,0.85,call;call,call;call;call;425778316,18,10,12,,0.64,0.6,28,40,0,False
gemini-3.1-flash-lite,v6,raw,mv1,hindi,SuspiciousActivity,0.9,21,96,17,2,4,94,0.89,0.81,0.98,0.95,0.85,call;call,call;call;call;425778316,18,10,12,,0.64,0.6,28,40,0,False
gemini-3.1-flash-lite,v6,raw,mv1,hindi,SuspiciousActivity,0.95,21,96,0,0,21,96,,0.0,1.0,0.82,,,call;call;call;call;call;call;call;call;call;call;call;call;call;call;call;422797054;423887482;423978016;425396309;425778316;426593829,0,0,30,,,0.0,0,40,0,False
gemini-3.1-flash-lite,v6,raw,mv1,hindi,SuspiciousActivity,1.0,21,96,0,0,21,96,,0.0,1.0,0.82,,,call;call;call;call;call;call;call;call;call;call;call;call;call;call;call;422797054;423887482;423978016;425396309;425778316;426593829,0,0,30,,,0.0,0,40,0,False
gemini-3.1-flash-lite,v6,raw,mv1,hindi,SuspiciousActivity,none,21,96,19,4,2,92,0.83,0.9,0.96,0.95,0.86,call;call;call;call,call;call,22,18,8,,0.55,0.73,40,40,0,False
gemini-3.1-flash-lite,v6,raw,mv1,hindi,Explicit-Flirting,0.0,33,84,15,10,18,74,0.6,0.45,0.88,0.76,0.52,call;call;call;call;call;call;call;call;call;426107744,call;call;call;call;call;call;call;call;call;422797054;423887482;424793843;425778316;426108828;426126833;426127716;426593829;426853539,24,54,40,,0.31,0.38,78,78,0,False
gemini-3.1-flash-lite,v6,raw,mv1,hindi,Explicit-Flirting,0.1,33,84,15,10,18,74,0.6,0.45,0.88,0.76,0.52,call;call;call;call;call;call;call;call;call;426107744,call;call;call;call;call;call;call;call;call;422797054;423887482;424793843;425778316;426108828;426126833;426127716;426593829;426853539,24,54,40,,0.31,0.38,78,78,0,False
gemini-3.1-flash-lite,v6,raw,mv1,hindi,Explicit-Flirting,0.2,33,84,15,5,18,79,0.75,0.45,0.94,0.8,0.57,call;call;call;call;call,call;call;call;call;call;call;call;call;call;422797054;423887482;424793843;425778316;426108828;426126833;426127716;426593829;426853539,24,39,40,,0.38,0.38,63,78,0,False
gemini-3.1-flash-lite,v6,raw,mv1,hindi,Explicit-Flirting,0.3,33,84,15,5,18,79,0.75,0.45,0.94,0.8,0.57,call;call;call;call;call,call;call;call;call;call;call;call;call;call;422797054;423887482;424793843;425778316;426108828;426126833;426127716;426593829;426853539,24,39,40,,0.38,0.38,63,78,0,False
gemini-3.1-flash-lite,v6,raw,mv1,hindi,Explicit-Flirting,0.4,33,84,14,2,19,82,0.88,0.42,0.98,0.82,0.57,call;call,call;call;call;call;call;call;call;call;call;421661435;422797054;423887482;424793843;425778316;426108828;426126833;426127716;426593829;426853539,23,26,41,,0.47,0.36,49,78,0,False
gemini-3.1-flash-lite,v6,raw,mv1,hindi,Explicit-Flirting,0.5,33,84,14,2,19,82,0.88,0.42,0.98,0.82,0.57,call;call,call;call;call;call;call;call;call;call;call;421661435;422797054;423887482;424793843;425778316;426108828;426126833;426127716;426593829;426853539,23,26,41,,0.47,0.36,49,78,0,False
gemini-3.1-flash-lite,v6,raw,mv1,hindi,Explicit-Flirting,0.6,33,84,14,2,19,82,0.88,0.42,0.98,0.82,0.57,call;call,call;call;call;call;call;call;call;call;call;421661435;422797054;423887482;424793843;425778316;426108828;426126833;426127716;426593829;426853539,23,26,41,,0.47,0.36,49,78,0,False
gemini-3.1-flash-lite,v6,raw,mv1,hindi,Explicit-Flirting,0.7,33,84,13,1,20,83,0.93,0.39,0.99,0.82,0.55,call,call;call;call;call;call;call;call;call;call;call;421661435;422797054;423887482;424793843;425778316;426108828;426126833;426127716;426593829;426853539,22,16,42,,0.58,0.34,38,78,0,False
gemini-3.1-flash-lite,v6,raw,mv1,hindi,Explicit-Flirting,0.8,33,84,13,1,20,83,0.93,0.39,0.99,0.82,0.55,call,call;call;call;call;call;call;call;call;call;call;421661435;422797054;423887482;424793843;425778316;426108828;426126833;426127716;426593829;426853539,22,16,42,,0.58,0.34,38,78,0,False
gemini-3.1-flash-lite,v6,raw,mv1,hindi,Explicit-Flirting,0.9,33,84,13,1,20,83,0.93,0.39,0.99,0.82,0.55,call,call;call;call;call;call;call;call;call;call;call;421661435;422797054;423887482;424793843;425778316;426108828;426126833;426127716;426593829;426853539,22,16,42,,0.58,0.34,38,78,0,False
gemini-3.1-flash-lite,v6,raw,mv1,hindi,Explicit-Flirting,0.95,33,84,0,0,33,84,,0.0,1.0,0.72,,,call;call;call;call;call;call;call;call;call;call;call;call;call;call;call;call;call;call;call;call;421661435;422797054;423887482;424793843;424880310;425134890;425141339;425778316;426108828;426126833;426127716;426593829;426853539,0,0,64,,,0.0,0,78,0,False
gemini-3.1-flash-lite,v6,raw,mv1,hindi,Explicit-Flirting,1.0,33,84,0,0,33,84,,0.0,1.0,0.72,,,call;call;call;call;call;call;call;call;call;call;call;call;call;call;call;call;call;call;call;call;421661435;422797054;423887482;424793843;424880310;425134890;425141339;425778316;426108828;426126833;426127716;426593829;426853539,0,0,64,,,0.0,0,78,0,False
gemini-3.1-flash-lite,v6,raw,mv1,hindi,Explicit-Flirting,none,33,84,15,10,18,74,0.6,0.45,0.88,0.76,0.52,call;call;call;call;call;call;call;call;call;426107744,call;call;call;call;call;call;call;call;call;422797054;423887482;424793843;425778316;426108828;426126833;426127716;426593829;426853539,24,54,40,,0.31,0.38,78,78,0,False
gemini-3.1-flash-lite,v6,raw,mv1,hindi,ALL,0.0,58,59,45,16,13,43,0.74,0.78,0.73,0.75,0.76,call;call;call;call;call;call;call;call;call;call;call;call;call;420599099;426107744;426610557,call;call;call;call;call;call;call;423958539;424793843;426108828;426126833;426127716;426853539,78,129,60,,0.38,0.57,207,207,0,False
gemini-3.1-flash-lite,v6,raw,mv1,hindi,ALL,0.1,58,59,45,16,13,43,0.74,0.78,0.73,0.75,0.76,call;call;call;call;call;call;call;call;call;call;call;call;call;420599099;426107744;426610557,call;call;call;call;call;call;call;423958539;424793843;426108828;426126833;426127716;426853539,78,129,60,,0.38,0.57,207,207,0,False
gemini-3.1-flash-lite,v6,raw,mv1,hindi,ALL,0.2,58,59,45,11,13,48,0.8,0.78,0.81,0.79,0.79,call;call;call;call;call;call;call;call;call;call;426610557,call;call;call;call;call;call;call;423958539;424793843;426108828;426126833;426127716;426853539,77,95,61,,0.45,0.56,172,207,0,False
gemini-3.1-flash-lite,v6,raw,mv1,hindi,ALL,0.3,58,59,45,11,13,48,0.8,0.78,0.81,0.79,0.79,call;call;call;call;call;call;call;call;call;call;426610557,call;call;call;call;call;call;call;423958539;424793843;426108828;426126833;426127716;426853539,77,95,61,,0.45,0.56,172,207,0,False
gemini-3.1-flash-lite,v6,raw,mv1,hindi,ALL,0.4,58,59,44,8,14,51,0.85,0.76,0.86,0.81,0.8,call;call;call;call;call;call;call;426610557,call;call;call;call;call;call;call;421661435;423958539;424793843;426108828;426126833;426127716;426853539,76,78,62,,0.49,0.55,154,207,0,False
gemini-3.1-flash-lite,v6,raw,mv1,hindi,ALL,0.5,58,59,44,8,14,51,0.85,0.76,0.86,0.81,0.8,call;call;call;call;call;call;call;426610557,call;call;call;call;call;call;call;421661435;423958539;424793843;426108828;426126833;426127716;426853539,76,78,62,,0.49,0.55,154,207,0,False
gemini-3.1-flash-lite,v6,raw,mv1,hindi,ALL,0.6,58,59,44,8,14,51,0.85,0.76,0.86,0.81,0.8,call;call;call;call;call;call;call;426610557,call;call;call;call;call;call;call;421661435;423958539;424793843;426108828;426126833;426127716;426853539,76,78,62,,0.49,0.55,154,207,0,False
gemini-3.1-flash-lite,v6,raw,mv1,hindi,ALL,0.7,58,59,40,6,18,53,0.87,0.69,0.9,0.79,0.77,call;call;call;call;call;426610557,call;call;call;call;call;call;call;call;call;call;421661435;423958539;424793843;425778316;426108828;426126833;426127716;426853539,69,61,69,,0.53,0.5,130,207,0,False
gemini-3.1-flash-lite,v6,raw,mv1,hindi,ALL,0.8,58,59,40,6,18,53,0.87,0.69,0.9,0.79,0.77,call;call;call;call;call;426610557,call;call;call;call;call;call;call;call;call;call;421661435;423958539;424793843;425778316;426108828;426126833;426127716;426853539,69,61,69,,0.53,0.5,130,207,0,False
gemini-3.1-flash-lite,v6,raw,mv1,hindi,ALL,0.9,58,59,40,6,18,53,0.87,0.69,0.9,0.79,0.77,call;call;call;call;call;426610557,call;call;call;call;call;call;call;call;call;call;421661435;423958539;424793843;425778316;426108828;426126833;426127716;426853539,69,61,69,,0.53,0.5,130,207,0,False
gemini-3.1-flash-lite,v6,raw,mv1,hindi,ALL,0.95,58,59,0,0,58,59,,0.0,1.0,0.5,,,call;call;call;call;call;call;call;call;call;call;call;call;call;call;call;call;call;call;call;call;call;call;call;call;call;call;call;call;call;call;call;call;call;call;call;call;call;call;call;call;420147298;421661435;421888258;422797054;423887482;423958539;423978016;424793843;424880310;425134890;425141339;425396309;425778316;426108828;426126833;426127716;426593829;426853539,0,0,138,,,0.0,0,207,0,False
gemini-3.1-flash-lite,v6,raw,mv1,hindi,ALL,1.0,58,59,0,0,58,59,,0.0,1.0,0.5,,,call;call;call;call;call;call;call;call;call;call;call;call;call;call;call;call;call;call;call;call;call;call;call;call;call;call;call;call;call;call;call;call;call;call;call;call;call;call;call;call;420147298;421661435;421888258;422797054;423887482;423958539;423978016;424793843;424880310;425134890;425141339;425396309;425778316;426108828;426126833;426127716;426593829;426853539,0,0,138,,,0.0,0,207,0,False
gemini-3.1-flash-lite,v6,raw,mv1,hindi,ALL,none,58,59,45,16,13,43,0.74,0.78,0.73,0.75,0.76,call;call;call;call;call;call;call;call;call;call;call;call;call;420599099;426107744;426610557,call;call;call;call;call;call;call;423958539;424793843;426108828;426126833;426127716;426853539,78,129,60,,0.38,0.57,207,207,0,False
gemini-3.1-flash-lite,v6,sa,mv1,hindi,PlatformMove,0.0,31,86,25,14,6,72,0.64,0.81,0.84,0.83,0.71,call;call;call;call;call;call;call;call;call;call;call;420599099;424880310;426610557,call;call;call;423887482;423958539;425396309,32,57,12,,0.36,0.73,89,89,0,False
gemini-3.1-flash-lite,v6,sa,mv1,hindi,PlatformMove,0.1,31,86,25,14,6,72,0.64,0.81,0.84,0.83,0.71,call;call;call;call;call;call;call;call;call;call;call;420599099;424880310;426610557,call;call;call;423887482;423958539;425396309,32,57,12,,0.36,0.73,89,89,0,False
gemini-3.1-flash-lite,v6,sa,mv1,hindi,PlatformMove,0.2,31,86,25,9,6,77,0.74,0.81,0.9,0.87,0.77,call;call;call;call;call;call;call;call;426610557,call;call;call;423887482;423958539;425396309,31,42,13,,0.42,0.7,73,89,0,False
gemini-3.1-flash-lite,v6,sa,mv1,hindi,PlatformMove,0.3,31,86,25,9,6,77,0.74,0.81,0.9,0.87,0.77,call;call;call;call;call;call;call;call;426610557,call;call;call;423887482;423958539;425396309,31,42,13,,0.42,0.7,73,89,0,False
gemini-3.1-flash-lite,v6,sa,mv1,hindi,PlatformMove,0.4,31,86,25,9,6,77,0.74,0.81,0.9,0.87,0.77,call;call;call;call;call;call;call;call;426610557,call;call;call;423887482;423958539;425396309,31,39,13,,0.44,0.7,70,89,0,False
gemini-3.1-flash-lite,v6,sa,mv1,hindi,PlatformMove,0.5,31,86,25,9,6,77,0.74,0.81,0.9,0.87,0.77,call;call;call;call;call;call;call;call;426610557,call;call;call;423887482;423958539;425396309,31,39,13,,0.44,0.7,70,89,0,False
gemini-3.1-flash-lite,v6,sa,mv1,hindi,PlatformMove,0.6,31,86,25,9,6,77,0.74,0.81,0.9,0.87,0.77,call;call;call;call;call;call;call;call;426610557,call;call;call;423887482;423958539;425396309,31,39,13,,0.44,0.7,70,89,0,False
gemini-3.1-flash-lite,v6,sa,mv1,hindi,PlatformMove,0.7,31,86,23,8,8,78,0.74,0.74,0.91,0.86,0.74,call;call;call;call;call;call;call;426610557,call;call;call;call;call;423887482;423958539;425396309,29,35,15,,0.45,0.66,64,89,0,False
gemini-3.1-flash-lite,v6,sa,mv1,hindi,PlatformMove,0.8,31,86,23,8,8,78,0.74,0.74,0.91,0.86,0.74,call;call;call;call;call;call;call;426610557,call;call;call;call;call;423887482;423958539;425396309,29,35,15,,0.45,0.66,64,89,0,False
gemini-3.1-flash-lite,v6,sa,mv1,hindi,PlatformMove,0.9,31,86,23,8,8,78,0.74,0.74,0.91,0.86,0.74,call;call;call;call;call;call;call;426610557,call;call;call;call;call;423887482;423958539;425396309,29,35,15,,0.45,0.66,64,89,0,False
gemini-3.1-flash-lite,v6,sa,mv1,hindi,PlatformMove,0.95,31,86,0,0,31,86,,0.0,1.0,0.74,,,call;call;call;call;call;call;call;call;call;call;call;call;call;call;call;call;call;call;call;call;call;call;call;420147298;421888258;422797054;423887482;423958539;423978016;425396309;426593829,0,0,44,,,0.0,0,89,0,False
gemini-3.1-flash-lite,v6,sa,mv1,hindi,PlatformMove,1.0,31,86,0,0,31,86,,0.0,1.0,0.74,,,call;call;call;call;call;call;call;call;call;call;call;call;call;call;call;call;call;call;call;call;call;call;call;420147298;421888258;422797054;423887482;423958539;423978016;425396309;426593829,0,0,44,,,0.0,0,89,0,False
gemini-3.1-flash-lite,v6,sa,mv1,hindi,PlatformMove,none,31,86,25,14,6,72,0.64,0.81,0.84,0.83,0.71,call;call;call;call;call;call;call;call;call;call;call;420599099;424880310;426610557,call;call;call;423887482;423958539;425396309,32,57,12,,0.36,0.73,89,89,0,False
gemini-3.1-flash-lite,v6,sa,mv1,hindi,SuspiciousActivity,0.0,21,96,19,4,2,92,0.83,0.9,0.96,0.95,0.86,call;call;call;call,call;call,22,18,8,,0.55,0.73,40,40,0,False
gemini-3.1-flash-lite,v6,sa,mv1,hindi,SuspiciousActivity,0.1,21,96,19,4,2,92,0.83,0.9,0.96,0.95,0.86,call;call;call;call,call;call,22,18,8,,0.55,0.73,40,40,0,False
gemini-3.1-flash-lite,v6,sa,mv1,hindi,SuspiciousActivity,0.2,21,96,18,3,3,93,0.86,0.86,0.97,0.95,0.86,call;call;call,call;call;call,22,14,8,,0.61,0.73,36,40,0,False
gemini-3.1-flash-lite,v6,sa,mv1,hindi,SuspiciousActivity,0.3,21,96,18,3,3,93,0.86,0.86,0.97,0.95,0.86,call;call;call,call;call;call,22,14,8,,0.61,0.73,36,40,0,False
gemini-3.1-flash-lite,v6,sa,mv1,hindi,SuspiciousActivity,0.4,21,96,18,3,3,93,0.86,0.86,0.97,0.95,0.86,call;call;call,call;call;call,22,13,8,,0.63,0.73,35,40,0,False
gemini-3.1-flash-lite,v6,sa,mv1,hindi,SuspiciousActivity,0.5,21,96,18,3,3,93,0.86,0.86,0.97,0.95,0.86,call;call;call,call;call;call,22,13,8,,0.63,0.73,35,40,0,False
gemini-3.1-flash-lite,v6,sa,mv1,hindi,SuspiciousActivity,0.6,21,96,18,3,3,93,0.86,0.86,0.97,0.95,0.86,call;call;call,call;call;call,22,13,8,,0.63,0.73,35,40,0,False
gemini-3.1-flash-lite,v6,sa,mv1,hindi,SuspiciousActivity,0.7,21,96,17,2,4,94,0.89,0.81,0.98,0.95,0.85,call;call,call;call;call;425778316,18,10,12,,0.64,0.6,28,40,0,False
gemini-3.1-flash-lite,v6,sa,mv1,hindi,SuspiciousActivity,0.8,21,96,17,2,4,94,0.89,0.81,0.98,0.95,0.85,call;call,call;call;call;425778316,18,10,12,,0.64,0.6,28,40,0,False
gemini-3.1-flash-lite,v6,sa,mv1,hindi,SuspiciousActivity,0.9,21,96,17,2,4,94,0.89,0.81,0.98,0.95,0.85,call;call,call;call;call;425778316,18,10,12,,0.64,0.6,28,40,0,False
gemini-3.1-flash-lite,v6,sa,mv1,hindi,SuspiciousActivity,0.95,21,96,0,0,21,96,,0.0,1.0,0.82,,,call;call;call;call;call;call;call;call;call;call;call;call;call;call;call;422797054;423887482;423978016;425396309;425778316;426593829,0,0,30,,,0.0,0,40,0,False
gemini-3.1-flash-lite,v6,sa,mv1,hindi,SuspiciousActivity,1.0,21,96,0,0,21,96,,0.0,1.0,0.82,,,call;call;call;call;call;call;call;call;call;call;call;call;call;call;call;422797054;423887482;423978016;425396309;425778316;426593829,0,0,30,,,0.0,0,40,0,False
gemini-3.1-flash-lite,v6,sa,mv1,hindi,SuspiciousActivity,none,21,96,19,4,2,92,0.83,0.9,0.96,0.95,0.86,call;call;call;call,call;call,22,18,8,,0.55,0.73,40,40,0,False
gemini-3.1-flash-lite,v6,sa,mv1,hindi,Explicit-Flirting,0.0,33,84,15,10,18,74,0.6,0.45,0.88,0.76,0.52,call;call;call;call;call;call;call;call;call;426107744,call;call;call;call;call;call;call;call;call;422797054;423887482;424793843;425778316;426108828;426126833;426127716;426593829;426853539,24,54,40,,0.31,0.38,78,78,0,False
gemini-3.1-flash-lite,v6,sa,mv1,hindi,Explicit-Flirting,0.1,33,84,15,10,18,74,0.6,0.45,0.88,0.76,0.52,call;call;call;call;call;call;call;call;call;426107744,call;call;call;call;call;call;call;call;call;422797054;423887482;424793843;425778316;426108828;426126833;426127716;426593829;426853539,24,54,40,,0.31,0.38,78,78,0,False
gemini-3.1-flash-lite,v6,sa,mv1,hindi,Explicit-Flirting,0.2,33,84,15,5,18,79,0.75,0.45,0.94,0.8,0.57,call;call;call;call;call,call;call;call;call;call;call;call;call;call;422797054;423887482;424793843;425778316;426108828;426126833;426127716;426593829;426853539,24,39,40,,0.38,0.38,63,78,0,False
gemini-3.1-flash-lite,v6,sa,mv1,hindi,Explicit-Flirting,0.3,33,84,15,5,18,79,0.75,0.45,0.94,0.8,0.57,call;call;call;call;call,call;call;call;call;call;call;call;call;call;422797054;423887482;424793843;425778316;426108828;426126833;426127716;426593829;426853539,24,39,40,,0.38,0.38,63,78,0,False
gemini-3.1-flash-lite,v6,sa,mv1,hindi,Explicit-Flirting,0.4,33,84,14,2,19,82,0.88,0.42,0.98,0.82,0.57,call;call,call;call;call;call;call;call;call;call;call;421661435;422797054;423887482;424793843;425778316;426108828;426126833;426127716;426593829;426853539,23,26,41,,0.47,0.36,49,78,0,False
gemini-3.1-flash-lite,v6,sa,mv1,hindi,Explicit-Flirting,0.5,33,84,14,2,19,82,0.88,0.42,0.98,0.82,0.57,call;call,call;call;call;call;call;call;call;call;call;421661435;422797054;423887482;424793843;425778316;426108828;426126833;426127716;426593829;426853539,23,26,41,,0.47,0.36,49,78,0,False
gemini-3.1-flash-lite,v6,sa,mv1,hindi,Explicit-Flirting,0.6,33,84,14,2,19,82,0.88,0.42,0.98,0.82,0.57,call;call,call;call;call;call;call;call;call;call;call;421661435;422797054;423887482;424793843;425778316;426108828;426126833;426127716;426593829;426853539,23,26,41,,0.47,0.36,49,78,0,False
gemini-3.1-flash-lite,v6,sa,mv1,hindi,Explicit-Flirting,0.7,33,84,13,1,20,83,0.93,0.39,0.99,0.82,0.55,call,call;call;call;call;call;call;call;call;call;call;421661435;422797054;423887482;424793843;425778316;426108828;426126833;426127716;426593829;426853539,22,16,42,,0.58,0.34,38,78,0,False
gemini-3.1-flash-lite,v6,sa,mv1,hindi,Explicit-Flirting,0.8,33,84,13,1,20,83,0.93,0.39,0.99,0.82,0.55,call,call;call;call;call;call;call;call;call;call;call;421661435;422797054;423887482;424793843;425778316;426108828;426126833;426127716;426593829;426853539,22,16,42,,0.58,0.34,38,78,0,False
gemini-3.1-flash-lite,v6,sa,mv1,hindi,Explicit-Flirting,0.9,33,84,13,1,20,83,0.93,0.39,0.99,0.82,0.55,call,call;call;call;call;call;call;call;call;call;call;421661435;422797054;423887482;424793843;425778316;426108828;426126833;426127716;426593829;426853539,22,16,42,,0.58,0.34,38,78,0,False
gemini-3.1-flash-lite,v6,sa,mv1,hindi,Explicit-Flirting,0.95,33,84,0,0,33,84,,0.0,1.0,0.72,,,call;call;call;call;call;call;call;call;call;call;call;call;call;call;call;call;call;call;call;call;421661435;422797054;423887482;424793843;424880310;425134890;425141339;425778316;426108828;426126833;426127716;426593829;426853539,0,0,64,,,0.0,0,78,0,False
gemini-3.1-flash-lite,v6,sa,mv1,hindi,Explicit-Flirting,1.0,33,84,0,0,33,84,,0.0,1.0,0.72,,,call;call;call;call;call;call;call;call;call;call;call;call;call;call;call;call;call;call;call;call;421661435;422797054;423887482;424793843;424880310;425134890;425141339;425778316;426108828;426126833;426127716;426593829;426853539,0,0,64,,,0.0,0,78,0,False
gemini-3.1-flash-lite,v6,sa,mv1,hindi,Explicit-Flirting,none,33,84,15,10,18,74,0.6,0.45,0.88,0.76,0.52,call;call;call;call;call;call;call;call;call;426107744,call;call;call;call;call;call;call;call;call;422797054;423887482;424793843;425778316;426108828;426126833;426127716;426593829;426853539,24,54,40,,0.31,0.38,78,78,0,False
gemini-3.1-flash-lite,v6,sa,mv1,hindi,ALL,0.0,58,59,45,16,13,43,0.74,0.78,0.73,0.75,0.76,call;call;call;call;call;call;call;call;call;call;call;call;call;420599099;426107744;426610557,call;call;call;call;call;call;call;423958539;424793843;426108828;426126833;426127716;426853539,78,129,60,,0.38,0.57,207,207,0,False
gemini-3.1-flash-lite,v6,sa,mv1,hindi,ALL,0.1,58,59,45,16,13,43,0.74,0.78,0.73,0.75,0.76,call;call;call;call;call;call;call;call;call;call;call;call;call;420599099;426107744;426610557,call;call;call;call;call;call;call;423958539;424793843;426108828;426126833;426127716;426853539,78,129,60,,0.38,0.57,207,207,0,False
gemini-3.1-flash-lite,v6,sa,mv1,hindi,ALL,0.2,58,59,45,11,13,48,0.8,0.78,0.81,0.79,0.79,call;call;call;call;call;call;call;call;call;call;426610557,call;call;call;call;call;call;call;423958539;424793843;426108828;426126833;426127716;426853539,77,95,61,,0.45,0.56,172,207,0,False
gemini-3.1-flash-lite,v6,sa,mv1,hindi,ALL,0.3,58,59,45,11,13,48,0.8,0.78,0.81,0.79,0.79,call;call;call;call;call;call;call;call;call;call;426610557,call;call;call;call;call;call;call;423958539;424793843;426108828;426126833;426127716;426853539,77,95,61,,0.45,0.56,172,207,0,False
gemini-3.1-flash-lite,v6,sa,mv1,hindi,ALL,0.4,58,59,44,8,14,51,0.85,0.76,0.86,0.81,0.8,call;call;call;call;call;call;call;426610557,call;call;call;call;call;call;call;421661435;423958539;424793843;426108828;426126833;426127716;426853539,76,78,62,,0.49,0.55,154,207,0,False
gemini-3.1-flash-lite,v6,sa,mv1,hindi,ALL,0.5,58,59,44,8,14,51,0.85,0.76,0.86,0.81,0.8,call;call;call;call;call;call;call;426610557,call;call;call;call;call;call;call;421661435;423958539;424793843;426108828;426126833;426127716;426853539,76,78,62,,0.49,0.55,154,207,0,False
gemini-3.1-flash-lite,v6,sa,mv1,hindi,ALL,0.6,58,59,44,8,14,51,0.85,0.76,0.86,0.81,0.8,call;call;call;call;call;call;call;426610557,call;call;call;call;call;call;call;421661435;423958539;424793843;426108828;426126833;426127716;426853539,76,78,62,,0.49,0.55,154,207,0,False
gemini-3.1-flash-lite,v6,sa,mv1,hindi,ALL,0.7,58,59,40,6,18,53,0.87,0.69,0.9,0.79,0.77,call;call;call;call;call;426610557,call;call;call;call;call;call;call;call;call;call;421661435;423958539;424793843;425778316;426108828;426126833;426127716;426853539,69,61,69,,0.53,0.5,130,207,0,False
gemini-3.1-flash-lite,v6,sa,mv1,hindi,ALL,0.8,58,59,40,6,18,53,0.87,0.69,0.9,0.79,0.77,call;call;call;call;call;426610557,call;call;call;call;call;call;call;call;call;call;421661435;423958539;424793843;425778316;426108828;426126833;426127716;426853539,69,61,69,,0.53,0.5,130,207,0,False
gemini-3.1-flash-lite,v6,sa,mv1,hindi,ALL,0.9,58,59,40,6,18,53,0.87,0.69,0.9,0.79,0.77,call;call;call;call;call;426610557,call;call;call;call;call;call;call;call;call;call;421661435;423958539;424793843;425778316;426108828;426126833;426127716;426853539,69,61,69,,0.53,0.5,130,207,0,False
gemini-3.1-flash-lite,v6,sa,mv1,hindi,ALL,0.95,58,59,0,0,58,59,,0.0,1.0,0.5,,,call;call;call;call;call;call;call;call;call;call;call;call;call;call;call;call;call;call;call;call;call;call;call;call;call;call;call;call;call;call;call;call;call;call;call;call;call;call;call;call;420147298;421661435;421888258;422797054;423887482;423958539;423978016;424793843;424880310;425134890;425141339;425396309;425778316;426108828;426126833;426127716;426593829;426853539,0,0,138,,,0.0,0,207,0,False
gemini-3.1-flash-lite,v6,sa,mv1,hindi,ALL,1.0,58,59,0,0,58,59,,0.0,1.0,0.5,,,call;call;call;call;call;call;call;call;call;call;call;call;call;call;call;call;call;call;call;call;call;call;call;call;call;call;call;call;call;call;call;call;call;call;call;call;call;call;call;call;420147298;421661435;421888258;422797054;423887482;423958539;423978016;424793843;424880310;425134890;425141339;425396309;425778316;426108828;426126833;426127716;426593829;426853539,0,0,138,,,0.0,0,207,0,False
gemini-3.1-flash-lite,v6,sa,mv1,hindi,ALL,none,58,59,45,16,13,43,0.74,0.78,0.73,0.75,0.76,call;call;call;call;call;call;call;call;call;call;call;call;call;420599099;426107744;426610557,call;call;call;call;call;call;call;423958539;424793843;426108828;426126833;426127716;426853539,78,129,60,,0.38,0.57,207,207,0,False
gemini-3.1-flash-lite,v6,sa_drop_invalid,mv1,hindi,PlatformMove,0.0,31,86,25,14,6,72,0.64,0.81,0.84,0.83,0.71,call;call;call;call;call;call;call;call;call;call;call;420599099;424880310;426610557,call;call;call;423887482;423958539;425396309,32,57,12,,0.36,0.73,89,89,0,False
gemini-3.1-flash-lite,v6,sa_drop_invalid,mv1,hindi,PlatformMove,0.1,31,86,25,14,6,72,0.64,0.81,0.84,0.83,0.71,call;call;call;call;call;call;call;call;call;call;call;420599099;424880310;426610557,call;call;call;423887482;423958539;425396309,32,57,12,,0.36,0.73,89,89,0,False
gemini-3.1-flash-lite,v6,sa_drop_invalid,mv1,hindi,PlatformMove,0.2,31,86,25,9,6,77,0.74,0.81,0.9,0.87,0.77,call;call;call;call;call;call;call;call;426610557,call;call;call;423887482;423958539;425396309,31,42,13,,0.42,0.7,73,89,0,False
gemini-3.1-flash-lite,v6,sa_drop_invalid,mv1,hindi,PlatformMove,0.3,31,86,25,9,6,77,0.74,0.81,0.9,0.87,0.77,call;call;call;call;call;call;call;call;426610557,call;call;call;423887482;423958539;425396309,31,42,13,,0.42,0.7,73,89,0,False
gemini-3.1-flash-lite,v6,sa_drop_invalid,mv1,hindi,PlatformMove,0.4,31,86,25,9,6,77,0.74,0.81,0.9,0.87,0.77,call;call;call;call;call;call;call;call;426610557,call;call;call;423887482;423958539;425396309,31,39,13,,0.44,0.7,70,89,0,False
gemini-3.1-flash-lite,v6,sa_drop_invalid,mv1,hindi,PlatformMove,0.5,31,86,25,9,6,77,0.74,0.81,0.9,0.87,0.77,call;call;call;call;call;call;call;call;426610557,call;call;call;423887482;423958539;425396309,31,39,13,,0.44,0.7,70,89,0,False
gemini-3.1-flash-lite,v6,sa_drop_invalid,mv1,hindi,PlatformMove,0.6,31,86,25,9,6,77,0.74,0.81,0.9,0.87,0.77,call;call;call;call;call;call;call;call;426610557,call;call;call;423887482;423958539;425396309,31,39,13,,0.44,0.7,70,89,0,False
gemini-3.1-flash-lite,v6,sa_drop_invalid,mv1,hindi,PlatformMove,0.7,31,86,23,8,8,78,0.74,0.74,0.91,0.86,0.74,call;call;call;call;call;call;call;426610557,call;call;call;call;call;423887482;423958539;425396309,29,35,15,,0.45,0.66,64,89,0,False
gemini-3.1-flash-lite,v6,sa_drop_invalid,mv1,hindi,PlatformMove,0.8,31,86,23,8,8,78,0.74,0.74,0.91,0.86,0.74,call;call;call;call;call;call;call;426610557,call;call;call;call;call;423887482;423958539;425396309,29,35,15,,0.45,0.66,64,89,0,False
gemini-3.1-flash-lite,v6,sa_drop_invalid,mv1,hindi,PlatformMove,0.9,31,86,23,8,8,78,0.74,0.74,0.91,0.86,0.74,call;call;call;call;call;call;call;426610557,call;call;call;call;call;423887482;423958539;425396309,29,35,15,,0.45,0.66,64,89,0,False
gemini-3.1-flash-lite,v6,sa_drop_invalid,mv1,hindi,PlatformMove,0.95,31,86,0,0,31,86,,0.0,1.0,0.74,,,call;call;call;call;call;call;call;call;call;call;call;call;call;call;call;call;call;call;call;call;call;call;call;420147298;421888258;422797054;423887482;423958539;423978016;425396309;426593829,0,0,44,,,0.0,0,89,0,False
gemini-3.1-flash-lite,v6,sa_drop_invalid,mv1,hindi,PlatformMove,1.0,31,86,0,0,31,86,,0.0,1.0,0.74,,,call;call;call;call;call;call;call;call;call;call;call;call;call;call;call;call;call;call;call;call;call;call;call;420147298;421888258;422797054;423887482;423958539;423978016;425396309;426593829,0,0,44,,,0.0,0,89,0,False
gemini-3.1-flash-lite,v6,sa_drop_invalid,mv1,hindi,PlatformMove,none,31,86,25,14,6,72,0.64,0.81,0.84,0.83,0.71,call;call;call;call;call;call;call;call;call;call;call;420599099;424880310;426610557,call;call;call;423887482;423958539;425396309,32,57,12,,0.36,0.73,89,89,0,False
gemini-3.1-flash-lite,v6,sa_drop_invalid,mv1,hindi,SuspiciousActivity,0.0,21,96,19,4,2,92,0.83,0.9,0.96,0.95,0.86,call;call;call;call,call;call,22,18,8,,0.55,0.73,40,40,0,False
gemini-3.1-flash-lite,v6,sa_drop_invalid,mv1,hindi,SuspiciousActivity,0.1,21,96,19,4,2,92,0.83,0.9,0.96,0.95,0.86,call;call;call;call,call;call,22,18,8,,0.55,0.73,40,40,0,False
gemini-3.1-flash-lite,v6,sa_drop_invalid,mv1,hindi,SuspiciousActivity,0.2,21,96,18,3,3,93,0.86,0.86,0.97,0.95,0.86,call;call;call,call;call;call,22,14,8,,0.61,0.73,36,40,0,False
gemini-3.1-flash-lite,v6,sa_drop_invalid,mv1,hindi,SuspiciousActivity,0.3,21,96,18,3,3,93,0.86,0.86,0.97,0.95,0.86,call;call;call,call;call;call,22,14,8,,0.61,0.73,36,40,0,False
gemini-3.1-flash-lite,v6,sa_drop_invalid,mv1,hindi,SuspiciousActivity,0.4,21,96,18,3,3,93,0.86,0.86,0.97,0.95,0.86,call;call;call,call;call;call,22,13,8,,0.63,0.73,35,40,0,False
gemini-3.1-flash-lite,v6,sa_drop_invalid,mv1,hindi,SuspiciousActivity,0.5,21,96,18,3,3,93,0.86,0.86,0.97,0.95,0.86,call;call;call,call;call;call,22,13,8,,0.63,0.73,35,40,0,False
gemini-3.1-flash-lite,v6,sa_drop_invalid,mv1,hindi,SuspiciousActivity,0.6,21,96,18,3,3,93,0.86,0.86,0.97,0.95,0.86,call;call;call,call;call;call,22,13,8,,0.63,0.73,35,40,0,False
gemini-3.1-flash-lite,v6,sa_drop_invalid,mv1,hindi,SuspiciousActivity,0.7,21,96,17,2,4,94,0.89,0.81,0.98,0.95,0.85,call;call,call;call;call;425778316,18,10,12,,0.64,0.6,28,40,0,False
gemini-3.1-flash-lite,v6,sa_drop_invalid,mv1,hindi,SuspiciousActivity,0.8,21,96,17,2,4,94,0.89,0.81,0.98,0.95,0.85,call;call,call;call;call;425778316,18,10,12,,0.64,0.6,28,40,0,False
gemini-3.1-flash-lite,v6,sa_drop_invalid,mv1,hindi,SuspiciousActivity,0.9,21,96,17,2,4,94,0.89,0.81,0.98,0.95,0.85,call;call,call;call;call;425778316,18,10,12,,0.64,0.6,28,40,0,False
gemini-3.1-flash-lite,v6,sa_drop_invalid,mv1,hindi,SuspiciousActivity,0.95,21,96,0,0,21,96,,0.0,1.0,0.82,,,call;call;call;call;call;call;call;call;call;call;call;call;call;call;call;422797054;423887482;423978016;425396309;425778316;426593829,0,0,30,,,0.0,0,40,0,False
gemini-3.1-flash-lite,v6,sa_drop_invalid,mv1,hindi,SuspiciousActivity,1.0,21,96,0,0,21,96,,0.0,1.0,0.82,,,call;call;call;call;call;call;call;call;call;call;call;call;call;call;call;422797054;423887482;423978016;425396309;425778316;426593829,0,0,30,,,0.0,0,40,0,False
gemini-3.1-flash-lite,v6,sa_drop_invalid,mv1,hindi,SuspiciousActivity,none,21,96,19,4,2,92,0.83,0.9,0.96,0.95,0.86,call;call;call;call,call;call,22,18,8,,0.55,0.73,40,40,0,False
gemini-3.1-flash-lite,v6,sa_drop_invalid,mv1,hindi,Explicit-Flirting,0.0,33,84,15,10,18,74,0.6,0.45,0.88,0.76,0.52,call;call;call;call;call;call;call;call;call;426107744,call;call;call;call;call;call;call;call;call;422797054;423887482;424793843;425778316;426108828;426126833;426127716;426593829;426853539,24,54,40,,0.31,0.38,78,78,0,False
gemini-3.1-flash-lite,v6,sa_drop_invalid,mv1,hindi,Explicit-Flirting,0.1,33,84,15,10,18,74,0.6,0.45,0.88,0.76,0.52,call;call;call;call;call;call;call;call;call;426107744,call;call;call;call;call;call;call;call;call;422797054;423887482;424793843;425778316;426108828;426126833;426127716;426593829;426853539,24,54,40,,0.31,0.38,78,78,0,False
gemini-3.1-flash-lite,v6,sa_drop_invalid,mv1,hindi,Explicit-Flirting,0.2,33,84,15,5,18,79,0.75,0.45,0.94,0.8,0.57,call;call;call;call;call,call;call;call;call;call;call;call;call;call;422797054;423887482;424793843;425778316;426108828;426126833;426127716;426593829;426853539,24,39,40,,0.38,0.38,63,78,0,False
gemini-3.1-flash-lite,v6,sa_drop_invalid,mv1,hindi,Explicit-Flirting,0.3,33,84,15,5,18,79,0.75,0.45,0.94,0.8,0.57,call;call;call;call;call,call;call;call;call;call;call;call;call;call;422797054;423887482;424793843;425778316;426108828;426126833;426127716;426593829;426853539,24,39,40,,0.38,0.38,63,78,0,False
gemini-3.1-flash-lite,v6,sa_drop_invalid,mv1,hindi,Explicit-Flirting,0.4,33,84,14,2,19,82,0.88,0.42,0.98,0.82,0.57,call;call,call;call;call;call;call;call;call;call;call;421661435;422797054;423887482;424793843;425778316;426108828;426126833;426127716;426593829;426853539,23,26,41,,0.47,0.36,49,78,0,False
gemini-3.1-flash-lite,v6,sa_drop_invalid,mv1,hindi,Explicit-Flirting,0.5,33,84,14,2,19,82,0.88,0.42,0.98,0.82,0.57,call;call,call;call;call;call;call;call;call;call;call;421661435;422797054;423887482;424793843;425778316;426108828;426126833;426127716;426593829;426853539,23,26,41,,0.47,0.36,49,78,0,False
gemini-3.1-flash-lite,v6,sa_drop_invalid,mv1,hindi,Explicit-Flirting,0.6,33,84,14,2,19,82,0.88,0.42,0.98,0.82,0.57,call;call,call;call;call;call;call;call;call;call;call;421661435;422797054;423887482;424793843;425778316;426108828;426126833;426127716;426593829;426853539,23,26,41,,0.47,0.36,49,78,0,False
gemini-3.1-flash-lite,v6,sa_drop_invalid,mv1,hindi,Explicit-Flirting,0.7,33,84,13,1,20,83,0.93,0.39,0.99,0.82,0.55,call,call;call;call;call;call;call;call;call;call;call;421661435;422797054;423887482;424793843;425778316;426108828;426126833;426127716;426593829;426853539,22,16,42,,0.58,0.34,38,78,0,False
gemini-3.1-flash-lite,v6,sa_drop_invalid,mv1,hindi,Explicit-Flirting,0.8,33,84,13,1,20,83,0.93,0.39,0.99,0.82,0.55,call,call;call;call;call;call;call;call;call;call;call;421661435;422797054;423887482;424793843;425778316;426108828;426126833;426127716;426593829;426853539,22,16,42,,0.58,0.34,38,78,0,False
gemini-3.1-flash-lite,v6,sa_drop_invalid,mv1,hindi,Explicit-Flirting,0.9,33,84,13,1,20,83,0.93,0.39,0.99,0.82,0.55,call,call;call;call;call;call;call;call;call;call;call;421661435;422797054;423887482;424793843;425778316;426108828;426126833;426127716;426593829;426853539,22,16,42,,0.58,0.34,38,78,0,False
gemini-3.1-flash-lite,v6,sa_drop_invalid,mv1,hindi,Explicit-Flirting,0.95,33,84,0,0,33,84,,0.0,1.0,0.72,,,call;call;call;call;call;call;call;call;call;call;call;call;call;call;call;call;call;call;call;call;421661435;422797054;423887482;424793843;424880310;425134890;425141339;425778316;426108828;426126833;426127716;426593829;426853539,0,0,64,,,0.0,0,78,0,False
gemini-3.1-flash-lite,v6,sa_drop_invalid,mv1,hindi,Explicit-Flirting,1.0,33,84,0,0,33,84,,0.0,1.0,0.72,,,call;call;call;call;call;call;call;call;call;call;call;call;call;call;call;call;call;call;call;call;421661435;422797054;423887482;424793843;424880310;425134890;425141339;425778316;426108828;426126833;426127716;426593829;426853539,0,0,64,,,0.0,0,78,0,False
gemini-3.1-flash-lite,v6,sa_drop_invalid,mv1,hindi,Explicit-Flirting,none,33,84,15,10,18,74,0.6,0.45,0.88,0.76,0.52,call;call;call;call;call;call;call;call;call;426107744,call;call;call;call;call;call;call;call;call;422797054;423887482;424793843;425778316;426108828;426126833;426127716;426593829;426853539,24,54,40,,0.31,0.38,78,78,0,False
gemini-3.1-flash-lite,v6,sa_drop_invalid,mv1,hindi,ALL,0.0,58,59,45,16,13,43,0.74,0.78,0.73,0.75,0.76,call;call;call;call;call;call;call;call;call;call;call;call;call;420599099;426107744;426610557,call;call;call;call;call;call;call;423958539;424793843;426108828;426126833;426127716;426853539,78,129,60,,0.38,0.57,207,207,0,False
gemini-3.1-flash-lite,v6,sa_drop_invalid,mv1,hindi,ALL,0.1,58,59,45,16,13,43,0.74,0.78,0.73,0.75,0.76,call;call;call;call;call;call;call;call;call;call;call;call;call;420599099;426107744;426610557,call;call;call;call;call;call;call;423958539;424793843;426108828;426126833;426127716;426853539,78,129,60,,0.38,0.57,207,207,0,False
gemini-3.1-flash-lite,v6,sa_drop_invalid,mv1,hindi,ALL,0.2,58,59,45,11,13,48,0.8,0.78,0.81,0.79,0.79,call;call;call;call;call;call;call;call;call;call;426610557,call;call;call;call;call;call;call;423958539;424793843;426108828;426126833;426127716;426853539,77,95,61,,0.45,0.56,172,207,0,False
gemini-3.1-flash-lite,v6,sa_drop_invalid,mv1,hindi,ALL,0.3,58,59,45,11,13,48,0.8,0.78,0.81,0.79,0.79,call;call;call;call;call;call;call;call;call;call;426610557,call;call;call;call;call;call;call;423958539;424793843;426108828;426126833;426127716;426853539,77,95,61,,0.45,0.56,172,207,0,False
gemini-3.1-flash-lite,v6,sa_drop_invalid,mv1,hindi,ALL,0.4,58,59,44,8,14,51,0.85,0.76,0.86,0.81,0.8,call;call;call;call;call;call;call;426610557,call;call;call;call;call;call;call;421661435;423958539;424793843;426108828;426126833;426127716;426853539,76,78,62,,0.49,0.55,154,207,0,False
gemini-3.1-flash-lite,v6,sa_drop_invalid,mv1,hindi,ALL,0.5,58,59,44,8,14,51,0.85,0.76,0.86,0.81,0.8,call;call;call;call;call;call;call;426610557,call;call;call;call;call;call;call;421661435;423958539;424793843;426108828;426126833;426127716;426853539,76,78,62,,0.49,0.55,154,207,0,False
gemini-3.1-flash-lite,v6,sa_drop_invalid,mv1,hindi,ALL,0.6,58,59,44,8,14,51,0.85,0.76,0.86,0.81,0.8,call;call;call;call;call;call;call;426610557,call;call;call;call;call;call;call;421661435;423958539;424793843;426108828;426126833;426127716;426853539,76,78,62,,0.49,0.55,154,207,0,False
gemini-3.1-flash-lite,v6,sa_drop_invalid,mv1,hindi,ALL,0.7,58,59,40,6,18,53,0.87,0.69,0.9,0.79,0.77,call;call;call;call;call;426610557,call;call;call;call;call;call;call;call;call;call;421661435;423958539;424793843;425778316;426108828;426126833;426127716;426853539,69,61,69,,0.53,0.5,130,207,0,False
gemini-3.1-flash-lite,v6,sa_drop_invalid,mv1,hindi,ALL,0.8,58,59,40,6,18,53,0.87,0.69,0.9,0.79,0.77,call;call;call;call;call;426610557,call;call;call;call;call;call;call;call;call;call;421661435;423958539;424793843;425778316;426108828;426126833;426127716;426853539,69,61,69,,0.53,0.5,130,207,0,False
gemini-3.1-flash-lite,v6,sa_drop_invalid,mv1,hindi,ALL,0.9,58,59,40,6,18,53,0.87,0.69,0.9,0.79,0.77,call;call;call;call;call;426610557,call;call;call;call;call;call;call;call;call;call;421661435;423958539;424793843;425778316;426108828;426126833;426127716;426853539,69,61,69,,0.53,0.5,130,207,0,False
gemini-3.1-flash-lite,v6,sa_drop_invalid,mv1,hindi,ALL,0.95,58,59,0,0,58,59,,0.0,1.0,0.5,,,call;call;call;call;call;call;call;call;call;call;call;call;call;call;call;call;call;call;call;call;call;call;call;call;call;call;call;call;call;call;call;call;call;call;call;call;call;call;call;call;420147298;421661435;421888258;422797054;423887482;423958539;423978016;424793843;424880310;425134890;425141339;425396309;425778316;426108828;426126833;426127716;426593829;426853539,0,0,138,,,0.0,0,207,0,False
gemini-3.1-flash-lite,v6,sa_drop_invalid,mv1,hindi,ALL,1.0,58,59,0,0,58,59,,0.0,1.0,0.5,,,call;call;call;call;call;call;call;call;call;call;call;call;call;call;call;call;call;call;call;call;call;call;call;call;call;call;call;call;call;call;call;call;call;call;call;call;call;call;call;call;420147298;421661435;421888258;422797054;423887482;423958539;423978016;424793843;424880310;425134890;425141339;425396309;425778316;426108828;426126833;426127716;426593829;426853539,0,0,138,,,0.0,0,207,0,False
gemini-3.1-flash-lite,v6,sa_drop_invalid,mv1,hindi,ALL,none,58,59,45,16,13,43,0.74,0.78,0.73,0.75,0.76,call;call;call;call;call;call;call;call;call;call;call;call;call;420599099;426107744;426610557,call;call;call;call;call;call;call;423958539;424793843;426108828;426126833;426127716;426853539,78,129,60,,0.38,0.57,207,207,0,False
gemini-3.1-flash-lite,v6,pp_full,mv1,hindi,PlatformMove,0.0,31,86,25,14,6,72,0.64,0.81,0.84,0.83,0.71,call;call;call;call;call;call;call;call;call;call;call;420599099;424880310;426610557,call;call;call;423887482;423958539;425396309,32,57,12,,0.36,0.73,89,89,0,False
gemini-3.1-flash-lite,v6,pp_full,mv1,hindi,PlatformMove,0.1,31,86,25,14,6,72,0.64,0.81,0.84,0.83,0.71,call;call;call;call;call;call;call;call;call;call;call;420599099;424880310;426610557,call;call;call;423887482;423958539;425396309,32,57,12,,0.36,0.73,89,89,0,False
gemini-3.1-flash-lite,v6,pp_full,mv1,hindi,PlatformMove,0.2,31,86,25,9,6,77,0.74,0.81,0.9,0.87,0.77,call;call;call;call;call;call;call;call;426610557,call;call;call;423887482;423958539;425396309,31,42,13,,0.42,0.7,73,89,0,False
gemini-3.1-flash-lite,v6,pp_full,mv1,hindi,PlatformMove,0.3,31,86,25,9,6,77,0.74,0.81,0.9,0.87,0.77,call;call;call;call;call;call;call;call;426610557,call;call;call;423887482;423958539;425396309,31,42,13,,0.42,0.7,73,89,0,False
gemini-3.1-flash-lite,v6,pp_full,mv1,hindi,PlatformMove,0.4,31,86,25,9,6,77,0.74,0.81,0.9,0.87,0.77,call;call;call;call;call;call;call;call;426610557,call;call;call;423887482;423958539;425396309,31,39,13,,0.44,0.7,70,89,0,False
gemini-3.1-flash-lite,v6,pp_full,mv1,hindi,PlatformMove,0.5,31,86,25,9,6,77,0.74,0.81,0.9,0.87,0.77,call;call;call;call;call;call;call;call;426610557,call;call;call;423887482;423958539;425396309,31,39,13,,0.44,0.7,70,89,0,False
gemini-3.1-flash-lite,v6,pp_full,mv1,hindi,PlatformMove,0.6,31,86,25,9,6,77,0.74,0.81,0.9,0.87,0.77,call;call;call;call;call;call;call;call;426610557,call;call;call;423887482;423958539;425396309,31,39,13,,0.44,0.7,70,89,0,False
gemini-3.1-flash-lite,v6,pp_full,mv1,hindi,PlatformMove,0.7,31,86,23,8,8,78,0.74,0.74,0.91,0.86,0.74,call;call;call;call;call;call;call;426610557,call;call;call;call;call;423887482;423958539;425396309,29,35,15,,0.45,0.66,64,89,0,False
gemini-3.1-flash-lite,v6,pp_full,mv1,hindi,PlatformMove,0.8,31,86,23,8,8,78,0.74,0.74,0.91,0.86,0.74,call;call;call;call;call;call;call;426610557,call;call;call;call;call;423887482;423958539;425396309,29,35,15,,0.45,0.66,64,89,0,False
gemini-3.1-flash-lite,v6,pp_full,mv1,hindi,PlatformMove,0.9,31,86,23,8,8,78,0.74,0.74,0.91,0.86,0.74,call;call;call;call;call;call;call;426610557,call;call;call;call;call;423887482;423958539;425396309,29,35,15,,0.45,0.66,64,89,0,False
gemini-3.1-flash-lite,v6,pp_full,mv1,hindi,PlatformMove,0.95,31,86,0,0,31,86,,0.0,1.0,0.74,,,call;call;call;call;call;call;call;call;call;call;call;call;call;call;call;call;call;call;call;call;call;call;call;420147298;421888258;422797054;423887482;423958539;423978016;425396309;426593829,0,0,44,,,0.0,0,89,0,False
gemini-3.1-flash-lite,v6,pp_full,mv1,hindi,PlatformMove,1.0,31,86,0,0,31,86,,0.0,1.0,0.74,,,call;call;call;call;call;call;call;call;call;call;call;call;call;call;call;call;call;call;call;call;call;call;call;420147298;421888258;422797054;423887482;423958539;423978016;425396309;426593829,0,0,44,,,0.0,0,89,0,False
gemini-3.1-flash-lite,v6,pp_full,mv1,hindi,PlatformMove,none,31,86,25,14,6,72,0.64,0.81,0.84,0.83,0.71,call;call;call;call;call;call;call;call;call;call;call;420599099;424880310;426610557,call;call;call;423887482;423958539;425396309,32,57,12,,0.36,0.73,89,89,0,False
gemini-3.1-flash-lite,v6,pp_full,mv1,hindi,SuspiciousActivity,0.0,21,96,19,4,2,92,0.83,0.9,0.96,0.95,0.86,call;call;call;call,call;call,22,18,8,,0.55,0.73,40,40,0,False
gemini-3.1-flash-lite,v6,pp_full,mv1,hindi,SuspiciousActivity,0.1,21,96,19,4,2,92,0.83,0.9,0.96,0.95,0.86,call;call;call;call,call;call,22,18,8,,0.55,0.73,40,40,0,False
gemini-3.1-flash-lite,v6,pp_full,mv1,hindi,SuspiciousActivity,0.2,21,96,18,3,3,93,0.86,0.86,0.97,0.95,0.86,call;call;call,call;call;call,22,14,8,,0.61,0.73,36,40,0,False
gemini-3.1-flash-lite,v6,pp_full,mv1,hindi,SuspiciousActivity,0.3,21,96,18,3,3,93,0.86,0.86,0.97,0.95,0.86,call;call;call,call;call;call,22,14,8,,0.61,0.73,36,40,0,False
gemini-3.1-flash-lite,v6,pp_full,mv1,hindi,SuspiciousActivity,0.4,21,96,18,3,3,93,0.86,0.86,0.97,0.95,0.86,call;call;call,call;call;call,22,13,8,,0.63,0.73,35,40,0,False
gemini-3.1-flash-lite,v6,pp_full,mv1,hindi,SuspiciousActivity,0.5,21,96,18,3,3,93,0.86,0.86,0.97,0.95,0.86,call;call;call,call;call;call,22,13,8,,0.63,0.73,35,40,0,False
gemini-3.1-flash-lite,v6,pp_full,mv1,hindi,SuspiciousActivity,0.6,21,96,18,3,3,93,0.86,0.86,0.97,0.95,0.86,call;call;call,call;call;call,22,13,8,,0.63,0.73,35,40,0,False
gemini-3.1-flash-lite,v6,pp_full,mv1,hindi,SuspiciousActivity,0.7,21,96,17,2,4,94,0.89,0.81,0.98,0.95,0.85,call;call,call;call;call;425778316,18,10,12,,0.64,0.6,28,40,0,False
gemini-3.1-flash-lite,v6,pp_full,mv1,hindi,SuspiciousActivity,0.8,21,96,17,2,4,94,0.89,0.81,0.98,0.95,0.85,call;call,call;call;call;425778316,18,10,12,,0.64,0.6,28,40,0,False
gemini-3.1-flash-lite,v6,pp_full,mv1,hindi,SuspiciousActivity,0.9,21,96,17,2,4,94,0.89,0.81,0.98,0.95,0.85,call;call,call;call;call;425778316,18,10,12,,0.64,0.6,28,40,0,False
gemini-3.1-flash-lite,v6,pp_full,mv1,hindi,SuspiciousActivity,0.95,21,96,0,0,21,96,,0.0,1.0,0.82,,,call;call;call;call;call;call;call;call;call;call;call;call;call;call;call;422797054;423887482;423978016;425396309;425778316;426593829,0,0,30,,,0.0,0,40,0,False
gemini-3.1-flash-lite,v6,pp_full,mv1,hindi,SuspiciousActivity,1.0,21,96,0,0,21,96,,0.0,1.0,0.82,,,call;call;call;call;call;call;call;call;call;call;call;call;call;call;call;422797054;423887482;423978016;425396309;425778316;426593829,0,0,30,,,0.0,0,40,0,False
gemini-3.1-flash-lite,v6,pp_full,mv1,hindi,SuspiciousActivity,none,21,96,19,4,2,92,0.83,0.9,0.96,0.95,0.86,call;call;call;call,call;call,22,18,8,,0.55,0.73,40,40,0,False
gemini-3.1-flash-lite,v6,pp_full,mv1,hindi,Explicit-Flirting,0.0,33,84,15,10,18,74,0.6,0.45,0.88,0.76,0.52,call;call;call;call;call;call;call;call;call;426107744,call;call;call;call;call;call;call;call;call;422797054;423887482;424793843;425778316;426108828;426126833;426127716;426593829;426853539,24,54,40,,0.31,0.38,78,78,0,False
gemini-3.1-flash-lite,v6,pp_full,mv1,hindi,Explicit-Flirting,0.1,33,84,15,10,18,74,0.6,0.45,0.88,0.76,0.52,call;call;call;call;call;call;call;call;call;426107744,call;call;call;call;call;call;call;call;call;422797054;423887482;424793843;425778316;426108828;426126833;426127716;426593829;426853539,24,54,40,,0.31,0.38,78,78,0,False
gemini-3.1-flash-lite,v6,pp_full,mv1,hindi,Explicit-Flirting,0.2,33,84,15,5,18,79,0.75,0.45,0.94,0.8,0.57,call;call;call;call;call,call;call;call;call;call;call;call;call;call;422797054;423887482;424793843;425778316;426108828;426126833;426127716;426593829;426853539,24,39,40,,0.38,0.38,63,78,0,False
gemini-3.1-flash-lite,v6,pp_full,mv1,hindi,Explicit-Flirting,0.3,33,84,15,5,18,79,0.75,0.45,0.94,0.8,0.57,call;call;call;call;call,call;call;call;call;call;call;call;call;call;422797054;423887482;424793843;425778316;426108828;426126833;426127716;426593829;426853539,24,39,40,,0.38,0.38,63,78,0,False
gemini-3.1-flash-lite,v6,pp_full,mv1,hindi,Explicit-Flirting,0.4,33,84,14,2,19,82,0.88,0.42,0.98,0.82,0.57,call;call,call;call;call;call;call;call;call;call;call;421661435;422797054;423887482;424793843;425778316;426108828;426126833;426127716;426593829;426853539,23,26,41,,0.47,0.36,49,78,0,False
gemini-3.1-flash-lite,v6,pp_full,mv1,hindi,Explicit-Flirting,0.5,33,84,14,2,19,82,0.88,0.42,0.98,0.82,0.57,call;call,call;call;call;call;call;call;call;call;call;421661435;422797054;423887482;424793843;425778316;426108828;426126833;426127716;426593829;426853539,23,26,41,,0.47,0.36,49,78,0,False
gemini-3.1-flash-lite,v6,pp_full,mv1,hindi,Explicit-Flirting,0.6,33,84,14,2,19,82,0.88,0.42,0.98,0.82,0.57,call;call,call;call;call;call;call;call;call;call;call;421661435;422797054;423887482;424793843;425778316;426108828;426126833;426127716;426593829;426853539,23,26,41,,0.47,0.36,49,78,0,False
gemini-3.1-flash-lite,v6,pp_full,mv1,hindi,Explicit-Flirting,0.7,33,84,13,1,20,83,0.93,0.39,0.99,0.82,0.55,call,call;call;call;call;call;call;call;call;call;call;421661435;422797054;423887482;424793843;425778316;426108828;426126833;426127716;426593829;426853539,22,16,42,,0.58,0.34,38,78,0,False
gemini-3.1-flash-lite,v6,pp_full,mv1,hindi,Explicit-Flirting,0.8,33,84,13,1,20,83,0.93,0.39,0.99,0.82,0.55,call,call;call;call;call;call;call;call;call;call;call;421661435;422797054;423887482;424793843;425778316;426108828;426126833;426127716;426593829;426853539,22,16,42,,0.58,0.34,38,78,0,False
gemini-3.1-flash-lite,v6,pp_full,mv1,hindi,Explicit-Flirting,0.9,33,84,13,1,20,83,0.93,0.39,0.99,0.82,0.55,call,call;call;call;call;call;call;call;call;call;call;421661435;422797054;423887482;424793843;425778316;426108828;426126833;426127716;426593829;426853539,22,16,42,,0.58,0.34,38,78,0,False
gemini-3.1-flash-lite,v6,pp_full,mv1,hindi,Explicit-Flirting,0.95,33,84,0,0,33,84,,0.0,1.0,0.72,,,call;call;call;call;call;call;call;call;call;call;call;call;call;call;call;call;call;call;call;call;421661435;422797054;423887482;424793843;424880310;425134890;425141339;425778316;426108828;426126833;426127716;426593829;426853539,0,0,64,,,0.0,0,78,0,False
gemini-3.1-flash-lite,v6,pp_full,mv1,hindi,Explicit-Flirting,1.0,33,84,0,0,33,84,,0.0,1.0,0.72,,,call;call;call;call;call;call;call;call;call;call;call;call;call;call;call;call;call;call;call;call;421661435;422797054;423887482;424793843;424880310;425134890;425141339;425778316;426108828;426126833;426127716;426593829;426853539,0,0,64,,,0.0,0,78,0,False
gemini-3.1-flash-lite,v6,pp_full,mv1,hindi,Explicit-Flirting,none,33,84,15,10,18,74,0.6,0.45,0.88,0.76,0.52,call;call;call;call;call;call;call;call;call;426107744,call;call;call;call;call;call;call;call;call;422797054;423887482;424793843;425778316;426108828;426126833;426127716;426593829;426853539,24,54,40,,0.31,0.38,78,78,0,False
gemini-3.1-flash-lite,v6,pp_full,mv1,hindi,ALL,0.0,58,59,45,16,13,43,0.74,0.78,0.73,0.75,0.76,call;call;call;call;call;call;call;call;call;call;call;call;call;420599099;426107744;426610557,call;call;call;call;call;call;call;423958539;424793843;426108828;426126833;426127716;426853539,78,129,60,,0.38,0.57,207,207,0,False
gemini-3.1-flash-lite,v6,pp_full,mv1,hindi,ALL,0.1,58,59,45,16,13,43,0.74,0.78,0.73,0.75,0.76,call;call;call;call;call;call;call;call;call;call;call;call;call;420599099;426107744;426610557,call;call;call;call;call;call;call;423958539;424793843;426108828;426126833;426127716;426853539,78,129,60,,0.38,0.57,207,207,0,False
gemini-3.1-flash-lite,v6,pp_full,mv1,hindi,ALL,0.2,58,59,45,11,13,48,0.8,0.78,0.81,0.79,0.79,call;call;call;call;call;call;call;call;call;call;426610557,call;call;call;call;call;call;call;423958539;424793843;426108828;426126833;426127716;426853539,77,95,61,,0.45,0.56,172,207,0,False
gemini-3.1-flash-lite,v6,pp_full,mv1,hindi,ALL,0.3,58,59,45,11,13,48,0.8,0.78,0.81,0.79,0.79,call;call;call;call;call;call;call;call;call;call;426610557,call;call;call;call;call;call;call;423958539;424793843;426108828;426126833;426127716;426853539,77,95,61,,0.45,0.56,172,207,0,False
gemini-3.1-flash-lite,v6,pp_full,mv1,hindi,ALL,0.4,58,59,44,8,14,51,0.85,0.76,0.86,0.81,0.8,call;call;call;call;call;call;call;426610557,call;call;call;call;call;call;call;421661435;423958539;424793843;426108828;426126833;426127716;426853539,76,78,62,,0.49,0.55,154,207,0,False
gemini-3.1-flash-lite,v6,pp_full,mv1,hindi,ALL,0.5,58,59,44,8,14,51,0.85,0.76,0.86,0.81,0.8,call;call;call;call;call;call;call;426610557,call;call;call;call;call;call;call;421661435;423958539;424793843;426108828;426126833;426127716;426853539,76,78,62,,0.49,0.55,154,207,0,False
gemini-3.1-flash-lite,v6,pp_full,mv1,hindi,ALL,0.6,58,59,44,8,14,51,0.85,0.76,0.86,0.81,0.8,call;call;call;call;call;call;call;426610557,call;call;call;call;call;call;call;421661435;423958539;424793843;426108828;426126833;426127716;426853539,76,78,62,,0.49,0.55,154,207,0,False
gemini-3.1-flash-lite,v6,pp_full,mv1,hindi,ALL,0.7,58,59,40,6,18,53,0.87,0.69,0.9,0.79,0.77,call;call;call;call;call;426610557,call;call;call;call;call;call;call;call;call;call;421661435;423958539;424793843;425778316;426108828;426126833;426127716;426853539,69,61,69,,0.53,0.5,130,207,0,False
gemini-3.1-flash-lite,v6,pp_full,mv1,hindi,ALL,0.8,58,59,40,6,18,53,0.87,0.69,0.9,0.79,0.77,call;call;call;call;call;426610557,call;call;call;call;call;call;call;call;call;call;421661435;423958539;424793843;425778316;426108828;426126833;426127716;426853539,69,61,69,,0.53,0.5,130,207,0,False
gemini-3.1-flash-lite,v6,pp_full,mv1,hindi,ALL,0.9,58,59,40,6,18,53,0.87,0.69,0.9,0.79,0.77,call;call;call;call;call;426610557,call;call;call;call;call;call;call;call;call;call;421661435;423958539;424793843;425778316;426108828;426126833;426127716;426853539,69,61,69,,0.53,0.5,130,207,0,False
gemini-3.1-flash-lite,v6,pp_full,mv1,hindi,ALL,0.95,58,59,0,0,58,59,,0.0,1.0,0.5,,,call;call;call;call;call;call;call;call;call;call;call;call;call;call;call;call;call;call;call;call;call;call;call;call;call;call;call;call;call;call;call;call;call;call;call;call;call;call;call;call;420147298;421661435;421888258;422797054;423887482;423958539;423978016;424793843;424880310;425134890;425141339;425396309;425778316;426108828;426126833;426127716;426593829;426853539,0,0,138,,,0.0,0,207,0,False
gemini-3.1-flash-lite,v6,pp_full,mv1,hindi,ALL,1.0,58,59,0,0,58,59,,0.0,1.0,0.5,,,call;call;call;call;call;call;call;call;call;call;call;call;call;call;call;call;call;call;call;call;call;call;call;call;call;call;call;call;call;call;call;call;call;call;call;call;call;call;call;call;420147298;421661435;421888258;422797054;423887482;423958539;423978016;424793843;424880310;425134890;425141339;425396309;425778316;426108828;426126833;426127716;426593829;426853539,0,0,138,,,0.0,0,207,0,False
gemini-3.1-flash-lite,v6,pp_full,mv1,hindi,ALL,none,58,59,45,16,13,43,0.74,0.78,0.73,0.75,0.76,call;call;call;call;call;call;call;call;call;call;call;call;call;420599099;426107744;426610557,call;call;call;call;call;call;call;423958539;424793843;426108828;426126833;426127716;426853539,78,129,60,,0.38,0.57,207,207,0,False
gemini-3.1-flash-lite,v6,raw,mv1,tamil,PlatformMove,0.0,20,45,13,8,7,37,0.62,0.65,0.82,0.77,0.63,call;call;call;call;call;call;call;427308167,call;call;call;call;call;423104500;426662883,17,33,14,,0.34,0.55,50,50,0,False
gemini-3.1-flash-lite,v6,raw,mv1,tamil,PlatformMove,0.1,20,45,13,8,7,37,0.62,0.65,0.82,0.77,0.63,call;call;call;call;call;call;call;427308167,call;call;call;call;call;423104500;426662883,17,33,14,,0.34,0.55,50,50,0,False
gemini-3.1-flash-lite,v6,raw,mv1,tamil,PlatformMove,0.2,20,45,13,5,7,40,0.72,0.65,0.89,0.82,0.68,call;call;call;call;427308167,call;call;call;call;call;423104500;426662883,17,28,14,,0.38,0.55,45,50,0,False
gemini-3.1-flash-lite,v6,raw,mv1,tamil,PlatformMove,0.3,20,45,13,5,7,40,0.72,0.65,0.89,0.82,0.68,call;call;call;call;427308167,call;call;call;call;call;423104500;426662883,17,28,14,,0.38,0.55,45,50,0,False
gemini-3.1-flash-lite,v6,raw,mv1,tamil,PlatformMove,0.4,20,45,11,2,9,43,0.85,0.55,0.96,0.83,0.67,call;call,call;call;call;call;call;423104500;425656790;426597928;426662883,15,21,16,,0.42,0.48,36,50,0,False
gemini-3.1-flash-lite,v6,raw,mv1,tamil,PlatformMove,0.5,20,45,11,2,9,43,0.85,0.55,0.96,0.83,0.67,call;call,call;call;call;call;call;423104500;425656790;426597928;426662883,15,21,16,,0.42,0.48,36,50,0,False
gemini-3.1-flash-lite,v6,raw,mv1,tamil,PlatformMove,0.6,20,45,11,2,9,43,0.85,0.55,0.96,0.83,0.67,call;call,call;call;call;call;call;423104500;425656790;426597928;426662883,15,21,16,,0.42,0.48,36,50,0,False
gemini-3.1-flash-lite,v6,raw,mv1,tamil,PlatformMove,0.7,20,45,11,2,9,43,0.85,0.55,0.96,0.83,0.67,call;call,call;call;call;call;call;423104500;425656790;426597928;426662883,15,20,16,,0.43,0.48,35,50,0,False
gemini-3.1-flash-lite,v6,raw,mv1,tamil,PlatformMove,0.8,20,45,11,2,9,43,0.85,0.55,0.96,0.83,0.67,call;call,call;call;call;call;call;423104500;425656790;426597928;426662883,15,20,16,,0.43,0.48,35,50,0,False
gemini-3.1-flash-lite,v6,raw,mv1,tamil,PlatformMove,0.9,20,45,11,2,9,43,0.85,0.55,0.96,0.83,0.67,call;call,call;call;call;call;call;423104500;425656790;426597928;426662883,15,20,16,,0.43,0.48,35,50,0,False
gemini-3.1-flash-lite,v6,raw,mv1,tamil,PlatformMove,0.95,20,45,0,0,20,45,,0.0,1.0,0.69,,,call;call;call;call;call;call;call;call;call;call;call;call;423104500;425656790;426023290;426573210;426597928;426634262;426647598;426662883,0,0,31,,,0.0,0,50,0,False
gemini-3.1-flash-lite,v6,raw,mv1,tamil,PlatformMove,1.0,20,45,0,0,20,45,,0.0,1.0,0.69,,,call;call;call;call;call;call;call;call;call;call;call;call;423104500;425656790;426023290;426573210;426597928;426634262;426647598;426662883,0,0,31,,,0.0,0,50,0,False
gemini-3.1-flash-lite,v6,raw,mv1,tamil,PlatformMove,none,20,45,13,8,7,37,0.62,0.65,0.82,0.77,0.63,call;call;call;call;call;call;call;427308167,call;call;call;call;call;423104500;426662883,17,33,14,,0.34,0.55,50,50,0,False
gemini-3.1-flash-lite,v6,raw,mv1,tamil,SuspiciousActivity,0.0,11,54,7,6,4,48,0.54,0.64,0.89,0.85,0.58,call;call;call;call;425656790;427308167,call;call;426023290;426597928,7,13,6,,0.35,0.54,20,20,0,False
gemini-3.1-flash-lite,v6,raw,mv1,tamil,SuspiciousActivity,0.1,11,54,7,6,4,48,0.54,0.64,0.89,0.85,0.58,call;call;call;call;425656790;427308167,call;call;426023290;426597928,7,13,6,,0.35,0.54,20,20,0,False
gemini-3.1-flash-lite,v6,raw,mv1,tamil,SuspiciousActivity,0.2,11,54,7,6,4,48,0.54,0.64,0.89,0.85,0.58,call;call;call;call;425656790;427308167,call;call;426023290;426597928,7,13,6,,0.35,0.54,20,20,0,False
gemini-3.1-flash-lite,v6,raw,mv1,tamil,SuspiciousActivity,0.3,11,54,7,6,4,48,0.54,0.64,0.89,0.85,0.58,call;call;call;call;425656790;427308167,call;call;426023290;426597928,7,13,6,,0.35,0.54,20,20,0,False
gemini-3.1-flash-lite,v6,raw,mv1,tamil,SuspiciousActivity,0.4,11,54,7,2,4,52,0.78,0.64,0.96,0.91,0.7,call;call,call;call;426023290;426597928,7,9,6,,0.44,0.54,16,20,0,False
gemini-3.1-flash-lite,v6,raw,mv1,tamil,SuspiciousActivity,0.5,11,54,7,2,4,52,0.78,0.64,0.96,0.91,0.7,call;call,call;call;426023290;426597928,7,9,6,,0.44,0.54,16,20,0,False
gemini-3.1-flash-lite,v6,raw,mv1,tamil,SuspiciousActivity,0.6,11,54,7,2,4,52,0.78,0.64,0.96,0.91,0.7,call;call,call;call;426023290;426597928,7,9,6,,0.44,0.54,16,20,0,False
gemini-3.1-flash-lite,v6,raw,mv1,tamil,SuspiciousActivity,0.7,11,54,6,2,5,52,0.75,0.55,0.96,0.89,0.63,call;call,call;call;call;426023290;426597928,6,8,7,,0.43,0.46,14,20,0,False
gemini-3.1-flash-lite,v6,raw,mv1,tamil,SuspiciousActivity,0.8,11,54,6,2,5,52,0.75,0.55,0.96,0.89,0.63,call;call,call;call;call;426023290;426597928,6,8,7,,0.43,0.46,14,20,0,False
gemini-3.1-flash-lite,v6,raw,mv1,tamil,SuspiciousActivity,0.9,11,54,6,2,5,52,0.75,0.55,0.96,0.89,0.63,call;call,call;call;call;426023290;426597928,6,8,7,,0.43,0.46,14,20,0,False
gemini-3.1-flash-lite,v6,raw,mv1,tamil,SuspiciousActivity,0.95,11,54,0,0,11,54,,0.0,1.0,0.83,,,call;call;call;call;call;call;call;423104500;423163427;426023290;426597928,0,0,13,,,0.0,0,20,0,False
gemini-3.1-flash-lite,v6,raw,mv1,tamil,SuspiciousActivity,1.0,11,54,0,0,11,54,,0.0,1.0,0.83,,,call;call;call;call;call;call;call;423104500;423163427;426023290;426597928,0,0,13,,,0.0,0,20,0,False
gemini-3.1-flash-lite,v6,raw,mv1,tamil,SuspiciousActivity,none,11,54,7,6,4,48,0.54,0.64,0.89,0.85,0.58,call;call;call;call;425656790;427308167,call;call;426023290;426597928,7,13,6,,0.35,0.54,20,20,0,False
gemini-3.1-flash-lite,v6,raw,mv1,tamil,Explicit-Flirting,0.0,20,45,8,5,12,40,0.62,0.4,0.89,0.74,0.48,call;call;call;426573210;427308167,call;call;call;421961206;424950341;425656790;426593601;426620137;426633368;426634262;426662883;427307746,8,33,42,,0.2,0.16,41,41,0,False
gemini-3.1-flash-lite,v6,raw,mv1,tamil,Explicit-Flirting,0.1,20,45,8,5,12,40,0.62,0.4,0.89,0.74,0.48,call;call;call;426573210;427308167,call;call;call;421961206;424950341;425656790;426593601;426620137;426633368;426634262;426662883;427307746,8,33,42,,0.2,0.16,41,41,0,False
gemini-3.1-flash-lite,v6,raw,mv1,tamil,Explicit-Flirting,0.2,20,45,8,5,12,40,0.62,0.4,0.89,0.74,0.48,call;call;call;426573210;427308167,call;call;call;421961206;424950341;425656790;426593601;426620137;426633368;426634262;426662883;427307746,8,30,42,,0.21,0.16,38,41,0,False
gemini-3.1-flash-lite,v6,raw,mv1,tamil,Explicit-Flirting,0.3,20,45,8,5,12,40,0.62,0.4,0.89,0.74,0.48,call;call;call;426573210;427308167,call;call;call;421961206;424950341;425656790;426593601;426620137;426633368;426634262;426662883;427307746,8,30,42,,0.21,0.16,38,41,0,False
gemini-3.1-flash-lite,v6,raw,mv1,tamil,Explicit-Flirting,0.4,20,45,8,0,12,45,1.0,0.4,1.0,0.82,0.57,,call;call;call;421961206;424950341;425656790;426593601;426620137;426633368;426634262;426662883;427307746,8,13,42,,0.38,0.16,21,41,0,False
gemini-3.1-flash-lite,v6,raw,mv1,tamil,Explicit-Flirting,0.5,20,45,8,0,12,45,1.0,0.4,1.0,0.82,0.57,,call;call;call;421961206;424950341;425656790;426593601;426620137;426633368;426634262;426662883;427307746,8,13,42,,0.38,0.16,21,41,0,False
gemini-3.1-flash-lite,v6,raw,mv1,tamil,Explicit-Flirting,0.6,20,45,8,0,12,45,1.0,0.4,1.0,0.82,0.57,,call;call;call;421961206;424950341;425656790;426593601;426620137;426633368;426634262;426662883;427307746,8,13,42,,0.38,0.16,21,41,0,False
gemini-3.1-flash-lite,v6,raw,mv1,tamil,Explicit-Flirting,0.7,20,45,8,0,12,45,1.0,0.4,1.0,0.82,0.57,,call;call;call;421961206;424950341;425656790;426593601;426620137;426633368;426634262;426662883;427307746,8,11,42,,0.42,0.16,19,41,0,False
gemini-3.1-flash-lite,v6,raw,mv1,tamil,Explicit-Flirting,0.8,20,45,8,0,12,45,1.0,0.4,1.0,0.82,0.57,,call;call;call;421961206;424950341;425656790;426593601;426620137;426633368;426634262;426662883;427307746,8,11,42,,0.42,0.16,19,41,0,False
gemini-3.1-flash-lite,v6,raw,mv1,tamil,Explicit-Flirting,0.9,20,45,8,0,12,45,1.0,0.4,1.0,0.82,0.57,,call;call;call;421961206;424950341;425656790;426593601;426620137;426633368;426634262;426662883;427307746,8,11,42,,0.42,0.16,19,41,0,False
gemini-3.1-flash-lite,v6,raw,mv1,tamil,Explicit-Flirting,0.95,20,45,0,0,20,45,,0.0,1.0,0.69,,,call;call;call;call;call;call;call;call;call;call;421961206;424950341;425392837;425656790;426593601;426620137;426633368;426634262;426662883;427307746,0,0,50,,,0.0,0,41,0,False
gemini-3.1-flash-lite,v6,raw,mv1,tamil,Explicit-Flirting,1.0,20,45,0,0,20,45,,0.0,1.0,0.69,,,call;call;call;call;call;call;call;call;call;call;421961206;424950341;425392837;425656790;426593601;426620137;426633368;426634262;426662883;427307746,0,0,50,,,0.0,0,41,0,False
gemini-3.1-flash-lite,v6,raw,mv1,tamil,Explicit-Flirting,none,20,45,8,5,12,40,0.62,0.4,0.89,0.74,0.48,call;call;call;426573210;427308167,call;call;call;421961206;424950341;425656790;426593601;426620137;426633368;426634262;426662883;427307746,8,33,42,,0.2,0.16,41,41,0,False
gemini-3.1-flash-lite,v6,raw,mv1,tamil,ALL,0.0,34,31,21,8,13,23,0.72,0.62,0.74,0.68,0.67,call;call;call;call;call;call;call;427308167,call;call;call;call;call;call;421961206;424950341;426593601;426620137;426633368;426662883;427307746,32,79,62,,0.29,0.34,111,111,0,False
gemini-3.1-flash-lite,v6,raw,mv1,tamil,ALL,0.1,34,31,21,8,13,23,0.72,0.62,0.74,0.68,0.67,call;call;call;call;call;call;call;427308167,call;call;call;call;call;call;421961206;424950341;426593601;426620137;426633368;426662883;427307746,32,79,62,,0.29,0.34,111,111,0,False
gemini-3.1-flash-lite,v6,raw,mv1,tamil,ALL,0.2,34,31,21,7,13,24,0.75,0.62,0.77,0.69,0.68,call;call;call;call;call;call;427308167,call;call;call;call;call;call;421961206;424950341;426593601;426620137;426633368;426662883;427307746,32,71,62,,0.31,0.34,103,111,0,False
gemini-3.1-flash-lite,v6,raw,mv1,tamil,ALL,0.3,34,31,21,7,13,24,0.75,0.62,0.77,0.69,0.68,call;call;call;call;call;call;427308167,call;call;call;call;call;call;421961206;424950341;426593601;426620137;426633368;426662883;427307746,32,71,62,,0.31,0.34,103,111,0,False
gemini-3.1-flash-lite,v6,raw,mv1,tamil,ALL,0.4,34,31,19,1,15,30,0.95,0.56,0.97,0.75,0.7,call,call;call;call;call;call;call;421961206;424950341;425656790;426593601;426597928;426620137;426633368;426662883;427307746,30,43,64,,0.41,0.32,73,111,0,False
gemini-3.1-flash-lite,v6,raw,mv1,tamil,ALL,0.5,34,31,19,1,15,30,0.95,0.56,0.97,0.75,0.7,call,call;call;call;call;call;call;421961206;424950341;425656790;426593601;426597928;426620137;426633368;426662883;427307746,30,43,64,,0.41,0.32,73,111,0,False
gemini-3.1-flash-lite,v6,raw,mv1,tamil,ALL,0.6,34,31,19,1,15,30,0.95,0.56,0.97,0.75,0.7,call,call;call;call;call;call;call;421961206;424950341;425656790;426593601;426597928;426620137;426633368;426662883;427307746,30,43,64,,0.41,0.32,73,111,0,False
gemini-3.1-flash-lite,v6,raw,mv1,tamil,ALL,0.7,34,31,19,1,15,30,0.95,0.56,0.97,0.75,0.7,call,call;call;call;call;call;call;421961206;424950341;425656790;426593601;426597928;426620137;426633368;426662883;427307746,29,39,65,,0.43,0.31,68,111,0,False
gemini-3.1-flash-lite,v6,raw,mv1,tamil,ALL,0.8,34,31,19,1,15,30,0.95,0.56,0.97,0.75,0.7,call,call;call;call;call;call;call;421961206;424950341;425656790;426593601;426597928;426620137;426633368;426662883;427307746,29,39,65,,0.43,0.31,68,111,0,False
gemini-3.1-flash-lite,v6,raw,mv1,tamil,ALL,0.9,34,31,19,1,15,30,0.95,0.56,0.97,0.75,0.7,call,call;call;call;call;call;call;421961206;424950341;425656790;426593601;426597928;426620137;426633368;426662883;427307746,29,39,65,,0.43,0.31,68,111,0,False
gemini-3.1-flash-lite,v6,raw,mv1,tamil,ALL,0.95,34,31,0,0,34,31,,0.0,1.0,0.48,,,call;call;call;call;call;call;call;call;call;call;call;call;call;call;call;call;call;call;421961206;423104500;423163427;424950341;425392837;425656790;426023290;426573210;426593601;426597928;426620137;426633368;426634262;426647598;426662883;427307746,0,0,94,,,0.0,0,111,0,False
gemini-3.1-flash-lite,v6,raw,mv1,tamil,ALL,1.0,34,31,0,0,34,31,,0.0,1.0,0.48,,,call;call;call;call;call;call;call;call;call;call;call;call;call;call;call;call;call;call;421961206;423104500;423163427;424950341;425392837;425656790;426023290;426573210;426593601;426597928;426620137;426633368;426634262;426647598;426662883;427307746,0,0,94,,,0.0,0,111,0,False
gemini-3.1-flash-lite,v6,raw,mv1,tamil,ALL,none,34,31,21,8,13,23,0.72,0.62,0.74,0.68,0.67,call;call;call;call;call;call;call;427308167,call;call;call;call;call;call;421961206;424950341;426593601;426620137;426633368;426662883;427307746,32,79,62,,0.29,0.34,111,111,0,False
gemini-3.1-flash-lite,v6,sa,mv1,tamil,PlatformMove,0.0,20,45,13,8,7,37,0.62,0.65,0.82,0.77,0.63,call;call;call;call;call;call;call;427308167,call;call;call;call;call;423104500;426662883,17,33,14,,0.34,0.55,50,50,0,False
gemini-3.1-flash-lite,v6,sa,mv1,tamil,PlatformMove,0.1,20,45,13,8,7,37,0.62,0.65,0.82,0.77,0.63,call;call;call;call;call;call;call;427308167,call;call;call;call;call;423104500;426662883,17,33,14,,0.34,0.55,50,50,0,False
gemini-3.1-flash-lite,v6,sa,mv1,tamil,PlatformMove,0.2,20,45,13,5,7,40,0.72,0.65,0.89,0.82,0.68,call;call;call;call;427308167,call;call;call;call;call;423104500;426662883,17,28,14,,0.38,0.55,45,50,0,False
gemini-3.1-flash-lite,v6,sa,mv1,tamil,PlatformMove,0.3,20,45,13,5,7,40,0.72,0.65,0.89,0.82,0.68,call;call;call;call;427308167,call;call;call;call;call;423104500;426662883,17,28,14,,0.38,0.55,45,50,0,False
gemini-3.1-flash-lite,v6,sa,mv1,tamil,PlatformMove,0.4,20,45,11,2,9,43,0.85,0.55,0.96,0.83,0.67,call;call,call;call;call;call;call;423104500;425656790;426597928;426662883,15,21,16,,0.42,0.48,36,50,0,False
gemini-3.1-flash-lite,v6,sa,mv1,tamil,PlatformMove,0.5,20,45,11,2,9,43,0.85,0.55,0.96,0.83,0.67,call;call,call;call;call;call;call;423104500;425656790;426597928;426662883,15,21,16,,0.42,0.48,36,50,0,False
gemini-3.1-flash-lite,v6,sa,mv1,tamil,PlatformMove,0.6,20,45,11,2,9,43,0.85,0.55,0.96,0.83,0.67,call;call,call;call;call;call;call;423104500;425656790;426597928;426662883,15,21,16,,0.42,0.48,36,50,0,False
gemini-3.1-flash-lite,v6,sa,mv1,tamil,PlatformMove,0.7,20,45,11,2,9,43,0.85,0.55,0.96,0.83,0.67,call;call,call;call;call;call;call;423104500;425656790;426597928;426662883,15,20,16,,0.43,0.48,35,50,0,False
gemini-3.1-flash-lite,v6,sa,mv1,tamil,PlatformMove,0.8,20,45,11,2,9,43,0.85,0.55,0.96,0.83,0.67,call;call,call;call;call;call;call;423104500;425656790;426597928;426662883,15,20,16,,0.43,0.48,35,50,0,False
gemini-3.1-flash-lite,v6,sa,mv1,tamil,PlatformMove,0.9,20,45,11,2,9,43,0.85,0.55,0.96,0.83,0.67,call;call,call;call;call;call;call;423104500;425656790;426597928;426662883,15,20,16,,0.43,0.48,35,50,0,False
gemini-3.1-flash-lite,v6,sa,mv1,tamil,PlatformMove,0.95,20,45,0,0,20,45,,0.0,1.0,0.69,,,call;call;call;call;call;call;call;call;call;call;call;call;423104500;425656790;426023290;426573210;426597928;426634262;426647598;426662883,0,0,31,,,0.0,0,50,0,False
gemini-3.1-flash-lite,v6,sa,mv1,tamil,PlatformMove,1.0,20,45,0,0,20,45,,0.0,1.0,0.69,,,call;call;call;call;call;call;call;call;call;call;call;call;423104500;425656790;426023290;426573210;426597928;426634262;426647598;426662883,0,0,31,,,0.0,0,50,0,False
gemini-3.1-flash-lite,v6,sa,mv1,tamil,PlatformMove,none,20,45,13,8,7,37,0.62,0.65,0.82,0.77,0.63,call;call;call;call;call;call;call;427308167,call;call;call;call;call;423104500;426662883,17,33,14,,0.34,0.55,50,50,0,False
gemini-3.1-flash-lite,v6,sa,mv1,tamil,SuspiciousActivity,0.0,11,54,7,6,4,48,0.54,0.64,0.89,0.85,0.58,call;call;call;call;425656790;427308167,call;call;426023290;426597928,7,13,6,,0.35,0.54,20,20,0,False
gemini-3.1-flash-lite,v6,sa,mv1,tamil,SuspiciousActivity,0.1,11,54,7,6,4,48,0.54,0.64,0.89,0.85,0.58,call;call;call;call;425656790;427308167,call;call;426023290;426597928,7,13,6,,0.35,0.54,20,20,0,False
gemini-3.1-flash-lite,v6,sa,mv1,tamil,SuspiciousActivity,0.2,11,54,7,6,4,48,0.54,0.64,0.89,0.85,0.58,call;call;call;call;425656790;427308167,call;call;426023290;426597928,7,13,6,,0.35,0.54,20,20,0,False
gemini-3.1-flash-lite,v6,sa,mv1,tamil,SuspiciousActivity,0.3,11,54,7,6,4,48,0.54,0.64,0.89,0.85,0.58,call;call;call;call;425656790;427308167,call;call;426023290;426597928,7,13,6,,0.35,0.54,20,20,0,False
gemini-3.1-flash-lite,v6,sa,mv1,tamil,SuspiciousActivity,0.4,11,54,7,2,4,52,0.78,0.64,0.96,0.91,0.7,call;call,call;call;426023290;426597928,7,9,6,,0.44,0.54,16,20,0,False
gemini-3.1-flash-lite,v6,sa,mv1,tamil,SuspiciousActivity,0.5,11,54,7,2,4,52,0.78,0.64,0.96,0.91,0.7,call;call,call;call;426023290;426597928,7,9,6,,0.44,0.54,16,20,0,False
gemini-3.1-flash-lite,v6,sa,mv1,tamil,SuspiciousActivity,0.6,11,54,7,2,4,52,0.78,0.64,0.96,0.91,0.7,call;call,call;call;426023290;426597928,7,9,6,,0.44,0.54,16,20,0,False
gemini-3.1-flash-lite,v6,sa,mv1,tamil,SuspiciousActivity,0.7,11,54,6,2,5,52,0.75,0.55,0.96,0.89,0.63,call;call,call;call;call;426023290;426597928,6,8,7,,0.43,0.46,14,20,0,False
gemini-3.1-flash-lite,v6,sa,mv1,tamil,SuspiciousActivity,0.8,11,54,6,2,5,52,0.75,0.55,0.96,0.89,0.63,call;call,call;call;call;426023290;426597928,6,8,7,,0.43,0.46,14,20,0,False
gemini-3.1-flash-lite,v6,sa,mv1,tamil,SuspiciousActivity,0.9,11,54,6,2,5,52,0.75,0.55,0.96,0.89,0.63,call;call,call;call;call;426023290;426597928,6,8,7,,0.43,0.46,14,20,0,False
gemini-3.1-flash-lite,v6,sa,mv1,tamil,SuspiciousActivity,0.95,11,54,0,0,11,54,,0.0,1.0,0.83,,,call;call;call;call;call;call;call;423104500;423163427;426023290;426597928,0,0,13,,,0.0,0,20,0,False
gemini-3.1-flash-lite,v6,sa,mv1,tamil,SuspiciousActivity,1.0,11,54,0,0,11,54,,0.0,1.0,0.83,,,call;call;call;call;call;call;call;423104500;423163427;426023290;426597928,0,0,13,,,0.0,0,20,0,False
gemini-3.1-flash-lite,v6,sa,mv1,tamil,SuspiciousActivity,none,11,54,7,6,4,48,0.54,0.64,0.89,0.85,0.58,call;call;call;call;425656790;427308167,call;call;426023290;426597928,7,13,6,,0.35,0.54,20,20,0,False
gemini-3.1-flash-lite,v6,sa,mv1,tamil,Explicit-Flirting,0.0,20,45,8,5,12,40,0.62,0.4,0.89,0.74,0.48,call;call;call;426573210;427308167,call;call;call;421961206;424950341;425656790;426593601;426620137;426633368;426634262;426662883;427307746,8,33,42,,0.2,0.16,41,41,0,False
gemini-3.1-flash-lite,v6,sa,mv1,tamil,Explicit-Flirting,0.1,20,45,8,5,12,40,0.62,0.4,0.89,0.74,0.48,call;call;call;426573210;427308167,call;call;call;421961206;424950341;425656790;426593601;426620137;426633368;426634262;426662883;427307746,8,33,42,,0.2,0.16,41,41,0,False
gemini-3.1-flash-lite,v6,sa,mv1,tamil,Explicit-Flirting,0.2,20,45,8,5,12,40,0.62,0.4,0.89,0.74,0.48,call;call;call;426573210;427308167,call;call;call;421961206;424950341;425656790;426593601;426620137;426633368;426634262;426662883;427307746,8,30,42,,0.21,0.16,38,41,0,False
gemini-3.1-flash-lite,v6,sa,mv1,tamil,Explicit-Flirting,0.3,20,45,8,5,12,40,0.62,0.4,0.89,0.74,0.48,call;call;call;426573210;427308167,call;call;call;421961206;424950341;425656790;426593601;426620137;426633368;426634262;426662883;427307746,8,30,42,,0.21,0.16,38,41,0,False
gemini-3.1-flash-lite,v6,sa,mv1,tamil,Explicit-Flirting,0.4,20,45,8,0,12,45,1.0,0.4,1.0,0.82,0.57,,call;call;call;421961206;424950341;425656790;426593601;426620137;426633368;426634262;426662883;427307746,8,13,42,,0.38,0.16,21,41,0,False
gemini-3.1-flash-lite,v6,sa,mv1,tamil,Explicit-Flirting,0.5,20,45,8,0,12,45,1.0,0.4,1.0,0.82,0.57,,call;call;call;421961206;424950341;425656790;426593601;426620137;426633368;426634262;426662883;427307746,8,13,42,,0.38,0.16,21,41,0,False
gemini-3.1-flash-lite,v6,sa,mv1,tamil,Explicit-Flirting,0.6,20,45,8,0,12,45,1.0,0.4,1.0,0.82,0.57,,call;call;call;421961206;424950341;425656790;426593601;426620137;426633368;426634262;426662883;427307746,8,13,42,,0.38,0.16,21,41,0,False
gemini-3.1-flash-lite,v6,sa,mv1,tamil,Explicit-Flirting,0.7,20,45,8,0,12,45,1.0,0.4,1.0,0.82,0.57,,call;call;call;421961206;424950341;425656790;426593601;426620137;426633368;426634262;426662883;427307746,8,11,42,,0.42,0.16,19,41,0,False
gemini-3.1-flash-lite,v6,sa,mv1,tamil,Explicit-Flirting,0.8,20,45,8,0,12,45,1.0,0.4,1.0,0.82,0.57,,call;call;call;421961206;424950341;425656790;426593601;426620137;426633368;426634262;426662883;427307746,8,11,42,,0.42,0.16,19,41,0,False
gemini-3.1-flash-lite,v6,sa,mv1,tamil,Explicit-Flirting,0.9,20,45,8,0,12,45,1.0,0.4,1.0,0.82,0.57,,call;call;call;421961206;424950341;425656790;426593601;426620137;426633368;426634262;426662883;427307746,8,11,42,,0.42,0.16,19,41,0,False
gemini-3.1-flash-lite,v6,sa,mv1,tamil,Explicit-Flirting,0.95,20,45,0,0,20,45,,0.0,1.0,0.69,,,call;call;call;call;call;call;call;call;call;call;421961206;424950341;425392837;425656790;426593601;426620137;426633368;426634262;426662883;427307746,0,0,50,,,0.0,0,41,0,False
gemini-3.1-flash-lite,v6,sa,mv1,tamil,Explicit-Flirting,1.0,20,45,0,0,20,45,,0.0,1.0,0.69,,,call;call;call;call;call;call;call;call;call;call;421961206;424950341;425392837;425656790;426593601;426620137;426633368;426634262;426662883;427307746,0,0,50,,,0.0,0,41,0,False
gemini-3.1-flash-lite,v6,sa,mv1,tamil,Explicit-Flirting,none,20,45,8,5,12,40,0.62,0.4,0.89,0.74,0.48,call;call;call;426573210;427308167,call;call;call;421961206;424950341;425656790;426593601;426620137;426633368;426634262;426662883;427307746,8,33,42,,0.2,0.16,41,41,0,False
gemini-3.1-flash-lite,v6,sa,mv1,tamil,ALL,0.0,34,31,21,8,13,23,0.72,0.62,0.74,0.68,0.67,call;call;call;call;call;call;call;427308167,call;call;call;call;call;call;421961206;424950341;426593601;426620137;426633368;426662883;427307746,32,79,62,,0.29,0.34,111,111,0,False
gemini-3.1-flash-lite,v6,sa,mv1,tamil,ALL,0.1,34,31,21,8,13,23,0.72,0.62,0.74,0.68,0.67,call;call;call;call;call;call;call;427308167,call;call;call;call;call;call;421961206;424950341;426593601;426620137;426633368;426662883;427307746,32,79,62,,0.29,0.34,111,111,0,False
gemini-3.1-flash-lite,v6,sa,mv1,tamil,ALL,0.2,34,31,21,7,13,24,0.75,0.62,0.77,0.69,0.68,call;call;call;call;call;call;427308167,call;call;call;call;call;call;421961206;424950341;426593601;426620137;426633368;426662883;427307746,32,71,62,,0.31,0.34,103,111,0,False
gemini-3.1-flash-lite,v6,sa,mv1,tamil,ALL,0.3,34,31,21,7,13,24,0.75,0.62,0.77,0.69,0.68,call;call;call;call;call;call;427308167,call;call;call;call;call;call;421961206;424950341;426593601;426620137;426633368;426662883;427307746,32,71,62,,0.31,0.34,103,111,0,False
gemini-3.1-flash-lite,v6,sa,mv1,tamil,ALL,0.4,34,31,19,1,15,30,0.95,0.56,0.97,0.75,0.7,call,call;call;call;call;call;call;421961206;424950341;425656790;426593601;426597928;426620137;426633368;426662883;427307746,30,43,64,,0.41,0.32,73,111,0,False
gemini-3.1-flash-lite,v6,sa,mv1,tamil,ALL,0.5,34,31,19,1,15,30,0.95,0.56,0.97,0.75,0.7,call,call;call;call;call;call;call;421961206;424950341;425656790;426593601;426597928;426620137;426633368;426662883;427307746,30,43,64,,0.41,0.32,73,111,0,False
gemini-3.1-flash-lite,v6,sa,mv1,tamil,ALL,0.6,34,31,19,1,15,30,0.95,0.56,0.97,0.75,0.7,call,call;call;call;call;call;call;421961206;424950341;425656790;426593601;426597928;426620137;426633368;426662883;427307746,30,43,64,,0.41,0.32,73,111,0,False
gemini-3.1-flash-lite,v6,sa,mv1,tamil,ALL,0.7,34,31,19,1,15,30,0.95,0.56,0.97,0.75,0.7,call,call;call;call;call;call;call;421961206;424950341;425656790;426593601;426597928;426620137;426633368;426662883;427307746,29,39,65,,0.43,0.31,68,111,0,False
gemini-3.1-flash-lite,v6,sa,mv1,tamil,ALL,0.8,34,31,19,1,15,30,0.95,0.56,0.97,0.75,0.7,call,call;call;call;call;call;call;421961206;424950341;425656790;426593601;426597928;426620137;426633368;426662883;427307746,29,39,65,,0.43,0.31,68,111,0,False
gemini-3.1-flash-lite,v6,sa,mv1,tamil,ALL,0.9,34,31,19,1,15,30,0.95,0.56,0.97,0.75,0.7,call,call;call;call;call;call;call;421961206;424950341;425656790;426593601;426597928;426620137;426633368;426662883;427307746,29,39,65,,0.43,0.31,68,111,0,False
gemini-3.1-flash-lite,v6,sa,mv1,tamil,ALL,0.95,34,31,0,0,34,31,,0.0,1.0,0.48,,,call;call;call;call;call;call;call;call;call;call;call;call;call;call;call;call;call;call;421961206;423104500;423163427;424950341;425392837;425656790;426023290;426573210;426593601;426597928;426620137;426633368;426634262;426647598;426662883;427307746,0,0,94,,,0.0,0,111,0,False
gemini-3.1-flash-lite,v6,sa,mv1,tamil,ALL,1.0,34,31,0,0,34,31,,0.0,1.0,0.48,,,call;call;call;call;call;call;call;call;call;call;call;call;call;call;call;call;call;call;421961206;423104500;423163427;424950341;425392837;425656790;426023290;426573210;426593601;426597928;426620137;426633368;426634262;426647598;426662883;427307746,0,0,94,,,0.0,0,111,0,False
gemini-3.1-flash-lite,v6,sa,mv1,tamil,ALL,none,34,31,21,8,13,23,0.72,0.62,0.74,0.68,0.67,call;call;call;call;call;call;call;427308167,call;call;call;call;call;call;421961206;424950341;426593601;426620137;426633368;426662883;427307746,32,79,62,,0.29,0.34,111,111,0,False
gemini-3.1-flash-lite,v6,sa_drop_invalid,mv1,tamil,PlatformMove,0.0,20,45,13,8,7,37,0.62,0.65,0.82,0.77,0.63,call;call;call;call;call;call;call;427308167,call;call;call;call;call;423104500;426662883,17,33,14,,0.34,0.55,50,50,0,False
gemini-3.1-flash-lite,v6,sa_drop_invalid,mv1,tamil,PlatformMove,0.1,20,45,13,8,7,37,0.62,0.65,0.82,0.77,0.63,call;call;call;call;call;call;call;427308167,call;call;call;call;call;423104500;426662883,17,33,14,,0.34,0.55,50,50,0,False
gemini-3.1-flash-lite,v6,sa_drop_invalid,mv1,tamil,PlatformMove,0.2,20,45,13,5,7,40,0.72,0.65,0.89,0.82,0.68,call;call;call;call;427308167,call;call;call;call;call;423104500;426662883,17,28,14,,0.38,0.55,45,50,0,False
gemini-3.1-flash-lite,v6,sa_drop_invalid,mv1,tamil,PlatformMove,0.3,20,45,13,5,7,40,0.72,0.65,0.89,0.82,0.68,call;call;call;call;427308167,call;call;call;call;call;423104500;426662883,17,28,14,,0.38,0.55,45,50,0,False
gemini-3.1-flash-lite,v6,sa_drop_invalid,mv1,tamil,PlatformMove,0.4,20,45,11,2,9,43,0.85,0.55,0.96,0.83,0.67,call;call,call;call;call;call;call;423104500;425656790;426597928;426662883,15,21,16,,0.42,0.48,36,50,0,False
gemini-3.1-flash-lite,v6,sa_drop_invalid,mv1,tamil,PlatformMove,0.5,20,45,11,2,9,43,0.85,0.55,0.96,0.83,0.67,call;call,call;call;call;call;call;423104500;425656790;426597928;426662883,15,21,16,,0.42,0.48,36,50,0,False
gemini-3.1-flash-lite,v6,sa_drop_invalid,mv1,tamil,PlatformMove,0.6,20,45,11,2,9,43,0.85,0.55,0.96,0.83,0.67,call;call,call;call;call;call;call;423104500;425656790;426597928;426662883,15,21,16,,0.42,0.48,36,50,0,False
gemini-3.1-flash-lite,v6,sa_drop_invalid,mv1,tamil,PlatformMove,0.7,20,45,11,2,9,43,0.85,0.55,0.96,0.83,0.67,call;call,call;call;call;call;call;423104500;425656790;426597928;426662883,15,20,16,,0.43,0.48,35,50,0,False
gemini-3.1-flash-lite,v6,sa_drop_invalid,mv1,tamil,PlatformMove,0.8,20,45,11,2,9,43,0.85,0.55,0.96,0.83,0.67,call;call,call;call;call;call;call;423104500;425656790;426597928;426662883,15,20,16,,0.43,0.48,35,50,0,False
gemini-3.1-flash-lite,v6,sa_drop_invalid,mv1,tamil,PlatformMove,0.9,20,45,11,2,9,43,0.85,0.55,0.96,0.83,0.67,call;call,call;call;call;call;call;423104500;425656790;426597928;426662883,15,20,16,,0.43,0.48,35,50,0,False
gemini-3.1-flash-lite,v6,sa_drop_invalid,mv1,tamil,PlatformMove,0.95,20,45,0,0,20,45,,0.0,1.0,0.69,,,call;call;call;call;call;call;call;call;call;call;call;call;423104500;425656790;426023290;426573210;426597928;426634262;426647598;426662883,0,0,31,,,0.0,0,50,0,False
gemini-3.1-flash-lite,v6,sa_drop_invalid,mv1,tamil,PlatformMove,1.0,20,45,0,0,20,45,,0.0,1.0,0.69,,,call;call;call;call;call;call;call;call;call;call;call;call;423104500;425656790;426023290;426573210;426597928;426634262;426647598;426662883,0,0,31,,,0.0,0,50,0,False
gemini-3.1-flash-lite,v6,sa_drop_invalid,mv1,tamil,PlatformMove,none,20,45,13,8,7,37,0.62,0.65,0.82,0.77,0.63,call;call;call;call;call;call;call;427308167,call;call;call;call;call;423104500;426662883,17,33,14,,0.34,0.55,50,50,0,False
gemini-3.1-flash-lite,v6,sa_drop_invalid,mv1,tamil,SuspiciousActivity,0.0,11,54,7,6,4,48,0.54,0.64,0.89,0.85,0.58,call;call;call;call;425656790;427308167,call;call;426023290;426597928,7,13,6,,0.35,0.54,20,20,0,False
gemini-3.1-flash-lite,v6,sa_drop_invalid,mv1,tamil,SuspiciousActivity,0.1,11,54,7,6,4,48,0.54,0.64,0.89,0.85,0.58,call;call;call;call;425656790;427308167,call;call;426023290;426597928,7,13,6,,0.35,0.54,20,20,0,False
gemini-3.1-flash-lite,v6,sa_drop_invalid,mv1,tamil,SuspiciousActivity,0.2,11,54,7,6,4,48,0.54,0.64,0.89,0.85,0.58,call;call;call;call;425656790;427308167,call;call;426023290;426597928,7,13,6,,0.35,0.54,20,20,0,False
gemini-3.1-flash-lite,v6,sa_drop_invalid,mv1,tamil,SuspiciousActivity,0.3,11,54,7,6,4,48,0.54,0.64,0.89,0.85,0.58,call;call;call;call;425656790;427308167,call;call;426023290;426597928,7,13,6,,0.35,0.54,20,20,0,False
gemini-3.1-flash-lite,v6,sa_drop_invalid,mv1,tamil,SuspiciousActivity,0.4,11,54,7,2,4,52,0.78,0.64,0.96,0.91,0.7,call;call,call;call;426023290;426597928,7,9,6,,0.44,0.54,16,20,0,False
gemini-3.1-flash-lite,v6,sa_drop_invalid,mv1,tamil,SuspiciousActivity,0.5,11,54,7,2,4,52,0.78,0.64,0.96,0.91,0.7,call;call,call;call;426023290;426597928,7,9,6,,0.44,0.54,16,20,0,False
gemini-3.1-flash-lite,v6,sa_drop_invalid,mv1,tamil,SuspiciousActivity,0.6,11,54,7,2,4,52,0.78,0.64,0.96,0.91,0.7,call;call,call;call;426023290;426597928,7,9,6,,0.44,0.54,16,20,0,False
gemini-3.1-flash-lite,v6,sa_drop_invalid,mv1,tamil,SuspiciousActivity,0.7,11,54,6,2,5,52,0.75,0.55,0.96,0.89,0.63,call;call,call;call;call;426023290;426597928,6,8,7,,0.43,0.46,14,20,0,False
gemini-3.1-flash-lite,v6,sa_drop_invalid,mv1,tamil,SuspiciousActivity,0.8,11,54,6,2,5,52,0.75,0.55,0.96,0.89,0.63,call;call,call;call;call;426023290;426597928,6,8,7,,0.43,0.46,14,20,0,False
gemini-3.1-flash-lite,v6,sa_drop_invalid,mv1,tamil,SuspiciousActivity,0.9,11,54,6,2,5,52,0.75,0.55,0.96,0.89,0.63,call;call,call;call;call;426023290;426597928,6,8,7,,0.43,0.46,14,20,0,False
gemini-3.1-flash-lite,v6,sa_drop_invalid,mv1,tamil,SuspiciousActivity,0.95,11,54,0,0,11,54,,0.0,1.0,0.83,,,call;call;call;call;call;call;call;423104500;423163427;426023290;426597928,0,0,13,,,0.0,0,20,0,False
gemini-3.1-flash-lite,v6,sa_drop_invalid,mv1,tamil,SuspiciousActivity,1.0,11,54,0,0,11,54,,0.0,1.0,0.83,,,call;call;call;call;call;call;call;423104500;423163427;426023290;426597928,0,0,13,,,0.0,0,20,0,False
gemini-3.1-flash-lite,v6,sa_drop_invalid,mv1,tamil,SuspiciousActivity,none,11,54,7,6,4,48,0.54,0.64,0.89,0.85,0.58,call;call;call;call;425656790;427308167,call;call;426023290;426597928,7,13,6,,0.35,0.54,20,20,0,False
gemini-3.1-flash-lite,v6,sa_drop_invalid,mv1,tamil,Explicit-Flirting,0.0,20,45,8,5,12,40,0.62,0.4,0.89,0.74,0.48,call;call;call;426573210;427308167,call;call;call;421961206;424950341;425656790;426593601;426620137;426633368;426634262;426662883;427307746,8,33,42,,0.2,0.16,41,41,0,False
gemini-3.1-flash-lite,v6,sa_drop_invalid,mv1,tamil,Explicit-Flirting,0.1,20,45,8,5,12,40,0.62,0.4,0.89,0.74,0.48,call;call;call;426573210;427308167,call;call;call;421961206;424950341;425656790;426593601;426620137;426633368;426634262;426662883;427307746,8,33,42,,0.2,0.16,41,41,0,False
gemini-3.1-flash-lite,v6,sa_drop_invalid,mv1,tamil,Explicit-Flirting,0.2,20,45,8,5,12,40,0.62,0.4,0.89,0.74,0.48,call;call;call;426573210;427308167,call;call;call;421961206;424950341;425656790;426593601;426620137;426633368;426634262;426662883;427307746,8,30,42,,0.21,0.16,38,41,0,False
gemini-3.1-flash-lite,v6,sa_drop_invalid,mv1,tamil,Explicit-Flirting,0.3,20,45,8,5,12,40,0.62,0.4,0.89,0.74,0.48,call;call;call;426573210;427308167,call;call;call;421961206;424950341;425656790;426593601;426620137;426633368;426634262;426662883;427307746,8,30,42,,0.21,0.16,38,41,0,False
gemini-3.1-flash-lite,v6,sa_drop_invalid,mv1,tamil,Explicit-Flirting,0.4,20,45,8,0,12,45,1.0,0.4,1.0,0.82,0.57,,call;call;call;421961206;424950341;425656790;426593601;426620137;426633368;426634262;426662883;427307746,8,13,42,,0.38,0.16,21,41,0,False
gemini-3.1-flash-lite,v6,sa_drop_invalid,mv1,tamil,Explicit-Flirting,0.5,20,45,8,0,12,45,1.0,0.4,1.0,0.82,0.57,,call;call;call;421961206;424950341;425656790;426593601;426620137;426633368;426634262;426662883;427307746,8,13,42,,0.38,0.16,21,41,0,False
gemini-3.1-flash-lite,v6,sa_drop_invalid,mv1,tamil,Explicit-Flirting,0.6,20,45,8,0,12,45,1.0,0.4,1.0,0.82,0.57,,call;call;call;421961206;424950341;425656790;426593601;426620137;426633368;426634262;426662883;427307746,8,13,42,,0.38,0.16,21,41,0,False
gemini-3.1-flash-lite,v6,sa_drop_invalid,mv1,tamil,Explicit-Flirting,0.7,20,45,8,0,12,45,1.0,0.4,1.0,0.82,0.57,,call;call;call;421961206;424950341;425656790;426593601;426620137;426633368;426634262;426662883;427307746,8,11,42,,0.42,0.16,19,41,0,False
gemini-3.1-flash-lite,v6,sa_drop_invalid,mv1,tamil,Explicit-Flirting,0.8,20,45,8,0,12,45,1.0,0.4,1.0,0.82,0.57,,call;call;call;421961206;424950341;425656790;426593601;426620137;426633368;426634262;426662883;427307746,8,11,42,,0.42,0.16,19,41,0,False
gemini-3.1-flash-lite,v6,sa_drop_invalid,mv1,tamil,Explicit-Flirting,0.9,20,45,8,0,12,45,1.0,0.4,1.0,0.82,0.57,,call;call;call;421961206;424950341;425656790;426593601;426620137;426633368;426634262;426662883;427307746,8,11,42,,0.42,0.16,19,41,0,False
gemini-3.1-flash-lite,v6,sa_drop_invalid,mv1,tamil,Explicit-Flirting,0.95,20,45,0,0,20,45,,0.0,1.0,0.69,,,call;call;call;call;call;call;call;call;call;call;421961206;424950341;425392837;425656790;426593601;426620137;426633368;426634262;426662883;427307746,0,0,50,,,0.0,0,41,0,False
gemini-3.1-flash-lite,v6,sa_drop_invalid,mv1,tamil,Explicit-Flirting,1.0,20,45,0,0,20,45,,0.0,1.0,0.69,,,call;call;call;call;call;call;call;call;call;call;421961206;424950341;425392837;425656790;426593601;426620137;426633368;426634262;426662883;427307746,0,0,50,,,0.0,0,41,0,False
gemini-3.1-flash-lite,v6,sa_drop_invalid,mv1,tamil,Explicit-Flirting,none,20,45,8,5,12,40,0.62,0.4,0.89,0.74,0.48,call;call;call;426573210;427308167,call;call;call;421961206;424950341;425656790;426593601;426620137;426633368;426634262;426662883;427307746,8,33,42,,0.2,0.16,41,41,0,False
gemini-3.1-flash-lite,v6,sa_drop_invalid,mv1,tamil,ALL,0.0,34,31,21,8,13,23,0.72,0.62,0.74,0.68,0.67,call;call;call;call;call;call;call;427308167,call;call;call;call;call;call;421961206;424950341;426593601;426620137;426633368;426662883;427307746,32,79,62,,0.29,0.34,111,111,0,False
gemini-3.1-flash-lite,v6,sa_drop_invalid,mv1,tamil,ALL,0.1,34,31,21,8,13,23,0.72,0.62,0.74,0.68,0.67,call;call;call;call;call;call;call;427308167,call;call;call;call;call;call;421961206;424950341;426593601;426620137;426633368;426662883;427307746,32,79,62,,0.29,0.34,111,111,0,False
gemini-3.1-flash-lite,v6,sa_drop_invalid,mv1,tamil,ALL,0.2,34,31,21,7,13,24,0.75,0.62,0.77,0.69,0.68,call;call;call;call;call;call;427308167,call;call;call;call;call;call;421961206;424950341;426593601;426620137;426633368;426662883;427307746,32,71,62,,0.31,0.34,103,111,0,False
gemini-3.1-flash-lite,v6,sa_drop_invalid,mv1,tamil,ALL,0.3,34,31,21,7,13,24,0.75,0.62,0.77,0.69,0.68,call;call;call;call;call;call;427308167,call;call;call;call;call;call;421961206;424950341;426593601;426620137;426633368;426662883;427307746,32,71,62,,0.31,0.34,103,111,0,False
gemini-3.1-flash-lite,v6,sa_drop_invalid,mv1,tamil,ALL,0.4,34,31,19,1,15,30,0.95,0.56,0.97,0.75,0.7,call,call;call;call;call;call;call;421961206;424950341;425656790;426593601;426597928;426620137;426633368;426662883;427307746,30,43,64,,0.41,0.32,73,111,0,False
gemini-3.1-flash-lite,v6,sa_drop_invalid,mv1,tamil,ALL,0.5,34,31,19,1,15,30,0.95,0.56,0.97,0.75,0.7,call,call;call;call;call;call;call;421961206;424950341;425656790;426593601;426597928;426620137;426633368;426662883;427307746,30,43,64,,0.41,0.32,73,111,0,False
gemini-3.1-flash-lite,v6,sa_drop_invalid,mv1,tamil,ALL,0.6,34,31,19,1,15,30,0.95,0.56,0.97,0.75,0.7,call,call;call;call;call;call;call;421961206;424950341;425656790;426593601;426597928;426620137;426633368;426662883;427307746,30,43,64,,0.41,0.32,73,111,0,False
gemini-3.1-flash-lite,v6,sa_drop_invalid,mv1,tamil,ALL,0.7,34,31,19,1,15,30,0.95,0.56,0.97,0.75,0.7,call,call;call;call;call;call;call;421961206;424950341;425656790;426593601;426597928;426620137;426633368;426662883;427307746,29,39,65,,0.43,0.31,68,111,0,False
gemini-3.1-flash-lite,v6,sa_drop_invalid,mv1,tamil,ALL,0.8,34,31,19,1,15,30,0.95,0.56,0.97,0.75,0.7,call,call;call;call;call;call;call;421961206;424950341;425656790;426593601;426597928;426620137;426633368;426662883;427307746,29,39,65,,0.43,0.31,68,111,0,False
gemini-3.1-flash-lite,v6,sa_drop_invalid,mv1,tamil,ALL,0.9,34,31,19,1,15,30,0.95,0.56,0.97,0.75,0.7,call,call;call;call;call;call;call;421961206;424950341;425656790;426593601;426597928;426620137;426633368;426662883;427307746,29,39,65,,0.43,0.31,68,111,0,False
gemini-3.1-flash-lite,v6,sa_drop_invalid,mv1,tamil,ALL,0.95,34,31,0,0,34,31,,0.0,1.0,0.48,,,call;call;call;call;call;call;call;call;call;call;call;call;call;call;call;call;call;call;421961206;423104500;423163427;424950341;425392837;425656790;426023290;426573210;426593601;426597928;426620137;426633368;426634262;426647598;426662883;427307746,0,0,94,,,0.0,0,111,0,False
gemini-3.1-flash-lite,v6,sa_drop_invalid,mv1,tamil,ALL,1.0,34,31,0,0,34,31,,0.0,1.0,0.48,,,call;call;call;call;call;call;call;call;call;call;call;call;call;call;call;call;call;call;421961206;423104500;423163427;424950341;425392837;425656790;426023290;426573210;426593601;426597928;426620137;426633368;426634262;426647598;426662883;427307746,0,0,94,,,0.0,0,111,0,False
gemini-3.1-flash-lite,v6,sa_drop_invalid,mv1,tamil,ALL,none,34,31,21,8,13,23,0.72,0.62,0.74,0.68,0.67,call;call;call;call;call;call;call;427308167,call;call;call;call;call;call;421961206;424950341;426593601;426620137;426633368;426662883;427307746,32,79,62,,0.29,0.34,111,111,0,False
gemini-3.1-flash-lite,v6,pp_full,mv1,tamil,PlatformMove,0.0,20,45,13,8,7,37,0.62,0.65,0.82,0.77,0.63,call;call;call;call;call;call;call;427308167,call;call;call;call;call;423104500;426662883,17,33,14,,0.34,0.55,50,50,0,False
gemini-3.1-flash-lite,v6,pp_full,mv1,tamil,PlatformMove,0.1,20,45,13,8,7,37,0.62,0.65,0.82,0.77,0.63,call;call;call;call;call;call;call;427308167,call;call;call;call;call;423104500;426662883,17,33,14,,0.34,0.55,50,50,0,False
gemini-3.1-flash-lite,v6,pp_full,mv1,tamil,PlatformMove,0.2,20,45,13,5,7,40,0.72,0.65,0.89,0.82,0.68,call;call;call;call;427308167,call;call;call;call;call;423104500;426662883,17,28,14,,0.38,0.55,45,50,0,False
gemini-3.1-flash-lite,v6,pp_full,mv1,tamil,PlatformMove,0.3,20,45,13,5,7,40,0.72,0.65,0.89,0.82,0.68,call;call;call;call;427308167,call;call;call;call;call;423104500;426662883,17,28,14,,0.38,0.55,45,50,0,False
gemini-3.1-flash-lite,v6,pp_full,mv1,tamil,PlatformMove,0.4,20,45,11,2,9,43,0.85,0.55,0.96,0.83,0.67,call;call,call;call;call;call;call;423104500;425656790;426597928;426662883,15,21,16,,0.42,0.48,36,50,0,False
gemini-3.1-flash-lite,v6,pp_full,mv1,tamil,PlatformMove,0.5,20,45,11,2,9,43,0.85,0.55,0.96,0.83,0.67,call;call,call;call;call;call;call;423104500;425656790;426597928;426662883,15,21,16,,0.42,0.48,36,50,0,False
gemini-3.1-flash-lite,v6,pp_full,mv1,tamil,PlatformMove,0.6,20,45,11,2,9,43,0.85,0.55,0.96,0.83,0.67,call;call,call;call;call;call;call;423104500;425656790;426597928;426662883,15,21,16,,0.42,0.48,36,50,0,False
gemini-3.1-flash-lite,v6,pp_full,mv1,tamil,PlatformMove,0.7,20,45,11,2,9,43,0.85,0.55,0.96,0.83,0.67,call;call,call;call;call;call;call;423104500;425656790;426597928;426662883,15,20,16,,0.43,0.48,35,50,0,False
gemini-3.1-flash-lite,v6,pp_full,mv1,tamil,PlatformMove,0.8,20,45,11,2,9,43,0.85,0.55,0.96,0.83,0.67,call;call,call;call;call;call;call;423104500;425656790;426597928;426662883,15,20,16,,0.43,0.48,35,50,0,False
gemini-3.1-flash-lite,v6,pp_full,mv1,tamil,PlatformMove,0.9,20,45,11,2,9,43,0.85,0.55,0.96,0.83,0.67,call;call,call;call;call;call;call;423104500;425656790;426597928;426662883,15,20,16,,0.43,0.48,35,50,0,False
gemini-3.1-flash-lite,v6,pp_full,mv1,tamil,PlatformMove,0.95,20,45,0,0,20,45,,0.0,1.0,0.69,,,call;call;call;call;call;call;call;call;call;call;call;call;423104500;425656790;426023290;426573210;426597928;426634262;426647598;426662883,0,0,31,,,0.0,0,50,0,False
gemini-3.1-flash-lite,v6,pp_full,mv1,tamil,PlatformMove,1.0,20,45,0,0,20,45,,0.0,1.0,0.69,,,call;call;call;call;call;call;call;call;call;call;call;call;423104500;425656790;426023290;426573210;426597928;426634262;426647598;426662883,0,0,31,,,0.0,0,50,0,False
gemini-3.1-flash-lite,v6,pp_full,mv1,tamil,PlatformMove,none,20,45,13,8,7,37,0.62,0.65,0.82,0.77,0.63,call;call;call;call;call;call;call;427308167,call;call;call;call;call;423104500;426662883,17,33,14,,0.34,0.55,50,50,0,False
gemini-3.1-flash-lite,v6,pp_full,mv1,tamil,SuspiciousActivity,0.0,11,54,7,6,4,48,0.54,0.64,0.89,0.85,0.58,call;call;call;call;425656790;427308167,call;call;426023290;426597928,7,13,6,,0.35,0.54,20,20,0,False
gemini-3.1-flash-lite,v6,pp_full,mv1,tamil,SuspiciousActivity,0.1,11,54,7,6,4,48,0.54,0.64,0.89,0.85,0.58,call;call;call;call;425656790;427308167,call;call;426023290;426597928,7,13,6,,0.35,0.54,20,20,0,False
gemini-3.1-flash-lite,v6,pp_full,mv1,tamil,SuspiciousActivity,0.2,11,54,7,6,4,48,0.54,0.64,0.89,0.85,0.58,call;call;call;call;425656790;427308167,call;call;426023290;426597928,7,13,6,,0.35,0.54,20,20,0,False
gemini-3.1-flash-lite,v6,pp_full,mv1,tamil,SuspiciousActivity,0.3,11,54,7,6,4,48,0.54,0.64,0.89,0.85,0.58,call;call;call;call;425656790;427308167,call;call;426023290;426597928,7,13,6,,0.35,0.54,20,20,0,False
gemini-3.1-flash-lite,v6,pp_full,mv1,tamil,SuspiciousActivity,0.4,11,54,7,2,4,52,0.78,0.64,0.96,0.91,0.7,call;call,call;call;426023290;426597928,7,9,6,,0.44,0.54,16,20,0,False
gemini-3.1-flash-lite,v6,pp_full,mv1,tamil,SuspiciousActivity,0.5,11,54,7,2,4,52,0.78,0.64,0.96,0.91,0.7,call;call,call;call;426023290;426597928,7,9,6,,0.44,0.54,16,20,0,False
gemini-3.1-flash-lite,v6,pp_full,mv1,tamil,SuspiciousActivity,0.6,11,54,7,2,4,52,0.78,0.64,0.96,0.91,0.7,call;call,call;call;426023290;426597928,7,9,6,,0.44,0.54,16,20,0,False
gemini-3.1-flash-lite,v6,pp_full,mv1,tamil,SuspiciousActivity,0.7,11,54,6,2,5,52,0.75,0.55,0.96,0.89,0.63,call;call,call;call;call;426023290;426597928,6,8,7,,0.43,0.46,14,20,0,False
gemini-3.1-flash-lite,v6,pp_full,mv1,tamil,SuspiciousActivity,0.8,11,54,6,2,5,52,0.75,0.55,0.96,0.89,0.63,call;call,call;call;call;426023290;426597928,6,8,7,,0.43,0.46,14,20,0,False
gemini-3.1-flash-lite,v6,pp_full,mv1,tamil,SuspiciousActivity,0.9,11,54,6,2,5,52,0.75,0.55,0.96,0.89,0.63,call;call,call;call;call;426023290;426597928,6,8,7,,0.43,0.46,14,20,0,False
gemini-3.1-flash-lite,v6,pp_full,mv1,tamil,SuspiciousActivity,0.95,11,54,0,0,11,54,,0.0,1.0,0.83,,,call;call;call;call;call;call;call;423104500;423163427;426023290;426597928,0,0,13,,,0.0,0,20,0,False
gemini-3.1-flash-lite,v6,pp_full,mv1,tamil,SuspiciousActivity,1.0,11,54,0,0,11,54,,0.0,1.0,0.83,,,call;call;call;call;call;call;call;423104500;423163427;426023290;426597928,0,0,13,,,0.0,0,20,0,False
gemini-3.1-flash-lite,v6,pp_full,mv1,tamil,SuspiciousActivity,none,11,54,7,6,4,48,0.54,0.64,0.89,0.85,0.58,call;call;call;call;425656790;427308167,call;call;426023290;426597928,7,13,6,,0.35,0.54,20,20,0,False
gemini-3.1-flash-lite,v6,pp_full,mv1,tamil,Explicit-Flirting,0.0,20,45,8,5,12,40,0.62,0.4,0.89,0.74,0.48,call;call;call;426573210;427308167,call;call;call;421961206;424950341;425656790;426593601;426620137;426633368;426634262;426662883;427307746,8,33,42,,0.2,0.16,41,41,0,False
gemini-3.1-flash-lite,v6,pp_full,mv1,tamil,Explicit-Flirting,0.1,20,45,8,5,12,40,0.62,0.4,0.89,0.74,0.48,call;call;call;426573210;427308167,call;call;call;421961206;424950341;425656790;426593601;426620137;426633368;426634262;426662883;427307746,8,33,42,,0.2,0.16,41,41,0,False
gemini-3.1-flash-lite,v6,pp_full,mv1,tamil,Explicit-Flirting,0.2,20,45,8,5,12,40,0.62,0.4,0.89,0.74,0.48,call;call;call;426573210;427308167,call;call;call;421961206;424950341;425656790;426593601;426620137;426633368;426634262;426662883;427307746,8,30,42,,0.21,0.16,38,41,0,False
gemini-3.1-flash-lite,v6,pp_full,mv1,tamil,Explicit-Flirting,0.3,20,45,8,5,12,40,0.62,0.4,0.89,0.74,0.48,call;call;call;426573210;427308167,call;call;call;421961206;424950341;425656790;426593601;426620137;426633368;426634262;426662883;427307746,8,30,42,,0.21,0.16,38,41,0,False
gemini-3.1-flash-lite,v6,pp_full,mv1,tamil,Explicit-Flirting,0.4,20,45,8,0,12,45,1.0,0.4,1.0,0.82,0.57,,call;call;call;421961206;424950341;425656790;426593601;426620137;426633368;426634262;426662883;427307746,8,13,42,,0.38,0.16,21,41,0,False
gemini-3.1-flash-lite,v6,pp_full,mv1,tamil,Explicit-Flirting,0.5,20,45,8,0,12,45,1.0,0.4,1.0,0.82,0.57,,call;call;call;421961206;424950341;425656790;426593601;426620137;426633368;426634262;426662883;427307746,8,13,42,,0.38,0.16,21,41,0,False
gemini-3.1-flash-lite,v6,pp_full,mv1,tamil,Explicit-Flirting,0.6,20,45,8,0,12,45,1.0,0.4,1.0,0.82,0.57,,call;call;call;421961206;424950341;425656790;426593601;426620137;426633368;426634262;426662883;427307746,8,13,42,,0.38,0.16,21,41,0,False
gemini-3.1-flash-lite,v6,pp_full,mv1,tamil,Explicit-Flirting,0.7,20,45,8,0,12,45,1.0,0.4,1.0,0.82,0.57,,call;call;call;421961206;424950341;425656790;426593601;426620137;426633368;426634262;426662883;427307746,8,11,42,,0.42,0.16,19,41,0,False
gemini-3.1-flash-lite,v6,pp_full,mv1,tamil,Explicit-Flirting,0.8,20,45,8,0,12,45,1.0,0.4,1.0,0.82,0.57,,call;call;call;421961206;424950341;425656790;426593601;426620137;426633368;426634262;426662883;427307746,8,11,42,,0.42,0.16,19,41,0,False
gemini-3.1-flash-lite,v6,pp_full,mv1,tamil,Explicit-Flirting,0.9,20,45,8,0,12,45,1.0,0.4,1.0,0.82,0.57,,call;call;call;421961206;424950341;425656790;426593601;426620137;426633368;426634262;426662883;427307746,8,11,42,,0.42,0.16,19,41,0,False
gemini-3.1-flash-lite,v6,pp_full,mv1,tamil,Explicit-Flirting,0.95,20,45,0,0,20,45,,0.0,1.0,0.69,,,call;call;call;call;call;call;call;call;call;call;421961206;424950341;425392837;425656790;426593601;426620137;426633368;426634262;426662883;427307746,0,0,50,,,0.0,0,41,0,False
gemini-3.1-flash-lite,v6,pp_full,mv1,tamil,Explicit-Flirting,1.0,20,45,0,0,20,45,,0.0,1.0,0.69,,,call;call;call;call;call;call;call;call;call;call;421961206;424950341;425392837;425656790;426593601;426620137;426633368;426634262;426662883;427307746,0,0,50,,,0.0,0,41,0,False
gemini-3.1-flash-lite,v6,pp_full,mv1,tamil,Explicit-Flirting,none,20,45,8,5,12,40,0.62,0.4,0.89,0.74,0.48,call;call;call;426573210;427308167,call;call;call;421961206;424950341;425656790;426593601;426620137;426633368;426634262;426662883;427307746,8,33,42,,0.2,0.16,41,41,0,False
gemini-3.1-flash-lite,v6,pp_full,mv1,tamil,ALL,0.0,34,31,21,8,13,23,0.72,0.62,0.74,0.68,0.67,call;call;call;call;call;call;call;427308167,call;call;call;call;call;call;421961206;424950341;426593601;426620137;426633368;426662883;427307746,32,79,62,,0.29,0.34,111,111,0,False
gemini-3.1-flash-lite,v6,pp_full,mv1,tamil,ALL,0.1,34,31,21,8,13,23,0.72,0.62,0.74,0.68,0.67,call;call;call;call;call;call;call;427308167,call;call;call;call;call;call;421961206;424950341;426593601;426620137;426633368;426662883;427307746,32,79,62,,0.29,0.34,111,111,0,False
gemini-3.1-flash-lite,v6,pp_full,mv1,tamil,ALL,0.2,34,31,21,7,13,24,0.75,0.62,0.77,0.69,0.68,call;call;call;call;call;call;427308167,call;call;call;call;call;call;421961206;424950341;426593601;426620137;426633368;426662883;427307746,32,71,62,,0.31,0.34,103,111,0,False
gemini-3.1-flash-lite,v6,pp_full,mv1,tamil,ALL,0.3,34,31,21,7,13,24,0.75,0.62,0.77,0.69,0.68,call;call;call;call;call;call;427308167,call;call;call;call;call;call;421961206;424950341;426593601;426620137;426633368;426662883;427307746,32,71,62,,0.31,0.34,103,111,0,False
gemini-3.1-flash-lite,v6,pp_full,mv1,tamil,ALL,0.4,34,31,19,1,15,30,0.95,0.56,0.97,0.75,0.7,call,call;call;call;call;call;call;421961206;424950341;425656790;426593601;426597928;426620137;426633368;426662883;427307746,30,43,64,,0.41,0.32,73,111,0,False
gemini-3.1-flash-lite,v6,pp_full,mv1,tamil,ALL,0.5,34,31,19,1,15,30,0.95,0.56,0.97,0.75,0.7,call,call;call;call;call;call;call;421961206;424950341;425656790;426593601;426597928;426620137;426633368;426662883;427307746,30,43,64,,0.41,0.32,73,111,0,False
gemini-3.1-flash-lite,v6,pp_full,mv1,tamil,ALL,0.6,34,31,19,1,15,30,0.95,0.56,0.97,0.75,0.7,call,call;call;call;call;call;call;421961206;424950341;425656790;426593601;426597928;426620137;426633368;426662883;427307746,30,43,64,,0.41,0.32,73,111,0,False
gemini-3.1-flash-lite,v6,pp_full,mv1,tamil,ALL,0.7,34,31,19,1,15,30,0.95,0.56,0.97,0.75,0.7,call,call;call;call;call;call;call;421961206;424950341;425656790;426593601;426597928;426620137;426633368;426662883;427307746,29,39,65,,0.43,0.31,68,111,0,False
gemini-3.1-flash-lite,v6,pp_full,mv1,tamil,ALL,0.8,34,31,19,1,15,30,0.95,0.56,0.97,0.75,0.7,call,call;call;call;call;call;call;421961206;424950341;425656790;426593601;426597928;426620137;426633368;426662883;427307746,29,39,65,,0.43,0.31,68,111,0,False
gemini-3.1-flash-lite,v6,pp_full,mv1,tamil,ALL,0.9,34,31,19,1,15,30,0.95,0.56,0.97,0.75,0.7,call,call;call;call;call;call;call;421961206;424950341;425656790;426593601;426597928;426620137;426633368;426662883;427307746,29,39,65,,0.43,0.31,68,111,0,False
gemini-3.1-flash-lite,v6,pp_full,mv1,tamil,ALL,0.95,34,31,0,0,34,31,,0.0,1.0,0.48,,,call;call;call;call;call;call;call;call;call;call;call;call;call;call;call;call;call;call;421961206;423104500;423163427;424950341;425392837;425656790;426023290;426573210;426593601;426597928;426620137;426633368;426634262;426647598;426662883;427307746,0,0,94,,,0.0,0,111,0,False
gemini-3.1-flash-lite,v6,pp_full,mv1,tamil,ALL,1.0,34,31,0,0,34,31,,0.0,1.0,0.48,,,call;call;call;call;call;call;call;call;call;call;call;call;call;call;call;call;call;call;421961206;423104500;423163427;424950341;425392837;425656790;426023290;426573210;426593601;426597928;426620137;426633368;426634262;426647598;426662883;427307746,0,0,94,,,0.0,0,111,0,False
gemini-3.1-flash-lite,v6,pp_full,mv1,tamil,ALL,none,34,31,21,8,13,23,0.72,0.62,0.74,0.68,0.67,call;call;call;call;call;call;call;427308167,call;call;call;call;call;call;421961206;424950341;426593601;426620137;426633368;426662883;427307746,32,79,62,,0.29,0.34,111,111,0,False
gemini-3.1-flash-lite,v6,raw,mv1,telugu,PlatformMove,0.0,33,40,20,6,13,34,0.77,0.61,0.85,0.74,0.68,call;call;425908372;426649193;427305885;427307153,call;call;call;call;call;call;call;call;426226216;426252346;426303789;426363836;426439325,20,56,27,,0.26,0.43,76,76,0,False
gemini-3.1-flash-lite,v6,raw,mv1,telugu,PlatformMove,0.1,33,40,20,6,13,34,0.77,0.61,0.85,0.74,0.68,call;call;425908372;426649193;427305885;427307153,call;call;call;call;call;call;call;call;426226216;426252346;426303789;426363836;426439325,20,56,27,,0.26,0.43,76,76,0,False
gemini-3.1-flash-lite,v6,raw,mv1,telugu,PlatformMove,0.2,33,40,19,5,14,35,0.79,0.58,0.88,0.74,0.67,call;call;425908372;426649193;427307153,call;call;call;call;call;call;call;call;call;426226216;426252346;426303789;426363836;426439325,19,47,28,,0.29,0.4,66,76,0,False
gemini-3.1-flash-lite,v6,raw,mv1,telugu,PlatformMove,0.3,33,40,19,5,14,35,0.79,0.58,0.88,0.74,0.67,call;call;425908372;426649193;427307153,call;call;call;call;call;call;call;call;call;426226216;426252346;426303789;426363836;426439325,19,47,28,,0.29,0.4,66,76,0,False
gemini-3.1-flash-lite,v6,raw,mv1,telugu,PlatformMove,0.4,33,40,19,2,14,38,0.9,0.58,0.95,0.78,0.7,call;call,call;call;call;call;call;call;call;call;call;426226216;426252346;426303789;426363836;426439325,19,38,28,,0.33,0.4,57,76,0,False
gemini-3.1-flash-lite,v6,raw,mv1,telugu,PlatformMove,0.5,33,40,19,2,14,38,0.9,0.58,0.95,0.78,0.7,call;call,call;call;call;call;call;call;call;call;call;426226216;426252346;426303789;426363836;426439325,19,38,28,,0.33,0.4,57,76,0,False
gemini-3.1-flash-lite,v6,raw,mv1,telugu,PlatformMove,0.6,33,40,19,2,14,38,0.9,0.58,0.95,0.78,0.7,call;call,call;call;call;call;call;call;call;call;call;426226216;426252346;426303789;426363836;426439325,19,38,28,,0.33,0.4,57,76,0,False
gemini-3.1-flash-lite,v6,raw,mv1,telugu,PlatformMove,0.7,33,40,18,2,15,38,0.9,0.55,0.95,0.77,0.68,call;call,call;call;call;call;call;call;call;call;call;call;426226216;426252346;426303789;426363836;426439325,19,38,28,,0.33,0.4,57,76,0,False
gemini-3.1-flash-lite,v6,raw,mv1,telugu,PlatformMove,0.8,33,40,18,2,15,38,0.9,0.55,0.95,0.77,0.68,call;call,call;call;call;call;call;call;call;call;call;call;426226216;426252346;426303789;426363836;426439325,19,38,28,,0.33,0.4,57,76,0,False
gemini-3.1-flash-lite,v6,raw,mv1,telugu,PlatformMove,0.9,33,40,18,2,15,38,0.9,0.55,0.95,0.77,0.68,call;call,call;call;call;call;call;call;call;call;call;call;426226216;426252346;426303789;426363836;426439325,19,38,28,,0.33,0.4,57,76,0,False
gemini-3.1-flash-lite,v6,raw,mv1,telugu,PlatformMove,0.95,33,40,0,0,33,40,,0.0,1.0,0.55,,,call;call;call;call;call;call;call;call;call;call;call;call;call;call;call;call;call;call;call;call;call;call;425912424;426226216;426252346;426303789;426363836;426408577;426439325;426534420;426639345;426642159;426645015,0,0,47,,,0.0,0,76,0,False
gemini-3.1-flash-lite,v6,raw,mv1,telugu,PlatformMove,1.0,33,40,0,0,33,40,,0.0,1.0,0.55,,,call;call;call;call;call;call;call;call;call;call;call;call;call;call;call;call;call;call;call;call;call;call;425912424;426226216;426252346;426303789;426363836;426408577;426439325;426534420;426639345;426642159;426645015,0,0,47,,,0.0,0,76,0,False
gemini-3.1-flash-lite,v6,raw,mv1,telugu,PlatformMove,none,33,40,20,6,13,34,0.77,0.61,0.85,0.74,0.68,call;call;425908372;426649193;427305885;427307153,call;call;call;call;call;call;call;call;426226216;426252346;426303789;426363836;426439325,20,56,27,,0.26,0.43,76,76,0,False
gemini-3.1-flash-lite,v6,raw,mv1,telugu,SuspiciousActivity,0.0,21,52,19,8,2,44,0.7,0.9,0.85,0.86,0.79,call;call;call;call;425912424;426639345;427307149;427307153,call;426408577,26,29,4,,0.47,0.87,55,55,0,False
gemini-3.1-flash-lite,v6,raw,mv1,telugu,SuspiciousActivity,0.1,21,52,19,8,2,44,0.7,0.9,0.85,0.86,0.79,call;call;call;call;425912424;426639345;427307149;427307153,call;426408577,26,29,4,,0.47,0.87,55,55,0,False
gemini-3.1-flash-lite,v6,raw,mv1,telugu,SuspiciousActivity,0.2,21,52,19,6,2,46,0.76,0.9,0.88,0.89,0.83,call;call;call;426639345;427307149;427307153,call;426408577,26,26,4,,0.5,0.87,52,55,0,False
gemini-3.1-flash-lite,v6,raw,mv1,telugu,SuspiciousActivity,0.3,21,52,19,6,2,46,0.76,0.9,0.88,0.89,0.83,call;call;call;426639345;427307149;427307153,call;426408577,26,26,4,,0.5,0.87,52,55,0,False
gemini-3.1-flash-lite,v6,raw,mv1,telugu,SuspiciousActivity,0.4,21,52,19,4,2,48,0.83,0.9,0.92,0.92,0.86,call;call;426639345;427307149,call;426408577,26,18,4,,0.59,0.87,44,55,0,False
gemini-3.1-flash-lite,v6,raw,mv1,telugu,SuspiciousActivity,0.5,21,52,19,4,2,48,0.83,0.9,0.92,0.92,0.86,call;call;426639345;427307149,call;426408577,26,18,4,,0.59,0.87,44,55,0,False
gemini-3.1-flash-lite,v6,raw,mv1,telugu,SuspiciousActivity,0.6,21,52,19,4,2,48,0.83,0.9,0.92,0.92,0.86,call;call;426639345;427307149,call;426408577,26,18,4,,0.59,0.87,44,55,0,False
gemini-3.1-flash-lite,v6,raw,mv1,telugu,SuspiciousActivity,0.7,21,52,19,1,2,51,0.95,0.9,0.98,0.96,0.93,call,call;426408577,24,9,6,,0.73,0.8,33,55,0,False
gemini-3.1-flash-lite,v6,raw,mv1,telugu,SuspiciousActivity,0.8,21,52,19,1,2,51,0.95,0.9,0.98,0.96,0.93,call,call;426408577,24,9,6,,0.73,0.8,33,55,0,False
gemini-3.1-flash-lite,v6,raw,mv1,telugu,SuspiciousActivity,0.9,21,52,19,1,2,51,0.95,0.9,0.98,0.96,0.93,call,call;426408577,24,9,6,,0.73,0.8,33,55,0,False
gemini-3.1-flash-lite,v6,raw,mv1,telugu,SuspiciousActivity,0.95,21,52,0,0,21,52,,0.0,1.0,0.71,,,call;call;call;call;call;call;call;call;call;call;call;call;call;call;call;call;426408577;426534420;426578327;426642159;427306879,0,0,30,,,0.0,0,55,0,False
gemini-3.1-flash-lite,v6,raw,mv1,telugu,SuspiciousActivity,1.0,21,52,0,0,21,52,,0.0,1.0,0.71,,,call;call;call;call;call;call;call;call;call;call;call;call;call;call;call;call;426408577;426534420;426578327;426642159;427306879,0,0,30,,,0.0,0,55,0,False
gemini-3.1-flash-lite,v6,raw,mv1,telugu,SuspiciousActivity,none,21,52,19,8,2,44,0.7,0.9,0.85,0.86,0.79,call;call;call;call;425912424;426639345;427307149;427307153,call;426408577,26,29,4,,0.47,0.87,55,55,0,False
gemini-3.1-flash-lite,v6,raw,mv1,telugu,Explicit-Flirting,0.0,25,48,7,6,18,42,0.54,0.28,0.88,0.67,0.37,call;426408577;426439325;426578327;427305885;427307149,call;call;call;call;call;call;call;call;call;call;425908372;426252346;426363836;426534420;426642159;426848544;427306227;427306761,9,33,38,,0.21,0.19,42,42,0,False
gemini-3.1-flash-lite,v6,raw,mv1,telugu,Explicit-Flirting,0.1,25,48,7,6,18,42,0.54,0.28,0.88,0.67,0.37,call;426408577;426439325;426578327;427305885;427307149,call;call;call;call;call;call;call;call;call;call;425908372;426252346;426363836;426534420;426642159;426848544;427306227;427306761,9,33,38,,0.21,0.19,42,42,0,False
gemini-3.1-flash-lite,v6,raw,mv1,telugu,Explicit-Flirting,0.2,25,48,6,4,19,44,0.6,0.24,0.92,0.68,0.34,426408577;426439325;426578327;427307149,call;call;call;call;call;call;call;call;call;call;425908372;425912424;426252346;426363836;426534420;426642159;426848544;427306227;427306761,7,26,40,,0.21,0.15,33,42,0,False
gemini-3.1-flash-lite,v6,raw,mv1,telugu,Explicit-Flirting,0.3,25,48,6,4,19,44,0.6,0.24,0.92,0.68,0.34,426408577;426439325;426578327;427307149,call;call;call;call;call;call;call;call;call;call;425908372;425912424;426252346;426363836;426534420;426642159;426848544;427306227;427306761,7,26,40,,0.21,0.15,33,42,0,False
gemini-3.1-flash-lite,v6,raw,mv1,telugu,Explicit-Flirting,0.4,25,48,6,4,19,44,0.6,0.24,0.92,0.68,0.34,426408577;426439325;426578327;427307149,call;call;call;call;call;call;call;call;call;call;425908372;425912424;426252346;426363836;426534420;426642159;426848544;427306227;427306761,7,17,40,,0.29,0.15,24,42,0,False
gemini-3.1-flash-lite,v6,raw,mv1,telugu,Explicit-Flirting,0.5,25,48,6,4,19,44,0.6,0.24,0.92,0.68,0.34,426408577;426439325;426578327;427307149,call;call;call;call;call;call;call;call;call;call;425908372;425912424;426252346;426363836;426534420;426642159;426848544;427306227;427306761,7,17,40,,0.29,0.15,24,42,0,False
gemini-3.1-flash-lite,v6,raw,mv1,telugu,Explicit-Flirting,0.6,25,48,6,4,19,44,0.6,0.24,0.92,0.68,0.34,426408577;426439325;426578327;427307149,call;call;call;call;call;call;call;call;call;call;425908372;425912424;426252346;426363836;426534420;426642159;426848544;427306227;427306761,7,17,40,,0.29,0.15,24,42,0,False
gemini-3.1-flash-lite,v6,raw,mv1,telugu,Explicit-Flirting,0.7,25,48,5,2,20,46,0.71,0.2,0.96,0.7,0.31,426408577;426578327,call;call;call;call;call;call;call;call;call;call;425908372;425912424;426252346;426363836;426534420;426582734;426642159;426848544;427306227;427306761,6,12,41,,0.33,0.13,18,42,0,False
gemini-3.1-flash-lite,v6,raw,mv1,telugu,Explicit-Flirting,0.8,25,48,5,2,20,46,0.71,0.2,0.96,0.7,0.31,426408577;426578327,call;call;call;call;call;call;call;call;call;call;425908372;425912424;426252346;426363836;426534420;426582734;426642159;426848544;427306227;427306761,6,12,41,,0.33,0.13,18,42,0,False
gemini-3.1-flash-lite,v6,raw,mv1,telugu,Explicit-Flirting,0.9,25,48,5,2,20,46,0.71,0.2,0.96,0.7,0.31,426408577;426578327,call;call;call;call;call;call;call;call;call;call;425908372;425912424;426252346;426363836;426534420;426582734;426642159;426848544;427306227;427306761,6,12,41,,0.33,0.13,18,42,0,False
gemini-3.1-flash-lite,v6,raw,mv1,telugu,Explicit-Flirting,0.95,25,48,0,0,25,48,,0.0,1.0,0.66,,,call;call;call;call;call;call;call;call;call;call;call;call;call;425908372;425912424;426252346;426363836;426534420;426582734;426642159;426649193;426652242;426848544;427306227;427306761,0,0,47,,,0.0,0,42,0,False
gemini-3.1-flash-lite,v6,raw,mv1,telugu,Explicit-Flirting,1.0,25,48,0,0,25,48,,0.0,1.0,0.66,,,call;call;call;call;call;call;call;call;call;call;call;call;call;425908372;425912424;426252346;426363836;426534420;426582734;426642159;426649193;426652242;426848544;427306227;427306761,0,0,47,,,0.0,0,42,0,False
gemini-3.1-flash-lite,v6,raw,mv1,telugu,Explicit-Flirting,none,25,48,7,6,18,42,0.54,0.28,0.88,0.67,0.37,call;426408577;426439325;426578327;427305885;427307149,call;call;call;call;call;call;call;call;call;call;425908372;426252346;426363836;426534420;426642159;426848544;427306227;427306761,9,33,38,,0.21,0.19,42,42,0,False
gemini-3.1-flash-lite,v6,raw,mv1,telugu,ALL,0.0,56,17,35,3,21,14,0.92,0.62,0.82,0.67,0.74,427305885;427307149;427307153,call;call;call;call;call;call;call;call;call;call;call;call;425908372;426226216;426252346;426303789;426363836;426439325;426848544;427306227;427306761,55,118,69,,0.32,0.44,173,173,0,False
gemini-3.1-flash-lite,v6,raw,mv1,telugu,ALL,0.1,56,17,35,3,21,14,0.92,0.62,0.82,0.67,0.74,427305885;427307149;427307153,call;call;call;call;call;call;call;call;call;call;call;call;425908372;426226216;426252346;426303789;426363836;426439325;426848544;427306227;427306761,55,118,69,,0.32,0.44,173,173,0,False
gemini-3.1-flash-lite,v6,raw,mv1,telugu,ALL,0.2,56,17,34,2,22,15,0.94,0.61,0.88,0.67,0.74,427307149;427307153,call;call;call;call;call;call;call;call;call;call;call;call;call;425908372;426226216;426252346;426303789;426363836;426439325;426848544;427306227;427306761,52,99,72,,0.34,0.42,151,173,0,False
gemini-3.1-flash-lite,v6,raw,mv1,telugu,ALL,0.3,56,17,34,2,22,15,0.94,0.61,0.88,0.67,0.74,427307149;427307153,call;call;call;call;call;call;call;call;call;call;call;call;call;425908372;426226216;426252346;426303789;426363836;426439325;426848544;427306227;427306761,52,99,72,,0.34,0.42,151,173,0,False
gemini-3.1-flash-lite,v6,raw,mv1,telugu,ALL,0.4,56,17,34,1,22,16,0.97,0.61,0.94,0.68,0.75,427307149,call;call;call;call;call;call;call;call;call;call;call;call;call;425908372;426226216;426252346;426303789;426363836;426439325;426848544;427306227;427306761,52,73,72,,0.42,0.42,125,173,0,False
gemini-3.1-flash-lite,v6,raw,mv1,telugu,ALL,0.5,56,17,34,1,22,16,0.97,0.61,0.94,0.68,0.75,427307149,call;call;call;call;call;call;call;call;call;call;call;call;call;425908372;426226216;426252346;426303789;426363836;426439325;426848544;427306227;427306761,52,73,72,,0.42,0.42,125,173,0,False
gemini-3.1-flash-lite,v6,raw,mv1,telugu,ALL,0.6,56,17,34,1,22,16,0.97,0.61,0.94,0.68,0.75,427307149,call;call;call;call;call;call;call;call;call;call;call;call;call;425908372;426226216;426252346;426303789;426363836;426439325;426848544;427306227;427306761,52,73,72,,0.42,0.42,125,173,0,False
gemini-3.1-flash-lite,v6,raw,mv1,telugu,ALL,0.7,56,17,32,0,24,17,1.0,0.57,1.0,0.67,0.73,,call;call;call;call;call;call;call;call;call;call;call;call;call;call;425908372;426226216;426252346;426303789;426363836;426439325;426582734;426848544;427306227;427306761,49,59,75,,0.45,0.4,108,173,0,False
gemini-3.1-flash-lite,v6,raw,mv1,telugu,ALL,0.8,56,17,32,0,24,17,1.0,0.57,1.0,0.67,0.73,,call;call;call;call;call;call;call;call;call;call;call;call;call;call;425908372;426226216;426252346;426303789;426363836;426439325;426582734;426848544;427306227;427306761,49,59,75,,0.45,0.4,108,173,0,False
gemini-3.1-flash-lite,v6,raw,mv1,telugu,ALL,0.9,56,17,32,0,24,17,1.0,0.57,1.0,0.67,0.73,,call;call;call;call;call;call;call;call;call;call;call;call;call;call;425908372;426226216;426252346;426303789;426363836;426439325;426582734;426848544;427306227;427306761,49,59,75,,0.45,0.4,108,173,0,False
gemini-3.1-flash-lite,v6,raw,mv1,telugu,ALL,0.95,56,17,0,0,56,17,,0.0,1.0,0.23,,,call;call;call;call;call;call;call;call;call;call;call;call;call;call;call;call;call;call;call;call;call;call;call;call;call;call;call;call;call;call;call;call;call;call;call;call;425908372;425912424;426226216;426252346;426303789;426363836;426408577;426439325;426534420;426578327;426582734;426639345;426642159;426645015;426649193;426652242;426848544;427306227;427306761;427306879,0,0,124,,,0.0,0,173,0,False
gemini-3.1-flash-lite,v6,raw,mv1,telugu,ALL,1.0,56,17,0,0,56,17,,0.0,1.0,0.23,,,call;call;call;call;call;call;call;call;call;call;call;call;call;call;call;call;call;call;call;call;call;call;call;call;call;call;call;call;call;call;call;call;call;call;call;call;425908372;425912424;426226216;426252346;426303789;426363836;426408577;426439325;426534420;426578327;426582734;426639345;426642159;426645015;426649193;426652242;426848544;427306227;427306761;427306879,0,0,124,,,0.0,0,173,0,False
gemini-3.1-flash-lite,v6,raw,mv1,telugu,ALL,none,56,17,35,3,21,14,0.92,0.62,0.82,0.67,0.74,427305885;427307149;427307153,call;call;call;call;call;call;call;call;call;call;call;call;425908372;426226216;426252346;426303789;426363836;426439325;426848544;427306227;427306761,55,118,69,,0.32,0.44,173,173,0,False
gemini-3.1-flash-lite,v6,sa,mv1,telugu,PlatformMove,0.0,33,40,20,6,13,34,0.77,0.61,0.85,0.74,0.68,call;call;425908372;426649193;427305885;427307153,call;call;call;call;call;call;call;call;426226216;426252346;426303789;426363836;426439325,20,56,27,,0.26,0.43,76,76,0,False
gemini-3.1-flash-lite,v6,sa,mv1,telugu,PlatformMove,0.1,33,40,20,6,13,34,0.77,0.61,0.85,0.74,0.68,call;call;425908372;426649193;427305885;427307153,call;call;call;call;call;call;call;call;426226216;426252346;426303789;426363836;426439325,20,56,27,,0.26,0.43,76,76,0,False
gemini-3.1-flash-lite,v6,sa,mv1,telugu,PlatformMove,0.2,33,40,19,5,14,35,0.79,0.58,0.88,0.74,0.67,call;call;425908372;426649193;427307153,call;call;call;call;call;call;call;call;call;426226216;426252346;426303789;426363836;426439325,19,47,28,,0.29,0.4,66,76,0,False
gemini-3.1-flash-lite,v6,sa,mv1,telugu,PlatformMove,0.3,33,40,19,5,14,35,0.79,0.58,0.88,0.74,0.67,call;call;425908372;426649193;427307153,call;call;call;call;call;call;call;call;call;426226216;426252346;426303789;426363836;426439325,19,47,28,,0.29,0.4,66,76,0,False
gemini-3.1-flash-lite,v6,sa,mv1,telugu,PlatformMove,0.4,33,40,19,2,14,38,0.9,0.58,0.95,0.78,0.7,call;call,call;call;call;call;call;call;call;call;call;426226216;426252346;426303789;426363836;426439325,19,38,28,,0.33,0.4,57,76,0,False
gemini-3.1-flash-lite,v6,sa,mv1,telugu,PlatformMove,0.5,33,40,19,2,14,38,0.9,0.58,0.95,0.78,0.7,call;call,call;call;call;call;call;call;call;call;call;426226216;426252346;426303789;426363836;426439325,19,38,28,,0.33,0.4,57,76,0,False
gemini-3.1-flash-lite,v6,sa,mv1,telugu,PlatformMove,0.6,33,40,19,2,14,38,0.9,0.58,0.95,0.78,0.7,call;call,call;call;call;call;call;call;call;call;call;426226216;426252346;426303789;426363836;426439325,19,38,28,,0.33,0.4,57,76,0,False
gemini-3.1-flash-lite,v6,sa,mv1,telugu,PlatformMove,0.7,33,40,18,2,15,38,0.9,0.55,0.95,0.77,0.68,call;call,call;call;call;call;call;call;call;call;call;call;426226216;426252346;426303789;426363836;426439325,19,38,28,,0.33,0.4,57,76,0,False
gemini-3.1-flash-lite,v6,sa,mv1,telugu,PlatformMove,0.8,33,40,18,2,15,38,0.9,0.55,0.95,0.77,0.68,call;call,call;call;call;call;call;call;call;call;call;call;426226216;426252346;426303789;426363836;426439325,19,38,28,,0.33,0.4,57,76,0,False
gemini-3.1-flash-lite,v6,sa,mv1,telugu,PlatformMove,0.9,33,40,18,2,15,38,0.9,0.55,0.95,0.77,0.68,call;call,call;call;call;call;call;call;call;call;call;call;426226216;426252346;426303789;426363836;426439325,19,38,28,,0.33,0.4,57,76,0,False
gemini-3.1-flash-lite,v6,sa,mv1,telugu,PlatformMove,0.95,33,40,0,0,33,40,,0.0,1.0,0.55,,,call;call;call;call;call;call;call;call;call;call;call;call;call;call;call;call;call;call;call;call;call;call;425912424;426226216;426252346;426303789;426363836;426408577;426439325;426534420;426639345;426642159;426645015,0,0,47,,,0.0,0,76,0,False
gemini-3.1-flash-lite,v6,sa,mv1,telugu,PlatformMove,1.0,33,40,0,0,33,40,,0.0,1.0,0.55,,,call;call;call;call;call;call;call;call;call;call;call;call;call;call;call;call;call;call;call;call;call;call;425912424;426226216;426252346;426303789;426363836;426408577;426439325;426534420;426639345;426642159;426645015,0,0,47,,,0.0,0,76,0,False
gemini-3.1-flash-lite,v6,sa,mv1,telugu,PlatformMove,none,33,40,20,6,13,34,0.77,0.61,0.85,0.74,0.68,call;call;425908372;426649193;427305885;427307153,call;call;call;call;call;call;call;call;426226216;426252346;426303789;426363836;426439325,20,56,27,,0.26,0.43,76,76,0,False
gemini-3.1-flash-lite,v6,sa,mv1,telugu,SuspiciousActivity,0.0,21,52,19,8,2,44,0.7,0.9,0.85,0.86,0.79,call;call;call;call;425912424;426639345;427307149;427307153,call;426408577,26,29,4,,0.47,0.87,55,55,0,False
gemini-3.1-flash-lite,v6,sa,mv1,telugu,SuspiciousActivity,0.1,21,52,19,8,2,44,0.7,0.9,0.85,0.86,0.79,call;call;call;call;425912424;426639345;427307149;427307153,call;426408577,26,29,4,,0.47,0.87,55,55,0,False
gemini-3.1-flash-lite,v6,sa,mv1,telugu,SuspiciousActivity,0.2,21,52,19,6,2,46,0.76,0.9,0.88,0.89,0.83,call;call;call;426639345;427307149;427307153,call;426408577,26,26,4,,0.5,0.87,52,55,0,False
gemini-3.1-flash-lite,v6,sa,mv1,telugu,SuspiciousActivity,0.3,21,52,19,6,2,46,0.76,0.9,0.88,0.89,0.83,call;call;call;426639345;427307149;427307153,call;426408577,26,26,4,,0.5,0.87,52,55,0,False
gemini-3.1-flash-lite,v6,sa,mv1,telugu,SuspiciousActivity,0.4,21,52,19,4,2,48,0.83,0.9,0.92,0.92,0.86,call;call;426639345;427307149,call;426408577,26,18,4,,0.59,0.87,44,55,0,False
gemini-3.1-flash-lite,v6,sa,mv1,telugu,SuspiciousActivity,0.5,21,52,19,4,2,48,0.83,0.9,0.92,0.92,0.86,call;call;426639345;427307149,call;426408577,26,18,4,,0.59,0.87,44,55,0,False
gemini-3.1-flash-lite,v6,sa,mv1,telugu,SuspiciousActivity,0.6,21,52,19,4,2,48,0.83,0.9,0.92,0.92,0.86,call;call;426639345;427307149,call;426408577,26,18,4,,0.59,0.87,44,55,0,False
gemini-3.1-flash-lite,v6,sa,mv1,telugu,SuspiciousActivity,0.7,21,52,19,1,2,51,0.95,0.9,0.98,0.96,0.93,call,call;426408577,24,9,6,,0.73,0.8,33,55,0,False
gemini-3.1-flash-lite,v6,sa,mv1,telugu,SuspiciousActivity,0.8,21,52,19,1,2,51,0.95,0.9,0.98,0.96,0.93,call,call;426408577,24,9,6,,0.73,0.8,33,55,0,False
gemini-3.1-flash-lite,v6,sa,mv1,telugu,SuspiciousActivity,0.9,21,52,19,1,2,51,0.95,0.9,0.98,0.96,0.93,call,call;426408577,24,9,6,,0.73,0.8,33,55,0,False
gemini-3.1-flash-lite,v6,sa,mv1,telugu,SuspiciousActivity,0.95,21,52,0,0,21,52,,0.0,1.0,0.71,,,call;call;call;call;call;call;call;call;call;call;call;call;call;call;call;call;426408577;426534420;426578327;426642159;427306879,0,0,30,,,0.0,0,55,0,False
gemini-3.1-flash-lite,v6,sa,mv1,telugu,SuspiciousActivity,1.0,21,52,0,0,21,52,,0.0,1.0,0.71,,,call;call;call;call;call;call;call;call;call;call;call;call;call;call;call;call;426408577;426534420;426578327;426642159;427306879,0,0,30,,,0.0,0,55,0,False
gemini-3.1-flash-lite,v6,sa,mv1,telugu,SuspiciousActivity,none,21,52,19,8,2,44,0.7,0.9,0.85,0.86,0.79,call;call;call;call;425912424;426639345;427307149;427307153,call;426408577,26,29,4,,0.47,0.87,55,55,0,False
gemini-3.1-flash-lite,v6,sa,mv1,telugu,Explicit-Flirting,0.0,25,48,7,6,18,42,0.54,0.28,0.88,0.67,0.37,call;426408577;426439325;426578327;427305885;427307149,call;call;call;call;call;call;call;call;call;call;425908372;426252346;426363836;426534420;426642159;426848544;427306227;427306761,9,33,38,,0.21,0.19,42,42,0,False
gemini-3.1-flash-lite,v6,sa,mv1,telugu,Explicit-Flirting,0.1,25,48,7,6,18,42,0.54,0.28,0.88,0.67,0.37,call;426408577;426439325;426578327;427305885;427307149,call;call;call;call;call;call;call;call;call;call;425908372;426252346;426363836;426534420;426642159;426848544;427306227;427306761,9,33,38,,0.21,0.19,42,42,0,False
gemini-3.1-flash-lite,v6,sa,mv1,telugu,Explicit-Flirting,0.2,25,48,6,4,19,44,0.6,0.24,0.92,0.68,0.34,426408577;426439325;426578327;427307149,call;call;call;call;call;call;call;call;call;call;425908372;425912424;426252346;426363836;426534420;426642159;426848544;427306227;427306761,7,26,40,,0.21,0.15,33,42,0,False
gemini-3.1-flash-lite,v6,sa,mv1,telugu,Explicit-Flirting,0.3,25,48,6,4,19,44,0.6,0.24,0.92,0.68,0.34,426408577;426439325;426578327;427307149,call;call;call;call;call;call;call;call;call;call;425908372;425912424;426252346;426363836;426534420;426642159;426848544;427306227;427306761,7,26,40,,0.21,0.15,33,42,0,False
gemini-3.1-flash-lite,v6,sa,mv1,telugu,Explicit-Flirting,0.4,25,48,6,4,19,44,0.6,0.24,0.92,0.68,0.34,426408577;426439325;426578327;427307149,call;call;call;call;call;call;call;call;call;call;425908372;425912424;426252346;426363836;426534420;426642159;426848544;427306227;427306761,7,17,40,,0.29,0.15,24,42,0,False
gemini-3.1-flash-lite,v6,sa,mv1,telugu,Explicit-Flirting,0.5,25,48,6,4,19,44,0.6,0.24,0.92,0.68,0.34,426408577;426439325;426578327;427307149,call;call;call;call;call;call;call;call;call;call;425908372;425912424;426252346;426363836;426534420;426642159;426848544;427306227;427306761,7,17,40,,0.29,0.15,24,42,0,False
gemini-3.1-flash-lite,v6,sa,mv1,telugu,Explicit-Flirting,0.6,25,48,6,4,19,44,0.6,0.24,0.92,0.68,0.34,426408577;426439325;426578327;427307149,call;call;call;call;call;call;call;call;call;call;425908372;425912424;426252346;426363836;426534420;426642159;426848544;427306227;427306761,7,17,40,,0.29,0.15,24,42,0,False
gemini-3.1-flash-lite,v6,sa,mv1,telugu,Explicit-Flirting,0.7,25,48,5,2,20,46,0.71,0.2,0.96,0.7,0.31,426408577;426578327,call;call;call;call;call;call;call;call;call;call;425908372;425912424;426252346;426363836;426534420;426582734;426642159;426848544;427306227;427306761,6,12,41,,0.33,0.13,18,42,0,False
gemini-3.1-flash-lite,v6,sa,mv1,telugu,Explicit-Flirting,0.8,25,48,5,2,20,46,0.71,0.2,0.96,0.7,0.31,426408577;426578327,call;call;call;call;call;call;call;call;call;call;425908372;425912424;426252346;426363836;426534420;426582734;426642159;426848544;427306227;427306761,6,12,41,,0.33,0.13,18,42,0,False
gemini-3.1-flash-lite,v6,sa,mv1,telugu,Explicit-Flirting,0.9,25,48,5,2,20,46,0.71,0.2,0.96,0.7,0.31,426408577;426578327,call;call;call;call;call;call;call;call;call;call;425908372;425912424;426252346;426363836;426534420;426582734;426642159;426848544;427306227;427306761,6,12,41,,0.33,0.13,18,42,0,False
gemini-3.1-flash-lite,v6,sa,mv1,telugu,Explicit-Flirting,0.95,25,48,0,0,25,48,,0.0,1.0,0.66,,,call;call;call;call;call;call;call;call;call;call;call;call;call;425908372;425912424;426252346;426363836;426534420;426582734;426642159;426649193;426652242;426848544;427306227;427306761,0,0,47,,,0.0,0,42,0,False
gemini-3.1-flash-lite,v6,sa,mv1,telugu,Explicit-Flirting,1.0,25,48,0,0,25,48,,0.0,1.0,0.66,,,call;call;call;call;call;call;call;call;call;call;call;call;call;425908372;425912424;426252346;426363836;426534420;426582734;426642159;426649193;426652242;426848544;427306227;427306761,0,0,47,,,0.0,0,42,0,False
gemini-3.1-flash-lite,v6,sa,mv1,telugu,Explicit-Flirting,none,25,48,7,6,18,42,0.54,0.28,0.88,0.67,0.37,call;426408577;426439325;426578327;427305885;427307149,call;call;call;call;call;call;call;call;call;call;425908372;426252346;426363836;426534420;426642159;426848544;427306227;427306761,9,33,38,,0.21,0.19,42,42,0,False
gemini-3.1-flash-lite,v6,sa,mv1,telugu,ALL,0.0,56,17,35,3,21,14,0.92,0.62,0.82,0.67,0.74,427305885;427307149;427307153,call;call;call;call;call;call;call;call;call;call;call;call;425908372;426226216;426252346;426303789;426363836;426439325;426848544;427306227;427306761,55,118,69,,0.32,0.44,173,173,0,False
gemini-3.1-flash-lite,v6,sa,mv1,telugu,ALL,0.1,56,17,35,3,21,14,0.92,0.62,0.82,0.67,0.74,427305885;427307149;427307153,call;call;call;call;call;call;call;call;call;call;call;call;425908372;426226216;426252346;426303789;426363836;426439325;426848544;427306227;427306761,55,118,69,,0.32,0.44,173,173,0,False
gemini-3.1-flash-lite,v6,sa,mv1,telugu,ALL,0.2,56,17,34,2,22,15,0.94,0.61,0.88,0.67,0.74,427307149;427307153,call;call;call;call;call;call;call;call;call;call;call;call;call;425908372;426226216;426252346;426303789;426363836;426439325;426848544;427306227;427306761,52,99,72,,0.34,0.42,151,173,0,False
gemini-3.1-flash-lite,v6,sa,mv1,telugu,ALL,0.3,56,17,34,2,22,15,0.94,0.61,0.88,0.67,0.74,427307149;427307153,call;call;call;call;call;call;call;call;call;call;call;call;call;425908372;426226216;426252346;426303789;426363836;426439325;426848544;427306227;427306761,52,99,72,,0.34,0.42,151,173,0,False
gemini-3.1-flash-lite,v6,sa,mv1,telugu,ALL,0.4,56,17,34,1,22,16,0.97,0.61,0.94,0.68,0.75,427307149,call;call;call;call;call;call;call;call;call;call;call;call;call;425908372;426226216;426252346;426303789;426363836;426439325;426848544;427306227;427306761,52,73,72,,0.42,0.42,125,173,0,False
gemini-3.1-flash-lite,v6,sa,mv1,telugu,ALL,0.5,56,17,34,1,22,16,0.97,0.61,0.94,0.68,0.75,427307149,call;call;call;call;call;call;call;call;call;call;call;call;call;425908372;426226216;426252346;426303789;426363836;426439325;426848544;427306227;427306761,52,73,72,,0.42,0.42,125,173,0,False
gemini-3.1-flash-lite,v6,sa,mv1,telugu,ALL,0.6,56,17,34,1,22,16,0.97,0.61,0.94,0.68,0.75,427307149,call;call;call;call;call;call;call;call;call;call;call;call;call;425908372;426226216;426252346;426303789;426363836;426439325;426848544;427306227;427306761,52,73,72,,0.42,0.42,125,173,0,False
gemini-3.1-flash-lite,v6,sa,mv1,telugu,ALL,0.7,56,17,32,0,24,17,1.0,0.57,1.0,0.67,0.73,,call;call;call;call;call;call;call;call;call;call;call;call;call;call;425908372;426226216;426252346;426303789;426363836;426439325;426582734;426848544;427306227;427306761,49,59,75,,0.45,0.4,108,173,0,False
gemini-3.1-flash-lite,v6,sa,mv1,telugu,ALL,0.8,56,17,32,0,24,17,1.0,0.57,1.0,0.67,0.73,,call;call;call;call;call;call;call;call;call;call;call;call;call;call;425908372;426226216;426252346;426303789;426363836;426439325;426582734;426848544;427306227;427306761,49,59,75,,0.45,0.4,108,173,0,False
gemini-3.1-flash-lite,v6,sa,mv1,telugu,ALL,0.9,56,17,32,0,24,17,1.0,0.57,1.0,0.67,0.73,,call;call;call;call;call;call;call;call;call;call;call;call;call;call;425908372;426226216;426252346;426303789;426363836;426439325;426582734;426848544;427306227;427306761,49,59,75,,0.45,0.4,108,173,0,False
gemini-3.1-flash-lite,v6,sa,mv1,telugu,ALL,0.95,56,17,0,0,56,17,,0.0,1.0,0.23,,,call;call;call;call;call;call;call;call;call;call;call;call;call;call;call;call;call;call;call;call;call;call;call;call;call;call;call;call;call;call;call;call;call;call;call;call;425908372;425912424;426226216;426252346;426303789;426363836;426408577;426439325;426534420;426578327;426582734;426639345;426642159;426645015;426649193;426652242;426848544;427306227;427306761;427306879,0,0,124,,,0.0,0,173,0,False
gemini-3.1-flash-lite,v6,sa,mv1,telugu,ALL,1.0,56,17,0,0,56,17,,0.0,1.0,0.23,,,call;call;call;call;call;call;call;call;call;call;call;call;call;call;call;call;call;call;call;call;call;call;call;call;call;call;call;call;call;call;call;call;call;call;call;call;425908372;425912424;426226216;426252346;426303789;426363836;426408577;426439325;426534420;426578327;426582734;426639345;426642159;426645015;426649193;426652242;426848544;427306227;427306761;427306879,0,0,124,,,0.0,0,173,0,False
gemini-3.1-flash-lite,v6,sa,mv1,telugu,ALL,none,56,17,35,3,21,14,0.92,0.62,0.82,0.67,0.74,427305885;427307149;427307153,call;call;call;call;call;call;call;call;call;call;call;call;425908372;426226216;426252346;426303789;426363836;426439325;426848544;427306227;427306761,55,118,69,,0.32,0.44,173,173,0,False
gemini-3.1-flash-lite,v6,sa_drop_invalid,mv1,telugu,PlatformMove,0.0,33,40,20,6,13,34,0.77,0.61,0.85,0.74,0.68,call;call;425908372;426649193;427305885;427307153,call;call;call;call;call;call;call;call;426226216;426252346;426303789;426363836;426439325,20,56,27,,0.26,0.43,76,76,0,False
gemini-3.1-flash-lite,v6,sa_drop_invalid,mv1,telugu,PlatformMove,0.1,33,40,20,6,13,34,0.77,0.61,0.85,0.74,0.68,call;call;425908372;426649193;427305885;427307153,call;call;call;call;call;call;call;call;426226216;426252346;426303789;426363836;426439325,20,56,27,,0.26,0.43,76,76,0,False
gemini-3.1-flash-lite,v6,sa_drop_invalid,mv1,telugu,PlatformMove,0.2,33,40,19,5,14,35,0.79,0.58,0.88,0.74,0.67,call;call;425908372;426649193;427307153,call;call;call;call;call;call;call;call;call;426226216;426252346;426303789;426363836;426439325,19,47,28,,0.29,0.4,66,76,0,False
gemini-3.1-flash-lite,v6,sa_drop_invalid,mv1,telugu,PlatformMove,0.3,33,40,19,5,14,35,0.79,0.58,0.88,0.74,0.67,call;call;425908372;426649193;427307153,call;call;call;call;call;call;call;call;call;426226216;426252346;426303789;426363836;426439325,19,47,28,,0.29,0.4,66,76,0,False
gemini-3.1-flash-lite,v6,sa_drop_invalid,mv1,telugu,PlatformMove,0.4,33,40,19,2,14,38,0.9,0.58,0.95,0.78,0.7,call;call,call;call;call;call;call;call;call;call;call;426226216;426252346;426303789;426363836;426439325,19,38,28,,0.33,0.4,57,76,0,False
gemini-3.1-flash-lite,v6,sa_drop_invalid,mv1,telugu,PlatformMove,0.5,33,40,19,2,14,38,0.9,0.58,0.95,0.78,0.7,call;call,call;call;call;call;call;call;call;call;call;426226216;426252346;426303789;426363836;426439325,19,38,28,,0.33,0.4,57,76,0,False
gemini-3.1-flash-lite,v6,sa_drop_invalid,mv1,telugu,PlatformMove,0.6,33,40,19,2,14,38,0.9,0.58,0.95,0.78,0.7,call;call,call;call;call;call;call;call;call;call;call;426226216;426252346;426303789;426363836;426439325,19,38,28,,0.33,0.4,57,76,0,False
gemini-3.1-flash-lite,v6,sa_drop_invalid,mv1,telugu,PlatformMove,0.7,33,40,18,2,15,38,0.9,0.55,0.95,0.77,0.68,call;call,call;call;call;call;call;call;call;call;call;call;426226216;426252346;426303789;426363836;426439325,19,38,28,,0.33,0.4,57,76,0,False
gemini-3.1-flash-lite,v6,sa_drop_invalid,mv1,telugu,PlatformMove,0.8,33,40,18,2,15,38,0.9,0.55,0.95,0.77,0.68,call;call,call;call;call;call;call;call;call;call;call;call;426226216;426252346;426303789;426363836;426439325,19,38,28,,0.33,0.4,57,76,0,False
gemini-3.1-flash-lite,v6,sa_drop_invalid,mv1,telugu,PlatformMove,0.9,33,40,18,2,15,38,0.9,0.55,0.95,0.77,0.68,call;call,call;call;call;call;call;call;call;call;call;call;426226216;426252346;426303789;426363836;426439325,19,38,28,,0.33,0.4,57,76,0,False
gemini-3.1-flash-lite,v6,sa_drop_invalid,mv1,telugu,PlatformMove,0.95,33,40,0,0,33,40,,0.0,1.0,0.55,,,call;call;call;call;call;call;call;call;call;call;call;call;call;call;call;call;call;call;call;call;call;call;425912424;426226216;426252346;426303789;426363836;426408577;426439325;426534420;426639345;426642159;426645015,0,0,47,,,0.0,0,76,0,False
gemini-3.1-flash-lite,v6,sa_drop_invalid,mv1,telugu,PlatformMove,1.0,33,40,0,0,33,40,,0.0,1.0,0.55,,,call;call;call;call;call;call;call;call;call;call;call;call;call;call;call;call;call;call;call;call;call;call;425912424;426226216;426252346;426303789;426363836;426408577;426439325;426534420;426639345;426642159;426645015,0,0,47,,,0.0,0,76,0,False
gemini-3.1-flash-lite,v6,sa_drop_invalid,mv1,telugu,PlatformMove,none,33,40,20,6,13,34,0.77,0.61,0.85,0.74,0.68,call;call;425908372;426649193;427305885;427307153,call;call;call;call;call;call;call;call;426226216;426252346;426303789;426363836;426439325,20,56,27,,0.26,0.43,76,76,0,False
gemini-3.1-flash-lite,v6,sa_drop_invalid,mv1,telugu,SuspiciousActivity,0.0,21,52,19,8,2,44,0.7,0.9,0.85,0.86,0.79,call;call;call;call;425912424;426639345;427307149;427307153,call;426408577,26,29,4,,0.47,0.87,55,55,0,False
gemini-3.1-flash-lite,v6,sa_drop_invalid,mv1,telugu,SuspiciousActivity,0.1,21,52,19,8,2,44,0.7,0.9,0.85,0.86,0.79,call;call;call;call;425912424;426639345;427307149;427307153,call;426408577,26,29,4,,0.47,0.87,55,55,0,False
gemini-3.1-flash-lite,v6,sa_drop_invalid,mv1,telugu,SuspiciousActivity,0.2,21,52,19,6,2,46,0.76,0.9,0.88,0.89,0.83,call;call;call;426639345;427307149;427307153,call;426408577,26,26,4,,0.5,0.87,52,55,0,False
gemini-3.1-flash-lite,v6,sa_drop_invalid,mv1,telugu,SuspiciousActivity,0.3,21,52,19,6,2,46,0.76,0.9,0.88,0.89,0.83,call;call;call;426639345;427307149;427307153,call;426408577,26,26,4,,0.5,0.87,52,55,0,False
gemini-3.1-flash-lite,v6,sa_drop_invalid,mv1,telugu,SuspiciousActivity,0.4,21,52,19,4,2,48,0.83,0.9,0.92,0.92,0.86,call;call;426639345;427307149,call;426408577,26,18,4,,0.59,0.87,44,55,0,False
gemini-3.1-flash-lite,v6,sa_drop_invalid,mv1,telugu,SuspiciousActivity,0.5,21,52,19,4,2,48,0.83,0.9,0.92,0.92,0.86,call;call;426639345;427307149,call;426408577,26,18,4,,0.59,0.87,44,55,0,False
gemini-3.1-flash-lite,v6,sa_drop_invalid,mv1,telugu,SuspiciousActivity,0.6,21,52,19,4,2,48,0.83,0.9,0.92,0.92,0.86,call;call;426639345;427307149,call;426408577,26,18,4,,0.59,0.87,44,55,0,False
gemini-3.1-flash-lite,v6,sa_drop_invalid,mv1,telugu,SuspiciousActivity,0.7,21,52,19,1,2,51,0.95,0.9,0.98,0.96,0.93,call,call;426408577,24,9,6,,0.73,0.8,33,55,0,False
gemini-3.1-flash-lite,v6,sa_drop_invalid,mv1,telugu,SuspiciousActivity,0.8,21,52,19,1,2,51,0.95,0.9,0.98,0.96,0.93,call,call;426408577,24,9,6,,0.73,0.8,33,55,0,False
gemini-3.1-flash-lite,v6,sa_drop_invalid,mv1,telugu,SuspiciousActivity,0.9,21,52,19,1,2,51,0.95,0.9,0.98,0.96,0.93,call,call;426408577,24,9,6,,0.73,0.8,33,55,0,False
gemini-3.1-flash-lite,v6,sa_drop_invalid,mv1,telugu,SuspiciousActivity,0.95,21,52,0,0,21,52,,0.0,1.0,0.71,,,call;call;call;call;call;call;call;call;call;call;call;call;call;call;call;call;426408577;426534420;426578327;426642159;427306879,0,0,30,,,0.0,0,55,0,False
gemini-3.1-flash-lite,v6,sa_drop_invalid,mv1,telugu,SuspiciousActivity,1.0,21,52,0,0,21,52,,0.0,1.0,0.71,,,call;call;call;call;call;call;call;call;call;call;call;call;call;call;call;call;426408577;426534420;426578327;426642159;427306879,0,0,30,,,0.0,0,55,0,False
gemini-3.1-flash-lite,v6,sa_drop_invalid,mv1,telugu,SuspiciousActivity,none,21,52,19,8,2,44,0.7,0.9,0.85,0.86,0.79,call;call;call;call;425912424;426639345;427307149;427307153,call;426408577,26,29,4,,0.47,0.87,55,55,0,False
gemini-3.1-flash-lite,v6,sa_drop_invalid,mv1,telugu,Explicit-Flirting,0.0,25,48,7,6,18,42,0.54,0.28,0.88,0.67,0.37,call;426408577;426439325;426578327;427305885;427307149,call;call;call;call;call;call;call;call;call;call;425908372;426252346;426363836;426534420;426642159;426848544;427306227;427306761,9,33,38,,0.21,0.19,42,42,0,False
gemini-3.1-flash-lite,v6,sa_drop_invalid,mv1,telugu,Explicit-Flirting,0.1,25,48,7,6,18,42,0.54,0.28,0.88,0.67,0.37,call;426408577;426439325;426578327;427305885;427307149,call;call;call;call;call;call;call;call;call;call;425908372;426252346;426363836;426534420;426642159;426848544;427306227;427306761,9,33,38,,0.21,0.19,42,42,0,False
gemini-3.1-flash-lite,v6,sa_drop_invalid,mv1,telugu,Explicit-Flirting,0.2,25,48,6,4,19,44,0.6,0.24,0.92,0.68,0.34,426408577;426439325;426578327;427307149,call;call;call;call;call;call;call;call;call;call;425908372;425912424;426252346;426363836;426534420;426642159;426848544;427306227;427306761,7,26,40,,0.21,0.15,33,42,0,False
gemini-3.1-flash-lite,v6,sa_drop_invalid,mv1,telugu,Explicit-Flirting,0.3,25,48,6,4,19,44,0.6,0.24,0.92,0.68,0.34,426408577;426439325;426578327;427307149,call;call;call;call;call;call;call;call;call;call;425908372;425912424;426252346;426363836;426534420;426642159;426848544;427306227;427306761,7,26,40,,0.21,0.15,33,42,0,False
gemini-3.1-flash-lite,v6,sa_drop_invalid,mv1,telugu,Explicit-Flirting,0.4,25,48,6,4,19,44,0.6,0.24,0.92,0.68,0.34,426408577;426439325;426578327;427307149,call;call;call;call;call;call;call;call;call;call;425908372;425912424;426252346;426363836;426534420;426642159;426848544;427306227;427306761,7,17,40,,0.29,0.15,24,42,0,False
gemini-3.1-flash-lite,v6,sa_drop_invalid,mv1,telugu,Explicit-Flirting,0.5,25,48,6,4,19,44,0.6,0.24,0.92,0.68,0.34,426408577;426439325;426578327;427307149,call;call;call;call;call;call;call;call;call;call;425908372;425912424;426252346;426363836;426534420;426642159;426848544;427306227;427306761,7,17,40,,0.29,0.15,24,42,0,False
gemini-3.1-flash-lite,v6,sa_drop_invalid,mv1,telugu,Explicit-Flirting,0.6,25,48,6,4,19,44,0.6,0.24,0.92,0.68,0.34,426408577;426439325;426578327;427307149,call;call;call;call;call;call;call;call;call;call;425908372;425912424;426252346;426363836;426534420;426642159;426848544;427306227;427306761,7,17,40,,0.29,0.15,24,42,0,False
gemini-3.1-flash-lite,v6,sa_drop_invalid,mv1,telugu,Explicit-Flirting,0.7,25,48,5,2,20,46,0.71,0.2,0.96,0.7,0.31,426408577;426578327,call;call;call;call;call;call;call;call;call;call;425908372;425912424;426252346;426363836;426534420;426582734;426642159;426848544;427306227;427306761,6,12,41,,0.33,0.13,18,42,0,False
gemini-3.1-flash-lite,v6,sa_drop_invalid,mv1,telugu,Explicit-Flirting,0.8,25,48,5,2,20,46,0.71,0.2,0.96,0.7,0.31,426408577;426578327,call;call;call;call;call;call;call;call;call;call;425908372;425912424;426252346;426363836;426534420;426582734;426642159;426848544;427306227;427306761,6,12,41,,0.33,0.13,18,42,0,False
gemini-3.1-flash-lite,v6,sa_drop_invalid,mv1,telugu,Explicit-Flirting,0.9,25,48,5,2,20,46,0.71,0.2,0.96,0.7,0.31,426408577;426578327,call;call;call;call;call;call;call;call;call;call;425908372;425912424;426252346;426363836;426534420;426582734;426642159;426848544;427306227;427306761,6,12,41,,0.33,0.13,18,42,0,False
gemini-3.1-flash-lite,v6,sa_drop_invalid,mv1,telugu,Explicit-Flirting,0.95,25,48,0,0,25,48,,0.0,1.0,0.66,,,call;call;call;call;call;call;call;call;call;call;call;call;call;425908372;425912424;426252346;426363836;426534420;426582734;426642159;426649193;426652242;426848544;427306227;427306761,0,0,47,,,0.0,0,42,0,False
gemini-3.1-flash-lite,v6,sa_drop_invalid,mv1,telugu,Explicit-Flirting,1.0,25,48,0,0,25,48,,0.0,1.0,0.66,,,call;call;call;call;call;call;call;call;call;call;call;call;call;425908372;425912424;426252346;426363836;426534420;426582734;426642159;426649193;426652242;426848544;427306227;427306761,0,0,47,,,0.0,0,42,0,False
gemini-3.1-flash-lite,v6,sa_drop_invalid,mv1,telugu,Explicit-Flirting,none,25,48,7,6,18,42,0.54,0.28,0.88,0.67,0.37,call;426408577;426439325;426578327;427305885;427307149,call;call;call;call;call;call;call;call;call;call;425908372;426252346;426363836;426534420;426642159;426848544;427306227;427306761,9,33,38,,0.21,0.19,42,42,0,False
gemini-3.1-flash-lite,v6,sa_drop_invalid,mv1,telugu,ALL,0.0,56,17,35,3,21,14,0.92,0.62,0.82,0.67,0.74,427305885;427307149;427307153,call;call;call;call;call;call;call;call;call;call;call;call;425908372;426226216;426252346;426303789;426363836;426439325;426848544;427306227;427306761,55,118,69,,0.32,0.44,173,173,0,False
gemini-3.1-flash-lite,v6,sa_drop_invalid,mv1,telugu,ALL,0.1,56,17,35,3,21,14,0.92,0.62,0.82,0.67,0.74,427305885;427307149;427307153,call;call;call;call;call;call;call;call;call;call;call;call;425908372;426226216;426252346;426303789;426363836;426439325;426848544;427306227;427306761,55,118,69,,0.32,0.44,173,173,0,False
gemini-3.1-flash-lite,v6,sa_drop_invalid,mv1,telugu,ALL,0.2,56,17,34,2,22,15,0.94,0.61,0.88,0.67,0.74,427307149;427307153,call;call;call;call;call;call;call;call;call;call;call;call;call;425908372;426226216;426252346;426303789;426363836;426439325;426848544;427306227;427306761,52,99,72,,0.34,0.42,151,173,0,False
gemini-3.1-flash-lite,v6,sa_drop_invalid,mv1,telugu,ALL,0.3,56,17,34,2,22,15,0.94,0.61,0.88,0.67,0.74,427307149;427307153,call;call;call;call;call;call;call;call;call;call;call;call;call;425908372;426226216;426252346;426303789;426363836;426439325;426848544;427306227;427306761,52,99,72,,0.34,0.42,151,173,0,False
gemini-3.1-flash-lite,v6,sa_drop_invalid,mv1,telugu,ALL,0.4,56,17,34,1,22,16,0.97,0.61,0.94,0.68,0.75,427307149,call;call;call;call;call;call;call;call;call;call;call;call;call;425908372;426226216;426252346;426303789;426363836;426439325;426848544;427306227;427306761,52,73,72,,0.42,0.42,125,173,0,False
gemini-3.1-flash-lite,v6,sa_drop_invalid,mv1,telugu,ALL,0.5,56,17,34,1,22,16,0.97,0.61,0.94,0.68,0.75,427307149,call;call;call;call;call;call;call;call;call;call;call;call;call;425908372;426226216;426252346;426303789;426363836;426439325;426848544;427306227;427306761,52,73,72,,0.42,0.42,125,173,0,False
gemini-3.1-flash-lite,v6,sa_drop_invalid,mv1,telugu,ALL,0.6,56,17,34,1,22,16,0.97,0.61,0.94,0.68,0.75,427307149,call;call;call;call;call;call;call;call;call;call;call;call;call;425908372;426226216;426252346;426303789;426363836;426439325;426848544;427306227;427306761,52,73,72,,0.42,0.42,125,173,0,False
gemini-3.1-flash-lite,v6,sa_drop_invalid,mv1,telugu,ALL,0.7,56,17,32,0,24,17,1.0,0.57,1.0,0.67,0.73,,call;call;call;call;call;call;call;call;call;call;call;call;call;call;425908372;426226216;426252346;426303789;426363836;426439325;426582734;426848544;427306227;427306761,49,59,75,,0.45,0.4,108,173,0,False
gemini-3.1-flash-lite,v6,sa_drop_invalid,mv1,telugu,ALL,0.8,56,17,32,0,24,17,1.0,0.57,1.0,0.67,0.73,,call;call;call;call;call;call;call;call;call;call;call;call;call;call;425908372;426226216;426252346;426303789;426363836;426439325;426582734;426848544;427306227;427306761,49,59,75,,0.45,0.4,108,173,0,False
gemini-3.1-flash-lite,v6,sa_drop_invalid,mv1,telugu,ALL,0.9,56,17,32,0,24,17,1.0,0.57,1.0,0.67,0.73,,call;call;call;call;call;call;call;call;call;call;call;call;call;call;425908372;426226216;426252346;426303789;426363836;426439325;426582734;426848544;427306227;427306761,49,59,75,,0.45,0.4,108,173,0,False
gemini-3.1-flash-lite,v6,sa_drop_invalid,mv1,telugu,ALL,0.95,56,17,0,0,56,17,,0.0,1.0,0.23,,,call;call;call;call;call;call;call;call;call;call;call;call;call;call;call;call;call;call;call;call;call;call;call;call;call;call;call;call;call;call;call;call;call;call;call;call;425908372;425912424;426226216;426252346;426303789;426363836;426408577;426439325;426534420;426578327;426582734;426639345;426642159;426645015;426649193;426652242;426848544;427306227;427306761;427306879,0,0,124,,,0.0,0,173,0,False
gemini-3.1-flash-lite,v6,sa_drop_invalid,mv1,telugu,ALL,1.0,56,17,0,0,56,17,,0.0,1.0,0.23,,,call;call;call;call;call;call;call;call;call;call;call;call;call;call;call;call;call;call;call;call;call;call;call;call;call;call;call;call;call;call;call;call;call;call;call;call;425908372;425912424;426226216;426252346;426303789;426363836;426408577;426439325;426534420;426578327;426582734;426639345;426642159;426645015;426649193;426652242;426848544;427306227;427306761;427306879,0,0,124,,,0.0,0,173,0,False
gemini-3.1-flash-lite,v6,sa_drop_invalid,mv1,telugu,ALL,none,56,17,35,3,21,14,0.92,0.62,0.82,0.67,0.74,427305885;427307149;427307153,call;call;call;call;call;call;call;call;call;call;call;call;425908372;426226216;426252346;426303789;426363836;426439325;426848544;427306227;427306761,55,118,69,,0.32,0.44,173,173,0,False
gemini-3.1-flash-lite,v6,pp_full,mv1,telugu,PlatformMove,0.0,33,40,20,6,13,34,0.77,0.61,0.85,0.74,0.68,call;call;425908372;426649193;427305885;427307153,call;call;call;call;call;call;call;call;426226216;426252346;426303789;426363836;426439325,20,56,27,,0.26,0.43,76,76,0,False
gemini-3.1-flash-lite,v6,pp_full,mv1,telugu,PlatformMove,0.1,33,40,20,6,13,34,0.77,0.61,0.85,0.74,0.68,call;call;425908372;426649193;427305885;427307153,call;call;call;call;call;call;call;call;426226216;426252346;426303789;426363836;426439325,20,56,27,,0.26,0.43,76,76,0,False
gemini-3.1-flash-lite,v6,pp_full,mv1,telugu,PlatformMove,0.2,33,40,19,5,14,35,0.79,0.58,0.88,0.74,0.67,call;call;425908372;426649193;427307153,call;call;call;call;call;call;call;call;call;426226216;426252346;426303789;426363836;426439325,19,47,28,,0.29,0.4,66,76,0,False
gemini-3.1-flash-lite,v6,pp_full,mv1,telugu,PlatformMove,0.3,33,40,19,5,14,35,0.79,0.58,0.88,0.74,0.67,call;call;425908372;426649193;427307153,call;call;call;call;call;call;call;call;call;426226216;426252346;426303789;426363836;426439325,19,47,28,,0.29,0.4,66,76,0,False
gemini-3.1-flash-lite,v6,pp_full,mv1,telugu,PlatformMove,0.4,33,40,19,2,14,38,0.9,0.58,0.95,0.78,0.7,call;call,call;call;call;call;call;call;call;call;call;426226216;426252346;426303789;426363836;426439325,19,38,28,,0.33,0.4,57,76,0,False
gemini-3.1-flash-lite,v6,pp_full,mv1,telugu,PlatformMove,0.5,33,40,19,2,14,38,0.9,0.58,0.95,0.78,0.7,call;call,call;call;call;call;call;call;call;call;call;426226216;426252346;426303789;426363836;426439325,19,38,28,,0.33,0.4,57,76,0,False
gemini-3.1-flash-lite,v6,pp_full,mv1,telugu,PlatformMove,0.6,33,40,19,2,14,38,0.9,0.58,0.95,0.78,0.7,call;call,call;call;call;call;call;call;call;call;call;426226216;426252346;426303789;426363836;426439325,19,38,28,,0.33,0.4,57,76,0,False
gemini-3.1-flash-lite,v6,pp_full,mv1,telugu,PlatformMove,0.7,33,40,18,2,15,38,0.9,0.55,0.95,0.77,0.68,call;call,call;call;call;call;call;call;call;call;call;call;426226216;426252346;426303789;426363836;426439325,19,38,28,,0.33,0.4,57,76,0,False
gemini-3.1-flash-lite,v6,pp_full,mv1,telugu,PlatformMove,0.8,33,40,18,2,15,38,0.9,0.55,0.95,0.77,0.68,call;call,call;call;call;call;call;call;call;call;call;call;426226216;426252346;426303789;426363836;426439325,19,38,28,,0.33,0.4,57,76,0,False
gemini-3.1-flash-lite,v6,pp_full,mv1,telugu,PlatformMove,0.9,33,40,18,2,15,38,0.9,0.55,0.95,0.77,0.68,call;call,call;call;call;call;call;call;call;call;call;call;426226216;426252346;426303789;426363836;426439325,19,38,28,,0.33,0.4,57,76,0,False
gemini-3.1-flash-lite,v6,pp_full,mv1,telugu,PlatformMove,0.95,33,40,0,0,33,40,,0.0,1.0,0.55,,,call;call;call;call;call;call;call;call;call;call;call;call;call;call;call;call;call;call;call;call;call;call;425912424;426226216;426252346;426303789;426363836;426408577;426439325;426534420;426639345;426642159;426645015,0,0,47,,,0.0,0,76,0,False
gemini-3.1-flash-lite,v6,pp_full,mv1,telugu,PlatformMove,1.0,33,40,0,0,33,40,,0.0,1.0,0.55,,,call;call;call;call;call;call;call;call;call;call;call;call;call;call;call;call;call;call;call;call;call;call;425912424;426226216;426252346;426303789;426363836;426408577;426439325;426534420;426639345;426642159;426645015,0,0,47,,,0.0,0,76,0,False
gemini-3.1-flash-lite,v6,pp_full,mv1,telugu,PlatformMove,none,33,40,20,6,13,34,0.77,0.61,0.85,0.74,0.68,call;call;425908372;426649193;427305885;427307153,call;call;call;call;call;call;call;call;426226216;426252346;426303789;426363836;426439325,20,56,27,,0.26,0.43,76,76,0,False
gemini-3.1-flash-lite,v6,pp_full,mv1,telugu,SuspiciousActivity,0.0,21,52,19,8,2,44,0.7,0.9,0.85,0.86,0.79,call;call;call;call;425912424;426639345;427307149;427307153,call;426408577,26,29,4,,0.47,0.87,55,55,0,False
gemini-3.1-flash-lite,v6,pp_full,mv1,telugu,SuspiciousActivity,0.1,21,52,19,8,2,44,0.7,0.9,0.85,0.86,0.79,call;call;call;call;425912424;426639345;427307149;427307153,call;426408577,26,29,4,,0.47,0.87,55,55,0,False
gemini-3.1-flash-lite,v6,pp_full,mv1,telugu,SuspiciousActivity,0.2,21,52,19,6,2,46,0.76,0.9,0.88,0.89,0.83,call;call;call;426639345;427307149;427307153,call;426408577,26,26,4,,0.5,0.87,52,55,0,False
gemini-3.1-flash-lite,v6,pp_full,mv1,telugu,SuspiciousActivity,0.3,21,52,19,6,2,46,0.76,0.9,0.88,0.89,0.83,call;call;call;426639345;427307149;427307153,call;426408577,26,26,4,,0.5,0.87,52,55,0,False
gemini-3.1-flash-lite,v6,pp_full,mv1,telugu,SuspiciousActivity,0.4,21,52,19,4,2,48,0.83,0.9,0.92,0.92,0.86,call;call;426639345;427307149,call;426408577,26,18,4,,0.59,0.87,44,55,0,False
gemini-3.1-flash-lite,v6,pp_full,mv1,telugu,SuspiciousActivity,0.5,21,52,19,4,2,48,0.83,0.9,0.92,0.92,0.86,call;call;426639345;427307149,call;426408577,26,18,4,,0.59,0.87,44,55,0,False
gemini-3.1-flash-lite,v6,pp_full,mv1,telugu,SuspiciousActivity,0.6,21,52,19,4,2,48,0.83,0.9,0.92,0.92,0.86,call;call;426639345;427307149,call;426408577,26,18,4,,0.59,0.87,44,55,0,False
gemini-3.1-flash-lite,v6,pp_full,mv1,telugu,SuspiciousActivity,0.7,21,52,19,1,2,51,0.95,0.9,0.98,0.96,0.93,call,call;426408577,24,9,6,,0.73,0.8,33,55,0,False
gemini-3.1-flash-lite,v6,pp_full,mv1,telugu,SuspiciousActivity,0.8,21,52,19,1,2,51,0.95,0.9,0.98,0.96,0.93,call,call;426408577,24,9,6,,0.73,0.8,33,55,0,False
gemini-3.1-flash-lite,v6,pp_full,mv1,telugu,SuspiciousActivity,0.9,21,52,19,1,2,51,0.95,0.9,0.98,0.96,0.93,call,call;426408577,24,9,6,,0.73,0.8,33,55,0,False
gemini-3.1-flash-lite,v6,pp_full,mv1,telugu,SuspiciousActivity,0.95,21,52,0,0,21,52,,0.0,1.0,0.71,,,call;call;call;call;call;call;call;call;call;call;call;call;call;call;call;call;426408577;426534420;426578327;426642159;427306879,0,0,30,,,0.0,0,55,0,False
gemini-3.1-flash-lite,v6,pp_full,mv1,telugu,SuspiciousActivity,1.0,21,52,0,0,21,52,,0.0,1.0,0.71,,,call;call;call;call;call;call;call;call;call;call;call;call;call;call;call;call;426408577;426534420;426578327;426642159;427306879,0,0,30,,,0.0,0,55,0,False
gemini-3.1-flash-lite,v6,pp_full,mv1,telugu,SuspiciousActivity,none,21,52,19,8,2,44,0.7,0.9,0.85,0.86,0.79,call;call;call;call;425912424;426639345;427307149;427307153,call;426408577,26,29,4,,0.47,0.87,55,55,0,False
gemini-3.1-flash-lite,v6,pp_full,mv1,telugu,Explicit-Flirting,0.0,25,48,7,6,18,42,0.54,0.28,0.88,0.67,0.37,call;426408577;426439325;426578327;427305885;427307149,call;call;call;call;call;call;call;call;call;call;425908372;426252346;426363836;426534420;426642159;426848544;427306227;427306761,9,33,38,,0.21,0.19,42,42,0,False
gemini-3.1-flash-lite,v6,pp_full,mv1,telugu,Explicit-Flirting,0.1,25,48,7,6,18,42,0.54,0.28,0.88,0.67,0.37,call;426408577;426439325;426578327;427305885;427307149,call;call;call;call;call;call;call;call;call;call;425908372;426252346;426363836;426534420;426642159;426848544;427306227;427306761,9,33,38,,0.21,0.19,42,42,0,False
gemini-3.1-flash-lite,v6,pp_full,mv1,telugu,Explicit-Flirting,0.2,25,48,6,4,19,44,0.6,0.24,0.92,0.68,0.34,426408577;426439325;426578327;427307149,call;call;call;call;call;call;call;call;call;call;425908372;425912424;426252346;426363836;426534420;426642159;426848544;427306227;427306761,7,26,40,,0.21,0.15,33,42,0,False
gemini-3.1-flash-lite,v6,pp_full,mv1,telugu,Explicit-Flirting,0.3,25,48,6,4,19,44,0.6,0.24,0.92,0.68,0.34,426408577;426439325;426578327;427307149,call;call;call;call;call;call;call;call;call;call;425908372;425912424;426252346;426363836;426534420;426642159;426848544;427306227;427306761,7,26,40,,0.21,0.15,33,42,0,False
gemini-3.1-flash-lite,v6,pp_full,mv1,telugu,Explicit-Flirting,0.4,25,48,6,4,19,44,0.6,0.24,0.92,0.68,0.34,426408577;426439325;426578327;427307149,call;call;call;call;call;call;call;call;call;call;425908372;425912424;426252346;426363836;426534420;426642159;426848544;427306227;427306761,7,17,40,,0.29,0.15,24,42,0,False
gemini-3.1-flash-lite,v6,pp_full,mv1,telugu,Explicit-Flirting,0.5,25,48,6,4,19,44,0.6,0.24,0.92,0.68,0.34,426408577;426439325;426578327;427307149,call;call;call;call;call;call;call;call;call;call;425908372;425912424;426252346;426363836;426534420;426642159;426848544;427306227;427306761,7,17,40,,0.29,0.15,24,42,0,False
gemini-3.1-flash-lite,v6,pp_full,mv1,telugu,Explicit-Flirting,0.6,25,48,6,4,19,44,0.6,0.24,0.92,0.68,0.34,426408577;426439325;426578327;427307149,call;call;call;call;call;call;call;call;call;call;425908372;425912424;426252346;426363836;426534420;426642159;426848544;427306227;427306761,7,17,40,,0.29,0.15,24,42,0,False
gemini-3.1-flash-lite,v6,pp_full,mv1,telugu,Explicit-Flirting,0.7,25,48,5,2,20,46,0.71,0.2,0.96,0.7,0.31,426408577;426578327,call;call;call;call;call;call;call;call;call;call;425908372;425912424;426252346;426363836;426534420;426582734;426642159;426848544;427306227;427306761,6,12,41,,0.33,0.13,18,42,0,False
gemini-3.1-flash-lite,v6,pp_full,mv1,telugu,Explicit-Flirting,0.8,25,48,5,2,20,46,0.71,0.2,0.96,0.7,0.31,426408577;426578327,call;call;call;call;call;call;call;call;call;call;425908372;425912424;426252346;426363836;426534420;426582734;426642159;426848544;427306227;427306761,6,12,41,,0.33,0.13,18,42,0,False
gemini-3.1-flash-lite,v6,pp_full,mv1,telugu,Explicit-Flirting,0.9,25,48,5,2,20,46,0.71,0.2,0.96,0.7,0.31,426408577;426578327,call;call;call;call;call;call;call;call;call;call;425908372;425912424;426252346;426363836;426534420;426582734;426642159;426848544;427306227;427306761,6,12,41,,0.33,0.13,18,42,0,False
gemini-3.1-flash-lite,v6,pp_full,mv1,telugu,Explicit-Flirting,0.95,25,48,0,0,25,48,,0.0,1.0,0.66,,,call;call;call;call;call;call;call;call;call;call;call;call;call;425908372;425912424;426252346;426363836;426534420;426582734;426642159;426649193;426652242;426848544;427306227;427306761,0,0,47,,,0.0,0,42,0,False
gemini-3.1-flash-lite,v6,pp_full,mv1,telugu,Explicit-Flirting,1.0,25,48,0,0,25,48,,0.0,1.0,0.66,,,call;call;call;call;call;call;call;call;call;call;call;call;call;425908372;425912424;426252346;426363836;426534420;426582734;426642159;426649193;426652242;426848544;427306227;427306761,0,0,47,,,0.0,0,42,0,False
gemini-3.1-flash-lite,v6,pp_full,mv1,telugu,Explicit-Flirting,none,25,48,7,6,18,42,0.54,0.28,0.88,0.67,0.37,call;426408577;426439325;426578327;427305885;427307149,call;call;call;call;call;call;call;call;call;call;425908372;426252346;426363836;426534420;426642159;426848544;427306227;427306761,9,33,38,,0.21,0.19,42,42,0,False
gemini-3.1-flash-lite,v6,pp_full,mv1,telugu,ALL,0.0,56,17,35,3,21,14,0.92,0.62,0.82,0.67,0.74,427305885;427307149;427307153,call;call;call;call;call;call;call;call;call;call;call;call;425908372;426226216;426252346;426303789;426363836;426439325;426848544;427306227;427306761,55,118,69,,0.32,0.44,173,173,0,False
gemini-3.1-flash-lite,v6,pp_full,mv1,telugu,ALL,0.1,56,17,35,3,21,14,0.92,0.62,0.82,0.67,0.74,427305885;427307149;427307153,call;call;call;call;call;call;call;call;call;call;call;call;425908372;426226216;426252346;426303789;426363836;426439325;426848544;427306227;427306761,55,118,69,,0.32,0.44,173,173,0,False
gemini-3.1-flash-lite,v6,pp_full,mv1,telugu,ALL,0.2,56,17,34,2,22,15,0.94,0.61,0.88,0.67,0.74,427307149;427307153,call;call;call;call;call;call;call;call;call;call;call;call;call;425908372;426226216;426252346;426303789;426363836;426439325;426848544;427306227;427306761,52,99,72,,0.34,0.42,151,173,0,False
gemini-3.1-flash-lite,v6,pp_full,mv1,telugu,ALL,0.3,56,17,34,2,22,15,0.94,0.61,0.88,0.67,0.74,427307149;427307153,call;call;call;call;call;call;call;call;call;call;call;call;call;425908372;426226216;426252346;426303789;426363836;426439325;426848544;427306227;427306761,52,99,72,,0.34,0.42,151,173,0,False
gemini-3.1-flash-lite,v6,pp_full,mv1,telugu,ALL,0.4,56,17,34,1,22,16,0.97,0.61,0.94,0.68,0.75,427307149,call;call;call;call;call;call;call;call;call;call;call;call;call;425908372;426226216;426252346;426303789;426363836;426439325;426848544;427306227;427306761,52,73,72,,0.42,0.42,125,173,0,False
gemini-3.1-flash-lite,v6,pp_full,mv1,telugu,ALL,0.5,56,17,34,1,22,16,0.97,0.61,0.94,0.68,0.75,427307149,call;call;call;call;call;call;call;call;call;call;call;call;call;425908372;426226216;426252346;426303789;426363836;426439325;426848544;427306227;427306761,52,73,72,,0.42,0.42,125,173,0,False
gemini-3.1-flash-lite,v6,pp_full,mv1,telugu,ALL,0.6,56,17,34,1,22,16,0.97,0.61,0.94,0.68,0.75,427307149,call;call;call;call;call;call;call;call;call;call;call;call;call;425908372;426226216;426252346;426303789;426363836;426439325;426848544;427306227;427306761,52,73,72,,0.42,0.42,125,173,0,False
gemini-3.1-flash-lite,v6,pp_full,mv1,telugu,ALL,0.7,56,17,32,0,24,17,1.0,0.57,1.0,0.67,0.73,,call;call;call;call;call;call;call;call;call;call;call;call;call;call;425908372;426226216;426252346;426303789;426363836;426439325;426582734;426848544;427306227;427306761,49,59,75,,0.45,0.4,108,173,0,False
gemini-3.1-flash-lite,v6,pp_full,mv1,telugu,ALL,0.8,56,17,32,0,24,17,1.0,0.57,1.0,0.67,0.73,,call;call;call;call;call;call;call;call;call;call;call;call;call;call;425908372;426226216;426252346;426303789;426363836;426439325;426582734;426848544;427306227;427306761,49,59,75,,0.45,0.4,108,173,0,False
gemini-3.1-flash-lite,v6,pp_full,mv1,telugu,ALL,0.9,56,17,32,0,24,17,1.0,0.57,1.0,0.67,0.73,,call;call;call;call;call;call;call;call;call;call;call;call;call;call;425908372;426226216;426252346;426303789;426363836;426439325;426582734;426848544;427306227;427306761,49,59,75,,0.45,0.4,108,173,0,False
gemini-3.1-flash-lite,v6,pp_full,mv1,telugu,ALL,0.95,56,17,0,0,56,17,,0.0,1.0,0.23,,,call;call;call;call;call;call;call;call;call;call;call;call;call;call;call;call;call;call;call;call;call;call;call;call;call;call;call;call;call;call;call;call;call;call;call;call;425908372;425912424;426226216;426252346;426303789;426363836;426408577;426439325;426534420;426578327;426582734;426639345;426642159;426645015;426649193;426652242;426848544;427306227;427306761;427306879,0,0,124,,,0.0,0,173,0,False
gemini-3.1-flash-lite,v6,pp_full,mv1,telugu,ALL,1.0,56,17,0,0,56,17,,0.0,1.0,0.23,,,call;call;call;call;call;call;call;call;call;call;call;call;call;call;call;call;call;call;call;call;call;call;call;call;call;call;call;call;call;call;call;call;call;call;call;call;425908372;425912424;426226216;426252346;426303789;426363836;426408577;426439325;426534420;426578327;426582734;426639345;426642159;426645015;426649193;426652242;426848544;427306227;427306761;427306879,0,0,124,,,0.0,0,173,0,False
gemini-3.1-flash-lite,v6,pp_full,mv1,telugu,ALL,none,56,17,35,3,21,14,0.92,0.62,0.82,0.67,0.74,427305885;427307149;427307153,call;call;call;call;call;call;call;call;call;call;call;call;425908372;426226216;426252346;426303789;426363836;426439325;426848544;427306227;427306761,55,118,69,,0.32,0.44,173,173,0,False
gemini-3.1-flash-lite,v6,raw,mv1,kannada,PlatformMove,0.0,24,44,14,2,10,42,0.88,0.58,0.95,0.82,0.7,call;426865848,call;call;call;424687669;425942168;426377718;426538743;426594432;426603278;426649926,17,22,19,,0.44,0.47,39,39,0,False
gemini-3.1-flash-lite,v6,raw,mv1,kannada,PlatformMove,0.1,24,44,14,2,10,42,0.88,0.58,0.95,0.82,0.7,call;426865848,call;call;call;424687669;425942168;426377718;426538743;426594432;426603278;426649926,17,22,19,,0.44,0.47,39,39,0,False
gemini-3.1-flash-lite,v6,raw,mv1,kannada,PlatformMove,0.2,24,44,14,1,10,43,0.93,0.58,0.98,0.84,0.72,call,call;call;call;424687669;425942168;426377718;426538743;426594432;426603278;426649926,17,18,19,,0.49,0.47,35,39,0,False
gemini-3.1-flash-lite,v6,raw,mv1,kannada,PlatformMove,0.3,24,44,14,1,10,43,0.93,0.58,0.98,0.84,0.72,call,call;call;call;424687669;425942168;426377718;426538743;426594432;426603278;426649926,17,18,19,,0.49,0.47,35,39,0,False
gemini-3.1-flash-lite,v6,raw,mv1,kannada,PlatformMove,0.4,24,44,12,0,12,44,1.0,0.5,1.0,0.82,0.67,,call;call;call;call;424687669;425476935;425942168;426377718;426538743;426594432;426603278;426649926,15,14,21,,0.52,0.42,29,39,0,False
gemini-3.1-flash-lite,v6,raw,mv1,kannada,PlatformMove,0.5,24,44,12,0,12,44,1.0,0.5,1.0,0.82,0.67,,call;call;call;call;424687669;425476935;425942168;426377718;426538743;426594432;426603278;426649926,15,14,21,,0.52,0.42,29,39,0,False
gemini-3.1-flash-lite,v6,raw,mv1,kannada,PlatformMove,0.6,24,44,12,0,12,44,1.0,0.5,1.0,0.82,0.67,,call;call;call;call;424687669;425476935;425942168;426377718;426538743;426594432;426603278;426649926,15,14,21,,0.52,0.42,29,39,0,False
gemini-3.1-flash-lite,v6,raw,mv1,kannada,PlatformMove,0.7,24,44,12,0,12,44,1.0,0.5,1.0,0.82,0.67,,call;call;call;call;424687669;425476935;425942168;426377718;426538743;426594432;426603278;426649926,15,14,21,,0.52,0.42,29,39,0,False
gemini-3.1-flash-lite,v6,raw,mv1,kannada,PlatformMove,0.8,24,44,12,0,12,44,1.0,0.5,1.0,0.82,0.67,,call;call;call;call;424687669;425476935;425942168;426377718;426538743;426594432;426603278;426649926,15,14,21,,0.52,0.42,29,39,0,False
gemini-3.1-flash-lite,v6,raw,mv1,kannada,PlatformMove,0.9,24,44,12,0,12,44,1.0,0.5,1.0,0.82,0.67,,call;call;call;call;424687669;425476935;425942168;426377718;426538743;426594432;426603278;426649926,15,14,21,,0.52,0.42,29,39,0,False
gemini-3.1-flash-lite,v6,raw,mv1,kannada,PlatformMove,0.95,24,44,0,0,24,44,,0.0,1.0,0.65,,,call;call;call;call;call;call;call;call;420511327;422311857;423336284;424610958;424687669;425476935;425942168;426377718;426538743;426548691;426583408;426594432;426603278;426609609;426631751;426649926,0,0,36,,,0.0,0,39,0,False
gemini-3.1-flash-lite,v6,raw,mv1,kannada,PlatformMove,1.0,24,44,0,0,24,44,,0.0,1.0,0.65,,,call;call;call;call;call;call;call;call;420511327;422311857;423336284;424610958;424687669;425476935;425942168;426377718;426538743;426548691;426583408;426594432;426603278;426609609;426631751;426649926,0,0,36,,,0.0,0,39,0,False
gemini-3.1-flash-lite,v6,raw,mv1,kannada,PlatformMove,none,24,44,14,2,10,42,0.88,0.58,0.95,0.82,0.7,call;426865848,call;call;call;424687669;425942168;426377718;426538743;426594432;426603278;426649926,17,22,19,,0.44,0.47,39,39,0,False
gemini-3.1-flash-lite,v6,raw,mv1,kannada,SuspiciousActivity,0.0,12,56,9,0,3,56,1.0,0.75,1.0,0.96,0.86,,call;424610958;426548691,11,4,3,,0.73,0.79,15,15,0,False
gemini-3.1-flash-lite,v6,raw,mv1,kannada,SuspiciousActivity,0.1,12,56,9,0,3,56,1.0,0.75,1.0,0.96,0.86,,call;424610958;426548691,11,4,3,,0.73,0.79,15,15,0,False
gemini-3.1-flash-lite,v6,raw,mv1,kannada,SuspiciousActivity,0.2,12,56,9,0,3,56,1.0,0.75,1.0,0.96,0.86,,call;424610958;426548691,11,4,3,,0.73,0.79,15,15,0,False
gemini-3.1-flash-lite,v6,raw,mv1,kannada,SuspiciousActivity,0.3,12,56,9,0,3,56,1.0,0.75,1.0,0.96,0.86,,call;424610958;426548691,11,4,3,,0.73,0.79,15,15,0,False
gemini-3.1-flash-lite,v6,raw,mv1,kannada,SuspiciousActivity,0.4,12,56,8,0,4,56,1.0,0.67,1.0,0.94,0.8,,call;424610958;425476935;426548691,10,3,4,,0.77,0.71,13,15,0,False
gemini-3.1-flash-lite,v6,raw,mv1,kannada,SuspiciousActivity,0.5,12,56,8,0,4,56,1.0,0.67,1.0,0.94,0.8,,call;424610958;425476935;426548691,10,3,4,,0.77,0.71,13,15,0,False
gemini-3.1-flash-lite,v6,raw,mv1,kannada,SuspiciousActivity,0.6,12,56,8,0,4,56,1.0,0.67,1.0,0.94,0.8,,call;424610958;425476935;426548691,10,3,4,,0.77,0.71,13,15,0,False
gemini-3.1-flash-lite,v6,raw,mv1,kannada,SuspiciousActivity,0.7,12,56,7,0,5,56,1.0,0.58,1.0,0.93,0.74,,call;call;424610958;425476935;426548691,9,2,5,,0.82,0.64,11,15,0,False
gemini-3.1-flash-lite,v6,raw,mv1,kannada,SuspiciousActivity,0.8,12,56,7,0,5,56,1.0,0.58,1.0,0.93,0.74,,call;call;424610958;425476935;426548691,9,2,5,,0.82,0.64,11,15,0,False
gemini-3.1-flash-lite,v6,raw,mv1,kannada,SuspiciousActivity,0.9,12,56,7,0,5,56,1.0,0.58,1.0,0.93,0.74,,call;call;424610958;425476935;426548691,9,2,5,,0.82,0.64,11,15,0,False
gemini-3.1-flash-lite,v6,raw,mv1,kannada,SuspiciousActivity,0.95,12,56,0,0,12,56,,0.0,1.0,0.82,,,call;call;call;call;422311857;423336284;424154820;424610958;424687669;425476935;426377718;426548691,0,0,14,,,0.0,0,15,0,False
gemini-3.1-flash-lite,v6,raw,mv1,kannada,SuspiciousActivity,1.0,12,56,0,0,12,56,,0.0,1.0,0.82,,,call;call;call;call;422311857;423336284;424154820;424610958;424687669;425476935;426377718;426548691,0,0,14,,,0.0,0,15,0,False
gemini-3.1-flash-lite,v6,raw,mv1,kannada,SuspiciousActivity,none,12,56,9,0,3,56,1.0,0.75,1.0,0.96,0.86,,call;424610958;426548691,11,4,3,,0.73,0.79,15,15,0,False
gemini-3.1-flash-lite,v6,raw,mv1,kannada,Explicit-Flirting,0.0,14,54,8,6,6,48,0.57,0.57,0.89,0.82,0.57,call;call;call;call;426855984;426864020,call;424687669;426377718;426538743;426631751;426636424,15,48,18,,0.24,0.45,63,63,0,False
gemini-3.1-flash-lite,v6,raw,mv1,kannada,Explicit-Flirting,0.1,14,54,8,6,6,48,0.57,0.57,0.89,0.82,0.57,call;call;call;call;426855984;426864020,call;424687669;426377718;426538743;426631751;426636424,15,48,18,,0.24,0.45,63,63,0,False
gemini-3.1-flash-lite,v6,raw,mv1,kannada,Explicit-Flirting,0.2,14,54,8,4,6,50,0.67,0.57,0.93,0.85,0.62,call;call;call;call,call;424687669;426377718;426538743;426631751;426636424,15,40,18,,0.27,0.45,55,63,0,False
gemini-3.1-flash-lite,v6,raw,mv1,kannada,Explicit-Flirting,0.3,14,54,8,4,6,50,0.67,0.57,0.93,0.85,0.62,call;call;call;call,call;424687669;426377718;426538743;426631751;426636424,15,40,18,,0.27,0.45,55,63,0,False
gemini-3.1-flash-lite,v6,raw,mv1,kannada,Explicit-Flirting,0.4,14,54,6,1,8,53,0.86,0.43,0.98,0.87,0.57,call,call;424687669;425476935;426377718;426432272;426538743;426631751;426636424,13,31,20,,0.3,0.39,44,63,0,False
gemini-3.1-flash-lite,v6,raw,mv1,kannada,Explicit-Flirting,0.5,14,54,6,1,8,53,0.86,0.43,0.98,0.87,0.57,call,call;424687669;425476935;426377718;426432272;426538743;426631751;426636424,13,31,20,,0.3,0.39,44,63,0,False
gemini-3.1-flash-lite,v6,raw,mv1,kannada,Explicit-Flirting,0.6,14,54,6,1,8,53,0.86,0.43,0.98,0.87,0.57,call,call;424687669;425476935;426377718;426432272;426538743;426631751;426636424,13,31,20,,0.3,0.39,44,63,0,False
gemini-3.1-flash-lite,v6,raw,mv1,kannada,Explicit-Flirting,0.7,14,54,6,0,8,54,1.0,0.43,1.0,0.88,0.6,,call;424687669;425476935;426377718;426432272;426538743;426631751;426636424,11,25,22,,0.31,0.33,36,63,0,False
gemini-3.1-flash-lite,v6,raw,mv1,kannada,Explicit-Flirting,0.8,14,54,6,0,8,54,1.0,0.43,1.0,0.88,0.6,,call;424687669;425476935;426377718;426432272;426538743;426631751;426636424,11,25,22,,0.31,0.33,36,63,0,False
gemini-3.1-flash-lite,v6,raw,mv1,kannada,Explicit-Flirting,0.9,14,54,6,0,8,54,1.0,0.43,1.0,0.88,0.6,,call;424687669;425476935;426377718;426432272;426538743;426631751;426636424,11,25,22,,0.31,0.33,36,63,0,False
gemini-3.1-flash-lite,v6,raw,mv1,kannada,Explicit-Flirting,0.95,14,54,0,0,14,54,,0.0,1.0,0.79,,,call;call;call;422311857;424687669;425476935;425942168;426377718;426432272;426538743;426548691;426631751;426636424;426648998,0,0,33,,,0.0,0,63,0,False
gemini-3.1-flash-lite,v6,raw,mv1,kannada,Explicit-Flirting,1.0,14,54,0,0,14,54,,0.0,1.0,0.79,,,call;call;call;422311857;424687669;425476935;425942168;426377718;426432272;426538743;426548691;426631751;426636424;426648998,0,0,33,,,0.0,0,63,0,False
gemini-3.1-flash-lite,v6,raw,mv1,kannada,Explicit-Flirting,none,14,54,8,6,6,48,0.57,0.57,0.89,0.82,0.57,call;call;call;call;426855984;426864020,call;424687669;426377718;426538743;426631751;426636424,15,48,18,,0.24,0.45,63,63,0,False
gemini-3.1-flash-lite,v6,raw,mv1,kannada,ALL,0.0,31,37,21,6,10,31,0.78,0.68,0.84,0.76,0.72,call;call;call;426855984;426864020;426865848,call;call;call;call;call;426538743;426594432;426603278;426636424;426649926,43,74,40,,0.37,0.52,117,117,0,False
gemini-3.1-flash-lite,v6,raw,mv1,kannada,ALL,0.1,31,37,21,6,10,31,0.78,0.68,0.84,0.76,0.72,call;call;call;426855984;426864020;426865848,call;call;call;call;call;426538743;426594432;426603278;426636424;426649926,43,74,40,,0.37,0.52,117,117,0,False
gemini-3.1-flash-lite,v6,raw,mv1,kannada,ALL,0.2,31,37,21,3,10,34,0.88,0.68,0.92,0.81,0.76,call;call;call,call;call;call;call;call;426538743;426594432;426603278;426636424;426649926,43,62,40,,0.41,0.52,105,117,0,False
gemini-3.1-flash-lite,v6,raw,mv1,kannada,ALL,0.3,31,37,21,3,10,34,0.88,0.68,0.92,0.81,0.76,call;call;call,call;call;call;call;call;426538743;426594432;426603278;426636424;426649926,43,62,40,,0.41,0.52,105,117,0,False
gemini-3.1-flash-lite,v6,raw,mv1,kannada,ALL,0.4,31,37,18,1,13,36,0.95,0.58,0.97,0.79,0.72,call,call;call;call;call;call;call;425476935;426432272;426538743;426594432;426603278;426636424;426649926,38,48,45,,0.44,0.46,86,117,0,False
gemini-3.1-flash-lite,v6,raw,mv1,kannada,ALL,0.5,31,37,18,1,13,36,0.95,0.58,0.97,0.79,0.72,call,call;call;call;call;call;call;425476935;426432272;426538743;426594432;426603278;426636424;426649926,38,48,45,,0.44,0.46,86,117,0,False
gemini-3.1-flash-lite,v6,raw,mv1,kannada,ALL,0.6,31,37,18,1,13,36,0.95,0.58,0.97,0.79,0.72,call,call;call;call;call;call;call;425476935;426432272;426538743;426594432;426603278;426636424;426649926,38,48,45,,0.44,0.46,86,117,0,False
gemini-3.1-flash-lite,v6,raw,mv1,kannada,ALL,0.7,31,37,18,0,13,37,1.0,0.58,1.0,0.81,0.73,,call;call;call;call;call;call;425476935;426432272;426538743;426594432;426603278;426636424;426649926,35,41,48,,0.46,0.42,76,117,0,False
gemini-3.1-flash-lite,v6,raw,mv1,kannada,ALL,0.8,31,37,18,0,13,37,1.0,0.58,1.0,0.81,0.73,,call;call;call;call;call;call;425476935;426432272;426538743;426594432;426603278;426636424;426649926,35,41,48,,0.46,0.42,76,117,0,False
gemini-3.1-flash-lite,v6,raw,mv1,kannada,ALL,0.9,31,37,18,0,13,37,1.0,0.58,1.0,0.81,0.73,,call;call;call;call;call;call;425476935;426432272;426538743;426594432;426603278;426636424;426649926,35,41,48,,0.46,0.42,76,117,0,False
gemini-3.1-flash-lite,v6,raw,mv1,kannada,ALL,0.95,31,37,0,0,31,37,,0.0,1.0,0.54,,,call;call;call;call;call;call;call;call;call;call;call;420511327;422311857;423336284;424154820;424610958;424687669;425476935;425942168;426377718;426432272;426538743;426548691;426583408;426594432;426603278;426609609;426631751;426636424;426648998;426649926,0,0,83,,,0.0,0,117,0,False
gemini-3.1-flash-lite,v6,raw,mv1,kannada,ALL,1.0,31,37,0,0,31,37,,0.0,1.0,0.54,,,call;call;call;call;call;call;call;call;call;call;call;420511327;422311857;423336284;424154820;424610958;424687669;425476935;425942168;426377718;426432272;426538743;426548691;426583408;426594432;426603278;426609609;426631751;426636424;426648998;426649926,0,0,83,,,0.0,0,117,0,False
gemini-3.1-flash-lite,v6,raw,mv1,kannada,ALL,none,31,37,21,6,10,31,0.78,0.68,0.84,0.76,0.72,call;call;call;426855984;426864020;426865848,call;call;call;call;call;426538743;426594432;426603278;426636424;426649926,43,74,40,,0.37,0.52,117,117,0,False
gemini-3.1-flash-lite,v6,sa,mv1,kannada,PlatformMove,0.0,24,44,14,2,10,42,0.88,0.58,0.95,0.82,0.7,call;426865848,call;call;call;424687669;425942168;426377718;426538743;426594432;426603278;426649926,17,22,19,,0.44,0.47,39,39,0,False
gemini-3.1-flash-lite,v6,sa,mv1,kannada,PlatformMove,0.1,24,44,14,2,10,42,0.88,0.58,0.95,0.82,0.7,call;426865848,call;call;call;424687669;425942168;426377718;426538743;426594432;426603278;426649926,17,22,19,,0.44,0.47,39,39,0,False
gemini-3.1-flash-lite,v6,sa,mv1,kannada,PlatformMove,0.2,24,44,14,1,10,43,0.93,0.58,0.98,0.84,0.72,call,call;call;call;424687669;425942168;426377718;426538743;426594432;426603278;426649926,17,18,19,,0.49,0.47,35,39,0,False
gemini-3.1-flash-lite,v6,sa,mv1,kannada,PlatformMove,0.3,24,44,14,1,10,43,0.93,0.58,0.98,0.84,0.72,call,call;call;call;424687669;425942168;426377718;426538743;426594432;426603278;426649926,17,18,19,,0.49,0.47,35,39,0,False
gemini-3.1-flash-lite,v6,sa,mv1,kannada,PlatformMove,0.4,24,44,12,0,12,44,1.0,0.5,1.0,0.82,0.67,,call;call;call;call;424687669;425476935;425942168;426377718;426538743;426594432;426603278;426649926,15,14,21,,0.52,0.42,29,39,0,False
gemini-3.1-flash-lite,v6,sa,mv1,kannada,PlatformMove,0.5,24,44,12,0,12,44,1.0,0.5,1.0,0.82,0.67,,call;call;call;call;424687669;425476935;425942168;426377718;426538743;426594432;426603278;426649926,15,14,21,,0.52,0.42,29,39,0,False
gemini-3.1-flash-lite,v6,sa,mv1,kannada,PlatformMove,0.6,24,44,12,0,12,44,1.0,0.5,1.0,0.82,0.67,,call;call;call;call;424687669;425476935;425942168;426377718;426538743;426594432;426603278;426649926,15,14,21,,0.52,0.42,29,39,0,False
gemini-3.1-flash-lite,v6,sa,mv1,kannada,PlatformMove,0.7,24,44,12,0,12,44,1.0,0.5,1.0,0.82,0.67,,call;call;call;call;424687669;425476935;425942168;426377718;426538743;426594432;426603278;426649926,15,14,21,,0.52,0.42,29,39,0,False
gemini-3.1-flash-lite,v6,sa,mv1,kannada,PlatformMove,0.8,24,44,12,0,12,44,1.0,0.5,1.0,0.82,0.67,,call;call;call;call;424687669;425476935;425942168;426377718;426538743;426594432;426603278;426649926,15,14,21,,0.52,0.42,29,39,0,False
gemini-3.1-flash-lite,v6,sa,mv1,kannada,PlatformMove,0.9,24,44,12,0,12,44,1.0,0.5,1.0,0.82,0.67,,call;call;call;call;424687669;425476935;425942168;426377718;426538743;426594432;426603278;426649926,15,14,21,,0.52,0.42,29,39,0,False
gemini-3.1-flash-lite,v6,sa,mv1,kannada,PlatformMove,0.95,24,44,0,0,24,44,,0.0,1.0,0.65,,,call;call;call;call;call;call;call;call;420511327;422311857;423336284;424610958;424687669;425476935;425942168;426377718;426538743;426548691;426583408;426594432;426603278;426609609;426631751;426649926,0,0,36,,,0.0,0,39,0,False
gemini-3.1-flash-lite,v6,sa,mv1,kannada,PlatformMove,1.0,24,44,0,0,24,44,,0.0,1.0,0.65,,,call;call;call;call;call;call;call;call;420511327;422311857;423336284;424610958;424687669;425476935;425942168;426377718;426538743;426548691;426583408;426594432;426603278;426609609;426631751;426649926,0,0,36,,,0.0,0,39,0,False
gemini-3.1-flash-lite,v6,sa,mv1,kannada,PlatformMove,none,24,44,14,2,10,42,0.88,0.58,0.95,0.82,0.7,call;426865848,call;call;call;424687669;425942168;426377718;426538743;426594432;426603278;426649926,17,22,19,,0.44,0.47,39,39,0,False
gemini-3.1-flash-lite,v6,sa,mv1,kannada,SuspiciousActivity,0.0,12,56,9,0,3,56,1.0,0.75,1.0,0.96,0.86,,call;424610958;426548691,11,4,3,,0.73,0.79,15,15,0,False
gemini-3.1-flash-lite,v6,sa,mv1,kannada,SuspiciousActivity,0.1,12,56,9,0,3,56,1.0,0.75,1.0,0.96,0.86,,call;424610958;426548691,11,4,3,,0.73,0.79,15,15,0,False
gemini-3.1-flash-lite,v6,sa,mv1,kannada,SuspiciousActivity,0.2,12,56,9,0,3,56,1.0,0.75,1.0,0.96,0.86,,call;424610958;426548691,11,4,3,,0.73,0.79,15,15,0,False
gemini-3.1-flash-lite,v6,sa,mv1,kannada,SuspiciousActivity,0.3,12,56,9,0,3,56,1.0,0.75,1.0,0.96,0.86,,call;424610958;426548691,11,4,3,,0.73,0.79,15,15,0,False
gemini-3.1-flash-lite,v6,sa,mv1,kannada,SuspiciousActivity,0.4,12,56,8,0,4,56,1.0,0.67,1.0,0.94,0.8,,call;424610958;425476935;426548691,10,3,4,,0.77,0.71,13,15,0,False
gemini-3.1-flash-lite,v6,sa,mv1,kannada,SuspiciousActivity,0.5,12,56,8,0,4,56,1.0,0.67,1.0,0.94,0.8,,call;424610958;425476935;426548691,10,3,4,,0.77,0.71,13,15,0,False
gemini-3.1-flash-lite,v6,sa,mv1,kannada,SuspiciousActivity,0.6,12,56,8,0,4,56,1.0,0.67,1.0,0.94,0.8,,call;424610958;425476935;426548691,10,3,4,,0.77,0.71,13,15,0,False
gemini-3.1-flash-lite,v6,sa,mv1,kannada,SuspiciousActivity,0.7,12,56,7,0,5,56,1.0,0.58,1.0,0.93,0.74,,call;call;424610958;425476935;426548691,9,2,5,,0.82,0.64,11,15,0,False
gemini-3.1-flash-lite,v6,sa,mv1,kannada,SuspiciousActivity,0.8,12,56,7,0,5,56,1.0,0.58,1.0,0.93,0.74,,call;call;424610958;425476935;426548691,9,2,5,,0.82,0.64,11,15,0,False
gemini-3.1-flash-lite,v6,sa,mv1,kannada,SuspiciousActivity,0.9,12,56,7,0,5,56,1.0,0.58,1.0,0.93,0.74,,call;call;424610958;425476935;426548691,9,2,5,,0.82,0.64,11,15,0,False
gemini-3.1-flash-lite,v6,sa,mv1,kannada,SuspiciousActivity,0.95,12,56,0,0,12,56,,0.0,1.0,0.82,,,call;call;call;call;422311857;423336284;424154820;424610958;424687669;425476935;426377718;426548691,0,0,14,,,0.0,0,15,0,False
gemini-3.1-flash-lite,v6,sa,mv1,kannada,SuspiciousActivity,1.0,12,56,0,0,12,56,,0.0,1.0,0.82,,,call;call;call;call;422311857;423336284;424154820;424610958;424687669;425476935;426377718;426548691,0,0,14,,,0.0,0,15,0,False
gemini-3.1-flash-lite,v6,sa,mv1,kannada,SuspiciousActivity,none,12,56,9,0,3,56,1.0,0.75,1.0,0.96,0.86,,call;424610958;426548691,11,4,3,,0.73,0.79,15,15,0,False
gemini-3.1-flash-lite,v6,sa,mv1,kannada,Explicit-Flirting,0.0,14,54,8,6,6,48,0.57,0.57,0.89,0.82,0.57,call;call;call;call;426855984;426864020,call;424687669;426377718;426538743;426631751;426636424,15,48,18,,0.24,0.45,63,63,0,False
gemini-3.1-flash-lite,v6,sa,mv1,kannada,Explicit-Flirting,0.1,14,54,8,6,6,48,0.57,0.57,0.89,0.82,0.57,call;call;call;call;426855984;426864020,call;424687669;426377718;426538743;426631751;426636424,15,48,18,,0.24,0.45,63,63,0,False
gemini-3.1-flash-lite,v6,sa,mv1,kannada,Explicit-Flirting,0.2,14,54,8,4,6,50,0.67,0.57,0.93,0.85,0.62,call;call;call;call,call;424687669;426377718;426538743;426631751;426636424,15,40,18,,0.27,0.45,55,63,0,False
gemini-3.1-flash-lite,v6,sa,mv1,kannada,Explicit-Flirting,0.3,14,54,8,4,6,50,0.67,0.57,0.93,0.85,0.62,call;call;call;call,call;424687669;426377718;426538743;426631751;426636424,15,40,18,,0.27,0.45,55,63,0,False
gemini-3.1-flash-lite,v6,sa,mv1,kannada,Explicit-Flirting,0.4,14,54,6,1,8,53,0.86,0.43,0.98,0.87,0.57,call,call;424687669;425476935;426377718;426432272;426538743;426631751;426636424,13,31,20,,0.3,0.39,44,63,0,False
gemini-3.1-flash-lite,v6,sa,mv1,kannada,Explicit-Flirting,0.5,14,54,6,1,8,53,0.86,0.43,0.98,0.87,0.57,call,call;424687669;425476935;426377718;426432272;426538743;426631751;426636424,13,31,20,,0.3,0.39,44,63,0,False
gemini-3.1-flash-lite,v6,sa,mv1,kannada,Explicit-Flirting,0.6,14,54,6,1,8,53,0.86,0.43,0.98,0.87,0.57,call,call;424687669;425476935;426377718;426432272;426538743;426631751;426636424,13,31,20,,0.3,0.39,44,63,0,False
gemini-3.1-flash-lite,v6,sa,mv1,kannada,Explicit-Flirting,0.7,14,54,6,0,8,54,1.0,0.43,1.0,0.88,0.6,,call;424687669;425476935;426377718;426432272;426538743;426631751;426636424,11,25,22,,0.31,0.33,36,63,0,False
gemini-3.1-flash-lite,v6,sa,mv1,kannada,Explicit-Flirting,0.8,14,54,6,0,8,54,1.0,0.43,1.0,0.88,0.6,,call;424687669;425476935;426377718;426432272;426538743;426631751;426636424,11,25,22,,0.31,0.33,36,63,0,False
gemini-3.1-flash-lite,v6,sa,mv1,kannada,Explicit-Flirting,0.9,14,54,6,0,8,54,1.0,0.43,1.0,0.88,0.6,,call;424687669;425476935;426377718;426432272;426538743;426631751;426636424,11,25,22,,0.31,0.33,36,63,0,False
gemini-3.1-flash-lite,v6,sa,mv1,kannada,Explicit-Flirting,0.95,14,54,0,0,14,54,,0.0,1.0,0.79,,,call;call;call;422311857;424687669;425476935;425942168;426377718;426432272;426538743;426548691;426631751;426636424;426648998,0,0,33,,,0.0,0,63,0,False
gemini-3.1-flash-lite,v6,sa,mv1,kannada,Explicit-Flirting,1.0,14,54,0,0,14,54,,0.0,1.0,0.79,,,call;call;call;422311857;424687669;425476935;425942168;426377718;426432272;426538743;426548691;426631751;426636424;426648998,0,0,33,,,0.0,0,63,0,False
gemini-3.1-flash-lite,v6,sa,mv1,kannada,Explicit-Flirting,none,14,54,8,6,6,48,0.57,0.57,0.89,0.82,0.57,call;call;call;call;426855984;426864020,call;424687669;426377718;426538743;426631751;426636424,15,48,18,,0.24,0.45,63,63,0,False
gemini-3.1-flash-lite,v6,sa,mv1,kannada,ALL,0.0,31,37,21,6,10,31,0.78,0.68,0.84,0.76,0.72,call;call;call;426855984;426864020;426865848,call;call;call;call;call;426538743;426594432;426603278;426636424;426649926,43,74,40,,0.37,0.52,117,117,0,False
gemini-3.1-flash-lite,v6,sa,mv1,kannada,ALL,0.1,31,37,21,6,10,31,0.78,0.68,0.84,0.76,0.72,call;call;call;426855984;426864020;426865848,call;call;call;call;call;426538743;426594432;426603278;426636424;426649926,43,74,40,,0.37,0.52,117,117,0,False
gemini-3.1-flash-lite,v6,sa,mv1,kannada,ALL,0.2,31,37,21,3,10,34,0.88,0.68,0.92,0.81,0.76,call;call;call,call;call;call;call;call;426538743;426594432;426603278;426636424;426649926,43,62,40,,0.41,0.52,105,117,0,False
gemini-3.1-flash-lite,v6,sa,mv1,kannada,ALL,0.3,31,37,21,3,10,34,0.88,0.68,0.92,0.81,0.76,call;call;call,call;call;call;call;call;426538743;426594432;426603278;426636424;426649926,43,62,40,,0.41,0.52,105,117,0,False
gemini-3.1-flash-lite,v6,sa,mv1,kannada,ALL,0.4,31,37,18,1,13,36,0.95,0.58,0.97,0.79,0.72,call,call;call;call;call;call;call;425476935;426432272;426538743;426594432;426603278;426636424;426649926,38,48,45,,0.44,0.46,86,117,0,False
gemini-3.1-flash-lite,v6,sa,mv1,kannada,ALL,0.5,31,37,18,1,13,36,0.95,0.58,0.97,0.79,0.72,call,call;call;call;call;call;call;425476935;426432272;426538743;426594432;426603278;426636424;426649926,38,48,45,,0.44,0.46,86,117,0,False
gemini-3.1-flash-lite,v6,sa,mv1,kannada,ALL,0.6,31,37,18,1,13,36,0.95,0.58,0.97,0.79,0.72,call,call;call;call;call;call;call;425476935;426432272;426538743;426594432;426603278;426636424;426649926,38,48,45,,0.44,0.46,86,117,0,False
gemini-3.1-flash-lite,v6,sa,mv1,kannada,ALL,0.7,31,37,18,0,13,37,1.0,0.58,1.0,0.81,0.73,,call;call;call;call;call;call;425476935;426432272;426538743;426594432;426603278;426636424;426649926,35,41,48,,0.46,0.42,76,117,0,False
gemini-3.1-flash-lite,v6,sa,mv1,kannada,ALL,0.8,31,37,18,0,13,37,1.0,0.58,1.0,0.81,0.73,,call;call;call;call;call;call;425476935;426432272;426538743;426594432;426603278;426636424;426649926,35,41,48,,0.46,0.42,76,117,0,False
gemini-3.1-flash-lite,v6,sa,mv1,kannada,ALL,0.9,31,37,18,0,13,37,1.0,0.58,1.0,0.81,0.73,,call;call;call;call;call;call;425476935;426432272;426538743;426594432;426603278;426636424;426649926,35,41,48,,0.46,0.42,76,117,0,False
gemini-3.1-flash-lite,v6,sa,mv1,kannada,ALL,0.95,31,37,0,0,31,37,,0.0,1.0,0.54,,,call;call;call;call;call;call;call;call;call;call;call;420511327;422311857;423336284;424154820;424610958;424687669;425476935;425942168;426377718;426432272;426538743;426548691;426583408;426594432;426603278;426609609;426631751;426636424;426648998;426649926,0,0,83,,,0.0,0,117,0,False
gemini-3.1-flash-lite,v6,sa,mv1,kannada,ALL,1.0,31,37,0,0,31,37,,0.0,1.0,0.54,,,call;call;call;call;call;call;call;call;call;call;call;420511327;422311857;423336284;424154820;424610958;424687669;425476935;425942168;426377718;426432272;426538743;426548691;426583408;426594432;426603278;426609609;426631751;426636424;426648998;426649926,0,0,83,,,0.0,0,117,0,False
gemini-3.1-flash-lite,v6,sa,mv1,kannada,ALL,none,31,37,21,6,10,31,0.78,0.68,0.84,0.76,0.72,call;call;call;426855984;426864020;426865848,call;call;call;call;call;426538743;426594432;426603278;426636424;426649926,43,74,40,,0.37,0.52,117,117,0,False
gemini-3.1-flash-lite,v6,sa_drop_invalid,mv1,kannada,PlatformMove,0.0,24,44,14,2,10,42,0.88,0.58,0.95,0.82,0.7,call;426865848,call;call;call;424687669;425942168;426377718;426538743;426594432;426603278;426649926,17,22,19,,0.44,0.47,39,39,0,False
gemini-3.1-flash-lite,v6,sa_drop_invalid,mv1,kannada,PlatformMove,0.1,24,44,14,2,10,42,0.88,0.58,0.95,0.82,0.7,call;426865848,call;call;call;424687669;425942168;426377718;426538743;426594432;426603278;426649926,17,22,19,,0.44,0.47,39,39,0,False
gemini-3.1-flash-lite,v6,sa_drop_invalid,mv1,kannada,PlatformMove,0.2,24,44,14,1,10,43,0.93,0.58,0.98,0.84,0.72,call,call;call;call;424687669;425942168;426377718;426538743;426594432;426603278;426649926,17,18,19,,0.49,0.47,35,39,0,False
gemini-3.1-flash-lite,v6,sa_drop_invalid,mv1,kannada,PlatformMove,0.3,24,44,14,1,10,43,0.93,0.58,0.98,0.84,0.72,call,call;call;call;424687669;425942168;426377718;426538743;426594432;426603278;426649926,17,18,19,,0.49,0.47,35,39,0,False
gemini-3.1-flash-lite,v6,sa_drop_invalid,mv1,kannada,PlatformMove,0.4,24,44,12,0,12,44,1.0,0.5,1.0,0.82,0.67,,call;call;call;call;424687669;425476935;425942168;426377718;426538743;426594432;426603278;426649926,15,14,21,,0.52,0.42,29,39,0,False
gemini-3.1-flash-lite,v6,sa_drop_invalid,mv1,kannada,PlatformMove,0.5,24,44,12,0,12,44,1.0,0.5,1.0,0.82,0.67,,call;call;call;call;424687669;425476935;425942168;426377718;426538743;426594432;426603278;426649926,15,14,21,,0.52,0.42,29,39,0,False
gemini-3.1-flash-lite,v6,sa_drop_invalid,mv1,kannada,PlatformMove,0.6,24,44,12,0,12,44,1.0,0.5,1.0,0.82,0.67,,call;call;call;call;424687669;425476935;425942168;426377718;426538743;426594432;426603278;426649926,15,14,21,,0.52,0.42,29,39,0,False
gemini-3.1-flash-lite,v6,sa_drop_invalid,mv1,kannada,PlatformMove,0.7,24,44,12,0,12,44,1.0,0.5,1.0,0.82,0.67,,call;call;call;call;424687669;425476935;425942168;426377718;426538743;426594432;426603278;426649926,15,14,21,,0.52,0.42,29,39,0,False
gemini-3.1-flash-lite,v6,sa_drop_invalid,mv1,kannada,PlatformMove,0.8,24,44,12,0,12,44,1.0,0.5,1.0,0.82,0.67,,call;call;call;call;424687669;425476935;425942168;426377718;426538743;426594432;426603278;426649926,15,14,21,,0.52,0.42,29,39,0,False
gemini-3.1-flash-lite,v6,sa_drop_invalid,mv1,kannada,PlatformMove,0.9,24,44,12,0,12,44,1.0,0.5,1.0,0.82,0.67,,call;call;call;call;424687669;425476935;425942168;426377718;426538743;426594432;426603278;426649926,15,14,21,,0.52,0.42,29,39,0,False
gemini-3.1-flash-lite,v6,sa_drop_invalid,mv1,kannada,PlatformMove,0.95,24,44,0,0,24,44,,0.0,1.0,0.65,,,call;call;call;call;call;call;call;call;420511327;422311857;423336284;424610958;424687669;425476935;425942168;426377718;426538743;426548691;426583408;426594432;426603278;426609609;426631751;426649926,0,0,36,,,0.0,0,39,0,False
gemini-3.1-flash-lite,v6,sa_drop_invalid,mv1,kannada,PlatformMove,1.0,24,44,0,0,24,44,,0.0,1.0,0.65,,,call;call;call;call;call;call;call;call;420511327;422311857;423336284;424610958;424687669;425476935;425942168;426377718;426538743;426548691;426583408;426594432;426603278;426609609;426631751;426649926,0,0,36,,,0.0,0,39,0,False
gemini-3.1-flash-lite,v6,sa_drop_invalid,mv1,kannada,PlatformMove,none,24,44,14,2,10,42,0.88,0.58,0.95,0.82,0.7,call;426865848,call;call;call;424687669;425942168;426377718;426538743;426594432;426603278;426649926,17,22,19,,0.44,0.47,39,39,0,False
gemini-3.1-flash-lite,v6,sa_drop_invalid,mv1,kannada,SuspiciousActivity,0.0,12,56,9,0,3,56,1.0,0.75,1.0,0.96,0.86,,call;424610958;426548691,11,4,3,,0.73,0.79,15,15,0,False
gemini-3.1-flash-lite,v6,sa_drop_invalid,mv1,kannada,SuspiciousActivity,0.1,12,56,9,0,3,56,1.0,0.75,1.0,0.96,0.86,,call;424610958;426548691,11,4,3,,0.73,0.79,15,15,0,False
gemini-3.1-flash-lite,v6,sa_drop_invalid,mv1,kannada,SuspiciousActivity,0.2,12,56,9,0,3,56,1.0,0.75,1.0,0.96,0.86,,call;424610958;426548691,11,4,3,,0.73,0.79,15,15,0,False
gemini-3.1-flash-lite,v6,sa_drop_invalid,mv1,kannada,SuspiciousActivity,0.3,12,56,9,0,3,56,1.0,0.75,1.0,0.96,0.86,,call;424610958;426548691,11,4,3,,0.73,0.79,15,15,0,False
gemini-3.1-flash-lite,v6,sa_drop_invalid,mv1,kannada,SuspiciousActivity,0.4,12,56,8,0,4,56,1.0,0.67,1.0,0.94,0.8,,call;424610958;425476935;426548691,10,3,4,,0.77,0.71,13,15,0,False
gemini-3.1-flash-lite,v6,sa_drop_invalid,mv1,kannada,SuspiciousActivity,0.5,12,56,8,0,4,56,1.0,0.67,1.0,0.94,0.8,,call;424610958;425476935;426548691,10,3,4,,0.77,0.71,13,15,0,False
gemini-3.1-flash-lite,v6,sa_drop_invalid,mv1,kannada,SuspiciousActivity,0.6,12,56,8,0,4,56,1.0,0.67,1.0,0.94,0.8,,call;424610958;425476935;426548691,10,3,4,,0.77,0.71,13,15,0,False
gemini-3.1-flash-lite,v6,sa_drop_invalid,mv1,kannada,SuspiciousActivity,0.7,12,56,7,0,5,56,1.0,0.58,1.0,0.93,0.74,,call;call;424610958;425476935;426548691,9,2,5,,0.82,0.64,11,15,0,False
gemini-3.1-flash-lite,v6,sa_drop_invalid,mv1,kannada,SuspiciousActivity,0.8,12,56,7,0,5,56,1.0,0.58,1.0,0.93,0.74,,call;call;424610958;425476935;426548691,9,2,5,,0.82,0.64,11,15,0,False
gemini-3.1-flash-lite,v6,sa_drop_invalid,mv1,kannada,SuspiciousActivity,0.9,12,56,7,0,5,56,1.0,0.58,1.0,0.93,0.74,,call;call;424610958;425476935;426548691,9,2,5,,0.82,0.64,11,15,0,False
gemini-3.1-flash-lite,v6,sa_drop_invalid,mv1,kannada,SuspiciousActivity,0.95,12,56,0,0,12,56,,0.0,1.0,0.82,,,call;call;call;call;422311857;423336284;424154820;424610958;424687669;425476935;426377718;426548691,0,0,14,,,0.0,0,15,0,False
gemini-3.1-flash-lite,v6,sa_drop_invalid,mv1,kannada,SuspiciousActivity,1.0,12,56,0,0,12,56,,0.0,1.0,0.82,,,call;call;call;call;422311857;423336284;424154820;424610958;424687669;425476935;426377718;426548691,0,0,14,,,0.0,0,15,0,False
gemini-3.1-flash-lite,v6,sa_drop_invalid,mv1,kannada,SuspiciousActivity,none,12,56,9,0,3,56,1.0,0.75,1.0,0.96,0.86,,call;424610958;426548691,11,4,3,,0.73,0.79,15,15,0,False
gemini-3.1-flash-lite,v6,sa_drop_invalid,mv1,kannada,Explicit-Flirting,0.0,14,54,8,6,6,48,0.57,0.57,0.89,0.82,0.57,call;call;call;call;426855984;426864020,call;424687669;426377718;426538743;426631751;426636424,15,48,18,,0.24,0.45,63,63,0,False
gemini-3.1-flash-lite,v6,sa_drop_invalid,mv1,kannada,Explicit-Flirting,0.1,14,54,8,6,6,48,0.57,0.57,0.89,0.82,0.57,call;call;call;call;426855984;426864020,call;424687669;426377718;426538743;426631751;426636424,15,48,18,,0.24,0.45,63,63,0,False
gemini-3.1-flash-lite,v6,sa_drop_invalid,mv1,kannada,Explicit-Flirting,0.2,14,54,8,4,6,50,0.67,0.57,0.93,0.85,0.62,call;call;call;call,call;424687669;426377718;426538743;426631751;426636424,15,40,18,,0.27,0.45,55,63,0,False
gemini-3.1-flash-lite,v6,sa_drop_invalid,mv1,kannada,Explicit-Flirting,0.3,14,54,8,4,6,50,0.67,0.57,0.93,0.85,0.62,call;call;call;call,call;424687669;426377718;426538743;426631751;426636424,15,40,18,,0.27,0.45,55,63,0,False
gemini-3.1-flash-lite,v6,sa_drop_invalid,mv1,kannada,Explicit-Flirting,0.4,14,54,6,1,8,53,0.86,0.43,0.98,0.87,0.57,call,call;424687669;425476935;426377718;426432272;426538743;426631751;426636424,13,31,20,,0.3,0.39,44,63,0,False
gemini-3.1-flash-lite,v6,sa_drop_invalid,mv1,kannada,Explicit-Flirting,0.5,14,54,6,1,8,53,0.86,0.43,0.98,0.87,0.57,call,call;424687669;425476935;426377718;426432272;426538743;426631751;426636424,13,31,20,,0.3,0.39,44,63,0,False
gemini-3.1-flash-lite,v6,sa_drop_invalid,mv1,kannada,Explicit-Flirting,0.6,14,54,6,1,8,53,0.86,0.43,0.98,0.87,0.57,call,call;424687669;425476935;426377718;426432272;426538743;426631751;426636424,13,31,20,,0.3,0.39,44,63,0,False
gemini-3.1-flash-lite,v6,sa_drop_invalid,mv1,kannada,Explicit-Flirting,0.7,14,54,6,0,8,54,1.0,0.43,1.0,0.88,0.6,,call;424687669;425476935;426377718;426432272;426538743;426631751;426636424,11,25,22,,0.31,0.33,36,63,0,False
gemini-3.1-flash-lite,v6,sa_drop_invalid,mv1,kannada,Explicit-Flirting,0.8,14,54,6,0,8,54,1.0,0.43,1.0,0.88,0.6,,call;424687669;425476935;426377718;426432272;426538743;426631751;426636424,11,25,22,,0.31,0.33,36,63,0,False
gemini-3.1-flash-lite,v6,sa_drop_invalid,mv1,kannada,Explicit-Flirting,0.9,14,54,6,0,8,54,1.0,0.43,1.0,0.88,0.6,,call;424687669;425476935;426377718;426432272;426538743;426631751;426636424,11,25,22,,0.31,0.33,36,63,0,False
gemini-3.1-flash-lite,v6,sa_drop_invalid,mv1,kannada,Explicit-Flirting,0.95,14,54,0,0,14,54,,0.0,1.0,0.79,,,call;call;call;422311857;424687669;425476935;425942168;426377718;426432272;426538743;426548691;426631751;426636424;426648998,0,0,33,,,0.0,0,63,0,False
gemini-3.1-flash-lite,v6,sa_drop_invalid,mv1,kannada,Explicit-Flirting,1.0,14,54,0,0,14,54,,0.0,1.0,0.79,,,call;call;call;422311857;424687669;425476935;425942168;426377718;426432272;426538743;426548691;426631751;426636424;426648998,0,0,33,,,0.0,0,63,0,False
gemini-3.1-flash-lite,v6,sa_drop_invalid,mv1,kannada,Explicit-Flirting,none,14,54,8,6,6,48,0.57,0.57,0.89,0.82,0.57,call;call;call;call;426855984;426864020,call;424687669;426377718;426538743;426631751;426636424,15,48,18,,0.24,0.45,63,63,0,False
gemini-3.1-flash-lite,v6,sa_drop_invalid,mv1,kannada,ALL,0.0,31,37,21,6,10,31,0.78,0.68,0.84,0.76,0.72,call;call;call;426855984;426864020;426865848,call;call;call;call;call;426538743;426594432;426603278;426636424;426649926,43,74,40,,0.37,0.52,117,117,0,False
gemini-3.1-flash-lite,v6,sa_drop_invalid,mv1,kannada,ALL,0.1,31,37,21,6,10,31,0.78,0.68,0.84,0.76,0.72,call;call;call;426855984;426864020;426865848,call;call;call;call;call;426538743;426594432;426603278;426636424;426649926,43,74,40,,0.37,0.52,117,117,0,False
gemini-3.1-flash-lite,v6,sa_drop_invalid,mv1,kannada,ALL,0.2,31,37,21,3,10,34,0.88,0.68,0.92,0.81,0.76,call;call;call,call;call;call;call;call;426538743;426594432;426603278;426636424;426649926,43,62,40,,0.41,0.52,105,117,0,False
gemini-3.1-flash-lite,v6,sa_drop_invalid,mv1,kannada,ALL,0.3,31,37,21,3,10,34,0.88,0.68,0.92,0.81,0.76,call;call;call,call;call;call;call;call;426538743;426594432;426603278;426636424;426649926,43,62,40,,0.41,0.52,105,117,0,False
gemini-3.1-flash-lite,v6,sa_drop_invalid,mv1,kannada,ALL,0.4,31,37,18,1,13,36,0.95,0.58,0.97,0.79,0.72,call,call;call;call;call;call;call;425476935;426432272;426538743;426594432;426603278;426636424;426649926,38,48,45,,0.44,0.46,86,117,0,False
gemini-3.1-flash-lite,v6,sa_drop_invalid,mv1,kannada,ALL,0.5,31,37,18,1,13,36,0.95,0.58,0.97,0.79,0.72,call,call;call;call;call;call;call;425476935;426432272;426538743;426594432;426603278;426636424;426649926,38,48,45,,0.44,0.46,86,117,0,False
gemini-3.1-flash-lite,v6,sa_drop_invalid,mv1,kannada,ALL,0.6,31,37,18,1,13,36,0.95,0.58,0.97,0.79,0.72,call,call;call;call;call;call;call;425476935;426432272;426538743;426594432;426603278;426636424;426649926,38,48,45,,0.44,0.46,86,117,0,False
gemini-3.1-flash-lite,v6,sa_drop_invalid,mv1,kannada,ALL,0.7,31,37,18,0,13,37,1.0,0.58,1.0,0.81,0.73,,call;call;call;call;call;call;425476935;426432272;426538743;426594432;426603278;426636424;426649926,35,41,48,,0.46,0.42,76,117,0,False
gemini-3.1-flash-lite,v6,sa_drop_invalid,mv1,kannada,ALL,0.8,31,37,18,0,13,37,1.0,0.58,1.0,0.81,0.73,,call;call;call;call;call;call;425476935;426432272;426538743;426594432;426603278;426636424;426649926,35,41,48,,0.46,0.42,76,117,0,False
gemini-3.1-flash-lite,v6,sa_drop_invalid,mv1,kannada,ALL,0.9,31,37,18,0,13,37,1.0,0.58,1.0,0.81,0.73,,call;call;call;call;call;call;425476935;426432272;426538743;426594432;426603278;426636424;426649926,35,41,48,,0.46,0.42,76,117,0,False
gemini-3.1-flash-lite,v6,sa_drop_invalid,mv1,kannada,ALL,0.95,31,37,0,0,31,37,,0.0,1.0,0.54,,,call;call;call;call;call;call;call;call;call;call;call;420511327;422311857;423336284;424154820;424610958;424687669;425476935;425942168;426377718;426432272;426538743;426548691;426583408;426594432;426603278;426609609;426631751;426636424;426648998;426649926,0,0,83,,,0.0,0,117,0,False
gemini-3.1-flash-lite,v6,sa_drop_invalid,mv1,kannada,ALL,1.0,31,37,0,0,31,37,,0.0,1.0,0.54,,,call;call;call;call;call;call;call;call;call;call;call;420511327;422311857;423336284;424154820;424610958;424687669;425476935;425942168;426377718;426432272;426538743;426548691;426583408;426594432;426603278;426609609;426631751;426636424;426648998;426649926,0,0,83,,,0.0,0,117,0,False
gemini-3.1-flash-lite,v6,sa_drop_invalid,mv1,kannada,ALL,none,31,37,21,6,10,31,0.78,0.68,0.84,0.76,0.72,call;call;call;426855984;426864020;426865848,call;call;call;call;call;426538743;426594432;426603278;426636424;426649926,43,74,40,,0.37,0.52,117,117,0,False
gemini-3.1-flash-lite,v6,pp_full,mv1,kannada,PlatformMove,0.0,24,44,14,2,10,42,0.88,0.58,0.95,0.82,0.7,call;426865848,call;call;call;424687669;425942168;426377718;426538743;426594432;426603278;426649926,17,22,19,,0.44,0.47,39,39,0,False
gemini-3.1-flash-lite,v6,pp_full,mv1,kannada,PlatformMove,0.1,24,44,14,2,10,42,0.88,0.58,0.95,0.82,0.7,call;426865848,call;call;call;424687669;425942168;426377718;426538743;426594432;426603278;426649926,17,22,19,,0.44,0.47,39,39,0,False
gemini-3.1-flash-lite,v6,pp_full,mv1,kannada,PlatformMove,0.2,24,44,14,1,10,43,0.93,0.58,0.98,0.84,0.72,call,call;call;call;424687669;425942168;426377718;426538743;426594432;426603278;426649926,17,18,19,,0.49,0.47,35,39,0,False
gemini-3.1-flash-lite,v6,pp_full,mv1,kannada,PlatformMove,0.3,24,44,14,1,10,43,0.93,0.58,0.98,0.84,0.72,call,call;call;call;424687669;425942168;426377718;426538743;426594432;426603278;426649926,17,18,19,,0.49,0.47,35,39,0,False
gemini-3.1-flash-lite,v6,pp_full,mv1,kannada,PlatformMove,0.4,24,44,12,0,12,44,1.0,0.5,1.0,0.82,0.67,,call;call;call;call;424687669;425476935;425942168;426377718;426538743;426594432;426603278;426649926,15,14,21,,0.52,0.42,29,39,0,False
gemini-3.1-flash-lite,v6,pp_full,mv1,kannada,PlatformMove,0.5,24,44,12,0,12,44,1.0,0.5,1.0,0.82,0.67,,call;call;call;call;424687669;425476935;425942168;426377718;426538743;426594432;426603278;426649926,15,14,21,,0.52,0.42,29,39,0,False
gemini-3.1-flash-lite,v6,pp_full,mv1,kannada,PlatformMove,0.6,24,44,12,0,12,44,1.0,0.5,1.0,0.82,0.67,,call;call;call;call;424687669;425476935;425942168;426377718;426538743;426594432;426603278;426649926,15,14,21,,0.52,0.42,29,39,0,False
gemini-3.1-flash-lite,v6,pp_full,mv1,kannada,PlatformMove,0.7,24,44,12,0,12,44,1.0,0.5,1.0,0.82,0.67,,call;call;call;call;424687669;425476935;425942168;426377718;426538743;426594432;426603278;426649926,15,14,21,,0.52,0.42,29,39,0,False
gemini-3.1-flash-lite,v6,pp_full,mv1,kannada,PlatformMove,0.8,24,44,12,0,12,44,1.0,0.5,1.0,0.82,0.67,,call;call;call;call;424687669;425476935;425942168;426377718;426538743;426594432;426603278;426649926,15,14,21,,0.52,0.42,29,39,0,False
gemini-3.1-flash-lite,v6,pp_full,mv1,kannada,PlatformMove,0.9,24,44,12,0,12,44,1.0,0.5,1.0,0.82,0.67,,call;call;call;call;424687669;425476935;425942168;426377718;426538743;426594432;426603278;426649926,15,14,21,,0.52,0.42,29,39,0,False
gemini-3.1-flash-lite,v6,pp_full,mv1,kannada,PlatformMove,0.95,24,44,0,0,24,44,,0.0,1.0,0.65,,,call;call;call;call;call;call;call;call;420511327;422311857;423336284;424610958;424687669;425476935;425942168;426377718;426538743;426548691;426583408;426594432;426603278;426609609;426631751;426649926,0,0,36,,,0.0,0,39,0,False
gemini-3.1-flash-lite,v6,pp_full,mv1,kannada,PlatformMove,1.0,24,44,0,0,24,44,,0.0,1.0,0.65,,,call;call;call;call;call;call;call;call;420511327;422311857;423336284;424610958;424687669;425476935;425942168;426377718;426538743;426548691;426583408;426594432;426603278;426609609;426631751;426649926,0,0,36,,,0.0,0,39,0,False
gemini-3.1-flash-lite,v6,pp_full,mv1,kannada,PlatformMove,none,24,44,14,2,10,42,0.88,0.58,0.95,0.82,0.7,call;426865848,call;call;call;424687669;425942168;426377718;426538743;426594432;426603278;426649926,17,22,19,,0.44,0.47,39,39,0,False
gemini-3.1-flash-lite,v6,pp_full,mv1,kannada,SuspiciousActivity,0.0,12,56,9,0,3,56,1.0,0.75,1.0,0.96,0.86,,call;424610958;426548691,11,4,3,,0.73,0.79,15,15,0,False
gemini-3.1-flash-lite,v6,pp_full,mv1,kannada,SuspiciousActivity,0.1,12,56,9,0,3,56,1.0,0.75,1.0,0.96,0.86,,call;424610958;426548691,11,4,3,,0.73,0.79,15,15,0,False
gemini-3.1-flash-lite,v6,pp_full,mv1,kannada,SuspiciousActivity,0.2,12,56,9,0,3,56,1.0,0.75,1.0,0.96,0.86,,call;424610958;426548691,11,4,3,,0.73,0.79,15,15,0,False
gemini-3.1-flash-lite,v6,pp_full,mv1,kannada,SuspiciousActivity,0.3,12,56,9,0,3,56,1.0,0.75,1.0,0.96,0.86,,call;424610958;426548691,11,4,3,,0.73,0.79,15,15,0,False
gemini-3.1-flash-lite,v6,pp_full,mv1,kannada,SuspiciousActivity,0.4,12,56,8,0,4,56,1.0,0.67,1.0,0.94,0.8,,call;424610958;425476935;426548691,10,3,4,,0.77,0.71,13,15,0,False
gemini-3.1-flash-lite,v6,pp_full,mv1,kannada,SuspiciousActivity,0.5,12,56,8,0,4,56,1.0,0.67,1.0,0.94,0.8,,call;424610958;425476935;426548691,10,3,4,,0.77,0.71,13,15,0,False
gemini-3.1-flash-lite,v6,pp_full,mv1,kannada,SuspiciousActivity,0.6,12,56,8,0,4,56,1.0,0.67,1.0,0.94,0.8,,call;424610958;425476935;426548691,10,3,4,,0.77,0.71,13,15,0,False
gemini-3.1-flash-lite,v6,pp_full,mv1,kannada,SuspiciousActivity,0.7,12,56,7,0,5,56,1.0,0.58,1.0,0.93,0.74,,call;call;424610958;425476935;426548691,9,2,5,,0.82,0.64,11,15,0,False
gemini-3.1-flash-lite,v6,pp_full,mv1,kannada,SuspiciousActivity,0.8,12,56,7,0,5,56,1.0,0.58,1.0,0.93,0.74,,call;call;424610958;425476935;426548691,9,2,5,,0.82,0.64,11,15,0,False
gemini-3.1-flash-lite,v6,pp_full,mv1,kannada,SuspiciousActivity,0.9,12,56,7,0,5,56,1.0,0.58,1.0,0.93,0.74,,call;call;424610958;425476935;426548691,9,2,5,,0.82,0.64,11,15,0,False
gemini-3.1-flash-lite,v6,pp_full,mv1,kannada,SuspiciousActivity,0.95,12,56,0,0,12,56,,0.0,1.0,0.82,,,call;call;call;call;422311857;423336284;424154820;424610958;424687669;425476935;426377718;426548691,0,0,14,,,0.0,0,15,0,False
gemini-3.1-flash-lite,v6,pp_full,mv1,kannada,SuspiciousActivity,1.0,12,56,0,0,12,56,,0.0,1.0,0.82,,,call;call;call;call;422311857;423336284;424154820;424610958;424687669;425476935;426377718;426548691,0,0,14,,,0.0,0,15,0,False
gemini-3.1-flash-lite,v6,pp_full,mv1,kannada,SuspiciousActivity,none,12,56,9,0,3,56,1.0,0.75,1.0,0.96,0.86,,call;424610958;426548691,11,4,3,,0.73,0.79,15,15,0,False
gemini-3.1-flash-lite,v6,pp_full,mv1,kannada,Explicit-Flirting,0.0,14,54,8,6,6,48,0.57,0.57,0.89,0.82,0.57,call;call;call;call;426855984;426864020,call;424687669;426377718;426538743;426631751;426636424,15,48,18,,0.24,0.45,63,63,0,False
gemini-3.1-flash-lite,v6,pp_full,mv1,kannada,Explicit-Flirting,0.1,14,54,8,6,6,48,0.57,0.57,0.89,0.82,0.57,call;call;call;call;426855984;426864020,call;424687669;426377718;426538743;426631751;426636424,15,48,18,,0.24,0.45,63,63,0,False
gemini-3.1-flash-lite,v6,pp_full,mv1,kannada,Explicit-Flirting,0.2,14,54,8,4,6,50,0.67,0.57,0.93,0.85,0.62,call;call;call;call,call;424687669;426377718;426538743;426631751;426636424,15,40,18,,0.27,0.45,55,63,0,False
gemini-3.1-flash-lite,v6,pp_full,mv1,kannada,Explicit-Flirting,0.3,14,54,8,4,6,50,0.67,0.57,0.93,0.85,0.62,call;call;call;call,call;424687669;426377718;426538743;426631751;426636424,15,40,18,,0.27,0.45,55,63,0,False
gemini-3.1-flash-lite,v6,pp_full,mv1,kannada,Explicit-Flirting,0.4,14,54,6,1,8,53,0.86,0.43,0.98,0.87,0.57,call,call;424687669;425476935;426377718;426432272;426538743;426631751;426636424,13,31,20,,0.3,0.39,44,63,0,False
gemini-3.1-flash-lite,v6,pp_full,mv1,kannada,Explicit-Flirting,0.5,14,54,6,1,8,53,0.86,0.43,0.98,0.87,0.57,call,call;424687669;425476935;426377718;426432272;426538743;426631751;426636424,13,31,20,,0.3,0.39,44,63,0,False
gemini-3.1-flash-lite,v6,pp_full,mv1,kannada,Explicit-Flirting,0.6,14,54,6,1,8,53,0.86,0.43,0.98,0.87,0.57,call,call;424687669;425476935;426377718;426432272;426538743;426631751;426636424,13,31,20,,0.3,0.39,44,63,0,False
gemini-3.1-flash-lite,v6,pp_full,mv1,kannada,Explicit-Flirting,0.7,14,54,6,0,8,54,1.0,0.43,1.0,0.88,0.6,,call;424687669;425476935;426377718;426432272;426538743;426631751;426636424,11,25,22,,0.31,0.33,36,63,0,False
gemini-3.1-flash-lite,v6,pp_full,mv1,kannada,Explicit-Flirting,0.8,14,54,6,0,8,54,1.0,0.43,1.0,0.88,0.6,,call;424687669;425476935;426377718;426432272;426538743;426631751;426636424,11,25,22,,0.31,0.33,36,63,0,False
gemini-3.1-flash-lite,v6,pp_full,mv1,kannada,Explicit-Flirting,0.9,14,54,6,0,8,54,1.0,0.43,1.0,0.88,0.6,,call;424687669;425476935;426377718;426432272;426538743;426631751;426636424,11,25,22,,0.31,0.33,36,63,0,False
gemini-3.1-flash-lite,v6,pp_full,mv1,kannada,Explicit-Flirting,0.95,14,54,0,0,14,54,,0.0,1.0,0.79,,,call;call;call;422311857;424687669;425476935;425942168;426377718;426432272;426538743;426548691;426631751;426636424;426648998,0,0,33,,,0.0,0,63,0,False
gemini-3.1-flash-lite,v6,pp_full,mv1,kannada,Explicit-Flirting,1.0,14,54,0,0,14,54,,0.0,1.0,0.79,,,call;call;call;422311857;424687669;425476935;425942168;426377718;426432272;426538743;426548691;426631751;426636424;426648998,0,0,33,,,0.0,0,63,0,False
gemini-3.1-flash-lite,v6,pp_full,mv1,kannada,Explicit-Flirting,none,14,54,8,6,6,48,0.57,0.57,0.89,0.82,0.57,call;call;call;call;426855984;426864020,call;424687669;426377718;426538743;426631751;426636424,15,48,18,,0.24,0.45,63,63,0,False
gemini-3.1-flash-lite,v6,pp_full,mv1,kannada,ALL,0.0,31,37,21,6,10,31,0.78,0.68,0.84,0.76,0.72,call;call;call;426855984;426864020;426865848,call;call;call;call;call;426538743;426594432;426603278;426636424;426649926,43,74,40,,0.37,0.52,117,117,0,False
gemini-3.1-flash-lite,v6,pp_full,mv1,kannada,ALL,0.1,31,37,21,6,10,31,0.78,0.68,0.84,0.76,0.72,call;call;call;426855984;426864020;426865848,call;call;call;call;call;426538743;426594432;426603278;426636424;426649926,43,74,40,,0.37,0.52,117,117,0,False
gemini-3.1-flash-lite,v6,pp_full,mv1,kannada,ALL,0.2,31,37,21,3,10,34,0.88,0.68,0.92,0.81,0.76,call;call;call,call;call;call;call;call;426538743;426594432;426603278;426636424;426649926,43,62,40,,0.41,0.52,105,117,0,False
gemini-3.1-flash-lite,v6,pp_full,mv1,kannada,ALL,0.3,31,37,21,3,10,34,0.88,0.68,0.92,0.81,0.76,call;call;call,call;call;call;call;call;426538743;426594432;426603278;426636424;426649926,43,62,40,,0.41,0.52,105,117,0,False
gemini-3.1-flash-lite,v6,pp_full,mv1,kannada,ALL,0.4,31,37,18,1,13,36,0.95,0.58,0.97,0.79,0.72,call,call;call;call;call;call;call;425476935;426432272;426538743;426594432;426603278;426636424;426649926,38,48,45,,0.44,0.46,86,117,0,False
gemini-3.1-flash-lite,v6,pp_full,mv1,kannada,ALL,0.5,31,37,18,1,13,36,0.95,0.58,0.97,0.79,0.72,call,call;call;call;call;call;call;425476935;426432272;426538743;426594432;426603278;426636424;426649926,38,48,45,,0.44,0.46,86,117,0,False
gemini-3.1-flash-lite,v6,pp_full,mv1,kannada,ALL,0.6,31,37,18,1,13,36,0.95,0.58,0.97,0.79,0.72,call,call;call;call;call;call;call;425476935;426432272;426538743;426594432;426603278;426636424;426649926,38,48,45,,0.44,0.46,86,117,0,False
gemini-3.1-flash-lite,v6,pp_full,mv1,kannada,ALL,0.7,31,37,18,0,13,37,1.0,0.58,1.0,0.81,0.73,,call;call;call;call;call;call;425476935;426432272;426538743;426594432;426603278;426636424;426649926,35,41,48,,0.46,0.42,76,117,0,False
gemini-3.1-flash-lite,v6,pp_full,mv1,kannada,ALL,0.8,31,37,18,0,13,37,1.0,0.58,1.0,0.81,0.73,,call;call;call;call;call;call;425476935;426432272;426538743;426594432;426603278;426636424;426649926,35,41,48,,0.46,0.42,76,117,0,False
gemini-3.1-flash-lite,v6,pp_full,mv1,kannada,ALL,0.9,31,37,18,0,13,37,1.0,0.58,1.0,0.81,0.73,,call;call;call;call;call;call;425476935;426432272;426538743;426594432;426603278;426636424;426649926,35,41,48,,0.46,0.42,76,117,0,False
gemini-3.1-flash-lite,v6,pp_full,mv1,kannada,ALL,0.95,31,37,0,0,31,37,,0.0,1.0,0.54,,,call;call;call;call;call;call;call;call;call;call;call;420511327;422311857;423336284;424154820;424610958;424687669;425476935;425942168;426377718;426432272;426538743;426548691;426583408;426594432;426603278;426609609;426631751;426636424;426648998;426649926,0,0,83,,,0.0,0,117,0,False
gemini-3.1-flash-lite,v6,pp_full,mv1,kannada,ALL,1.0,31,37,0,0,31,37,,0.0,1.0,0.54,,,call;call;call;call;call;call;call;call;call;call;call;420511327;422311857;423336284;424154820;424610958;424687669;425476935;425942168;426377718;426432272;426538743;426548691;426583408;426594432;426603278;426609609;426631751;426636424;426648998;426649926,0,0,83,,,0.0,0,117,0,False
gemini-3.1-flash-lite,v6,pp_full,mv1,kannada,ALL,none,31,37,21,6,10,31,0.78,0.68,0.84,0.76,0.72,call;call;call;426855984;426864020;426865848,call;call;call;call;call;426538743;426594432;426603278;426636424;426649926,43,74,40,,0.37,0.52,117,117,0,False
gemini-3.1-flash-lite,v6,raw,mv1,malayalam,PlatformMove,0.0,22,36,12,3,10,33,0.8,0.55,0.92,0.78,0.65,call;423562532;423662590,call;call;call;call;call;425939252;425971422;426438311;426610860;426656120,17,35,16,,0.33,0.52,52,52,0,False
gemini-3.1-flash-lite,v6,raw,mv1,malayalam,PlatformMove,0.1,22,36,12,3,10,33,0.8,0.55,0.92,0.78,0.65,call;423562532;423662590,call;call;call;call;call;425939252;425971422;426438311;426610860;426656120,17,35,16,,0.33,0.52,52,52,0,False
gemini-3.1-flash-lite,v6,raw,mv1,malayalam,PlatformMove,0.2,22,36,12,1,10,35,0.92,0.55,0.97,0.81,0.69,423562532,call;call;call;call;call;425939252;425971422;426438311;426610860;426656120,17,31,16,,0.35,0.52,48,52,0,False
gemini-3.1-flash-lite,v6,raw,mv1,malayalam,PlatformMove,0.3,22,36,12,1,10,35,0.92,0.55,0.97,0.81,0.69,423562532,call;call;call;call;call;425939252;425971422;426438311;426610860;426656120,17,31,16,,0.35,0.52,48,52,0,False
gemini-3.1-flash-lite,v6,raw,mv1,malayalam,PlatformMove,0.4,22,36,12,0,10,36,1.0,0.55,1.0,0.83,0.71,,call;call;call;call;call;425939252;425971422;426438311;426610860;426656120,15,29,18,,0.34,0.45,44,52,0,False
gemini-3.1-flash-lite,v6,raw,mv1,malayalam,PlatformMove,0.5,22,36,12,0,10,36,1.0,0.55,1.0,0.83,0.71,,call;call;call;call;call;425939252;425971422;426438311;426610860;426656120,15,29,18,,0.34,0.45,44,52,0,False
gemini-3.1-flash-lite,v6,raw,mv1,malayalam,PlatformMove,0.6,22,36,12,0,10,36,1.0,0.55,1.0,0.83,0.71,,call;call;call;call;call;425939252;425971422;426438311;426610860;426656120,15,29,18,,0.34,0.45,44,52,0,False
gemini-3.1-flash-lite,v6,raw,mv1,malayalam,PlatformMove,0.7,22,36,11,0,11,36,1.0,0.5,1.0,0.81,0.67,,call;call;call;call;call;call;425939252;425971422;426438311;426610860;426656120,14,24,19,,0.37,0.42,38,52,0,False
gemini-3.1-flash-lite,v6,raw,mv1,malayalam,PlatformMove,0.8,22,36,11,0,11,36,1.0,0.5,1.0,0.81,0.67,,call;call;call;call;call;call;425939252;425971422;426438311;426610860;426656120,14,24,19,,0.37,0.42,38,52,0,False
gemini-3.1-flash-lite,v6,raw,mv1,malayalam,PlatformMove,0.9,22,36,11,0,11,36,1.0,0.5,1.0,0.81,0.67,,call;call;call;call;call;call;425939252;425971422;426438311;426610860;426656120,14,24,19,,0.37,0.42,38,52,0,False
gemini-3.1-flash-lite,v6,raw,mv1,malayalam,PlatformMove,0.95,22,36,0,0,22,36,,0.0,1.0,0.62,,,call;call;call;call;call;call;call;call;call;call;call;call;423505352;425939252;425971422;426438311;426606195;426610860;426656120;426657127;426667318;426669005,0,0,33,,,0.0,0,52,0,False
gemini-3.1-flash-lite,v6,raw,mv1,malayalam,PlatformMove,1.0,22,36,0,0,22,36,,0.0,1.0,0.62,,,call;call;call;call;call;call;call;call;call;call;call;call;423505352;425939252;425971422;426438311;426606195;426610860;426656120;426657127;426667318;426669005,0,0,33,,,0.0,0,52,0,False
gemini-3.1-flash-lite,v6,raw,mv1,malayalam,PlatformMove,none,22,36,12,3,10,33,0.8,0.55,0.92,0.78,0.65,call;423562532;423662590,call;call;call;call;call;425939252;425971422;426438311;426610860;426656120,17,35,16,,0.33,0.52,52,52,0,False
gemini-3.1-flash-lite,v6,raw,mv1,malayalam,SuspiciousActivity,0.0,5,53,4,5,1,48,0.44,0.8,0.91,0.9,0.57,call;call;423562532;426608730;426656120,426610860,3,11,2,,0.21,0.6,14,14,0,False
gemini-3.1-flash-lite,v6,raw,mv1,malayalam,SuspiciousActivity,0.1,5,53,4,5,1,48,0.44,0.8,0.91,0.9,0.57,call;call;423562532;426608730;426656120,426610860,3,11,2,,0.21,0.6,14,14,0,False
gemini-3.1-flash-lite,v6,raw,mv1,malayalam,SuspiciousActivity,0.2,5,53,4,3,1,50,0.57,0.8,0.94,0.93,0.67,call;423562532;426656120,426610860,3,8,2,,0.27,0.6,11,14,0,False
gemini-3.1-flash-lite,v6,raw,mv1,malayalam,SuspiciousActivity,0.3,5,53,4,3,1,50,0.57,0.8,0.94,0.93,0.67,call;423562532;426656120,426610860,3,8,2,,0.27,0.6,11,14,0,False
gemini-3.1-flash-lite,v6,raw,mv1,malayalam,SuspiciousActivity,0.4,5,53,4,1,1,52,0.8,0.8,0.98,0.97,0.8,426656120,426610860,3,4,2,,0.43,0.6,7,14,0,False
gemini-3.1-flash-lite,v6,raw,mv1,malayalam,SuspiciousActivity,0.5,5,53,4,1,1,52,0.8,0.8,0.98,0.97,0.8,426656120,426610860,3,4,2,,0.43,0.6,7,14,0,False
gemini-3.1-flash-lite,v6,raw,mv1,malayalam,SuspiciousActivity,0.6,5,53,4,1,1,52,0.8,0.8,0.98,0.97,0.8,426656120,426610860,3,4,2,,0.43,0.6,7,14,0,False
gemini-3.1-flash-lite,v6,raw,mv1,malayalam,SuspiciousActivity,0.7,5,53,4,0,1,53,1.0,0.8,1.0,0.98,0.89,,426610860,3,2,2,,0.6,0.6,5,14,0,False
gemini-3.1-flash-lite,v6,raw,mv1,malayalam,SuspiciousActivity,0.8,5,53,4,0,1,53,1.0,0.8,1.0,0.98,0.89,,426610860,3,2,2,,0.6,0.6,5,14,0,False
gemini-3.1-flash-lite,v6,raw,mv1,malayalam,SuspiciousActivity,0.9,5,53,4,0,1,53,1.0,0.8,1.0,0.98,0.89,,426610860,3,2,2,,0.6,0.6,5,14,0,False
gemini-3.1-flash-lite,v6,raw,mv1,malayalam,SuspiciousActivity,0.95,5,53,0,0,5,53,,0.0,1.0,0.91,,,call;call;426480223;426606195;426610860,0,0,5,,,0.0,0,14,0,False
gemini-3.1-flash-lite,v6,raw,mv1,malayalam,SuspiciousActivity,1.0,5,53,0,0,5,53,,0.0,1.0,0.91,,,call;call;426480223;426606195;426610860,0,0,5,,,0.0,0,14,0,False
gemini-3.1-flash-lite,v6,raw,mv1,malayalam,SuspiciousActivity,none,5,53,4,5,1,48,0.44,0.8,0.91,0.9,0.57,call;call;423562532;426608730;426656120,426610860,3,11,2,,0.21,0.6,14,14,0,False
gemini-3.1-flash-lite,v6,raw,mv1,malayalam,Explicit-Flirting,0.0,21,37,8,6,13,31,0.57,0.38,0.84,0.67,0.46,call;call;call;426600174;426608730;427012755,call;call;call;call;423662590;426480223;426537197;426565486;426604065;426606195;426667318;427012375;427012537,10,34,26,,0.23,0.28,44,44,0,False
gemini-3.1-flash-lite,v6,raw,mv1,malayalam,Explicit-Flirting,0.1,21,37,8,6,13,31,0.57,0.38,0.84,0.67,0.46,call;call;call;426600174;426608730;427012755,call;call;call;call;423662590;426480223;426537197;426565486;426604065;426606195;426667318;427012375;427012537,10,34,26,,0.23,0.28,44,44,0,False
gemini-3.1-flash-lite,v6,raw,mv1,malayalam,Explicit-Flirting,0.2,21,37,7,5,14,32,0.58,0.33,0.86,0.67,0.42,call;call;call;426600174;427012755,call;call;call;call;call;423662590;426480223;426537197;426565486;426604065;426606195;426667318;427012375;427012537,9,32,27,,0.22,0.25,41,44,0,False
gemini-3.1-flash-lite,v6,raw,mv1,malayalam,Explicit-Flirting,0.3,21,37,7,5,14,32,0.58,0.33,0.86,0.67,0.42,call;call;call;426600174;427012755,call;call;call;call;call;423662590;426480223;426537197;426565486;426604065;426606195;426667318;427012375;427012537,9,31,27,,0.23,0.25,40,44,0,False
gemini-3.1-flash-lite,v6,raw,mv1,malayalam,Explicit-Flirting,0.4,21,37,7,3,14,34,0.7,0.33,0.92,0.71,0.45,call;426600174;427012755,call;call;call;call;call;423662590;426480223;426537197;426565486;426604065;426606195;426667318;427012375;427012537,9,17,27,,0.35,0.25,26,44,0,False
gemini-3.1-flash-lite,v6,raw,mv1,malayalam,Explicit-Flirting,0.5,21,37,7,3,14,34,0.7,0.33,0.92,0.71,0.45,call;426600174;427012755,call;call;call;call;call;423662590;426480223;426537197;426565486;426604065;426606195;426667318;427012375;427012537,9,17,27,,0.35,0.25,26,44,0,False
gemini-3.1-flash-lite,v6,raw,mv1,malayalam,Explicit-Flirting,0.6,21,37,7,3,14,34,0.7,0.33,0.92,0.71,0.45,call;426600174;427012755,call;call;call;call;call;423662590;426480223;426537197;426565486;426604065;426606195;426667318;427012375;427012537,9,17,27,,0.35,0.25,26,44,0,False
gemini-3.1-flash-lite,v6,raw,mv1,malayalam,Explicit-Flirting,0.7,21,37,7,2,14,35,0.78,0.33,0.95,0.72,0.47,call;427012755,call;call;call;call;call;423662590;426480223;426537197;426565486;426604065;426606195;426667318;427012375;427012537,8,10,28,,0.44,0.22,18,44,0,False
gemini-3.1-flash-lite,v6,raw,mv1,malayalam,Explicit-Flirting,0.8,21,37,7,2,14,35,0.78,0.33,0.95,0.72,0.47,call;427012755,call;call;call;call;call;423662590;426480223;426537197;426565486;426604065;426606195;426667318;427012375;427012537,8,10,28,,0.44,0.22,18,44,0,False
gemini-3.1-flash-lite,v6,raw,mv1,malayalam,Explicit-Flirting,0.9,21,37,7,2,14,35,0.78,0.33,0.95,0.72,0.47,call;427012755,call;call;call;call;call;423662590;426480223;426537197;426565486;426604065;426606195;426667318;427012375;427012537,8,9,28,,0.47,0.22,17,44,0,False
gemini-3.1-flash-lite,v6,raw,mv1,malayalam,Explicit-Flirting,0.95,21,37,0,0,21,37,,0.0,1.0,0.64,,,call;call;call;call;call;call;call;call;423662590;426460304;426480223;426537197;426565486;426573512;426591403;426604065;426606195;426610860;426667318;427012375;427012537,0,0,36,,,0.0,0,44,0,False
gemini-3.1-flash-lite,v6,raw,mv1,malayalam,Explicit-Flirting,1.0,21,37,0,0,21,37,,0.0,1.0,0.64,,,call;call;call;call;call;call;call;call;423662590;426460304;426480223;426537197;426565486;426573512;426591403;426604065;426606195;426610860;426667318;427012375;427012537,0,0,36,,,0.0,0,44,0,False
gemini-3.1-flash-lite,v6,raw,mv1,malayalam,Explicit-Flirting,none,21,37,8,6,13,31,0.57,0.38,0.84,0.67,0.46,call;call;call;426600174;426608730;427012755,call;call;call;call;423662590;426480223;426537197;426565486;426604065;426606195;426667318;427012375;427012537,10,34,26,,0.23,0.28,44,44,0,False
gemini-3.1-flash-lite,v6,raw,mv1,malayalam,ALL,0.0,35,23,20,6,15,17,0.77,0.57,0.74,0.64,0.66,call;call;423562532;426600174;426608730;427012755,call;call;call;call;call;423662590;425939252;425971422;426438311;426537197;426565486;426604065;426656120;427012375;427012537,30,80,44,,0.27,0.41,110,110,0,False
gemini-3.1-flash-lite,v6,raw,mv1,malayalam,ALL,0.1,35,23,20,6,15,17,0.77,0.57,0.74,0.64,0.66,call;call;423562532;426600174;426608730;427012755,call;call;call;call;call;423662590;425939252;425971422;426438311;426537197;426565486;426604065;426656120;427012375;427012537,30,80,44,,0.27,0.41,110,110,0,False
gemini-3.1-flash-lite,v6,raw,mv1,malayalam,ALL,0.2,35,23,19,5,16,18,0.79,0.54,0.78,0.64,0.64,call;call;423562532;426600174;427012755,call;call;call;call;call;call;423662590;425939252;425971422;426438311;426537197;426565486;426604065;426656120;427012375;427012537,29,71,45,,0.29,0.39,100,110,0,False
gemini-3.1-flash-lite,v6,raw,mv1,malayalam,ALL,0.3,35,23,19,5,16,18,0.79,0.54,0.78,0.64,0.64,call;call;423562532;426600174;427012755,call;call;call;call;call;call;423662590;425939252;425971422;426438311;426537197;426565486;426604065;426656120;427012375;427012537,29,70,45,,0.29,0.39,99,110,0,False
gemini-3.1-flash-lite,v6,raw,mv1,malayalam,ALL,0.4,35,23,19,2,16,21,0.9,0.54,0.91,0.69,0.68,426600174;427012755,call;call;call;call;call;call;423662590;425939252;425971422;426438311;426537197;426565486;426604065;426656120;427012375;427012537,27,50,47,,0.35,0.36,77,110,0,False
gemini-3.1-flash-lite,v6,raw,mv1,malayalam,ALL,0.5,35,23,19,2,16,21,0.9,0.54,0.91,0.69,0.68,426600174;427012755,call;call;call;call;call;call;423662590;425939252;425971422;426438311;426537197;426565486;426604065;426656120;427012375;427012537,27,50,47,,0.35,0.36,77,110,0,False
gemini-3.1-flash-lite,v6,raw,mv1,malayalam,ALL,0.6,35,23,19,2,16,21,0.9,0.54,0.91,0.69,0.68,426600174;427012755,call;call;call;call;call;call;423662590;425939252;425971422;426438311;426537197;426565486;426604065;426656120;427012375;427012537,27,50,47,,0.35,0.36,77,110,0,False
gemini-3.1-flash-lite,v6,raw,mv1,malayalam,ALL,0.7,35,23,18,1,17,22,0.95,0.51,0.96,0.69,0.67,427012755,call;call;call;call;call;call;call;423662590;425939252;425971422;426438311;426537197;426565486;426604065;426656120;427012375;427012537,25,36,49,,0.41,0.34,61,110,0,False
gemini-3.1-flash-lite,v6,raw,mv1,malayalam,ALL,0.8,35,23,18,1,17,22,0.95,0.51,0.96,0.69,0.67,427012755,call;call;call;call;call;call;call;423662590;425939252;425971422;426438311;426537197;426565486;426604065;426656120;427012375;427012537,25,36,49,,0.41,0.34,61,110,0,False
gemini-3.1-flash-lite,v6,raw,mv1,malayalam,ALL,0.9,35,23,18,1,17,22,0.95,0.51,0.96,0.69,0.67,427012755,call;call;call;call;call;call;call;423662590;425939252;425971422;426438311;426537197;426565486;426604065;426656120;427012375;427012537,25,35,49,,0.42,0.34,60,110,0,False
gemini-3.1-flash-lite,v6,raw,mv1,malayalam,ALL,0.95,35,23,0,0,35,23,,0.0,1.0,0.4,,,call;call;call;call;call;call;call;call;call;call;call;call;call;call;call;423505352;423662590;425939252;425971422;426438311;426460304;426480223;426537197;426565486;426573512;426591403;426604065;426606195;426610860;426656120;426657127;426667318;426669005;427012375;427012537,0,0,74,,,0.0,0,110,0,False
gemini-3.1-flash-lite,v6,raw,mv1,malayalam,ALL,1.0,35,23,0,0,35,23,,0.0,1.0,0.4,,,call;call;call;call;call;call;call;call;call;call;call;call;call;call;call;423505352;423662590;425939252;425971422;426438311;426460304;426480223;426537197;426565486;426573512;426591403;426604065;426606195;426610860;426656120;426657127;426667318;426669005;427012375;427012537,0,0,74,,,0.0,0,110,0,False
gemini-3.1-flash-lite,v6,raw,mv1,malayalam,ALL,none,35,23,20,6,15,17,0.77,0.57,0.74,0.64,0.66,call;call;423562532;426600174;426608730;427012755,call;call;call;call;call;423662590;425939252;425971422;426438311;426537197;426565486;426604065;426656120;427012375;427012537,30,80,44,,0.27,0.41,110,110,0,False
gemini-3.1-flash-lite,v6,sa,mv1,malayalam,PlatformMove,0.0,22,36,12,3,10,33,0.8,0.55,0.92,0.78,0.65,call;423562532;423662590,call;call;call;call;call;425939252;425971422;426438311;426610860;426656120,17,35,16,,0.33,0.52,52,52,0,False
gemini-3.1-flash-lite,v6,sa,mv1,malayalam,PlatformMove,0.1,22,36,12,3,10,33,0.8,0.55,0.92,0.78,0.65,call;423562532;423662590,call;call;call;call;call;425939252;425971422;426438311;426610860;426656120,17,35,16,,0.33,0.52,52,52,0,False
gemini-3.1-flash-lite,v6,sa,mv1,malayalam,PlatformMove,0.2,22,36,12,1,10,35,0.92,0.55,0.97,0.81,0.69,423562532,call;call;call;call;call;425939252;425971422;426438311;426610860;426656120,17,31,16,,0.35,0.52,48,52,0,False
gemini-3.1-flash-lite,v6,sa,mv1,malayalam,PlatformMove,0.3,22,36,12,1,10,35,0.92,0.55,0.97,0.81,0.69,423562532,call;call;call;call;call;425939252;425971422;426438311;426610860;426656120,17,31,16,,0.35,0.52,48,52,0,False
gemini-3.1-flash-lite,v6,sa,mv1,malayalam,PlatformMove,0.4,22,36,12,0,10,36,1.0,0.55,1.0,0.83,0.71,,call;call;call;call;call;425939252;425971422;426438311;426610860;426656120,15,29,18,,0.34,0.45,44,52,0,False
gemini-3.1-flash-lite,v6,sa,mv1,malayalam,PlatformMove,0.5,22,36,12,0,10,36,1.0,0.55,1.0,0.83,0.71,,call;call;call;call;call;425939252;425971422;426438311;426610860;426656120,15,29,18,,0.34,0.45,44,52,0,False
gemini-3.1-flash-lite,v6,sa,mv1,malayalam,PlatformMove,0.6,22,36,12,0,10,36,1.0,0.55,1.0,0.83,0.71,,call;call;call;call;call;425939252;425971422;426438311;426610860;426656120,15,29,18,,0.34,0.45,44,52,0,False
gemini-3.1-flash-lite,v6,sa,mv1,malayalam,PlatformMove,0.7,22,36,11,0,11,36,1.0,0.5,1.0,0.81,0.67,,call;call;call;call;call;call;425939252;425971422;426438311;426610860;426656120,14,24,19,,0.37,0.42,38,52,0,False
gemini-3.1-flash-lite,v6,sa,mv1,malayalam,PlatformMove,0.8,22,36,11,0,11,36,1.0,0.5,1.0,0.81,0.67,,call;call;call;call;call;call;425939252;425971422;426438311;426610860;426656120,14,24,19,,0.37,0.42,38,52,0,False
gemini-3.1-flash-lite,v6,sa,mv1,malayalam,PlatformMove,0.9,22,36,11,0,11,36,1.0,0.5,1.0,0.81,0.67,,call;call;call;call;call;call;425939252;425971422;426438311;426610860;426656120,14,24,19,,0.37,0.42,38,52,0,False
gemini-3.1-flash-lite,v6,sa,mv1,malayalam,PlatformMove,0.95,22,36,0,0,22,36,,0.0,1.0,0.62,,,call;call;call;call;call;call;call;call;call;call;call;call;423505352;425939252;425971422;426438311;426606195;426610860;426656120;426657127;426667318;426669005,0,0,33,,,0.0,0,52,0,False
gemini-3.1-flash-lite,v6,sa,mv1,malayalam,PlatformMove,1.0,22,36,0,0,22,36,,0.0,1.0,0.62,,,call;call;call;call;call;call;call;call;call;call;call;call;423505352;425939252;425971422;426438311;426606195;426610860;426656120;426657127;426667318;426669005,0,0,33,,,0.0,0,52,0,False
gemini-3.1-flash-lite,v6,sa,mv1,malayalam,PlatformMove,none,22,36,12,3,10,33,0.8,0.55,0.92,0.78,0.65,call;423562532;423662590,call;call;call;call;call;425939252;425971422;426438311;426610860;426656120,17,35,16,,0.33,0.52,52,52,0,False
gemini-3.1-flash-lite,v6,sa,mv1,malayalam,SuspiciousActivity,0.0,5,53,4,5,1,48,0.44,0.8,0.91,0.9,0.57,call;call;423562532;426608730;426656120,426610860,3,11,2,,0.21,0.6,14,14,0,False
gemini-3.1-flash-lite,v6,sa,mv1,malayalam,SuspiciousActivity,0.1,5,53,4,5,1,48,0.44,0.8,0.91,0.9,0.57,call;call;423562532;426608730;426656120,426610860,3,11,2,,0.21,0.6,14,14,0,False
gemini-3.1-flash-lite,v6,sa,mv1,malayalam,SuspiciousActivity,0.2,5,53,4,3,1,50,0.57,0.8,0.94,0.93,0.67,call;423562532;426656120,426610860,3,8,2,,0.27,0.6,11,14,0,False
gemini-3.1-flash-lite,v6,sa,mv1,malayalam,SuspiciousActivity,0.3,5,53,4,3,1,50,0.57,0.8,0.94,0.93,0.67,call;423562532;426656120,426610860,3,8,2,,0.27,0.6,11,14,0,False
gemini-3.1-flash-lite,v6,sa,mv1,malayalam,SuspiciousActivity,0.4,5,53,4,1,1,52,0.8,0.8,0.98,0.97,0.8,426656120,426610860,3,4,2,,0.43,0.6,7,14,0,False
gemini-3.1-flash-lite,v6,sa,mv1,malayalam,SuspiciousActivity,0.5,5,53,4,1,1,52,0.8,0.8,0.98,0.97,0.8,426656120,426610860,3,4,2,,0.43,0.6,7,14,0,False
gemini-3.1-flash-lite,v6,sa,mv1,malayalam,SuspiciousActivity,0.6,5,53,4,1,1,52,0.8,0.8,0.98,0.97,0.8,426656120,426610860,3,4,2,,0.43,0.6,7,14,0,False
gemini-3.1-flash-lite,v6,sa,mv1,malayalam,SuspiciousActivity,0.7,5,53,4,0,1,53,1.0,0.8,1.0,0.98,0.89,,426610860,3,2,2,,0.6,0.6,5,14,0,False
gemini-3.1-flash-lite,v6,sa,mv1,malayalam,SuspiciousActivity,0.8,5,53,4,0,1,53,1.0,0.8,1.0,0.98,0.89,,426610860,3,2,2,,0.6,0.6,5,14,0,False
gemini-3.1-flash-lite,v6,sa,mv1,malayalam,SuspiciousActivity,0.9,5,53,4,0,1,53,1.0,0.8,1.0,0.98,0.89,,426610860,3,2,2,,0.6,0.6,5,14,0,False
gemini-3.1-flash-lite,v6,sa,mv1,malayalam,SuspiciousActivity,0.95,5,53,0,0,5,53,,0.0,1.0,0.91,,,call;call;426480223;426606195;426610860,0,0,5,,,0.0,0,14,0,False
gemini-3.1-flash-lite,v6,sa,mv1,malayalam,SuspiciousActivity,1.0,5,53,0,0,5,53,,0.0,1.0,0.91,,,call;call;426480223;426606195;426610860,0,0,5,,,0.0,0,14,0,False
gemini-3.1-flash-lite,v6,sa,mv1,malayalam,SuspiciousActivity,none,5,53,4,5,1,48,0.44,0.8,0.91,0.9,0.57,call;call;423562532;426608730;426656120,426610860,3,11,2,,0.21,0.6,14,14,0,False
gemini-3.1-flash-lite,v6,sa,mv1,malayalam,Explicit-Flirting,0.0,21,37,8,6,13,31,0.57,0.38,0.84,0.67,0.46,call;call;call;426600174;426608730;427012755,call;call;call;call;423662590;426480223;426537197;426565486;426604065;426606195;426667318;427012375;427012537,10,34,26,,0.23,0.28,44,44,0,False
gemini-3.1-flash-lite,v6,sa,mv1,malayalam,Explicit-Flirting,0.1,21,37,8,6,13,31,0.57,0.38,0.84,0.67,0.46,call;call;call;426600174;426608730;427012755,call;call;call;call;423662590;426480223;426537197;426565486;426604065;426606195;426667318;427012375;427012537,10,34,26,,0.23,0.28,44,44,0,False
gemini-3.1-flash-lite,v6,sa,mv1,malayalam,Explicit-Flirting,0.2,21,37,7,5,14,32,0.58,0.33,0.86,0.67,0.42,call;call;call;426600174;427012755,call;call;call;call;call;423662590;426480223;426537197;426565486;426604065;426606195;426667318;427012375;427012537,9,32,27,,0.22,0.25,41,44,0,False
gemini-3.1-flash-lite,v6,sa,mv1,malayalam,Explicit-Flirting,0.3,21,37,7,5,14,32,0.58,0.33,0.86,0.67,0.42,call;call;call;426600174;427012755,call;call;call;call;call;423662590;426480223;426537197;426565486;426604065;426606195;426667318;427012375;427012537,9,31,27,,0.23,0.25,40,44,0,False
gemini-3.1-flash-lite,v6,sa,mv1,malayalam,Explicit-Flirting,0.4,21,37,7,3,14,34,0.7,0.33,0.92,0.71,0.45,call;426600174;427012755,call;call;call;call;call;423662590;426480223;426537197;426565486;426604065;426606195;426667318;427012375;427012537,9,17,27,,0.35,0.25,26,44,0,False
gemini-3.1-flash-lite,v6,sa,mv1,malayalam,Explicit-Flirting,0.5,21,37,7,3,14,34,0.7,0.33,0.92,0.71,0.45,call;426600174;427012755,call;call;call;call;call;423662590;426480223;426537197;426565486;426604065;426606195;426667318;427012375;427012537,9,17,27,,0.35,0.25,26,44,0,False
gemini-3.1-flash-lite,v6,sa,mv1,malayalam,Explicit-Flirting,0.6,21,37,7,3,14,34,0.7,0.33,0.92,0.71,0.45,call;426600174;427012755,call;call;call;call;call;423662590;426480223;426537197;426565486;426604065;426606195;426667318;427012375;427012537,9,17,27,,0.35,0.25,26,44,0,False
gemini-3.1-flash-lite,v6,sa,mv1,malayalam,Explicit-Flirting,0.7,21,37,7,2,14,35,0.78,0.33,0.95,0.72,0.47,call;427012755,call;call;call;call;call;423662590;426480223;426537197;426565486;426604065;426606195;426667318;427012375;427012537,8,10,28,,0.44,0.22,18,44,0,False
gemini-3.1-flash-lite,v6,sa,mv1,malayalam,Explicit-Flirting,0.8,21,37,7,2,14,35,0.78,0.33,0.95,0.72,0.47,call;427012755,call;call;call;call;call;423662590;426480223;426537197;426565486;426604065;426606195;426667318;427012375;427012537,8,10,28,,0.44,0.22,18,44,0,False
gemini-3.1-flash-lite,v6,sa,mv1,malayalam,Explicit-Flirting,0.9,21,37,7,2,14,35,0.78,0.33,0.95,0.72,0.47,call;427012755,call;call;call;call;call;423662590;426480223;426537197;426565486;426604065;426606195;426667318;427012375;427012537,8,9,28,,0.47,0.22,17,44,0,False
gemini-3.1-flash-lite,v6,sa,mv1,malayalam,Explicit-Flirting,0.95,21,37,0,0,21,37,,0.0,1.0,0.64,,,call;call;call;call;call;call;call;call;423662590;426460304;426480223;426537197;426565486;426573512;426591403;426604065;426606195;426610860;426667318;427012375;427012537,0,0,36,,,0.0,0,44,0,False
gemini-3.1-flash-lite,v6,sa,mv1,malayalam,Explicit-Flirting,1.0,21,37,0,0,21,37,,0.0,1.0,0.64,,,call;call;call;call;call;call;call;call;423662590;426460304;426480223;426537197;426565486;426573512;426591403;426604065;426606195;426610860;426667318;427012375;427012537,0,0,36,,,0.0,0,44,0,False
gemini-3.1-flash-lite,v6,sa,mv1,malayalam,Explicit-Flirting,none,21,37,8,6,13,31,0.57,0.38,0.84,0.67,0.46,call;call;call;426600174;426608730;427012755,call;call;call;call;423662590;426480223;426537197;426565486;426604065;426606195;426667318;427012375;427012537,10,34,26,,0.23,0.28,44,44,0,False
gemini-3.1-flash-lite,v6,sa,mv1,malayalam,ALL,0.0,35,23,20,6,15,17,0.77,0.57,0.74,0.64,0.66,call;call;423562532;426600174;426608730;427012755,call;call;call;call;call;423662590;425939252;425971422;426438311;426537197;426565486;426604065;426656120;427012375;427012537,30,80,44,,0.27,0.41,110,110,0,False
gemini-3.1-flash-lite,v6,sa,mv1,malayalam,ALL,0.1,35,23,20,6,15,17,0.77,0.57,0.74,0.64,0.66,call;call;423562532;426600174;426608730;427012755,call;call;call;call;call;423662590;425939252;425971422;426438311;426537197;426565486;426604065;426656120;427012375;427012537,30,80,44,,0.27,0.41,110,110,0,False
gemini-3.1-flash-lite,v6,sa,mv1,malayalam,ALL,0.2,35,23,19,5,16,18,0.79,0.54,0.78,0.64,0.64,call;call;423562532;426600174;427012755,call;call;call;call;call;call;423662590;425939252;425971422;426438311;426537197;426565486;426604065;426656120;427012375;427012537,29,71,45,,0.29,0.39,100,110,0,False
gemini-3.1-flash-lite,v6,sa,mv1,malayalam,ALL,0.3,35,23,19,5,16,18,0.79,0.54,0.78,0.64,0.64,call;call;423562532;426600174;427012755,call;call;call;call;call;call;423662590;425939252;425971422;426438311;426537197;426565486;426604065;426656120;427012375;427012537,29,70,45,,0.29,0.39,99,110,0,False
gemini-3.1-flash-lite,v6,sa,mv1,malayalam,ALL,0.4,35,23,19,2,16,21,0.9,0.54,0.91,0.69,0.68,426600174;427012755,call;call;call;call;call;call;423662590;425939252;425971422;426438311;426537197;426565486;426604065;426656120;427012375;427012537,27,50,47,,0.35,0.36,77,110,0,False
gemini-3.1-flash-lite,v6,sa,mv1,malayalam,ALL,0.5,35,23,19,2,16,21,0.9,0.54,0.91,0.69,0.68,426600174;427012755,call;call;call;call;call;call;423662590;425939252;425971422;426438311;426537197;426565486;426604065;426656120;427012375;427012537,27,50,47,,0.35,0.36,77,110,0,False
gemini-3.1-flash-lite,v6,sa,mv1,malayalam,ALL,0.6,35,23,19,2,16,21,0.9,0.54,0.91,0.69,0.68,426600174;427012755,call;call;call;call;call;call;423662590;425939252;425971422;426438311;426537197;426565486;426604065;426656120;427012375;427012537,27,50,47,,0.35,0.36,77,110,0,False
gemini-3.1-flash-lite,v6,sa,mv1,malayalam,ALL,0.7,35,23,18,1,17,22,0.95,0.51,0.96,0.69,0.67,427012755,call;call;call;call;call;call;call;423662590;425939252;425971422;426438311;426537197;426565486;426604065;426656120;427012375;427012537,25,36,49,,0.41,0.34,61,110,0,False
gemini-3.1-flash-lite,v6,sa,mv1,malayalam,ALL,0.8,35,23,18,1,17,22,0.95,0.51,0.96,0.69,0.67,427012755,call;call;call;call;call;call;call;423662590;425939252;425971422;426438311;426537197;426565486;426604065;426656120;427012375;427012537,25,36,49,,0.41,0.34,61,110,0,False
gemini-3.1-flash-lite,v6,sa,mv1,malayalam,ALL,0.9,35,23,18,1,17,22,0.95,0.51,0.96,0.69,0.67,427012755,call;call;call;call;call;call;call;423662590;425939252;425971422;426438311;426537197;426565486;426604065;426656120;427012375;427012537,25,35,49,,0.42,0.34,60,110,0,False
gemini-3.1-flash-lite,v6,sa,mv1,malayalam,ALL,0.95,35,23,0,0,35,23,,0.0,1.0,0.4,,,call;call;call;call;call;call;call;call;call;call;call;call;call;call;call;423505352;423662590;425939252;425971422;426438311;426460304;426480223;426537197;426565486;426573512;426591403;426604065;426606195;426610860;426656120;426657127;426667318;426669005;427012375;427012537,0,0,74,,,0.0,0,110,0,False
gemini-3.1-flash-lite,v6,sa,mv1,malayalam,ALL,1.0,35,23,0,0,35,23,,0.0,1.0,0.4,,,call;call;call;call;call;call;call;call;call;call;call;call;call;call;call;423505352;423662590;425939252;425971422;426438311;426460304;426480223;426537197;426565486;426573512;426591403;426604065;426606195;426610860;426656120;426657127;426667318;426669005;427012375;427012537,0,0,74,,,0.0,0,110,0,False
gemini-3.1-flash-lite,v6,sa,mv1,malayalam,ALL,none,35,23,20,6,15,17,0.77,0.57,0.74,0.64,0.66,call;call;423562532;426600174;426608730;427012755,call;call;call;call;call;423662590;425939252;425971422;426438311;426537197;426565486;426604065;426656120;427012375;427012537,30,80,44,,0.27,0.41,110,110,0,False
gemini-3.1-flash-lite,v6,sa_drop_invalid,mv1,malayalam,PlatformMove,0.0,22,36,12,3,10,33,0.8,0.55,0.92,0.78,0.65,call;423562532;423662590,call;call;call;call;call;425939252;425971422;426438311;426610860;426656120,17,35,16,,0.33,0.52,52,52,0,False
gemini-3.1-flash-lite,v6,sa_drop_invalid,mv1,malayalam,PlatformMove,0.1,22,36,12,3,10,33,0.8,0.55,0.92,0.78,0.65,call;423562532;423662590,call;call;call;call;call;425939252;425971422;426438311;426610860;426656120,17,35,16,,0.33,0.52,52,52,0,False
gemini-3.1-flash-lite,v6,sa_drop_invalid,mv1,malayalam,PlatformMove,0.2,22,36,12,1,10,35,0.92,0.55,0.97,0.81,0.69,423562532,call;call;call;call;call;425939252;425971422;426438311;426610860;426656120,17,31,16,,0.35,0.52,48,52,0,False
gemini-3.1-flash-lite,v6,sa_drop_invalid,mv1,malayalam,PlatformMove,0.3,22,36,12,1,10,35,0.92,0.55,0.97,0.81,0.69,423562532,call;call;call;call;call;425939252;425971422;426438311;426610860;426656120,17,31,16,,0.35,0.52,48,52,0,False
gemini-3.1-flash-lite,v6,sa_drop_invalid,mv1,malayalam,PlatformMove,0.4,22,36,12,0,10,36,1.0,0.55,1.0,0.83,0.71,,call;call;call;call;call;425939252;425971422;426438311;426610860;426656120,15,29,18,,0.34,0.45,44,52,0,False
gemini-3.1-flash-lite,v6,sa_drop_invalid,mv1,malayalam,PlatformMove,0.5,22,36,12,0,10,36,1.0,0.55,1.0,0.83,0.71,,call;call;call;call;call;425939252;425971422;426438311;426610860;426656120,15,29,18,,0.34,0.45,44,52,0,False
gemini-3.1-flash-lite,v6,sa_drop_invalid,mv1,malayalam,PlatformMove,0.6,22,36,12,0,10,36,1.0,0.55,1.0,0.83,0.71,,call;call;call;call;call;425939252;425971422;426438311;426610860;426656120,15,29,18,,0.34,0.45,44,52,0,False
gemini-3.1-flash-lite,v6,sa_drop_invalid,mv1,malayalam,PlatformMove,0.7,22,36,11,0,11,36,1.0,0.5,1.0,0.81,0.67,,call;call;call;call;call;call;425939252;425971422;426438311;426610860;426656120,14,24,19,,0.37,0.42,38,52,0,False
gemini-3.1-flash-lite,v6,sa_drop_invalid,mv1,malayalam,PlatformMove,0.8,22,36,11,0,11,36,1.0,0.5,1.0,0.81,0.67,,call;call;call;call;call;call;425939252;425971422;426438311;426610860;426656120,14,24,19,,0.37,0.42,38,52,0,False
gemini-3.1-flash-lite,v6,sa_drop_invalid,mv1,malayalam,PlatformMove,0.9,22,36,11,0,11,36,1.0,0.5,1.0,0.81,0.67,,call;call;call;call;call;call;425939252;425971422;426438311;426610860;426656120,14,24,19,,0.37,0.42,38,52,0,False
gemini-3.1-flash-lite,v6,sa_drop_invalid,mv1,malayalam,PlatformMove,0.95,22,36,0,0,22,36,,0.0,1.0,0.62,,,call;call;call;call;call;call;call;call;call;call;call;call;423505352;425939252;425971422;426438311;426606195;426610860;426656120;426657127;426667318;426669005,0,0,33,,,0.0,0,52,0,False
gemini-3.1-flash-lite,v6,sa_drop_invalid,mv1,malayalam,PlatformMove,1.0,22,36,0,0,22,36,,0.0,1.0,0.62,,,call;call;call;call;call;call;call;call;call;call;call;call;423505352;425939252;425971422;426438311;426606195;426610860;426656120;426657127;426667318;426669005,0,0,33,,,0.0,0,52,0,False
gemini-3.1-flash-lite,v6,sa_drop_invalid,mv1,malayalam,PlatformMove,none,22,36,12,3,10,33,0.8,0.55,0.92,0.78,0.65,call;423562532;423662590,call;call;call;call;call;425939252;425971422;426438311;426610860;426656120,17,35,16,,0.33,0.52,52,52,0,False
gemini-3.1-flash-lite,v6,sa_drop_invalid,mv1,malayalam,SuspiciousActivity,0.0,5,53,4,5,1,48,0.44,0.8,0.91,0.9,0.57,call;call;423562532;426608730;426656120,426610860,3,11,2,,0.21,0.6,14,14,0,False
gemini-3.1-flash-lite,v6,sa_drop_invalid,mv1,malayalam,SuspiciousActivity,0.1,5,53,4,5,1,48,0.44,0.8,0.91,0.9,0.57,call;call;423562532;426608730;426656120,426610860,3,11,2,,0.21,0.6,14,14,0,False
gemini-3.1-flash-lite,v6,sa_drop_invalid,mv1,malayalam,SuspiciousActivity,0.2,5,53,4,3,1,50,0.57,0.8,0.94,0.93,0.67,call;423562532;426656120,426610860,3,8,2,,0.27,0.6,11,14,0,False
gemini-3.1-flash-lite,v6,sa_drop_invalid,mv1,malayalam,SuspiciousActivity,0.3,5,53,4,3,1,50,0.57,0.8,0.94,0.93,0.67,call;423562532;426656120,426610860,3,8,2,,0.27,0.6,11,14,0,False
gemini-3.1-flash-lite,v6,sa_drop_invalid,mv1,malayalam,SuspiciousActivity,0.4,5,53,4,1,1,52,0.8,0.8,0.98,0.97,0.8,426656120,426610860,3,4,2,,0.43,0.6,7,14,0,False
gemini-3.1-flash-lite,v6,sa_drop_invalid,mv1,malayalam,SuspiciousActivity,0.5,5,53,4,1,1,52,0.8,0.8,0.98,0.97,0.8,426656120,426610860,3,4,2,,0.43,0.6,7,14,0,False
gemini-3.1-flash-lite,v6,sa_drop_invalid,mv1,malayalam,SuspiciousActivity,0.6,5,53,4,1,1,52,0.8,0.8,0.98,0.97,0.8,426656120,426610860,3,4,2,,0.43,0.6,7,14,0,False
gemini-3.1-flash-lite,v6,sa_drop_invalid,mv1,malayalam,SuspiciousActivity,0.7,5,53,4,0,1,53,1.0,0.8,1.0,0.98,0.89,,426610860,3,2,2,,0.6,0.6,5,14,0,False
gemini-3.1-flash-lite,v6,sa_drop_invalid,mv1,malayalam,SuspiciousActivity,0.8,5,53,4,0,1,53,1.0,0.8,1.0,0.98,0.89,,426610860,3,2,2,,0.6,0.6,5,14,0,False
gemini-3.1-flash-lite,v6,sa_drop_invalid,mv1,malayalam,SuspiciousActivity,0.9,5,53,4,0,1,53,1.0,0.8,1.0,0.98,0.89,,426610860,3,2,2,,0.6,0.6,5,14,0,False
gemini-3.1-flash-lite,v6,sa_drop_invalid,mv1,malayalam,SuspiciousActivity,0.95,5,53,0,0,5,53,,0.0,1.0,0.91,,,call;call;426480223;426606195;426610860,0,0,5,,,0.0,0,14,0,False
gemini-3.1-flash-lite,v6,sa_drop_invalid,mv1,malayalam,SuspiciousActivity,1.0,5,53,0,0,5,53,,0.0,1.0,0.91,,,call;call;426480223;426606195;426610860,0,0,5,,,0.0,0,14,0,False
gemini-3.1-flash-lite,v6,sa_drop_invalid,mv1,malayalam,SuspiciousActivity,none,5,53,4,5,1,48,0.44,0.8,0.91,0.9,0.57,call;call;423562532;426608730;426656120,426610860,3,11,2,,0.21,0.6,14,14,0,False
gemini-3.1-flash-lite,v6,sa_drop_invalid,mv1,malayalam,Explicit-Flirting,0.0,21,37,8,6,13,31,0.57,0.38,0.84,0.67,0.46,call;call;call;426600174;426608730;427012755,call;call;call;call;423662590;426480223;426537197;426565486;426604065;426606195;426667318;427012375;427012537,10,34,26,,0.23,0.28,44,44,0,False
gemini-3.1-flash-lite,v6,sa_drop_invalid,mv1,malayalam,Explicit-Flirting,0.1,21,37,8,6,13,31,0.57,0.38,0.84,0.67,0.46,call;call;call;426600174;426608730;427012755,call;call;call;call;423662590;426480223;426537197;426565486;426604065;426606195;426667318;427012375;427012537,10,34,26,,0.23,0.28,44,44,0,False
gemini-3.1-flash-lite,v6,sa_drop_invalid,mv1,malayalam,Explicit-Flirting,0.2,21,37,7,5,14,32,0.58,0.33,0.86,0.67,0.42,call;call;call;426600174;427012755,call;call;call;call;call;423662590;426480223;426537197;426565486;426604065;426606195;426667318;427012375;427012537,9,32,27,,0.22,0.25,41,44,0,False
gemini-3.1-flash-lite,v6,sa_drop_invalid,mv1,malayalam,Explicit-Flirting,0.3,21,37,7,5,14,32,0.58,0.33,0.86,0.67,0.42,call;call;call;426600174;427012755,call;call;call;call;call;423662590;426480223;426537197;426565486;426604065;426606195;426667318;427012375;427012537,9,31,27,,0.23,0.25,40,44,0,False
gemini-3.1-flash-lite,v6,sa_drop_invalid,mv1,malayalam,Explicit-Flirting,0.4,21,37,7,3,14,34,0.7,0.33,0.92,0.71,0.45,call;426600174;427012755,call;call;call;call;call;423662590;426480223;426537197;426565486;426604065;426606195;426667318;427012375;427012537,9,17,27,,0.35,0.25,26,44,0,False
gemini-3.1-flash-lite,v6,sa_drop_invalid,mv1,malayalam,Explicit-Flirting,0.5,21,37,7,3,14,34,0.7,0.33,0.92,0.71,0.45,call;426600174;427012755,call;call;call;call;call;423662590;426480223;426537197;426565486;426604065;426606195;426667318;427012375;427012537,9,17,27,,0.35,0.25,26,44,0,False
gemini-3.1-flash-lite,v6,sa_drop_invalid,mv1,malayalam,Explicit-Flirting,0.6,21,37,7,3,14,34,0.7,0.33,0.92,0.71,0.45,call;426600174;427012755,call;call;call;call;call;423662590;426480223;426537197;426565486;426604065;426606195;426667318;427012375;427012537,9,17,27,,0.35,0.25,26,44,0,False
gemini-3.1-flash-lite,v6,sa_drop_invalid,mv1,malayalam,Explicit-Flirting,0.7,21,37,7,2,14,35,0.78,0.33,0.95,0.72,0.47,call;427012755,call;call;call;call;call;423662590;426480223;426537197;426565486;426604065;426606195;426667318;427012375;427012537,8,10,28,,0.44,0.22,18,44,0,False
gemini-3.1-flash-lite,v6,sa_drop_invalid,mv1,malayalam,Explicit-Flirting,0.8,21,37,7,2,14,35,0.78,0.33,0.95,0.72,0.47,call;427012755,call;call;call;call;call;423662590;426480223;426537197;426565486;426604065;426606195;426667318;427012375;427012537,8,10,28,,0.44,0.22,18,44,0,False
gemini-3.1-flash-lite,v6,sa_drop_invalid,mv1,malayalam,Explicit-Flirting,0.9,21,37,7,2,14,35,0.78,0.33,0.95,0.72,0.47,call;427012755,call;call;call;call;call;423662590;426480223;426537197;426565486;426604065;426606195;426667318;427012375;427012537,8,9,28,,0.47,0.22,17,44,0,False
gemini-3.1-flash-lite,v6,sa_drop_invalid,mv1,malayalam,Explicit-Flirting,0.95,21,37,0,0,21,37,,0.0,1.0,0.64,,,call;call;call;call;call;call;call;call;423662590;426460304;426480223;426537197;426565486;426573512;426591403;426604065;426606195;426610860;426667318;427012375;427012537,0,0,36,,,0.0,0,44,0,False
gemini-3.1-flash-lite,v6,sa_drop_invalid,mv1,malayalam,Explicit-Flirting,1.0,21,37,0,0,21,37,,0.0,1.0,0.64,,,call;call;call;call;call;call;call;call;423662590;426460304;426480223;426537197;426565486;426573512;426591403;426604065;426606195;426610860;426667318;427012375;427012537,0,0,36,,,0.0,0,44,0,False
gemini-3.1-flash-lite,v6,sa_drop_invalid,mv1,malayalam,Explicit-Flirting,none,21,37,8,6,13,31,0.57,0.38,0.84,0.67,0.46,call;call;call;426600174;426608730;427012755,call;call;call;call;423662590;426480223;426537197;426565486;426604065;426606195;426667318;427012375;427012537,10,34,26,,0.23,0.28,44,44,0,False
gemini-3.1-flash-lite,v6,sa_drop_invalid,mv1,malayalam,ALL,0.0,35,23,20,6,15,17,0.77,0.57,0.74,0.64,0.66,call;call;423562532;426600174;426608730;427012755,call;call;call;call;call;423662590;425939252;425971422;426438311;426537197;426565486;426604065;426656120;427012375;427012537,30,80,44,,0.27,0.41,110,110,0,False
gemini-3.1-flash-lite,v6,sa_drop_invalid,mv1,malayalam,ALL,0.1,35,23,20,6,15,17,0.77,0.57,0.74,0.64,0.66,call;call;423562532;426600174;426608730;427012755,call;call;call;call;call;423662590;425939252;425971422;426438311;426537197;426565486;426604065;426656120;427012375;427012537,30,80,44,,0.27,0.41,110,110,0,False
gemini-3.1-flash-lite,v6,sa_drop_invalid,mv1,malayalam,ALL,0.2,35,23,19,5,16,18,0.79,0.54,0.78,0.64,0.64,call;call;423562532;426600174;427012755,call;call;call;call;call;call;423662590;425939252;425971422;426438311;426537197;426565486;426604065;426656120;427012375;427012537,29,71,45,,0.29,0.39,100,110,0,False
gemini-3.1-flash-lite,v6,sa_drop_invalid,mv1,malayalam,ALL,0.3,35,23,19,5,16,18,0.79,0.54,0.78,0.64,0.64,call;call;423562532;426600174;427012755,call;call;call;call;call;call;423662590;425939252;425971422;426438311;426537197;426565486;426604065;426656120;427012375;427012537,29,70,45,,0.29,0.39,99,110,0,False
gemini-3.1-flash-lite,v6,sa_drop_invalid,mv1,malayalam,ALL,0.4,35,23,19,2,16,21,0.9,0.54,0.91,0.69,0.68,426600174;427012755,call;call;call;call;call;call;423662590;425939252;425971422;426438311;426537197;426565486;426604065;426656120;427012375;427012537,27,50,47,,0.35,0.36,77,110,0,False
gemini-3.1-flash-lite,v6,sa_drop_invalid,mv1,malayalam,ALL,0.5,35,23,19,2,16,21,0.9,0.54,0.91,0.69,0.68,426600174;427012755,call;call;call;call;call;call;423662590;425939252;425971422;426438311;426537197;426565486;426604065;426656120;427012375;427012537,27,50,47,,0.35,0.36,77,110,0,False
gemini-3.1-flash-lite,v6,sa_drop_invalid,mv1,malayalam,ALL,0.6,35,23,19,2,16,21,0.9,0.54,0.91,0.69,0.68,426600174;427012755,call;call;call;call;call;call;423662590;425939252;425971422;426438311;426537197;426565486;426604065;426656120;427012375;427012537,27,50,47,,0.35,0.36,77,110,0,False
gemini-3.1-flash-lite,v6,sa_drop_invalid,mv1,malayalam,ALL,0.7,35,23,18,1,17,22,0.95,0.51,0.96,0.69,0.67,427012755,call;call;call;call;call;call;call;423662590;425939252;425971422;426438311;426537197;426565486;426604065;426656120;427012375;427012537,25,36,49,,0.41,0.34,61,110,0,False
gemini-3.1-flash-lite,v6,sa_drop_invalid,mv1,malayalam,ALL,0.8,35,23,18,1,17,22,0.95,0.51,0.96,0.69,0.67,427012755,call;call;call;call;call;call;call;423662590;425939252;425971422;426438311;426537197;426565486;426604065;426656120;427012375;427012537,25,36,49,,0.41,0.34,61,110,0,False
gemini-3.1-flash-lite,v6,sa_drop_invalid,mv1,malayalam,ALL,0.9,35,23,18,1,17,22,0.95,0.51,0.96,0.69,0.67,427012755,call;call;call;call;call;call;call;423662590;425939252;425971422;426438311;426537197;426565486;426604065;426656120;427012375;427012537,25,35,49,,0.42,0.34,60,110,0,False
gemini-3.1-flash-lite,v6,sa_drop_invalid,mv1,malayalam,ALL,0.95,35,23,0,0,35,23,,0.0,1.0,0.4,,,call;call;call;call;call;call;call;call;call;call;call;call;call;call;call;423505352;423662590;425939252;425971422;426438311;426460304;426480223;426537197;426565486;426573512;426591403;426604065;426606195;426610860;426656120;426657127;426667318;426669005;427012375;427012537,0,0,74,,,0.0,0,110,0,False
gemini-3.1-flash-lite,v6,sa_drop_invalid,mv1,malayalam,ALL,1.0,35,23,0,0,35,23,,0.0,1.0,0.4,,,call;call;call;call;call;call;call;call;call;call;call;call;call;call;call;423505352;423662590;425939252;425971422;426438311;426460304;426480223;426537197;426565486;426573512;426591403;426604065;426606195;426610860;426656120;426657127;426667318;426669005;427012375;427012537,0,0,74,,,0.0,0,110,0,False
gemini-3.1-flash-lite,v6,sa_drop_invalid,mv1,malayalam,ALL,none,35,23,20,6,15,17,0.77,0.57,0.74,0.64,0.66,call;call;423562532;426600174;426608730;427012755,call;call;call;call;call;423662590;425939252;425971422;426438311;426537197;426565486;426604065;426656120;427012375;427012537,30,80,44,,0.27,0.41,110,110,0,False
gemini-3.1-flash-lite,v6,pp_full,mv1,malayalam,PlatformMove,0.0,22,36,12,3,10,33,0.8,0.55,0.92,0.78,0.65,call;423562532;423662590,call;call;call;call;call;425939252;425971422;426438311;426610860;426656120,17,35,16,,0.33,0.52,52,52,0,False
gemini-3.1-flash-lite,v6,pp_full,mv1,malayalam,PlatformMove,0.1,22,36,12,3,10,33,0.8,0.55,0.92,0.78,0.65,call;423562532;423662590,call;call;call;call;call;425939252;425971422;426438311;426610860;426656120,17,35,16,,0.33,0.52,52,52,0,False
gemini-3.1-flash-lite,v6,pp_full,mv1,malayalam,PlatformMove,0.2,22,36,12,1,10,35,0.92,0.55,0.97,0.81,0.69,423562532,call;call;call;call;call;425939252;425971422;426438311;426610860;426656120,17,31,16,,0.35,0.52,48,52,0,False
gemini-3.1-flash-lite,v6,pp_full,mv1,malayalam,PlatformMove,0.3,22,36,12,1,10,35,0.92,0.55,0.97,0.81,0.69,423562532,call;call;call;call;call;425939252;425971422;426438311;426610860;426656120,17,31,16,,0.35,0.52,48,52,0,False
gemini-3.1-flash-lite,v6,pp_full,mv1,malayalam,PlatformMove,0.4,22,36,12,0,10,36,1.0,0.55,1.0,0.83,0.71,,call;call;call;call;call;425939252;425971422;426438311;426610860;426656120,15,29,18,,0.34,0.45,44,52,0,False
gemini-3.1-flash-lite,v6,pp_full,mv1,malayalam,PlatformMove,0.5,22,36,12,0,10,36,1.0,0.55,1.0,0.83,0.71,,call;call;call;call;call;425939252;425971422;426438311;426610860;426656120,15,29,18,,0.34,0.45,44,52,0,False
gemini-3.1-flash-lite,v6,pp_full,mv1,malayalam,PlatformMove,0.6,22,36,12,0,10,36,1.0,0.55,1.0,0.83,0.71,,call;call;call;call;call;425939252;425971422;426438311;426610860;426656120,15,29,18,,0.34,0.45,44,52,0,False
gemini-3.1-flash-lite,v6,pp_full,mv1,malayalam,PlatformMove,0.7,22,36,11,0,11,36,1.0,0.5,1.0,0.81,0.67,,call;call;call;call;call;call;425939252;425971422;426438311;426610860;426656120,14,24,19,,0.37,0.42,38,52,0,False
gemini-3.1-flash-lite,v6,pp_full,mv1,malayalam,PlatformMove,0.8,22,36,11,0,11,36,1.0,0.5,1.0,0.81,0.67,,call;call;call;call;call;call;425939252;425971422;426438311;426610860;426656120,14,24,19,,0.37,0.42,38,52,0,False
gemini-3.1-flash-lite,v6,pp_full,mv1,malayalam,PlatformMove,0.9,22,36,11,0,11,36,1.0,0.5,1.0,0.81,0.67,,call;call;call;call;call;call;425939252;425971422;426438311;426610860;426656120,14,24,19,,0.37,0.42,38,52,0,False
gemini-3.1-flash-lite,v6,pp_full,mv1,malayalam,PlatformMove,0.95,22,36,0,0,22,36,,0.0,1.0,0.62,,,call;call;call;call;call;call;call;call;call;call;call;call;423505352;425939252;425971422;426438311;426606195;426610860;426656120;426657127;426667318;426669005,0,0,33,,,0.0,0,52,0,False
gemini-3.1-flash-lite,v6,pp_full,mv1,malayalam,PlatformMove,1.0,22,36,0,0,22,36,,0.0,1.0,0.62,,,call;call;call;call;call;call;call;call;call;call;call;call;423505352;425939252;425971422;426438311;426606195;426610860;426656120;426657127;426667318;426669005,0,0,33,,,0.0,0,52,0,False
gemini-3.1-flash-lite,v6,pp_full,mv1,malayalam,PlatformMove,none,22,36,12,3,10,33,0.8,0.55,0.92,0.78,0.65,call;423562532;423662590,call;call;call;call;call;425939252;425971422;426438311;426610860;426656120,17,35,16,,0.33,0.52,52,52,0,False
gemini-3.1-flash-lite,v6,pp_full,mv1,malayalam,SuspiciousActivity,0.0,5,53,4,5,1,48,0.44,0.8,0.91,0.9,0.57,call;call;423562532;426608730;426656120,426610860,3,11,2,,0.21,0.6,14,14,0,False
gemini-3.1-flash-lite,v6,pp_full,mv1,malayalam,SuspiciousActivity,0.1,5,53,4,5,1,48,0.44,0.8,0.91,0.9,0.57,call;call;423562532;426608730;426656120,426610860,3,11,2,,0.21,0.6,14,14,0,False
gemini-3.1-flash-lite,v6,pp_full,mv1,malayalam,SuspiciousActivity,0.2,5,53,4,3,1,50,0.57,0.8,0.94,0.93,0.67,call;423562532;426656120,426610860,3,8,2,,0.27,0.6,11,14,0,False
gemini-3.1-flash-lite,v6,pp_full,mv1,malayalam,SuspiciousActivity,0.3,5,53,4,3,1,50,0.57,0.8,0.94,0.93,0.67,call;423562532;426656120,426610860,3,8,2,,0.27,0.6,11,14,0,False
gemini-3.1-flash-lite,v6,pp_full,mv1,malayalam,SuspiciousActivity,0.4,5,53,4,1,1,52,0.8,0.8,0.98,0.97,0.8,426656120,426610860,3,4,2,,0.43,0.6,7,14,0,False
gemini-3.1-flash-lite,v6,pp_full,mv1,malayalam,SuspiciousActivity,0.5,5,53,4,1,1,52,0.8,0.8,0.98,0.97,0.8,426656120,426610860,3,4,2,,0.43,0.6,7,14,0,False
gemini-3.1-flash-lite,v6,pp_full,mv1,malayalam,SuspiciousActivity,0.6,5,53,4,1,1,52,0.8,0.8,0.98,0.97,0.8,426656120,426610860,3,4,2,,0.43,0.6,7,14,0,False
gemini-3.1-flash-lite,v6,pp_full,mv1,malayalam,SuspiciousActivity,0.7,5,53,4,0,1,53,1.0,0.8,1.0,0.98,0.89,,426610860,3,2,2,,0.6,0.6,5,14,0,False
gemini-3.1-flash-lite,v6,pp_full,mv1,malayalam,SuspiciousActivity,0.8,5,53,4,0,1,53,1.0,0.8,1.0,0.98,0.89,,426610860,3,2,2,,0.6,0.6,5,14,0,False
gemini-3.1-flash-lite,v6,pp_full,mv1,malayalam,SuspiciousActivity,0.9,5,53,4,0,1,53,1.0,0.8,1.0,0.98,0.89,,426610860,3,2,2,,0.6,0.6,5,14,0,False
gemini-3.1-flash-lite,v6,pp_full,mv1,malayalam,SuspiciousActivity,0.95,5,53,0,0,5,53,,0.0,1.0,0.91,,,call;call;426480223;426606195;426610860,0,0,5,,,0.0,0,14,0,False
gemini-3.1-flash-lite,v6,pp_full,mv1,malayalam,SuspiciousActivity,1.0,5,53,0,0,5,53,,0.0,1.0,0.91,,,call;call;426480223;426606195;426610860,0,0,5,,,0.0,0,14,0,False
gemini-3.1-flash-lite,v6,pp_full,mv1,malayalam,SuspiciousActivity,none,5,53,4,5,1,48,0.44,0.8,0.91,0.9,0.57,call;call;423562532;426608730;426656120,426610860,3,11,2,,0.21,0.6,14,14,0,False
gemini-3.1-flash-lite,v6,pp_full,mv1,malayalam,Explicit-Flirting,0.0,21,37,8,6,13,31,0.57,0.38,0.84,0.67,0.46,call;call;call;426600174;426608730;427012755,call;call;call;call;423662590;426480223;426537197;426565486;426604065;426606195;426667318;427012375;427012537,10,34,26,,0.23,0.28,44,44,0,False
gemini-3.1-flash-lite,v6,pp_full,mv1,malayalam,Explicit-Flirting,0.1,21,37,8,6,13,31,0.57,0.38,0.84,0.67,0.46,call;call;call;426600174;426608730;427012755,call;call;call;call;423662590;426480223;426537197;426565486;426604065;426606195;426667318;427012375;427012537,10,34,26,,0.23,0.28,44,44,0,False
gemini-3.1-flash-lite,v6,pp_full,mv1,malayalam,Explicit-Flirting,0.2,21,37,7,5,14,32,0.58,0.33,0.86,0.67,0.42,call;call;call;426600174;427012755,call;call;call;call;call;423662590;426480223;426537197;426565486;426604065;426606195;426667318;427012375;427012537,9,32,27,,0.22,0.25,41,44,0,False
gemini-3.1-flash-lite,v6,pp_full,mv1,malayalam,Explicit-Flirting,0.3,21,37,7,5,14,32,0.58,0.33,0.86,0.67,0.42,call;call;call;426600174;427012755,call;call;call;call;call;423662590;426480223;426537197;426565486;426604065;426606195;426667318;427012375;427012537,9,31,27,,0.23,0.25,40,44,0,False
gemini-3.1-flash-lite,v6,pp_full,mv1,malayalam,Explicit-Flirting,0.4,21,37,7,3,14,34,0.7,0.33,0.92,0.71,0.45,call;426600174;427012755,call;call;call;call;call;423662590;426480223;426537197;426565486;426604065;426606195;426667318;427012375;427012537,9,17,27,,0.35,0.25,26,44,0,False
gemini-3.1-flash-lite,v6,pp_full,mv1,malayalam,Explicit-Flirting,0.5,21,37,7,3,14,34,0.7,0.33,0.92,0.71,0.45,call;426600174;427012755,call;call;call;call;call;423662590;426480223;426537197;426565486;426604065;426606195;426667318;427012375;427012537,9,17,27,,0.35,0.25,26,44,0,False
gemini-3.1-flash-lite,v6,pp_full,mv1,malayalam,Explicit-Flirting,0.6,21,37,7,3,14,34,0.7,0.33,0.92,0.71,0.45,call;426600174;427012755,call;call;call;call;call;423662590;426480223;426537197;426565486;426604065;426606195;426667318;427012375;427012537,9,17,27,,0.35,0.25,26,44,0,False
gemini-3.1-flash-lite,v6,pp_full,mv1,malayalam,Explicit-Flirting,0.7,21,37,7,2,14,35,0.78,0.33,0.95,0.72,0.47,call;427012755,call;call;call;call;call;423662590;426480223;426537197;426565486;426604065;426606195;426667318;427012375;427012537,8,10,28,,0.44,0.22,18,44,0,False
gemini-3.1-flash-lite,v6,pp_full,mv1,malayalam,Explicit-Flirting,0.8,21,37,7,2,14,35,0.78,0.33,0.95,0.72,0.47,call;427012755,call;call;call;call;call;423662590;426480223;426537197;426565486;426604065;426606195;426667318;427012375;427012537,8,10,28,,0.44,0.22,18,44,0,False
gemini-3.1-flash-lite,v6,pp_full,mv1,malayalam,Explicit-Flirting,0.9,21,37,7,2,14,35,0.78,0.33,0.95,0.72,0.47,call;427012755,call;call;call;call;call;423662590;426480223;426537197;426565486;426604065;426606195;426667318;427012375;427012537,8,9,28,,0.47,0.22,17,44,0,False
gemini-3.1-flash-lite,v6,pp_full,mv1,malayalam,Explicit-Flirting,0.95,21,37,0,0,21,37,,0.0,1.0,0.64,,,call;call;call;call;call;call;call;call;423662590;426460304;426480223;426537197;426565486;426573512;426591403;426604065;426606195;426610860;426667318;427012375;427012537,0,0,36,,,0.0,0,44,0,False
gemini-3.1-flash-lite,v6,pp_full,mv1,malayalam,Explicit-Flirting,1.0,21,37,0,0,21,37,,0.0,1.0,0.64,,,call;call;call;call;call;call;call;call;423662590;426460304;426480223;426537197;426565486;426573512;426591403;426604065;426606195;426610860;426667318;427012375;427012537,0,0,36,,,0.0,0,44,0,False
gemini-3.1-flash-lite,v6,pp_full,mv1,malayalam,Explicit-Flirting,none,21,37,8,6,13,31,0.57,0.38,0.84,0.67,0.46,call;call;call;426600174;426608730;427012755,call;call;call;call;423662590;426480223;426537197;426565486;426604065;426606195;426667318;427012375;427012537,10,34,26,,0.23,0.28,44,44,0,False
gemini-3.1-flash-lite,v6,pp_full,mv1,malayalam,ALL,0.0,35,23,20,6,15,17,0.77,0.57,0.74,0.64,0.66,call;call;423562532;426600174;426608730;427012755,call;call;call;call;call;423662590;425939252;425971422;426438311;426537197;426565486;426604065;426656120;427012375;427012537,30,80,44,,0.27,0.41,110,110,0,False
gemini-3.1-flash-lite,v6,pp_full,mv1,malayalam,ALL,0.1,35,23,20,6,15,17,0.77,0.57,0.74,0.64,0.66,call;call;423562532;426600174;426608730;427012755,call;call;call;call;call;423662590;425939252;425971422;426438311;426537197;426565486;426604065;426656120;427012375;427012537,30,80,44,,0.27,0.41,110,110,0,False
gemini-3.1-flash-lite,v6,pp_full,mv1,malayalam,ALL,0.2,35,23,19,5,16,18,0.79,0.54,0.78,0.64,0.64,call;call;423562532;426600174;427012755,call;call;call;call;call;call;423662590;425939252;425971422;426438311;426537197;426565486;426604065;426656120;427012375;427012537,29,71,45,,0.29,0.39,100,110,0,False
gemini-3.1-flash-lite,v6,pp_full,mv1,malayalam,ALL,0.3,35,23,19,5,16,18,0.79,0.54,0.78,0.64,0.64,call;call;423562532;426600174;427012755,call;call;call;call;call;call;423662590;425939252;425971422;426438311;426537197;426565486;426604065;426656120;427012375;427012537,29,70,45,,0.29,0.39,99,110,0,False
gemini-3.1-flash-lite,v6,pp_full,mv1,malayalam,ALL,0.4,35,23,19,2,16,21,0.9,0.54,0.91,0.69,0.68,426600174;427012755,call;call;call;call;call;call;423662590;425939252;425971422;426438311;426537197;426565486;426604065;426656120;427012375;427012537,27,50,47,,0.35,0.36,77,110,0,False
gemini-3.1-flash-lite,v6,pp_full,mv1,malayalam,ALL,0.5,35,23,19,2,16,21,0.9,0.54,0.91,0.69,0.68,426600174;427012755,call;call;call;call;call;call;423662590;425939252;425971422;426438311;426537197;426565486;426604065;426656120;427012375;427012537,27,50,47,,0.35,0.36,77,110,0,False
gemini-3.1-flash-lite,v6,pp_full,mv1,malayalam,ALL,0.6,35,23,19,2,16,21,0.9,0.54,0.91,0.69,0.68,426600174;427012755,call;call;call;call;call;call;423662590;425939252;425971422;426438311;426537197;426565486;426604065;426656120;427012375;427012537,27,50,47,,0.35,0.36,77,110,0,False
gemini-3.1-flash-lite,v6,pp_full,mv1,malayalam,ALL,0.7,35,23,18,1,17,22,0.95,0.51,0.96,0.69,0.67,427012755,call;call;call;call;call;call;call;423662590;425939252;425971422;426438311;426537197;426565486;426604065;426656120;427012375;427012537,25,36,49,,0.41,0.34,61,110,0,False
gemini-3.1-flash-lite,v6,pp_full,mv1,malayalam,ALL,0.8,35,23,18,1,17,22,0.95,0.51,0.96,0.69,0.67,427012755,call;call;call;call;call;call;call;423662590;425939252;425971422;426438311;426537197;426565486;426604065;426656120;427012375;427012537,25,36,49,,0.41,0.34,61,110,0,False
gemini-3.1-flash-lite,v6,pp_full,mv1,malayalam,ALL,0.9,35,23,18,1,17,22,0.95,0.51,0.96,0.69,0.67,427012755,call;call;call;call;call;call;call;423662590;425939252;425971422;426438311;426537197;426565486;426604065;426656120;427012375;427012537,25,35,49,,0.42,0.34,60,110,0,False
gemini-3.1-flash-lite,v6,pp_full,mv1,malayalam,ALL,0.95,35,23,0,0,35,23,,0.0,1.0,0.4,,,call;call;call;call;call;call;call;call;call;call;call;call;call;call;call;423505352;423662590;425939252;425971422;426438311;426460304;426480223;426537197;426565486;426573512;426591403;426604065;426606195;426610860;426656120;426657127;426667318;426669005;427012375;427012537,0,0,74,,,0.0,0,110,0,False
gemini-3.1-flash-lite,v6,pp_full,mv1,malayalam,ALL,1.0,35,23,0,0,35,23,,0.0,1.0,0.4,,,call;call;call;call;call;call;call;call;call;call;call;call;call;call;call;423505352;423662590;425939252;425971422;426438311;426460304;426480223;426537197;426565486;426573512;426591403;426604065;426606195;426610860;426656120;426657127;426667318;426669005;427012375;427012537,0,0,74,,,0.0,0,110,0,False
gemini-3.1-flash-lite,v6,pp_full,mv1,malayalam,ALL,none,35,23,20,6,15,17,0.77,0.57,0.74,0.64,0.66,call;call;423562532;426600174;426608730;427012755,call;call;call;call;call;423662590;425939252;425971422;426438311;426537197;426565486;426604065;426656120;427012375;427012537,30,80,44,,0.27,0.41,110,110,0,False
