model,language,category,threshold,n_gt_pos,n_gt_neg,tp,fp,fn,tn,precision,recall,specificity,accuracy,f1,loose_tp,loose_recall,flag_tp,flag_fp,flag_fn,flag_precision,flag_recall,n_flags_missing_confidence
12b_nothinking,ALL,PlatformMove,0.0,130,251,57,20,73,231,0.74,0.44,0.92,0.76,0.55,70,0.54,68,119,123,0.36,0.36,0
12b_nothinking,ALL,PlatformMove,0.1,130,251,57,20,73,231,0.74,0.44,0.92,0.76,0.55,70,0.54,68,119,123,0.36,0.36,0
12b_nothinking,ALL,PlatformMove,0.2,130,251,57,20,73,231,0.74,0.44,0.92,0.76,0.55,70,0.54,68,119,123,0.36,0.36,0
12b_nothinking,ALL,PlatformMove,0.3,130,251,57,20,73,231,0.74,0.44,0.92,0.76,0.55,70,0.54,68,119,123,0.36,0.36,0
12b_nothinking,ALL,PlatformMove,0.4,130,251,57,20,73,231,0.74,0.44,0.92,0.76,0.55,70,0.54,68,119,123,0.36,0.36,0
12b_nothinking,ALL,PlatformMove,0.5,130,251,57,20,73,231,0.74,0.44,0.92,0.76,0.55,70,0.54,68,119,123,0.36,0.36,0
12b_nothinking,ALL,PlatformMove,0.6,130,251,57,20,73,231,0.74,0.44,0.92,0.76,0.55,70,0.54,68,119,123,0.36,0.36,0
12b_nothinking,ALL,PlatformMove,0.7,130,251,57,20,73,231,0.74,0.44,0.92,0.76,0.55,70,0.54,68,119,123,0.36,0.36,0
12b_nothinking,ALL,PlatformMove,0.8,130,251,57,20,73,231,0.74,0.44,0.92,0.76,0.55,70,0.54,68,119,123,0.36,0.36,0
12b_nothinking,ALL,PlatformMove,0.9,130,251,56,20,74,231,0.74,0.43,0.92,0.75,0.54,70,0.54,67,115,124,0.37,0.35,0
12b_nothinking,ALL,PlatformMove,none,130,251,57,20,73,231,0.74,0.44,0.92,0.76,0.55,70,0.54,68,119,123,0.36,0.36,0
12b_nothinking,ALL,SuspiciousActivity,0.0,70,311,17,2,53,309,0.89,0.24,0.99,0.86,0.38,20,0.29,20,10,72,0.67,0.22,0
12b_nothinking,ALL,SuspiciousActivity,0.1,70,311,17,2,53,309,0.89,0.24,0.99,0.86,0.38,20,0.29,20,10,72,0.67,0.22,0
12b_nothinking,ALL,SuspiciousActivity,0.2,70,311,17,2,53,309,0.89,0.24,0.99,0.86,0.38,20,0.29,20,10,72,0.67,0.22,0
12b_nothinking,ALL,SuspiciousActivity,0.3,70,311,17,2,53,309,0.89,0.24,0.99,0.86,0.38,20,0.29,20,10,72,0.67,0.22,0
12b_nothinking,ALL,SuspiciousActivity,0.4,70,311,17,2,53,309,0.89,0.24,0.99,0.86,0.38,20,0.29,20,10,72,0.67,0.22,0
12b_nothinking,ALL,SuspiciousActivity,0.5,70,311,17,2,53,309,0.89,0.24,0.99,0.86,0.38,20,0.29,20,10,72,0.67,0.22,0
12b_nothinking,ALL,SuspiciousActivity,0.6,70,311,17,2,53,309,0.89,0.24,0.99,0.86,0.38,20,0.29,20,10,72,0.67,0.22,0
12b_nothinking,ALL,SuspiciousActivity,0.7,70,311,17,2,53,309,0.89,0.24,0.99,0.86,0.38,20,0.29,20,10,72,0.67,0.22,0
12b_nothinking,ALL,SuspiciousActivity,0.8,70,311,17,2,53,309,0.89,0.24,0.99,0.86,0.38,20,0.29,20,10,72,0.67,0.22,0
12b_nothinking,ALL,SuspiciousActivity,0.9,70,311,15,0,55,311,1.0,0.21,1.0,0.86,0.35,17,0.24,17,5,75,0.77,0.18,0
12b_nothinking,ALL,SuspiciousActivity,none,70,311,17,2,53,309,0.89,0.24,0.99,0.86,0.38,20,0.29,20,10,72,0.67,0.22,0
12b_nothinking,ALL,Explicit-Flirting,0.0,113,268,6,8,107,260,0.43,0.05,0.97,0.7,0.09,10,0.09,6,25,224,0.19,0.03,0
12b_nothinking,ALL,Explicit-Flirting,0.1,113,268,6,8,107,260,0.43,0.05,0.97,0.7,0.09,10,0.09,6,25,224,0.19,0.03,0
12b_nothinking,ALL,Explicit-Flirting,0.2,113,268,6,8,107,260,0.43,0.05,0.97,0.7,0.09,10,0.09,6,25,224,0.19,0.03,0
12b_nothinking,ALL,Explicit-Flirting,0.3,113,268,6,8,107,260,0.43,0.05,0.97,0.7,0.09,10,0.09,6,25,224,0.19,0.03,0
12b_nothinking,ALL,Explicit-Flirting,0.4,113,268,6,8,107,260,0.43,0.05,0.97,0.7,0.09,10,0.09,6,25,224,0.19,0.03,0
12b_nothinking,ALL,Explicit-Flirting,0.5,113,268,3,3,110,265,0.5,0.03,0.99,0.7,0.05,5,0.04,3,5,227,0.38,0.01,0
12b_nothinking,ALL,Explicit-Flirting,0.6,113,268,3,3,110,265,0.5,0.03,0.99,0.7,0.05,5,0.04,3,5,227,0.38,0.01,0
12b_nothinking,ALL,Explicit-Flirting,0.7,113,268,3,3,110,265,0.5,0.03,0.99,0.7,0.05,5,0.04,3,5,227,0.38,0.01,0
12b_nothinking,ALL,Explicit-Flirting,0.8,113,268,3,3,110,265,0.5,0.03,0.99,0.7,0.05,5,0.04,3,5,227,0.38,0.01,0
12b_nothinking,ALL,Explicit-Flirting,0.9,113,268,1,1,112,267,0.5,0.01,1.0,0.7,0.02,1,0.01,1,1,229,0.5,0.0,0
12b_nothinking,ALL,Explicit-Flirting,none,113,268,6,8,107,260,0.43,0.05,0.97,0.7,0.09,10,0.09,6,25,224,0.19,0.03,0
12b_nothinking,ALL,ALL,0.0,214,167,73,19,141,148,0.79,0.34,0.89,0.58,0.48,96,0.45,94,154,419,0.38,0.18,0
12b_nothinking,ALL,ALL,0.1,214,167,73,19,141,148,0.79,0.34,0.89,0.58,0.48,96,0.45,94,154,419,0.38,0.18,0
12b_nothinking,ALL,ALL,0.2,214,167,73,19,141,148,0.79,0.34,0.89,0.58,0.48,96,0.45,94,154,419,0.38,0.18,0
12b_nothinking,ALL,ALL,0.3,214,167,73,19,141,148,0.79,0.34,0.89,0.58,0.48,96,0.45,94,154,419,0.38,0.18,0
12b_nothinking,ALL,ALL,0.4,214,167,73,19,141,148,0.79,0.34,0.89,0.58,0.48,96,0.45,94,154,419,0.38,0.18,0
12b_nothinking,ALL,ALL,0.5,214,167,70,17,144,150,0.8,0.33,0.9,0.58,0.47,91,0.43,91,134,422,0.4,0.18,0
12b_nothinking,ALL,ALL,0.6,214,167,70,17,144,150,0.8,0.33,0.9,0.58,0.47,91,0.43,91,134,422,0.4,0.18,0
12b_nothinking,ALL,ALL,0.7,214,167,70,17,144,150,0.8,0.33,0.9,0.58,0.47,91,0.43,91,134,422,0.4,0.18,0
12b_nothinking,ALL,ALL,0.8,214,167,70,17,144,150,0.8,0.33,0.9,0.58,0.47,91,0.43,91,134,422,0.4,0.18,0
12b_nothinking,ALL,ALL,0.9,214,167,66,16,148,151,0.8,0.31,0.9,0.57,0.45,85,0.4,85,121,428,0.41,0.17,0
12b_nothinking,ALL,ALL,none,214,167,73,19,141,148,0.79,0.34,0.89,0.58,0.48,96,0.45,94,154,419,0.38,0.18,0
12b_nothinking,hindi,PlatformMove,0.0,31,86,20,4,11,82,0.83,0.65,0.95,0.87,0.73,20,0.65,23,21,21,0.52,0.52,0
12b_nothinking,hindi,PlatformMove,0.1,31,86,20,4,11,82,0.83,0.65,0.95,0.87,0.73,20,0.65,23,21,21,0.52,0.52,0
12b_nothinking,hindi,PlatformMove,0.2,31,86,20,4,11,82,0.83,0.65,0.95,0.87,0.73,20,0.65,23,21,21,0.52,0.52,0
12b_nothinking,hindi,PlatformMove,0.3,31,86,20,4,11,82,0.83,0.65,0.95,0.87,0.73,20,0.65,23,21,21,0.52,0.52,0
12b_nothinking,hindi,PlatformMove,0.4,31,86,20,4,11,82,0.83,0.65,0.95,0.87,0.73,20,0.65,23,21,21,0.52,0.52,0
12b_nothinking,hindi,PlatformMove,0.5,31,86,20,4,11,82,0.83,0.65,0.95,0.87,0.73,20,0.65,23,21,21,0.52,0.52,0
12b_nothinking,hindi,PlatformMove,0.6,31,86,20,4,11,82,0.83,0.65,0.95,0.87,0.73,20,0.65,23,21,21,0.52,0.52,0
12b_nothinking,hindi,PlatformMove,0.7,31,86,20,4,11,82,0.83,0.65,0.95,0.87,0.73,20,0.65,23,21,21,0.52,0.52,0
12b_nothinking,hindi,PlatformMove,0.8,31,86,20,4,11,82,0.83,0.65,0.95,0.87,0.73,20,0.65,23,21,21,0.52,0.52,0
12b_nothinking,hindi,PlatformMove,0.9,31,86,19,4,12,82,0.83,0.61,0.95,0.86,0.7,20,0.65,23,21,21,0.52,0.52,0
12b_nothinking,hindi,PlatformMove,none,31,86,20,4,11,82,0.83,0.65,0.95,0.87,0.73,20,0.65,23,21,21,0.52,0.52,0
12b_nothinking,hindi,SuspiciousActivity,0.0,21,96,6,0,15,96,1.0,0.29,1.0,0.87,0.44,9,0.43,8,7,22,0.53,0.27,0
12b_nothinking,hindi,SuspiciousActivity,0.1,21,96,6,0,15,96,1.0,0.29,1.0,0.87,0.44,9,0.43,8,7,22,0.53,0.27,0
12b_nothinking,hindi,SuspiciousActivity,0.2,21,96,6,0,15,96,1.0,0.29,1.0,0.87,0.44,9,0.43,8,7,22,0.53,0.27,0
12b_nothinking,hindi,SuspiciousActivity,0.3,21,96,6,0,15,96,1.0,0.29,1.0,0.87,0.44,9,0.43,8,7,22,0.53,0.27,0
12b_nothinking,hindi,SuspiciousActivity,0.4,21,96,6,0,15,96,1.0,0.29,1.0,0.87,0.44,9,0.43,8,7,22,0.53,0.27,0
12b_nothinking,hindi,SuspiciousActivity,0.5,21,96,6,0,15,96,1.0,0.29,1.0,0.87,0.44,9,0.43,8,7,22,0.53,0.27,0
12b_nothinking,hindi,SuspiciousActivity,0.6,21,96,6,0,15,96,1.0,0.29,1.0,0.87,0.44,9,0.43,8,7,22,0.53,0.27,0
12b_nothinking,hindi,SuspiciousActivity,0.7,21,96,6,0,15,96,1.0,0.29,1.0,0.87,0.44,9,0.43,8,7,22,0.53,0.27,0
12b_nothinking,hindi,SuspiciousActivity,0.8,21,96,6,0,15,96,1.0,0.29,1.0,0.87,0.44,9,0.43,8,7,22,0.53,0.27,0
12b_nothinking,hindi,SuspiciousActivity,0.9,21,96,6,0,15,96,1.0,0.29,1.0,0.87,0.44,8,0.38,7,4,23,0.64,0.23,0
12b_nothinking,hindi,SuspiciousActivity,none,21,96,6,0,15,96,1.0,0.29,1.0,0.87,0.44,9,0.43,8,7,22,0.53,0.27,0
12b_nothinking,hindi,Explicit-Flirting,0.0,33,84,3,2,30,82,0.6,0.09,0.98,0.73,0.16,4,0.12,3,3,61,0.5,0.05,0
12b_nothinking,hindi,Explicit-Flirting,0.1,33,84,3,2,30,82,0.6,0.09,0.98,0.73,0.16,4,0.12,3,3,61,0.5,0.05,0
12b_nothinking,hindi,Explicit-Flirting,0.2,33,84,3,2,30,82,0.6,0.09,0.98,0.73,0.16,4,0.12,3,3,61,0.5,0.05,0
12b_nothinking,hindi,Explicit-Flirting,0.3,33,84,3,2,30,82,0.6,0.09,0.98,0.73,0.16,4,0.12,3,3,61,0.5,0.05,0
12b_nothinking,hindi,Explicit-Flirting,0.4,33,84,3,2,30,82,0.6,0.09,0.98,0.73,0.16,4,0.12,3,3,61,0.5,0.05,0
12b_nothinking,hindi,Explicit-Flirting,0.5,33,84,2,0,31,84,1.0,0.06,1.0,0.74,0.11,3,0.09,2,1,62,0.67,0.03,0
12b_nothinking,hindi,Explicit-Flirting,0.6,33,84,2,0,31,84,1.0,0.06,1.0,0.74,0.11,3,0.09,2,1,62,0.67,0.03,0
12b_nothinking,hindi,Explicit-Flirting,0.7,33,84,2,0,31,84,1.0,0.06,1.0,0.74,0.11,3,0.09,2,1,62,0.67,0.03,0
12b_nothinking,hindi,Explicit-Flirting,0.8,33,84,2,0,31,84,1.0,0.06,1.0,0.74,0.11,3,0.09,2,1,62,0.67,0.03,0
12b_nothinking,hindi,Explicit-Flirting,0.9,33,84,0,0,33,84,,0.0,1.0,0.72,,0,0.0,0,0,64,,0.0,0
12b_nothinking,hindi,Explicit-Flirting,none,33,84,3,2,30,82,0.6,0.09,0.98,0.73,0.16,4,0.12,3,3,61,0.5,0.05,0
12b_nothinking,hindi,ALL,0.0,58,59,26,4,32,55,0.87,0.45,0.93,0.69,0.59,30,0.52,34,31,104,0.52,0.25,0
12b_nothinking,hindi,ALL,0.1,58,59,26,4,32,55,0.87,0.45,0.93,0.69,0.59,30,0.52,34,31,104,0.52,0.25,0
12b_nothinking,hindi,ALL,0.2,58,59,26,4,32,55,0.87,0.45,0.93,0.69,0.59,30,0.52,34,31,104,0.52,0.25,0
12b_nothinking,hindi,ALL,0.3,58,59,26,4,32,55,0.87,0.45,0.93,0.69,0.59,30,0.52,34,31,104,0.52,0.25,0
12b_nothinking,hindi,ALL,0.4,58,59,26,4,32,55,0.87,0.45,0.93,0.69,0.59,30,0.52,34,31,104,0.52,0.25,0
12b_nothinking,hindi,ALL,0.5,58,59,25,3,33,56,0.89,0.43,0.95,0.69,0.58,28,0.48,33,29,105,0.53,0.24,0
12b_nothinking,hindi,ALL,0.6,58,59,25,3,33,56,0.89,0.43,0.95,0.69,0.58,28,0.48,33,29,105,0.53,0.24,0
12b_nothinking,hindi,ALL,0.7,58,59,25,3,33,56,0.89,0.43,0.95,0.69,0.58,28,0.48,33,29,105,0.53,0.24,0
12b_nothinking,hindi,ALL,0.8,58,59,25,3,33,56,0.89,0.43,0.95,0.69,0.58,28,0.48,33,29,105,0.53,0.24,0
12b_nothinking,hindi,ALL,0.9,58,59,23,3,35,56,0.88,0.4,0.95,0.68,0.55,25,0.43,30,25,108,0.55,0.22,0
12b_nothinking,hindi,ALL,none,58,59,26,4,32,55,0.87,0.45,0.93,0.69,0.59,30,0.52,34,31,104,0.52,0.25,0
12b_nothinking,kannada,PlatformMove,0.0,24,44,12,6,12,38,0.67,0.5,0.86,0.74,0.57,16,0.67,14,37,22,0.27,0.39,0
12b_nothinking,kannada,PlatformMove,0.1,24,44,12,6,12,38,0.67,0.5,0.86,0.74,0.57,16,0.67,14,37,22,0.27,0.39,0
12b_nothinking,kannada,PlatformMove,0.2,24,44,12,6,12,38,0.67,0.5,0.86,0.74,0.57,16,0.67,14,37,22,0.27,0.39,0
12b_nothinking,kannada,PlatformMove,0.3,24,44,12,6,12,38,0.67,0.5,0.86,0.74,0.57,16,0.67,14,37,22,0.27,0.39,0
12b_nothinking,kannada,PlatformMove,0.4,24,44,12,6,12,38,0.67,0.5,0.86,0.74,0.57,16,0.67,14,37,22,0.27,0.39,0
12b_nothinking,kannada,PlatformMove,0.5,24,44,12,6,12,38,0.67,0.5,0.86,0.74,0.57,16,0.67,14,37,22,0.27,0.39,0
12b_nothinking,kannada,PlatformMove,0.6,24,44,12,6,12,38,0.67,0.5,0.86,0.74,0.57,16,0.67,14,37,22,0.27,0.39,0
12b_nothinking,kannada,PlatformMove,0.7,24,44,12,6,12,38,0.67,0.5,0.86,0.74,0.57,16,0.67,14,37,22,0.27,0.39,0
12b_nothinking,kannada,PlatformMove,0.8,24,44,12,6,12,38,0.67,0.5,0.86,0.74,0.57,16,0.67,14,37,22,0.27,0.39,0
12b_nothinking,kannada,PlatformMove,0.9,24,44,12,6,12,38,0.67,0.5,0.86,0.74,0.57,16,0.67,14,33,22,0.3,0.39,0
12b_nothinking,kannada,PlatformMove,none,24,44,12,6,12,38,0.67,0.5,0.86,0.74,0.57,16,0.67,14,37,22,0.27,0.39,0
12b_nothinking,kannada,SuspiciousActivity,0.0,12,56,6,0,6,56,1.0,0.5,1.0,0.91,0.67,6,0.5,7,1,7,0.88,0.5,0
12b_nothinking,kannada,SuspiciousActivity,0.1,12,56,6,0,6,56,1.0,0.5,1.0,0.91,0.67,6,0.5,7,1,7,0.88,0.5,0
12b_nothinking,kannada,SuspiciousActivity,0.2,12,56,6,0,6,56,1.0,0.5,1.0,0.91,0.67,6,0.5,7,1,7,0.88,0.5,0
12b_nothinking,kannada,SuspiciousActivity,0.3,12,56,6,0,6,56,1.0,0.5,1.0,0.91,0.67,6,0.5,7,1,7,0.88,0.5,0
12b_nothinking,kannada,SuspiciousActivity,0.4,12,56,6,0,6,56,1.0,0.5,1.0,0.91,0.67,6,0.5,7,1,7,0.88,0.5,0
12b_nothinking,kannada,SuspiciousActivity,0.5,12,56,6,0,6,56,1.0,0.5,1.0,0.91,0.67,6,0.5,7,1,7,0.88,0.5,0
12b_nothinking,kannada,SuspiciousActivity,0.6,12,56,6,0,6,56,1.0,0.5,1.0,0.91,0.67,6,0.5,7,1,7,0.88,0.5,0
12b_nothinking,kannada,SuspiciousActivity,0.7,12,56,6,0,6,56,1.0,0.5,1.0,0.91,0.67,6,0.5,7,1,7,0.88,0.5,0
12b_nothinking,kannada,SuspiciousActivity,0.8,12,56,6,0,6,56,1.0,0.5,1.0,0.91,0.67,6,0.5,7,1,7,0.88,0.5,0
12b_nothinking,kannada,SuspiciousActivity,0.9,12,56,5,0,7,56,1.0,0.42,1.0,0.9,0.59,5,0.42,6,1,8,0.86,0.43,0
12b_nothinking,kannada,SuspiciousActivity,none,12,56,6,0,6,56,1.0,0.5,1.0,0.91,0.67,6,0.5,7,1,7,0.88,0.5,0
12b_nothinking,kannada,Explicit-Flirting,0.0,14,54,0,1,14,53,0.0,0.0,0.98,0.78,,2,0.14,0,3,33,0.0,0.0,0
12b_nothinking,kannada,Explicit-Flirting,0.1,14,54,0,1,14,53,0.0,0.0,0.98,0.78,,2,0.14,0,3,33,0.0,0.0,0
12b_nothinking,kannada,Explicit-Flirting,0.2,14,54,0,1,14,53,0.0,0.0,0.98,0.78,,2,0.14,0,3,33,0.0,0.0,0
12b_nothinking,kannada,Explicit-Flirting,0.3,14,54,0,1,14,53,0.0,0.0,0.98,0.78,,2,0.14,0,3,33,0.0,0.0,0
12b_nothinking,kannada,Explicit-Flirting,0.4,14,54,0,1,14,53,0.0,0.0,0.98,0.78,,2,0.14,0,3,33,0.0,0.0,0
12b_nothinking,kannada,Explicit-Flirting,0.5,14,54,0,0,14,54,,0.0,1.0,0.79,,1,0.07,0,1,33,0.0,0.0,0
12b_nothinking,kannada,Explicit-Flirting,0.6,14,54,0,0,14,54,,0.0,1.0,0.79,,1,0.07,0,1,33,0.0,0.0,0
12b_nothinking,kannada,Explicit-Flirting,0.7,14,54,0,0,14,54,,0.0,1.0,0.79,,1,0.07,0,1,33,0.0,0.0,0
12b_nothinking,kannada,Explicit-Flirting,0.8,14,54,0,0,14,54,,0.0,1.0,0.79,,1,0.07,0,1,33,0.0,0.0,0
12b_nothinking,kannada,Explicit-Flirting,0.9,14,54,0,0,14,54,,0.0,1.0,0.79,,0,0.0,0,0,33,,0.0,0
12b_nothinking,kannada,Explicit-Flirting,none,14,54,0,1,14,53,0.0,0.0,0.98,0.78,,2,0.14,0,3,33,0.0,0.0,0
12b_nothinking,kannada,ALL,0.0,31,37,15,5,16,32,0.75,0.48,0.86,0.69,0.59,21,0.68,21,41,62,0.34,0.25,0
12b_nothinking,kannada,ALL,0.1,31,37,15,5,16,32,0.75,0.48,0.86,0.69,0.59,21,0.68,21,41,62,0.34,0.25,0
12b_nothinking,kannada,ALL,0.2,31,37,15,5,16,32,0.75,0.48,0.86,0.69,0.59,21,0.68,21,41,62,0.34,0.25,0
12b_nothinking,kannada,ALL,0.3,31,37,15,5,16,32,0.75,0.48,0.86,0.69,0.59,21,0.68,21,41,62,0.34,0.25,0
12b_nothinking,kannada,ALL,0.4,31,37,15,5,16,32,0.75,0.48,0.86,0.69,0.59,21,0.68,21,41,62,0.34,0.25,0
12b_nothinking,kannada,ALL,0.5,31,37,15,5,16,32,0.75,0.48,0.86,0.69,0.59,21,0.68,21,39,62,0.35,0.25,0
12b_nothinking,kannada,ALL,0.6,31,37,15,5,16,32,0.75,0.48,0.86,0.69,0.59,21,0.68,21,39,62,0.35,0.25,0
12b_nothinking,kannada,ALL,0.7,31,37,15,5,16,32,0.75,0.48,0.86,0.69,0.59,21,0.68,21,39,62,0.35,0.25,0
12b_nothinking,kannada,ALL,0.8,31,37,15,5,16,32,0.75,0.48,0.86,0.69,0.59,21,0.68,21,39,62,0.35,0.25,0
12b_nothinking,kannada,ALL,0.9,31,37,14,5,17,32,0.74,0.45,0.86,0.68,0.56,19,0.61,20,34,63,0.37,0.24,0
12b_nothinking,kannada,ALL,none,31,37,15,5,16,32,0.75,0.48,0.86,0.69,0.59,21,0.68,21,41,62,0.34,0.25,0
12b_nothinking,malayalam,PlatformMove,0.0,22,36,7,1,15,35,0.88,0.32,0.97,0.72,0.47,9,0.41,9,20,24,0.31,0.27,0
12b_nothinking,malayalam,PlatformMove,0.1,22,36,7,1,15,35,0.88,0.32,0.97,0.72,0.47,9,0.41,9,20,24,0.31,0.27,0
12b_nothinking,malayalam,PlatformMove,0.2,22,36,7,1,15,35,0.88,0.32,0.97,0.72,0.47,9,0.41,9,20,24,0.31,0.27,0
12b_nothinking,malayalam,PlatformMove,0.3,22,36,7,1,15,35,0.88,0.32,0.97,0.72,0.47,9,0.41,9,20,24,0.31,0.27,0
12b_nothinking,malayalam,PlatformMove,0.4,22,36,7,1,15,35,0.88,0.32,0.97,0.72,0.47,9,0.41,9,20,24,0.31,0.27,0
12b_nothinking,malayalam,PlatformMove,0.5,22,36,7,1,15,35,0.88,0.32,0.97,0.72,0.47,9,0.41,9,20,24,0.31,0.27,0
12b_nothinking,malayalam,PlatformMove,0.6,22,36,7,1,15,35,0.88,0.32,0.97,0.72,0.47,9,0.41,9,20,24,0.31,0.27,0
12b_nothinking,malayalam,PlatformMove,0.7,22,36,7,1,15,35,0.88,0.32,0.97,0.72,0.47,9,0.41,9,20,24,0.31,0.27,0
12b_nothinking,malayalam,PlatformMove,0.8,22,36,7,1,15,35,0.88,0.32,0.97,0.72,0.47,9,0.41,9,20,24,0.31,0.27,0
12b_nothinking,malayalam,PlatformMove,0.9,22,36,7,1,15,35,0.88,0.32,0.97,0.72,0.47,9,0.41,8,20,25,0.29,0.24,0
12b_nothinking,malayalam,PlatformMove,none,22,36,7,1,15,35,0.88,0.32,0.97,0.72,0.47,9,0.41,9,20,24,0.31,0.27,0
12b_nothinking,malayalam,SuspiciousActivity,0.0,5,53,0,1,5,52,0.0,0.0,0.98,0.9,,0,0.0,0,1,5,0.0,0.0,0
12b_nothinking,malayalam,SuspiciousActivity,0.1,5,53,0,1,5,52,0.0,0.0,0.98,0.9,,0,0.0,0,1,5,0.0,0.0,0
12b_nothinking,malayalam,SuspiciousActivity,0.2,5,53,0,1,5,52,0.0,0.0,0.98,0.9,,0,0.0,0,1,5,0.0,0.0,0
12b_nothinking,malayalam,SuspiciousActivity,0.3,5,53,0,1,5,52,0.0,0.0,0.98,0.9,,0,0.0,0,1,5,0.0,0.0,0
12b_nothinking,malayalam,SuspiciousActivity,0.4,5,53,0,1,5,52,0.0,0.0,0.98,0.9,,0,0.0,0,1,5,0.0,0.0,0
12b_nothinking,malayalam,SuspiciousActivity,0.5,5,53,0,1,5,52,0.0,0.0,0.98,0.9,,0,0.0,0,1,5,0.0,0.0,0
12b_nothinking,malayalam,SuspiciousActivity,0.6,5,53,0,1,5,52,0.0,0.0,0.98,0.9,,0,0.0,0,1,5,0.0,0.0,0
12b_nothinking,malayalam,SuspiciousActivity,0.7,5,53,0,1,5,52,0.0,0.0,0.98,0.9,,0,0.0,0,1,5,0.0,0.0,0
12b_nothinking,malayalam,SuspiciousActivity,0.8,5,53,0,1,5,52,0.0,0.0,0.98,0.9,,0,0.0,0,1,5,0.0,0.0,0
12b_nothinking,malayalam,SuspiciousActivity,0.9,5,53,0,0,5,53,,0.0,1.0,0.91,,0,0.0,0,0,5,,0.0,0
12b_nothinking,malayalam,SuspiciousActivity,none,5,53,0,1,5,52,0.0,0.0,0.98,0.9,,0,0.0,0,1,5,0.0,0.0,0
12b_nothinking,malayalam,Explicit-Flirting,0.0,21,37,1,2,20,35,0.33,0.05,0.95,0.62,0.08,1,0.05,1,12,35,0.08,0.03,0
12b_nothinking,malayalam,Explicit-Flirting,0.1,21,37,1,2,20,35,0.33,0.05,0.95,0.62,0.08,1,0.05,1,12,35,0.08,0.03,0
12b_nothinking,malayalam,Explicit-Flirting,0.2,21,37,1,2,20,35,0.33,0.05,0.95,0.62,0.08,1,0.05,1,12,35,0.08,0.03,0
12b_nothinking,malayalam,Explicit-Flirting,0.3,21,37,1,2,20,35,0.33,0.05,0.95,0.62,0.08,1,0.05,1,12,35,0.08,0.03,0
12b_nothinking,malayalam,Explicit-Flirting,0.4,21,37,1,2,20,35,0.33,0.05,0.95,0.62,0.08,1,0.05,1,12,35,0.08,0.03,0
12b_nothinking,malayalam,Explicit-Flirting,0.5,21,37,0,1,21,36,0.0,0.0,0.97,0.62,,0,0.0,0,1,36,0.0,0.0,0
12b_nothinking,malayalam,Explicit-Flirting,0.6,21,37,0,1,21,36,0.0,0.0,0.97,0.62,,0,0.0,0,1,36,0.0,0.0,0
12b_nothinking,malayalam,Explicit-Flirting,0.7,21,37,0,1,21,36,0.0,0.0,0.97,0.62,,0,0.0,0,1,36,0.0,0.0,0
12b_nothinking,malayalam,Explicit-Flirting,0.8,21,37,0,1,21,36,0.0,0.0,0.97,0.62,,0,0.0,0,1,36,0.0,0.0,0
12b_nothinking,malayalam,Explicit-Flirting,0.9,21,37,0,0,21,37,,0.0,1.0,0.64,,0,0.0,0,0,36,,0.0,0
12b_nothinking,malayalam,Explicit-Flirting,none,21,37,1,2,20,35,0.33,0.05,0.95,0.62,0.08,1,0.05,1,12,35,0.08,0.03,0
12b_nothinking,malayalam,ALL,0.0,35,23,8,2,27,21,0.8,0.23,0.91,0.5,0.36,10,0.29,10,33,64,0.23,0.14,0
12b_nothinking,malayalam,ALL,0.1,35,23,8,2,27,21,0.8,0.23,0.91,0.5,0.36,10,0.29,10,33,64,0.23,0.14,0
12b_nothinking,malayalam,ALL,0.2,35,23,8,2,27,21,0.8,0.23,0.91,0.5,0.36,10,0.29,10,33,64,0.23,0.14,0
12b_nothinking,malayalam,ALL,0.3,35,23,8,2,27,21,0.8,0.23,0.91,0.5,0.36,10,0.29,10,33,64,0.23,0.14,0
12b_nothinking,malayalam,ALL,0.4,35,23,8,2,27,21,0.8,0.23,0.91,0.5,0.36,10,0.29,10,33,64,0.23,0.14,0
12b_nothinking,malayalam,ALL,0.5,35,23,7,1,28,22,0.88,0.2,0.96,0.5,0.33,9,0.26,9,22,65,0.29,0.12,0
12b_nothinking,malayalam,ALL,0.6,35,23,7,1,28,22,0.88,0.2,0.96,0.5,0.33,9,0.26,9,22,65,0.29,0.12,0
12b_nothinking,malayalam,ALL,0.7,35,23,7,1,28,22,0.88,0.2,0.96,0.5,0.33,9,0.26,9,22,65,0.29,0.12,0
12b_nothinking,malayalam,ALL,0.8,35,23,7,1,28,22,0.88,0.2,0.96,0.5,0.33,9,0.26,9,22,65,0.29,0.12,0
12b_nothinking,malayalam,ALL,0.9,35,23,7,1,28,22,0.88,0.2,0.96,0.5,0.33,9,0.26,8,20,66,0.29,0.11,0
12b_nothinking,malayalam,ALL,none,35,23,8,2,27,21,0.8,0.23,0.91,0.5,0.36,10,0.29,10,33,64,0.23,0.14,0
12b_nothinking,tamil,PlatformMove,0.0,20,45,9,4,11,41,0.69,0.45,0.91,0.77,0.55,11,0.55,11,20,20,0.35,0.35,0
12b_nothinking,tamil,PlatformMove,0.1,20,45,9,4,11,41,0.69,0.45,0.91,0.77,0.55,11,0.55,11,20,20,0.35,0.35,0
12b_nothinking,tamil,PlatformMove,0.2,20,45,9,4,11,41,0.69,0.45,0.91,0.77,0.55,11,0.55,11,20,20,0.35,0.35,0
12b_nothinking,tamil,PlatformMove,0.3,20,45,9,4,11,41,0.69,0.45,0.91,0.77,0.55,11,0.55,11,20,20,0.35,0.35,0
12b_nothinking,tamil,PlatformMove,0.4,20,45,9,4,11,41,0.69,0.45,0.91,0.77,0.55,11,0.55,11,20,20,0.35,0.35,0
12b_nothinking,tamil,PlatformMove,0.5,20,45,9,4,11,41,0.69,0.45,0.91,0.77,0.55,11,0.55,11,20,20,0.35,0.35,0
12b_nothinking,tamil,PlatformMove,0.6,20,45,9,4,11,41,0.69,0.45,0.91,0.77,0.55,11,0.55,11,20,20,0.35,0.35,0
12b_nothinking,tamil,PlatformMove,0.7,20,45,9,4,11,41,0.69,0.45,0.91,0.77,0.55,11,0.55,11,20,20,0.35,0.35,0
12b_nothinking,tamil,PlatformMove,0.8,20,45,9,4,11,41,0.69,0.45,0.91,0.77,0.55,11,0.55,11,20,20,0.35,0.35,0
12b_nothinking,tamil,PlatformMove,0.9,20,45,9,4,11,41,0.69,0.45,0.91,0.77,0.55,11,0.55,11,20,20,0.35,0.35,0
12b_nothinking,tamil,PlatformMove,none,20,45,9,4,11,41,0.69,0.45,0.91,0.77,0.55,11,0.55,11,20,20,0.35,0.35,0
12b_nothinking,tamil,SuspiciousActivity,0.0,11,54,1,1,10,53,0.5,0.09,0.98,0.83,0.15,1,0.09,1,1,12,0.5,0.08,0
12b_nothinking,tamil,SuspiciousActivity,0.1,11,54,1,1,10,53,0.5,0.09,0.98,0.83,0.15,1,0.09,1,1,12,0.5,0.08,0
12b_nothinking,tamil,SuspiciousActivity,0.2,11,54,1,1,10,53,0.5,0.09,0.98,0.83,0.15,1,0.09,1,1,12,0.5,0.08,0
12b_nothinking,tamil,SuspiciousActivity,0.3,11,54,1,1,10,53,0.5,0.09,0.98,0.83,0.15,1,0.09,1,1,12,0.5,0.08,0
12b_nothinking,tamil,SuspiciousActivity,0.4,11,54,1,1,10,53,0.5,0.09,0.98,0.83,0.15,1,0.09,1,1,12,0.5,0.08,0
12b_nothinking,tamil,SuspiciousActivity,0.5,11,54,1,1,10,53,0.5,0.09,0.98,0.83,0.15,1,0.09,1,1,12,0.5,0.08,0
12b_nothinking,tamil,SuspiciousActivity,0.6,11,54,1,1,10,53,0.5,0.09,0.98,0.83,0.15,1,0.09,1,1,12,0.5,0.08,0
12b_nothinking,tamil,SuspiciousActivity,0.7,11,54,1,1,10,53,0.5,0.09,0.98,0.83,0.15,1,0.09,1,1,12,0.5,0.08,0
12b_nothinking,tamil,SuspiciousActivity,0.8,11,54,1,1,10,53,0.5,0.09,0.98,0.83,0.15,1,0.09,1,1,12,0.5,0.08,0
12b_nothinking,tamil,SuspiciousActivity,0.9,11,54,0,0,11,54,,0.0,1.0,0.83,,0,0.0,0,0,13,,0.0,0
12b_nothinking,tamil,SuspiciousActivity,none,11,54,1,1,10,53,0.5,0.09,0.98,0.83,0.15,1,0.09,1,1,12,0.5,0.08,0
12b_nothinking,tamil,Explicit-Flirting,0.0,20,45,2,3,18,42,0.4,0.1,0.93,0.68,0.16,2,0.1,2,5,48,0.29,0.04,0
12b_nothinking,tamil,Explicit-Flirting,0.1,20,45,2,3,18,42,0.4,0.1,0.93,0.68,0.16,2,0.1,2,5,48,0.29,0.04,0
12b_nothinking,tamil,Explicit-Flirting,0.2,20,45,2,3,18,42,0.4,0.1,0.93,0.68,0.16,2,0.1,2,5,48,0.29,0.04,0
12b_nothinking,tamil,Explicit-Flirting,0.3,20,45,2,3,18,42,0.4,0.1,0.93,0.68,0.16,2,0.1,2,5,48,0.29,0.04,0
12b_nothinking,tamil,Explicit-Flirting,0.4,20,45,2,3,18,42,0.4,0.1,0.93,0.68,0.16,2,0.1,2,5,48,0.29,0.04,0
12b_nothinking,tamil,Explicit-Flirting,0.5,20,45,1,2,19,43,0.33,0.05,0.96,0.68,0.09,1,0.05,1,2,49,0.33,0.02,0
12b_nothinking,tamil,Explicit-Flirting,0.6,20,45,1,2,19,43,0.33,0.05,0.96,0.68,0.09,1,0.05,1,2,49,0.33,0.02,0
12b_nothinking,tamil,Explicit-Flirting,0.7,20,45,1,2,19,43,0.33,0.05,0.96,0.68,0.09,1,0.05,1,2,49,0.33,0.02,0
12b_nothinking,tamil,Explicit-Flirting,0.8,20,45,1,2,19,43,0.33,0.05,0.96,0.68,0.09,1,0.05,1,2,49,0.33,0.02,0
12b_nothinking,tamil,Explicit-Flirting,0.9,20,45,1,1,19,44,0.5,0.05,0.98,0.69,0.09,1,0.05,1,1,49,0.5,0.02,0
12b_nothinking,tamil,Explicit-Flirting,none,20,45,2,3,18,42,0.4,0.1,0.93,0.68,0.16,2,0.1,2,5,48,0.29,0.04,0
12b_nothinking,tamil,ALL,0.0,34,31,11,6,23,25,0.65,0.32,0.81,0.55,0.43,13,0.38,14,26,80,0.35,0.15,0
12b_nothinking,tamil,ALL,0.1,34,31,11,6,23,25,0.65,0.32,0.81,0.55,0.43,13,0.38,14,26,80,0.35,0.15,0
12b_nothinking,tamil,ALL,0.2,34,31,11,6,23,25,0.65,0.32,0.81,0.55,0.43,13,0.38,14,26,80,0.35,0.15,0
12b_nothinking,tamil,ALL,0.3,34,31,11,6,23,25,0.65,0.32,0.81,0.55,0.43,13,0.38,14,26,80,0.35,0.15,0
12b_nothinking,tamil,ALL,0.4,34,31,11,6,23,25,0.65,0.32,0.81,0.55,0.43,13,0.38,14,26,80,0.35,0.15,0
12b_nothinking,tamil,ALL,0.5,34,31,10,6,24,25,0.62,0.29,0.81,0.54,0.4,12,0.35,13,23,81,0.36,0.14,0
12b_nothinking,tamil,ALL,0.6,34,31,10,6,24,25,0.62,0.29,0.81,0.54,0.4,12,0.35,13,23,81,0.36,0.14,0
12b_nothinking,tamil,ALL,0.7,34,31,10,6,24,25,0.62,0.29,0.81,0.54,0.4,12,0.35,13,23,81,0.36,0.14,0
12b_nothinking,tamil,ALL,0.8,34,31,10,6,24,25,0.62,0.29,0.81,0.54,0.4,12,0.35,13,23,81,0.36,0.14,0
12b_nothinking,tamil,ALL,0.9,34,31,9,5,25,26,0.64,0.26,0.84,0.54,0.37,11,0.32,12,21,82,0.36,0.13,0
12b_nothinking,tamil,ALL,none,34,31,11,6,23,25,0.65,0.32,0.81,0.55,0.43,13,0.38,14,26,80,0.35,0.15,0
12b_nothinking,telugu,PlatformMove,0.0,33,40,9,5,24,35,0.64,0.27,0.88,0.6,0.38,14,0.42,11,21,36,0.34,0.23,0
12b_nothinking,telugu,PlatformMove,0.1,33,40,9,5,24,35,0.64,0.27,0.88,0.6,0.38,14,0.42,11,21,36,0.34,0.23,0
12b_nothinking,telugu,PlatformMove,0.2,33,40,9,5,24,35,0.64,0.27,0.88,0.6,0.38,14,0.42,11,21,36,0.34,0.23,0
12b_nothinking,telugu,PlatformMove,0.3,33,40,9,5,24,35,0.64,0.27,0.88,0.6,0.38,14,0.42,11,21,36,0.34,0.23,0
12b_nothinking,telugu,PlatformMove,0.4,33,40,9,5,24,35,0.64,0.27,0.88,0.6,0.38,14,0.42,11,21,36,0.34,0.23,0
12b_nothinking,telugu,PlatformMove,0.5,33,40,9,5,24,35,0.64,0.27,0.88,0.6,0.38,14,0.42,11,21,36,0.34,0.23,0
12b_nothinking,telugu,PlatformMove,0.6,33,40,9,5,24,35,0.64,0.27,0.88,0.6,0.38,14,0.42,11,21,36,0.34,0.23,0
12b_nothinking,telugu,PlatformMove,0.7,33,40,9,5,24,35,0.64,0.27,0.88,0.6,0.38,14,0.42,11,21,36,0.34,0.23,0
12b_nothinking,telugu,PlatformMove,0.8,33,40,9,5,24,35,0.64,0.27,0.88,0.6,0.38,14,0.42,11,21,36,0.34,0.23,0
12b_nothinking,telugu,PlatformMove,0.9,33,40,9,5,24,35,0.64,0.27,0.88,0.6,0.38,14,0.42,11,21,36,0.34,0.23,0
12b_nothinking,telugu,PlatformMove,none,33,40,9,5,24,35,0.64,0.27,0.88,0.6,0.38,14,0.42,11,21,36,0.34,0.23,0
12b_nothinking,telugu,SuspiciousActivity,0.0,21,52,4,0,17,52,1.0,0.19,1.0,0.77,0.32,4,0.19,4,0,26,1.0,0.13,0
12b_nothinking,telugu,SuspiciousActivity,0.1,21,52,4,0,17,52,1.0,0.19,1.0,0.77,0.32,4,0.19,4,0,26,1.0,0.13,0
12b_nothinking,telugu,SuspiciousActivity,0.2,21,52,4,0,17,52,1.0,0.19,1.0,0.77,0.32,4,0.19,4,0,26,1.0,0.13,0
12b_nothinking,telugu,SuspiciousActivity,0.3,21,52,4,0,17,52,1.0,0.19,1.0,0.77,0.32,4,0.19,4,0,26,1.0,0.13,0
12b_nothinking,telugu,SuspiciousActivity,0.4,21,52,4,0,17,52,1.0,0.19,1.0,0.77,0.32,4,0.19,4,0,26,1.0,0.13,0
12b_nothinking,telugu,SuspiciousActivity,0.5,21,52,4,0,17,52,1.0,0.19,1.0,0.77,0.32,4,0.19,4,0,26,1.0,0.13,0
12b_nothinking,telugu,SuspiciousActivity,0.6,21,52,4,0,17,52,1.0,0.19,1.0,0.77,0.32,4,0.19,4,0,26,1.0,0.13,0
12b_nothinking,telugu,SuspiciousActivity,0.7,21,52,4,0,17,52,1.0,0.19,1.0,0.77,0.32,4,0.19,4,0,26,1.0,0.13,0
12b_nothinking,telugu,SuspiciousActivity,0.8,21,52,4,0,17,52,1.0,0.19,1.0,0.77,0.32,4,0.19,4,0,26,1.0,0.13,0
12b_nothinking,telugu,SuspiciousActivity,0.9,21,52,4,0,17,52,1.0,0.19,1.0,0.77,0.32,4,0.19,4,0,26,1.0,0.13,0
12b_nothinking,telugu,SuspiciousActivity,none,21,52,4,0,17,52,1.0,0.19,1.0,0.77,0.32,4,0.19,4,0,26,1.0,0.13,0
12b_nothinking,telugu,Explicit-Flirting,0.0,25,48,0,0,25,48,,0.0,1.0,0.66,,1,0.04,0,2,47,0.0,0.0,0
12b_nothinking,telugu,Explicit-Flirting,0.1,25,48,0,0,25,48,,0.0,1.0,0.66,,1,0.04,0,2,47,0.0,0.0,0
12b_nothinking,telugu,Explicit-Flirting,0.2,25,48,0,0,25,48,,0.0,1.0,0.66,,1,0.04,0,2,47,0.0,0.0,0
12b_nothinking,telugu,Explicit-Flirting,0.3,25,48,0,0,25,48,,0.0,1.0,0.66,,1,0.04,0,2,47,0.0,0.0,0
12b_nothinking,telugu,Explicit-Flirting,0.4,25,48,0,0,25,48,,0.0,1.0,0.66,,1,0.04,0,2,47,0.0,0.0,0
12b_nothinking,telugu,Explicit-Flirting,0.5,25,48,0,0,25,48,,0.0,1.0,0.66,,0,0.0,0,0,47,,0.0,0
12b_nothinking,telugu,Explicit-Flirting,0.6,25,48,0,0,25,48,,0.0,1.0,0.66,,0,0.0,0,0,47,,0.0,0
12b_nothinking,telugu,Explicit-Flirting,0.7,25,48,0,0,25,48,,0.0,1.0,0.66,,0,0.0,0,0,47,,0.0,0
12b_nothinking,telugu,Explicit-Flirting,0.8,25,48,0,0,25,48,,0.0,1.0,0.66,,0,0.0,0,0,47,,0.0,0
12b_nothinking,telugu,Explicit-Flirting,0.9,25,48,0,0,25,48,,0.0,1.0,0.66,,0,0.0,0,0,47,,0.0,0
12b_nothinking,telugu,Explicit-Flirting,none,25,48,0,0,25,48,,0.0,1.0,0.66,,1,0.04,0,2,47,0.0,0.0,0
12b_nothinking,telugu,ALL,0.0,56,17,13,2,43,15,0.87,0.23,0.88,0.38,0.37,22,0.39,15,23,109,0.39,0.12,0
12b_nothinking,telugu,ALL,0.1,56,17,13,2,43,15,0.87,0.23,0.88,0.38,0.37,22,0.39,15,23,109,0.39,0.12,0
12b_nothinking,telugu,ALL,0.2,56,17,13,2,43,15,0.87,0.23,0.88,0.38,0.37,22,0.39,15,23,109,0.39,0.12,0
12b_nothinking,telugu,ALL,0.3,56,17,13,2,43,15,0.87,0.23,0.88,0.38,0.37,22,0.39,15,23,109,0.39,0.12,0
12b_nothinking,telugu,ALL,0.4,56,17,13,2,43,15,0.87,0.23,0.88,0.38,0.37,22,0.39,15,23,109,0.39,0.12,0
12b_nothinking,telugu,ALL,0.5,56,17,13,2,43,15,0.87,0.23,0.88,0.38,0.37,21,0.38,15,21,109,0.42,0.12,0
12b_nothinking,telugu,ALL,0.6,56,17,13,2,43,15,0.87,0.23,0.88,0.38,0.37,21,0.38,15,21,109,0.42,0.12,0
12b_nothinking,telugu,ALL,0.7,56,17,13,2,43,15,0.87,0.23,0.88,0.38,0.37,21,0.38,15,21,109,0.42,0.12,0
12b_nothinking,telugu,ALL,0.8,56,17,13,2,43,15,0.87,0.23,0.88,0.38,0.37,21,0.38,15,21,109,0.42,0.12,0
12b_nothinking,telugu,ALL,0.9,56,17,13,2,43,15,0.87,0.23,0.88,0.38,0.37,21,0.38,15,21,109,0.42,0.12,0
12b_nothinking,telugu,ALL,none,56,17,13,2,43,15,0.87,0.23,0.88,0.38,0.37,22,0.39,15,23,109,0.39,0.12,0
e2b_conformer5s_text_nothinking,ALL,PlatformMove,0.0,130,251,38,8,92,243,0.83,0.29,0.97,0.74,0.43,44,0.34,41,25,150,0.62,0.21,9
e2b_conformer5s_text_nothinking,ALL,PlatformMove,0.1,130,251,38,8,92,243,0.83,0.29,0.97,0.74,0.43,44,0.34,41,25,150,0.62,0.21,9
e2b_conformer5s_text_nothinking,ALL,PlatformMove,0.2,130,251,38,8,92,243,0.83,0.29,0.97,0.74,0.43,43,0.33,41,23,150,0.64,0.21,9
e2b_conformer5s_text_nothinking,ALL,PlatformMove,0.3,130,251,38,8,92,243,0.83,0.29,0.97,0.74,0.43,43,0.33,41,23,150,0.64,0.21,9
e2b_conformer5s_text_nothinking,ALL,PlatformMove,0.4,130,251,38,8,92,243,0.83,0.29,0.97,0.74,0.43,42,0.32,41,21,150,0.66,0.21,9
e2b_conformer5s_text_nothinking,ALL,PlatformMove,0.5,130,251,38,8,92,243,0.83,0.29,0.97,0.74,0.43,42,0.32,41,21,150,0.66,0.21,9
e2b_conformer5s_text_nothinking,ALL,PlatformMove,0.6,130,251,38,8,92,243,0.83,0.29,0.97,0.74,0.43,42,0.32,41,21,150,0.66,0.21,9
e2b_conformer5s_text_nothinking,ALL,PlatformMove,0.7,130,251,38,8,92,243,0.83,0.29,0.97,0.74,0.43,42,0.32,41,20,150,0.67,0.21,9
e2b_conformer5s_text_nothinking,ALL,PlatformMove,0.8,130,251,38,7,92,244,0.84,0.29,0.97,0.74,0.43,42,0.32,41,19,150,0.68,0.21,9
e2b_conformer5s_text_nothinking,ALL,PlatformMove,0.9,130,251,37,6,93,245,0.86,0.28,0.98,0.74,0.43,41,0.32,39,16,152,0.71,0.2,9
e2b_conformer5s_text_nothinking,ALL,PlatformMove,none,130,251,40,11,90,240,0.78,0.31,0.96,0.73,0.44,47,0.36,43,32,148,0.57,0.23,9
e2b_conformer5s_text_nothinking,ALL,SuspiciousActivity,0.0,70,311,29,32,41,279,0.48,0.41,0.9,0.81,0.44,39,0.56,34,68,58,0.33,0.37,22
e2b_conformer5s_text_nothinking,ALL,SuspiciousActivity,0.1,70,311,29,32,41,279,0.48,0.41,0.9,0.81,0.44,39,0.56,34,68,58,0.33,0.37,22
e2b_conformer5s_text_nothinking,ALL,SuspiciousActivity,0.2,70,311,29,31,41,280,0.48,0.41,0.9,0.81,0.45,39,0.56,34,67,58,0.34,0.37,22
e2b_conformer5s_text_nothinking,ALL,SuspiciousActivity,0.3,70,311,29,31,41,280,0.48,0.41,0.9,0.81,0.45,38,0.54,34,66,58,0.34,0.37,22
e2b_conformer5s_text_nothinking,ALL,SuspiciousActivity,0.4,70,311,28,29,42,282,0.49,0.4,0.91,0.81,0.44,35,0.5,33,61,59,0.35,0.36,22
e2b_conformer5s_text_nothinking,ALL,SuspiciousActivity,0.5,70,311,27,21,43,290,0.56,0.39,0.93,0.83,0.46,33,0.47,32,51,60,0.39,0.35,22
e2b_conformer5s_text_nothinking,ALL,SuspiciousActivity,0.6,70,311,25,21,45,290,0.54,0.36,0.93,0.83,0.43,31,0.44,30,50,62,0.38,0.33,22
e2b_conformer5s_text_nothinking,ALL,SuspiciousActivity,0.7,70,311,24,12,46,299,0.67,0.34,0.96,0.85,0.45,29,0.41,28,34,64,0.45,0.3,22
e2b_conformer5s_text_nothinking,ALL,SuspiciousActivity,0.8,70,311,21,11,49,300,0.66,0.3,0.96,0.84,0.41,26,0.37,25,31,67,0.45,0.27,22
e2b_conformer5s_text_nothinking,ALL,SuspiciousActivity,0.9,70,311,12,7,58,304,0.63,0.17,0.98,0.83,0.27,15,0.21,12,15,80,0.44,0.13,22
e2b_conformer5s_text_nothinking,ALL,SuspiciousActivity,none,70,311,31,47,39,264,0.4,0.44,0.85,0.77,0.42,42,0.6,36,88,56,0.29,0.39,22
e2b_conformer5s_text_nothinking,ALL,Explicit-Flirting,0.0,113,268,16,16,97,252,0.5,0.14,0.94,0.7,0.22,28,0.25,22,47,208,0.32,0.1,18
e2b_conformer5s_text_nothinking,ALL,Explicit-Flirting,0.1,113,268,16,16,97,252,0.5,0.14,0.94,0.7,0.22,28,0.25,22,47,208,0.32,0.1,18
e2b_conformer5s_text_nothinking,ALL,Explicit-Flirting,0.2,113,268,16,13,97,255,0.55,0.14,0.95,0.71,0.23,26,0.23,22,37,208,0.37,0.1,18
e2b_conformer5s_text_nothinking,ALL,Explicit-Flirting,0.3,113,268,16,13,97,255,0.55,0.14,0.95,0.71,0.23,26,0.23,22,37,208,0.37,0.1,18
e2b_conformer5s_text_nothinking,ALL,Explicit-Flirting,0.4,113,268,16,13,97,255,0.55,0.14,0.95,0.71,0.23,25,0.22,20,31,210,0.39,0.09,18
e2b_conformer5s_text_nothinking,ALL,Explicit-Flirting,0.5,113,268,2,1,111,267,0.67,0.02,1.0,0.71,0.03,3,0.03,5,7,225,0.42,0.02,18
e2b_conformer5s_text_nothinking,ALL,Explicit-Flirting,0.6,113,268,2,1,111,267,0.67,0.02,1.0,0.71,0.03,3,0.03,5,4,225,0.56,0.02,18
e2b_conformer5s_text_nothinking,ALL,Explicit-Flirting,0.7,113,268,1,1,112,267,0.5,0.01,1.0,0.7,0.02,2,0.02,4,4,226,0.5,0.02,18
e2b_conformer5s_text_nothinking,ALL,Explicit-Flirting,0.8,113,268,1,1,112,267,0.5,0.01,1.0,0.7,0.02,1,0.01,2,1,228,0.67,0.01,18
e2b_conformer5s_text_nothinking,ALL,Explicit-Flirting,0.9,113,268,0,0,113,268,,0.0,1.0,0.7,,0,0.0,0,0,230,,0.0,18
e2b_conformer5s_text_nothinking,ALL,Explicit-Flirting,none,113,268,19,22,94,246,0.46,0.17,0.92,0.7,0.25,35,0.31,25,62,205,0.29,0.11,18
e2b_conformer5s_text_nothinking,ALL,ALL,0.0,214,167,79,27,135,140,0.75,0.37,0.84,0.57,0.49,121,0.57,97,140,416,0.41,0.19,50
e2b_conformer5s_text_nothinking,ALL,ALL,0.1,214,167,79,27,135,140,0.75,0.37,0.84,0.57,0.49,121,0.57,97,140,416,0.41,0.19,50
e2b_conformer5s_text_nothinking,ALL,ALL,0.2,214,167,79,24,135,143,0.77,0.37,0.86,0.58,0.5,118,0.55,97,127,416,0.43,0.19,50
e2b_conformer5s_text_nothinking,ALL,ALL,0.3,214,167,79,24,135,143,0.77,0.37,0.86,0.58,0.5,117,0.55,97,126,416,0.43,0.19,50
e2b_conformer5s_text_nothinking,ALL,ALL,0.4,214,167,78,22,136,145,0.78,0.36,0.87,0.59,0.5,114,0.53,94,113,419,0.45,0.18,50
e2b_conformer5s_text_nothinking,ALL,ALL,0.5,214,167,64,13,150,154,0.83,0.3,0.92,0.57,0.44,86,0.4,78,79,435,0.5,0.15,50
e2b_conformer5s_text_nothinking,ALL,ALL,0.6,214,167,62,13,152,154,0.83,0.29,0.92,0.57,0.43,85,0.4,76,75,437,0.5,0.15,50
e2b_conformer5s_text_nothinking,ALL,ALL,0.7,214,167,60,12,154,155,0.83,0.28,0.93,0.56,0.42,77,0.36,73,58,440,0.56,0.14,50
e2b_conformer5s_text_nothinking,ALL,ALL,0.8,214,167,57,11,157,156,0.84,0.27,0.93,0.56,0.4,72,0.34,68,51,445,0.57,0.13,50
e2b_conformer5s_text_nothinking,ALL,ALL,0.9,214,167,47,9,167,158,0.84,0.22,0.95,0.54,0.35,58,0.27,51,31,462,0.62,0.1,50
e2b_conformer5s_text_nothinking,ALL,ALL,none,214,167,85,38,129,129,0.69,0.4,0.77,0.56,0.5,135,0.63,104,183,409,0.36,0.2,50
e2b_conformer5s_text_nothinking,hindi,PlatformMove,0.0,31,86,8,1,23,85,0.89,0.26,0.99,0.79,0.4,8,0.26,8,2,36,0.8,0.18,3
e2b_conformer5s_text_nothinking,hindi,PlatformMove,0.1,31,86,8,1,23,85,0.89,0.26,0.99,0.79,0.4,8,0.26,8,2,36,0.8,0.18,3
e2b_conformer5s_text_nothinking,hindi,PlatformMove,0.2,31,86,8,1,23,85,0.89,0.26,0.99,0.79,0.4,8,0.26,8,2,36,0.8,0.18,3
e2b_conformer5s_text_nothinking,hindi,PlatformMove,0.3,31,86,8,1,23,85,0.89,0.26,0.99,0.79,0.4,8,0.26,8,2,36,0.8,0.18,3
e2b_conformer5s_text_nothinking,hindi,PlatformMove,0.4,31,86,8,1,23,85,0.89,0.26,0.99,0.79,0.4,8,0.26,8,2,36,0.8,0.18,3
e2b_conformer5s_text_nothinking,hindi,PlatformMove,0.5,31,86,8,1,23,85,0.89,0.26,0.99,0.79,0.4,8,0.26,8,2,36,0.8,0.18,3
e2b_conformer5s_text_nothinking,hindi,PlatformMove,0.6,31,86,8,1,23,85,0.89,0.26,0.99,0.79,0.4,8,0.26,8,2,36,0.8,0.18,3
e2b_conformer5s_text_nothinking,hindi,PlatformMove,0.7,31,86,8,1,23,85,0.89,0.26,0.99,0.79,0.4,8,0.26,8,2,36,0.8,0.18,3
e2b_conformer5s_text_nothinking,hindi,PlatformMove,0.8,31,86,8,1,23,85,0.89,0.26,0.99,0.79,0.4,8,0.26,8,2,36,0.8,0.18,3
e2b_conformer5s_text_nothinking,hindi,PlatformMove,0.9,31,86,7,1,24,85,0.88,0.23,0.99,0.79,0.36,8,0.26,7,2,37,0.78,0.16,3
e2b_conformer5s_text_nothinking,hindi,PlatformMove,none,31,86,8,2,23,84,0.8,0.26,0.98,0.79,0.39,8,0.26,8,5,36,0.62,0.18,3
e2b_conformer5s_text_nothinking,hindi,SuspiciousActivity,0.0,21,96,14,8,7,88,0.64,0.67,0.92,0.87,0.65,16,0.76,16,19,14,0.46,0.53,4
e2b_conformer5s_text_nothinking,hindi,SuspiciousActivity,0.1,21,96,14,8,7,88,0.64,0.67,0.92,0.87,0.65,16,0.76,16,19,14,0.46,0.53,4
e2b_conformer5s_text_nothinking,hindi,SuspiciousActivity,0.2,21,96,14,8,7,88,0.64,0.67,0.92,0.87,0.65,16,0.76,16,19,14,0.46,0.53,4
e2b_conformer5s_text_nothinking,hindi,SuspiciousActivity,0.3,21,96,14,8,7,88,0.64,0.67,0.92,0.87,0.65,16,0.76,16,19,14,0.46,0.53,4
e2b_conformer5s_text_nothinking,hindi,SuspiciousActivity,0.4,21,96,13,8,8,88,0.62,0.62,0.92,0.86,0.62,15,0.71,15,19,15,0.44,0.5,4
e2b_conformer5s_text_nothinking,hindi,SuspiciousActivity,0.5,21,96,13,7,8,89,0.65,0.62,0.93,0.87,0.63,14,0.67,15,16,15,0.48,0.5,4
e2b_conformer5s_text_nothinking,hindi,SuspiciousActivity,0.6,21,96,12,7,9,89,0.63,0.57,0.93,0.86,0.6,13,0.62,14,16,16,0.47,0.47,4
e2b_conformer5s_text_nothinking,hindi,SuspiciousActivity,0.7,21,96,12,5,9,91,0.71,0.57,0.95,0.88,0.63,13,0.62,14,12,16,0.54,0.47,4
e2b_conformer5s_text_nothinking,hindi,SuspiciousActivity,0.8,21,96,11,5,10,91,0.69,0.52,0.95,0.87,0.59,11,0.52,13,11,17,0.54,0.43,4
e2b_conformer5s_text_nothinking,hindi,SuspiciousActivity,0.9,21,96,6,2,15,94,0.75,0.29,0.98,0.85,0.41,6,0.29,6,6,24,0.5,0.2,4
e2b_conformer5s_text_nothinking,hindi,SuspiciousActivity,none,21,96,15,9,6,87,0.62,0.71,0.91,0.87,0.67,17,0.81,17,22,13,0.44,0.57,4
e2b_conformer5s_text_nothinking,hindi,Explicit-Flirting,0.0,33,84,5,7,28,77,0.42,0.15,0.92,0.7,0.22,8,0.24,8,22,56,0.27,0.12,4
e2b_conformer5s_text_nothinking,hindi,Explicit-Flirting,0.1,33,84,5,7,28,77,0.42,0.15,0.92,0.7,0.22,8,0.24,8,22,56,0.27,0.12,4
e2b_conformer5s_text_nothinking,hindi,Explicit-Flirting,0.2,33,84,5,6,28,78,0.45,0.15,0.93,0.71,0.23,7,0.21,8,15,56,0.35,0.12,4
e2b_conformer5s_text_nothinking,hindi,Explicit-Flirting,0.3,33,84,5,6,28,78,0.45,0.15,0.93,0.71,0.23,7,0.21,8,15,56,0.35,0.12,4
e2b_conformer5s_text_nothinking,hindi,Explicit-Flirting,0.4,33,84,5,6,28,78,0.45,0.15,0.93,0.71,0.23,6,0.18,8,13,56,0.38,0.12,4
e2b_conformer5s_text_nothinking,hindi,Explicit-Flirting,0.5,33,84,1,1,32,83,0.5,0.03,0.99,0.72,0.06,1,0.03,4,5,60,0.44,0.06,4
e2b_conformer5s_text_nothinking,hindi,Explicit-Flirting,0.6,33,84,1,1,32,83,0.5,0.03,0.99,0.72,0.06,1,0.03,4,3,60,0.57,0.06,4
e2b_conformer5s_text_nothinking,hindi,Explicit-Flirting,0.7,33,84,1,1,32,83,0.5,0.03,0.99,0.72,0.06,1,0.03,4,3,60,0.57,0.06,4
e2b_conformer5s_text_nothinking,hindi,Explicit-Flirting,0.8,33,84,1,1,32,83,0.5,0.03,0.99,0.72,0.06,1,0.03,2,1,62,0.67,0.03,4
e2b_conformer5s_text_nothinking,hindi,Explicit-Flirting,0.9,33,84,0,0,33,84,,0.0,1.0,0.72,,0,0.0,0,0,64,,0.0,4
e2b_conformer5s_text_nothinking,hindi,Explicit-Flirting,none,33,84,6,8,27,76,0.43,0.18,0.9,0.7,0.26,9,0.27,9,25,55,0.26,0.14,4
e2b_conformer5s_text_nothinking,hindi,ALL,0.0,58,59,26,8,32,51,0.76,0.45,0.86,0.66,0.57,34,0.59,32,43,106,0.43,0.23,11
e2b_conformer5s_text_nothinking,hindi,ALL,0.1,58,59,26,8,32,51,0.76,0.45,0.86,0.66,0.57,34,0.59,32,43,106,0.43,0.23,11
e2b_conformer5s_text_nothinking,hindi,ALL,0.2,58,59,26,7,32,52,0.79,0.45,0.88,0.67,0.57,33,0.57,32,36,106,0.47,0.23,11
e2b_conformer5s_text_nothinking,hindi,ALL,0.3,58,59,26,7,32,52,0.79,0.45,0.88,0.67,0.57,33,0.57,32,36,106,0.47,0.23,11
e2b_conformer5s_text_nothinking,hindi,ALL,0.4,58,59,25,7,33,52,0.78,0.43,0.88,0.66,0.56,32,0.55,31,34,107,0.48,0.22,11
e2b_conformer5s_text_nothinking,hindi,ALL,0.5,58,59,21,4,37,55,0.84,0.36,0.93,0.65,0.51,24,0.41,27,23,111,0.54,0.2,11
e2b_conformer5s_text_nothinking,hindi,ALL,0.6,58,59,20,4,38,55,0.83,0.34,0.93,0.64,0.49,23,0.4,26,21,112,0.55,0.19,11
e2b_conformer5s_text_nothinking,hindi,ALL,0.7,58,59,20,4,38,55,0.83,0.34,0.93,0.64,0.49,22,0.38,26,17,112,0.6,0.19,11
e2b_conformer5s_text_nothinking,hindi,ALL,0.8,58,59,19,4,39,55,0.83,0.33,0.93,0.63,0.47,20,0.34,23,14,115,0.62,0.17,11
e2b_conformer5s_text_nothinking,hindi,ALL,0.9,58,59,13,2,45,57,0.87,0.22,0.97,0.6,0.36,15,0.26,13,8,125,0.62,0.09,11
e2b_conformer5s_text_nothinking,hindi,ALL,none,58,59,28,10,30,49,0.74,0.48,0.83,0.66,0.58,37,0.64,34,52,104,0.4,0.25,11
e2b_conformer5s_text_nothinking,kannada,PlatformMove,0.0,24,44,11,2,13,42,0.85,0.46,0.95,0.78,0.59,11,0.46,11,4,25,0.73,0.31,2
e2b_conformer5s_text_nothinking,kannada,PlatformMove,0.1,24,44,11,2,13,42,0.85,0.46,0.95,0.78,0.59,11,0.46,11,4,25,0.73,0.31,2
e2b_conformer5s_text_nothinking,kannada,PlatformMove,0.2,24,44,11,2,13,42,0.85,0.46,0.95,0.78,0.59,11,0.46,11,4,25,0.73,0.31,2
e2b_conformer5s_text_nothinking,kannada,PlatformMove,0.3,24,44,11,2,13,42,0.85,0.46,0.95,0.78,0.59,11,0.46,11,4,25,0.73,0.31,2
e2b_conformer5s_text_nothinking,kannada,PlatformMove,0.4,24,44,11,2,13,42,0.85,0.46,0.95,0.78,0.59,11,0.46,11,4,25,0.73,0.31,2
e2b_conformer5s_text_nothinking,kannada,PlatformMove,0.5,24,44,11,2,13,42,0.85,0.46,0.95,0.78,0.59,11,0.46,11,4,25,0.73,0.31,2
e2b_conformer5s_text_nothinking,kannada,PlatformMove,0.6,24,44,11,2,13,42,0.85,0.46,0.95,0.78,0.59,11,0.46,11,4,25,0.73,0.31,2
e2b_conformer5s_text_nothinking,kannada,PlatformMove,0.7,24,44,11,2,13,42,0.85,0.46,0.95,0.78,0.59,11,0.46,11,3,25,0.79,0.31,2
e2b_conformer5s_text_nothinking,kannada,PlatformMove,0.8,24,44,11,2,13,42,0.85,0.46,0.95,0.78,0.59,11,0.46,11,3,25,0.79,0.31,2
e2b_conformer5s_text_nothinking,kannada,PlatformMove,0.9,24,44,11,2,13,42,0.85,0.46,0.95,0.78,0.59,11,0.46,11,3,25,0.79,0.31,2
e2b_conformer5s_text_nothinking,kannada,PlatformMove,none,24,44,11,3,13,41,0.79,0.46,0.93,0.76,0.58,12,0.5,11,6,25,0.65,0.31,2
e2b_conformer5s_text_nothinking,kannada,SuspiciousActivity,0.0,12,56,4,5,8,51,0.44,0.33,0.91,0.81,0.38,5,0.42,4,9,10,0.31,0.29,1
e2b_conformer5s_text_nothinking,kannada,SuspiciousActivity,0.1,12,56,4,5,8,51,0.44,0.33,0.91,0.81,0.38,5,0.42,4,9,10,0.31,0.29,1
e2b_conformer5s_text_nothinking,kannada,SuspiciousActivity,0.2,12,56,4,5,8,51,0.44,0.33,0.91,0.81,0.38,5,0.42,4,9,10,0.31,0.29,1
e2b_conformer5s_text_nothinking,kannada,SuspiciousActivity,0.3,12,56,4,5,8,51,0.44,0.33,0.91,0.81,0.38,5,0.42,4,9,10,0.31,0.29,1
e2b_conformer5s_text_nothinking,kannada,SuspiciousActivity,0.4,12,56,4,4,8,52,0.5,0.33,0.93,0.82,0.4,5,0.42,4,8,10,0.33,0.29,1
e2b_conformer5s_text_nothinking,kannada,SuspiciousActivity,0.5,12,56,4,3,8,53,0.57,0.33,0.95,0.84,0.42,5,0.42,4,7,10,0.36,0.29,1
e2b_conformer5s_text_nothinking,kannada,SuspiciousActivity,0.6,12,56,4,3,8,53,0.57,0.33,0.95,0.84,0.42,5,0.42,4,7,10,0.36,0.29,1
e2b_conformer5s_text_nothinking,kannada,SuspiciousActivity,0.7,12,56,4,1,8,55,0.8,0.33,0.98,0.87,0.47,5,0.42,4,4,10,0.5,0.29,1
e2b_conformer5s_text_nothinking,kannada,SuspiciousActivity,0.8,12,56,3,1,9,55,0.75,0.25,0.98,0.85,0.38,5,0.42,3,4,11,0.43,0.21,1
e2b_conformer5s_text_nothinking,kannada,SuspiciousActivity,0.9,12,56,3,1,9,55,0.75,0.25,0.98,0.85,0.38,3,0.25,3,1,11,0.75,0.21,1
e2b_conformer5s_text_nothinking,kannada,SuspiciousActivity,none,12,56,4,6,8,50,0.4,0.33,0.89,0.79,0.36,5,0.42,4,10,10,0.29,0.29,1
e2b_conformer5s_text_nothinking,kannada,Explicit-Flirting,0.0,14,54,2,3,12,51,0.4,0.14,0.94,0.78,0.21,4,0.29,2,5,31,0.29,0.06,2
e2b_conformer5s_text_nothinking,kannada,Explicit-Flirting,0.1,14,54,2,3,12,51,0.4,0.14,0.94,0.78,0.21,4,0.29,2,5,31,0.29,0.06,2
e2b_conformer5s_text_nothinking,kannada,Explicit-Flirting,0.2,14,54,2,2,12,52,0.5,0.14,0.96,0.79,0.22,4,0.29,2,4,31,0.33,0.06,2
e2b_conformer5s_text_nothinking,kannada,Explicit-Flirting,0.3,14,54,2,2,12,52,0.5,0.14,0.96,0.79,0.22,4,0.29,2,4,31,0.33,0.06,2
e2b_conformer5s_text_nothinking,kannada,Explicit-Flirting,0.4,14,54,2,2,12,52,0.5,0.14,0.96,0.79,0.22,4,0.29,2,4,31,0.33,0.06,2
e2b_conformer5s_text_nothinking,kannada,Explicit-Flirting,0.5,14,54,0,0,14,54,,0.0,1.0,0.79,,0,0.0,0,0,33,,0.0,2
e2b_conformer5s_text_nothinking,kannada,Explicit-Flirting,0.6,14,54,0,0,14,54,,0.0,1.0,0.79,,0,0.0,0,0,33,,0.0,2
e2b_conformer5s_text_nothinking,kannada,Explicit-Flirting,0.7,14,54,0,0,14,54,,0.0,1.0,0.79,,0,0.0,0,0,33,,0.0,2
e2b_conformer5s_text_nothinking,kannada,Explicit-Flirting,0.8,14,54,0,0,14,54,,0.0,1.0,0.79,,0,0.0,0,0,33,,0.0,2
e2b_conformer5s_text_nothinking,kannada,Explicit-Flirting,0.9,14,54,0,0,14,54,,0.0,1.0,0.79,,0,0.0,0,0,33,,0.0,2
e2b_conformer5s_text_nothinking,kannada,Explicit-Flirting,none,14,54,2,3,12,51,0.4,0.14,0.94,0.78,0.21,5,0.36,2,7,31,0.22,0.06,2
e2b_conformer5s_text_nothinking,kannada,ALL,0.0,31,37,16,7,15,30,0.7,0.52,0.81,0.68,0.59,18,0.58,17,18,66,0.49,0.2,6
e2b_conformer5s_text_nothinking,kannada,ALL,0.1,31,37,16,7,15,30,0.7,0.52,0.81,0.68,0.59,18,0.58,17,18,66,0.49,0.2,6
e2b_conformer5s_text_nothinking,kannada,ALL,0.2,31,37,16,6,15,31,0.73,0.52,0.84,0.69,0.6,18,0.58,17,17,66,0.5,0.2,6
e2b_conformer5s_text_nothinking,kannada,ALL,0.3,31,37,16,6,15,31,0.73,0.52,0.84,0.69,0.6,18,0.58,17,17,66,0.5,0.2,6
e2b_conformer5s_text_nothinking,kannada,ALL,0.4,31,37,16,5,15,32,0.76,0.52,0.86,0.71,0.62,18,0.58,17,16,66,0.52,0.2,6
e2b_conformer5s_text_nothinking,kannada,ALL,0.5,31,37,14,4,17,33,0.78,0.45,0.89,0.69,0.57,15,0.48,15,11,68,0.58,0.18,6
e2b_conformer5s_text_nothinking,kannada,ALL,0.6,31,37,14,4,17,33,0.78,0.45,0.89,0.69,0.57,15,0.48,15,11,68,0.58,0.18,6
e2b_conformer5s_text_nothinking,kannada,ALL,0.7,31,37,14,3,17,34,0.82,0.45,0.92,0.71,0.58,15,0.48,15,7,68,0.68,0.18,6
e2b_conformer5s_text_nothinking,kannada,ALL,0.8,31,37,13,3,18,34,0.81,0.42,0.92,0.69,0.55,15,0.48,14,7,69,0.67,0.17,6
e2b_conformer5s_text_nothinking,kannada,ALL,0.9,31,37,13,3,18,34,0.81,0.42,0.92,0.69,0.55,13,0.42,14,4,69,0.78,0.17,6
e2b_conformer5s_text_nothinking,kannada,ALL,none,31,37,16,9,15,28,0.64,0.52,0.76,0.65,0.57,19,0.61,17,24,66,0.41,0.2,6
e2b_conformer5s_text_nothinking,malayalam,PlatformMove,0.0,22,36,6,1,16,35,0.86,0.27,0.97,0.71,0.41,7,0.32,7,2,26,0.78,0.21,2
e2b_conformer5s_text_nothinking,malayalam,PlatformMove,0.1,22,36,6,1,16,35,0.86,0.27,0.97,0.71,0.41,7,0.32,7,2,26,0.78,0.21,2
e2b_conformer5s_text_nothinking,malayalam,PlatformMove,0.2,22,36,6,1,16,35,0.86,0.27,0.97,0.71,0.41,6,0.27,7,1,26,0.88,0.21,2
e2b_conformer5s_text_nothinking,malayalam,PlatformMove,0.3,22,36,6,1,16,35,0.86,0.27,0.97,0.71,0.41,6,0.27,7,1,26,0.88,0.21,2
e2b_conformer5s_text_nothinking,malayalam,PlatformMove,0.4,22,36,6,1,16,35,0.86,0.27,0.97,0.71,0.41,6,0.27,7,1,26,0.88,0.21,2
e2b_conformer5s_text_nothinking,malayalam,PlatformMove,0.5,22,36,6,1,16,35,0.86,0.27,0.97,0.71,0.41,6,0.27,7,1,26,0.88,0.21,2
e2b_conformer5s_text_nothinking,malayalam,PlatformMove,0.6,22,36,6,1,16,35,0.86,0.27,0.97,0.71,0.41,6,0.27,7,1,26,0.88,0.21,2
e2b_conformer5s_text_nothinking,malayalam,PlatformMove,0.7,22,36,6,1,16,35,0.86,0.27,0.97,0.71,0.41,6,0.27,7,1,26,0.88,0.21,2
e2b_conformer5s_text_nothinking,malayalam,PlatformMove,0.8,22,36,6,0,16,36,1.0,0.27,1.0,0.72,0.43,6,0.27,7,0,26,1.0,0.21,2
e2b_conformer5s_text_nothinking,malayalam,PlatformMove,0.9,22,36,6,0,16,36,1.0,0.27,1.0,0.72,0.43,6,0.27,7,0,26,1.0,0.21,2
e2b_conformer5s_text_nothinking,malayalam,PlatformMove,none,22,36,7,1,15,35,0.88,0.32,0.97,0.72,0.47,8,0.36,8,3,25,0.73,0.24,2
e2b_conformer5s_text_nothinking,malayalam,SuspiciousActivity,0.0,5,53,1,9,4,44,0.1,0.2,0.83,0.78,0.13,3,0.6,1,13,4,0.07,0.2,7
e2b_conformer5s_text_nothinking,malayalam,SuspiciousActivity,0.1,5,53,1,9,4,44,0.1,0.2,0.83,0.78,0.13,3,0.6,1,13,4,0.07,0.2,7
e2b_conformer5s_text_nothinking,malayalam,SuspiciousActivity,0.2,5,53,1,9,4,44,0.1,0.2,0.83,0.78,0.13,3,0.6,1,13,4,0.07,0.2,7
e2b_conformer5s_text_nothinking,malayalam,SuspiciousActivity,0.3,5,53,1,9,4,44,0.1,0.2,0.83,0.78,0.13,3,0.6,1,13,4,0.07,0.2,7
e2b_conformer5s_text_nothinking,malayalam,SuspiciousActivity,0.4,5,53,1,8,4,45,0.11,0.2,0.85,0.79,0.14,2,0.4,1,11,4,0.08,0.2,7
e2b_conformer5s_text_nothinking,malayalam,SuspiciousActivity,0.5,5,53,1,4,4,49,0.2,0.2,0.92,0.86,0.2,2,0.4,1,7,4,0.12,0.2,7
e2b_conformer5s_text_nothinking,malayalam,SuspiciousActivity,0.6,5,53,1,4,4,49,0.2,0.2,0.92,0.86,0.2,2,0.4,1,7,4,0.12,0.2,7
e2b_conformer5s_text_nothinking,malayalam,SuspiciousActivity,0.7,5,53,1,3,4,50,0.25,0.2,0.94,0.88,0.22,2,0.4,1,6,4,0.14,0.2,7
e2b_conformer5s_text_nothinking,malayalam,SuspiciousActivity,0.8,5,53,1,2,4,51,0.33,0.2,0.96,0.9,0.25,2,0.4,1,5,4,0.17,0.2,7
e2b_conformer5s_text_nothinking,malayalam,SuspiciousActivity,0.9,5,53,1,2,4,51,0.33,0.2,0.96,0.9,0.25,2,0.4,1,3,4,0.25,0.2,7
e2b_conformer5s_text_nothinking,malayalam,SuspiciousActivity,none,5,53,1,15,4,38,0.06,0.2,0.72,0.67,0.1,3,0.6,1,20,4,0.05,0.2,7
e2b_conformer5s_text_nothinking,malayalam,Explicit-Flirting,0.0,21,37,1,0,20,37,1.0,0.05,1.0,0.66,0.09,2,0.1,1,1,35,0.5,0.03,5
e2b_conformer5s_text_nothinking,malayalam,Explicit-Flirting,0.1,21,37,1,0,20,37,1.0,0.05,1.0,0.66,0.09,2,0.1,1,1,35,0.5,0.03,5
e2b_conformer5s_text_nothinking,malayalam,Explicit-Flirting,0.2,21,37,1,0,20,37,1.0,0.05,1.0,0.66,0.09,1,0.05,1,0,35,1.0,0.03,5
e2b_conformer5s_text_nothinking,malayalam,Explicit-Flirting,0.3,21,37,1,0,20,37,1.0,0.05,1.0,0.66,0.09,1,0.05,1,0,35,1.0,0.03,5
e2b_conformer5s_text_nothinking,malayalam,Explicit-Flirting,0.4,21,37,1,0,20,37,1.0,0.05,1.0,0.66,0.09,1,0.05,1,0,35,1.0,0.03,5
e2b_conformer5s_text_nothinking,malayalam,Explicit-Flirting,0.5,21,37,0,0,21,37,,0.0,1.0,0.64,,0,0.0,0,0,36,,0.0,5
e2b_conformer5s_text_nothinking,malayalam,Explicit-Flirting,0.6,21,37,0,0,21,37,,0.0,1.0,0.64,,0,0.0,0,0,36,,0.0,5
e2b_conformer5s_text_nothinking,malayalam,Explicit-Flirting,0.7,21,37,0,0,21,37,,0.0,1.0,0.64,,0,0.0,0,0,36,,0.0,5
e2b_conformer5s_text_nothinking,malayalam,Explicit-Flirting,0.8,21,37,0,0,21,37,,0.0,1.0,0.64,,0,0.0,0,0,36,,0.0,5
e2b_conformer5s_text_nothinking,malayalam,Explicit-Flirting,0.9,21,37,0,0,21,37,,0.0,1.0,0.64,,0,0.0,0,0,36,,0.0,5
e2b_conformer5s_text_nothinking,malayalam,Explicit-Flirting,none,21,37,2,2,19,35,0.5,0.1,0.95,0.64,0.16,4,0.19,2,5,34,0.29,0.06,5
e2b_conformer5s_text_nothinking,malayalam,ALL,0.0,35,23,8,4,27,19,0.67,0.23,0.83,0.47,0.34,17,0.49,9,16,65,0.36,0.12,14
e2b_conformer5s_text_nothinking,malayalam,ALL,0.1,35,23,8,4,27,19,0.67,0.23,0.83,0.47,0.34,17,0.49,9,16,65,0.36,0.12,14
e2b_conformer5s_text_nothinking,malayalam,ALL,0.2,35,23,8,4,27,19,0.67,0.23,0.83,0.47,0.34,15,0.43,9,14,65,0.39,0.12,14
e2b_conformer5s_text_nothinking,malayalam,ALL,0.3,35,23,8,4,27,19,0.67,0.23,0.83,0.47,0.34,15,0.43,9,14,65,0.39,0.12,14
e2b_conformer5s_text_nothinking,malayalam,ALL,0.4,35,23,8,3,27,20,0.73,0.23,0.87,0.48,0.35,14,0.4,9,12,65,0.43,0.12,14
e2b_conformer5s_text_nothinking,malayalam,ALL,0.5,35,23,7,2,28,21,0.78,0.2,0.91,0.48,0.32,11,0.31,8,8,66,0.5,0.11,14
e2b_conformer5s_text_nothinking,malayalam,ALL,0.6,35,23,7,2,28,21,0.78,0.2,0.91,0.48,0.32,11,0.31,8,8,66,0.5,0.11,14
e2b_conformer5s_text_nothinking,malayalam,ALL,0.7,35,23,7,2,28,21,0.78,0.2,0.91,0.48,0.32,10,0.29,8,7,66,0.53,0.11,14
e2b_conformer5s_text_nothinking,malayalam,ALL,0.8,35,23,7,1,28,22,0.88,0.2,0.96,0.5,0.33,9,0.26,8,5,66,0.62,0.11,14
e2b_conformer5s_text_nothinking,malayalam,ALL,0.9,35,23,7,1,28,22,0.88,0.2,0.96,0.5,0.33,9,0.26,8,3,66,0.73,0.11,14
e2b_conformer5s_text_nothinking,malayalam,ALL,none,35,23,10,7,25,16,0.59,0.29,0.7,0.45,0.38,20,0.57,11,28,63,0.28,0.15,14
e2b_conformer5s_text_nothinking,tamil,PlatformMove,0.0,20,45,3,2,17,43,0.6,0.15,0.96,0.71,0.24,5,0.25,3,4,28,0.43,0.1,1
e2b_conformer5s_text_nothinking,tamil,PlatformMove,0.1,20,45,3,2,17,43,0.6,0.15,0.96,0.71,0.24,5,0.25,3,4,28,0.43,0.1,1
e2b_conformer5s_text_nothinking,tamil,PlatformMove,0.2,20,45,3,2,17,43,0.6,0.15,0.96,0.71,0.24,5,0.25,3,4,28,0.43,0.1,1
e2b_conformer5s_text_nothinking,tamil,PlatformMove,0.3,20,45,3,2,17,43,0.6,0.15,0.96,0.71,0.24,5,0.25,3,4,28,0.43,0.1,1
e2b_conformer5s_text_nothinking,tamil,PlatformMove,0.4,20,45,3,2,17,43,0.6,0.15,0.96,0.71,0.24,4,0.2,3,3,28,0.5,0.1,1
e2b_conformer5s_text_nothinking,tamil,PlatformMove,0.5,20,45,3,2,17,43,0.6,0.15,0.96,0.71,0.24,4,0.2,3,3,28,0.5,0.1,1
e2b_conformer5s_text_nothinking,tamil,PlatformMove,0.6,20,45,3,2,17,43,0.6,0.15,0.96,0.71,0.24,4,0.2,3,3,28,0.5,0.1,1
e2b_conformer5s_text_nothinking,tamil,PlatformMove,0.7,20,45,3,2,17,43,0.6,0.15,0.96,0.71,0.24,4,0.2,3,3,28,0.5,0.1,1
e2b_conformer5s_text_nothinking,tamil,PlatformMove,0.8,20,45,3,2,17,43,0.6,0.15,0.96,0.71,0.24,4,0.2,3,3,28,0.5,0.1,1
e2b_conformer5s_text_nothinking,tamil,PlatformMove,0.9,20,45,3,2,17,43,0.6,0.15,0.96,0.71,0.24,3,0.15,3,2,28,0.6,0.1,1
e2b_conformer5s_text_nothinking,tamil,PlatformMove,none,20,45,4,2,16,43,0.67,0.2,0.96,0.72,0.31,6,0.3,4,4,27,0.5,0.13,1
e2b_conformer5s_text_nothinking,tamil,SuspiciousActivity,0.0,11,54,2,4,9,50,0.33,0.18,0.93,0.8,0.24,5,0.45,2,9,11,0.18,0.15,4
e2b_conformer5s_text_nothinking,tamil,SuspiciousActivity,0.1,11,54,2,4,9,50,0.33,0.18,0.93,0.8,0.24,5,0.45,2,9,11,0.18,0.15,4
e2b_conformer5s_text_nothinking,tamil,SuspiciousActivity,0.2,11,54,2,4,9,50,0.33,0.18,0.93,0.8,0.24,5,0.45,2,9,11,0.18,0.15,4
e2b_conformer5s_text_nothinking,tamil,SuspiciousActivity,0.3,11,54,2,4,9,50,0.33,0.18,0.93,0.8,0.24,4,0.36,2,8,11,0.2,0.15,4
e2b_conformer5s_text_nothinking,tamil,SuspiciousActivity,0.4,11,54,2,4,9,50,0.33,0.18,0.93,0.8,0.24,4,0.36,2,7,11,0.22,0.15,4
e2b_conformer5s_text_nothinking,tamil,SuspiciousActivity,0.5,11,54,2,2,9,52,0.5,0.18,0.96,0.83,0.27,4,0.36,2,5,11,0.29,0.15,4
e2b_conformer5s_text_nothinking,tamil,SuspiciousActivity,0.6,11,54,1,2,10,52,0.33,0.09,0.96,0.82,0.14,3,0.27,1,5,12,0.17,0.08,4
e2b_conformer5s_text_nothinking,tamil,SuspiciousActivity,0.7,11,54,1,0,10,54,1.0,0.09,1.0,0.85,0.17,2,0.18,1,2,12,0.33,0.08,4
e2b_conformer5s_text_nothinking,tamil,SuspiciousActivity,0.8,11,54,1,0,10,54,1.0,0.09,1.0,0.85,0.17,2,0.18,1,2,12,0.33,0.08,4
e2b_conformer5s_text_nothinking,tamil,SuspiciousActivity,0.9,11,54,1,0,10,54,1.0,0.09,1.0,0.85,0.17,1,0.09,1,1,12,0.5,0.08,4
e2b_conformer5s_text_nothinking,tamil,SuspiciousActivity,none,11,54,3,6,8,48,0.33,0.27,0.89,0.78,0.3,7,0.64,3,12,10,0.2,0.23,4
e2b_conformer5s_text_nothinking,tamil,Explicit-Flirting,0.0,20,45,4,5,16,40,0.44,0.2,0.89,0.68,0.28,5,0.25,5,10,45,0.33,0.1,5
e2b_conformer5s_text_nothinking,tamil,Explicit-Flirting,0.1,20,45,4,5,16,40,0.44,0.2,0.89,0.68,0.28,5,0.25,5,10,45,0.33,0.1,5
e2b_conformer5s_text_nothinking,tamil,Explicit-Flirting,0.2,20,45,4,4,16,41,0.5,0.2,0.91,0.69,0.29,5,0.25,5,9,45,0.36,0.1,5
e2b_conformer5s_text_nothinking,tamil,Explicit-Flirting,0.3,20,45,4,4,16,41,0.5,0.2,0.91,0.69,0.29,5,0.25,5,9,45,0.36,0.1,5
e2b_conformer5s_text_nothinking,tamil,Explicit-Flirting,0.4,20,45,4,4,16,41,0.5,0.2,0.91,0.69,0.29,5,0.25,4,7,46,0.36,0.08,5
e2b_conformer5s_text_nothinking,tamil,Explicit-Flirting,0.5,20,45,1,0,19,45,1.0,0.05,1.0,0.71,0.1,1,0.05,1,1,49,0.5,0.02,5
e2b_conformer5s_text_nothinking,tamil,Explicit-Flirting,0.6,20,45,1,0,19,45,1.0,0.05,1.0,0.71,0.1,1,0.05,1,0,49,1.0,0.02,5
e2b_conformer5s_text_nothinking,tamil,Explicit-Flirting,0.7,20,45,0,0,20,45,,0.0,1.0,0.69,,0,0.0,0,0,50,,0.0,5
e2b_conformer5s_text_nothinking,tamil,Explicit-Flirting,0.8,20,45,0,0,20,45,,0.0,1.0,0.69,,0,0.0,0,0,50,,0.0,5
e2b_conformer5s_text_nothinking,tamil,Explicit-Flirting,0.9,20,45,0,0,20,45,,0.0,1.0,0.69,,0,0.0,0,0,50,,0.0,5
e2b_conformer5s_text_nothinking,tamil,Explicit-Flirting,none,20,45,5,7,15,38,0.42,0.25,0.84,0.66,0.31,7,0.35,6,14,44,0.3,0.12,5
e2b_conformer5s_text_nothinking,tamil,ALL,0.0,34,31,8,6,26,25,0.57,0.24,0.81,0.51,0.33,18,0.53,10,23,84,0.3,0.11,10
e2b_conformer5s_text_nothinking,tamil,ALL,0.1,34,31,8,6,26,25,0.57,0.24,0.81,0.51,0.33,18,0.53,10,23,84,0.3,0.11,10
e2b_conformer5s_text_nothinking,tamil,ALL,0.2,34,31,8,5,26,26,0.62,0.24,0.84,0.52,0.34,18,0.53,10,22,84,0.31,0.11,10
e2b_conformer5s_text_nothinking,tamil,ALL,0.3,34,31,8,5,26,26,0.62,0.24,0.84,0.52,0.34,17,0.5,10,21,84,0.32,0.11,10
e2b_conformer5s_text_nothinking,tamil,ALL,0.4,34,31,8,5,26,26,0.62,0.24,0.84,0.52,0.34,16,0.47,9,17,85,0.35,0.1,10
e2b_conformer5s_text_nothinking,tamil,ALL,0.5,34,31,5,1,29,30,0.83,0.15,0.97,0.54,0.25,10,0.29,6,9,88,0.4,0.06,10
e2b_conformer5s_text_nothinking,tamil,ALL,0.6,34,31,4,1,30,30,0.8,0.12,0.97,0.52,0.21,10,0.29,5,8,89,0.38,0.05,10
e2b_conformer5s_text_nothinking,tamil,ALL,0.7,34,31,3,1,31,30,0.75,0.09,0.97,0.51,0.16,6,0.18,4,5,90,0.44,0.04,10
e2b_conformer5s_text_nothinking,tamil,ALL,0.8,34,31,3,1,31,30,0.75,0.09,0.97,0.51,0.16,6,0.18,4,5,90,0.44,0.04,10
e2b_conformer5s_text_nothinking,tamil,ALL,0.9,34,31,3,1,31,30,0.75,0.09,0.97,0.51,0.16,4,0.12,4,3,90,0.57,0.04,10
e2b_conformer5s_text_nothinking,tamil,ALL,none,34,31,10,9,24,22,0.53,0.29,0.71,0.49,0.38,21,0.62,13,30,81,0.3,0.14,10
e2b_conformer5s_text_nothinking,telugu,PlatformMove,0.0,33,40,10,2,23,38,0.83,0.3,0.95,0.66,0.44,13,0.39,12,13,35,0.48,0.26,1
e2b_conformer5s_text_nothinking,telugu,PlatformMove,0.1,33,40,10,2,23,38,0.83,0.3,0.95,0.66,0.44,13,0.39,12,13,35,0.48,0.26,1
e2b_conformer5s_text_nothinking,telugu,PlatformMove,0.2,33,40,10,2,23,38,0.83,0.3,0.95,0.66,0.44,13,0.39,12,12,35,0.5,0.26,1
e2b_conformer5s_text_nothinking,telugu,PlatformMove,0.3,33,40,10,2,23,38,0.83,0.3,0.95,0.66,0.44,13,0.39,12,12,35,0.5,0.26,1
e2b_conformer5s_text_nothinking,telugu,PlatformMove,0.4,33,40,10,2,23,38,0.83,0.3,0.95,0.66,0.44,13,0.39,12,11,35,0.52,0.26,1
e2b_conformer5s_text_nothinking,telugu,PlatformMove,0.5,33,40,10,2,23,38,0.83,0.3,0.95,0.66,0.44,13,0.39,12,11,35,0.52,0.26,1
e2b_conformer5s_text_nothinking,telugu,PlatformMove,0.6,33,40,10,2,23,38,0.83,0.3,0.95,0.66,0.44,13,0.39,12,11,35,0.52,0.26,1
e2b_conformer5s_text_nothinking,telugu,PlatformMove,0.7,33,40,10,2,23,38,0.83,0.3,0.95,0.66,0.44,13,0.39,12,11,35,0.52,0.26,1
e2b_conformer5s_text_nothinking,telugu,PlatformMove,0.8,33,40,10,2,23,38,0.83,0.3,0.95,0.66,0.44,13,0.39,12,11,35,0.52,0.26,1
e2b_conformer5s_text_nothinking,telugu,PlatformMove,0.9,33,40,10,1,23,39,0.91,0.3,0.97,0.67,0.45,13,0.39,11,9,36,0.55,0.23,1
e2b_conformer5s_text_nothinking,telugu,PlatformMove,none,33,40,10,3,23,37,0.77,0.3,0.93,0.64,0.43,13,0.39,12,14,35,0.46,0.26,1
e2b_conformer5s_text_nothinking,telugu,SuspiciousActivity,0.0,21,52,8,6,13,46,0.57,0.38,0.88,0.74,0.46,10,0.48,11,18,19,0.38,0.37,6
e2b_conformer5s_text_nothinking,telugu,SuspiciousActivity,0.1,21,52,8,6,13,46,0.57,0.38,0.88,0.74,0.46,10,0.48,11,18,19,0.38,0.37,6
e2b_conformer5s_text_nothinking,telugu,SuspiciousActivity,0.2,21,52,8,5,13,47,0.62,0.38,0.9,0.75,0.47,10,0.48,11,17,19,0.39,0.37,6
e2b_conformer5s_text_nothinking,telugu,SuspiciousActivity,0.3,21,52,8,5,13,47,0.62,0.38,0.9,0.75,0.47,10,0.48,11,17,19,0.39,0.37,6
e2b_conformer5s_text_nothinking,telugu,SuspiciousActivity,0.4,21,52,8,5,13,47,0.62,0.38,0.9,0.75,0.47,9,0.43,11,16,19,0.41,0.37,6
e2b_conformer5s_text_nothinking,telugu,SuspiciousActivity,0.5,21,52,7,5,14,47,0.58,0.33,0.9,0.74,0.42,8,0.38,10,16,20,0.38,0.33,6
e2b_conformer5s_text_nothinking,telugu,SuspiciousActivity,0.6,21,52,7,5,14,47,0.58,0.33,0.9,0.74,0.42,8,0.38,10,15,20,0.4,0.33,6
e2b_conformer5s_text_nothinking,telugu,SuspiciousActivity,0.7,21,52,6,3,15,49,0.67,0.29,0.94,0.75,0.4,7,0.33,8,10,22,0.44,0.27,6
e2b_conformer5s_text_nothinking,telugu,SuspiciousActivity,0.8,21,52,5,3,16,49,0.62,0.24,0.94,0.74,0.34,6,0.29,7,9,23,0.44,0.23,6
e2b_conformer5s_text_nothinking,telugu,SuspiciousActivity,0.9,21,52,1,2,20,50,0.33,0.05,0.96,0.7,0.08,3,0.14,1,4,29,0.2,0.03,6
e2b_conformer5s_text_nothinking,telugu,SuspiciousActivity,none,21,52,8,11,13,41,0.42,0.38,0.79,0.67,0.4,10,0.48,11,24,19,0.31,0.37,6
e2b_conformer5s_text_nothinking,telugu,Explicit-Flirting,0.0,25,48,4,1,21,47,0.8,0.16,0.98,0.7,0.27,9,0.36,6,9,41,0.4,0.13,2
e2b_conformer5s_text_nothinking,telugu,Explicit-Flirting,0.1,25,48,4,1,21,47,0.8,0.16,0.98,0.7,0.27,9,0.36,6,9,41,0.4,0.13,2
e2b_conformer5s_text_nothinking,telugu,Explicit-Flirting,0.2,25,48,4,1,21,47,0.8,0.16,0.98,0.7,0.27,9,0.36,6,9,41,0.4,0.13,2
e2b_conformer5s_text_nothinking,telugu,Explicit-Flirting,0.3,25,48,4,1,21,47,0.8,0.16,0.98,0.7,0.27,9,0.36,6,9,41,0.4,0.13,2
e2b_conformer5s_text_nothinking,telugu,Explicit-Flirting,0.4,25,48,4,1,21,47,0.8,0.16,0.98,0.7,0.27,9,0.36,5,7,42,0.42,0.11,2
e2b_conformer5s_text_nothinking,telugu,Explicit-Flirting,0.5,25,48,0,0,25,48,,0.0,1.0,0.66,,1,0.04,0,1,47,0.0,0.0,2
e2b_conformer5s_text_nothinking,telugu,Explicit-Flirting,0.6,25,48,0,0,25,48,,0.0,1.0,0.66,,1,0.04,0,1,47,0.0,0.0,2
e2b_conformer5s_text_nothinking,telugu,Explicit-Flirting,0.7,25,48,0,0,25,48,,0.0,1.0,0.66,,1,0.04,0,1,47,0.0,0.0,2
e2b_conformer5s_text_nothinking,telugu,Explicit-Flirting,0.8,25,48,0,0,25,48,,0.0,1.0,0.66,,0,0.0,0,0,47,,0.0,2
e2b_conformer5s_text_nothinking,telugu,Explicit-Flirting,0.9,25,48,0,0,25,48,,0.0,1.0,0.66,,0,0.0,0,0,47,,0.0,2
e2b_conformer5s_text_nothinking,telugu,Explicit-Flirting,none,25,48,4,2,21,46,0.67,0.16,0.96,0.68,0.26,10,0.4,6,11,41,0.35,0.13,2
e2b_conformer5s_text_nothinking,telugu,ALL,0.0,56,17,21,2,35,15,0.91,0.38,0.88,0.49,0.53,34,0.61,29,40,95,0.42,0.23,9
e2b_conformer5s_text_nothinking,telugu,ALL,0.1,56,17,21,2,35,15,0.91,0.38,0.88,0.49,0.53,34,0.61,29,40,95,0.42,0.23,9
e2b_conformer5s_text_nothinking,telugu,ALL,0.2,56,17,21,2,35,15,0.91,0.38,0.88,0.49,0.53,34,0.61,29,38,95,0.43,0.23,9
e2b_conformer5s_text_nothinking,telugu,ALL,0.3,56,17,21,2,35,15,0.91,0.38,0.88,0.49,0.53,34,0.61,29,38,95,0.43,0.23,9
e2b_conformer5s_text_nothinking,telugu,ALL,0.4,56,17,21,2,35,15,0.91,0.38,0.88,0.49,0.53,34,0.61,28,34,96,0.45,0.23,9
e2b_conformer5s_text_nothinking,telugu,ALL,0.5,56,17,17,2,39,15,0.89,0.3,0.88,0.44,0.45,26,0.46,22,28,102,0.44,0.18,9
e2b_conformer5s_text_nothinking,telugu,ALL,0.6,56,17,17,2,39,15,0.89,0.3,0.88,0.44,0.45,26,0.46,22,27,102,0.45,0.18,9
e2b_conformer5s_text_nothinking,telugu,ALL,0.7,56,17,16,2,40,15,0.89,0.29,0.88,0.42,0.43,24,0.43,20,22,104,0.48,0.16,9
e2b_conformer5s_text_nothinking,telugu,ALL,0.8,56,17,15,2,41,15,0.88,0.27,0.88,0.41,0.41,22,0.39,19,20,105,0.49,0.15,9
e2b_conformer5s_text_nothinking,telugu,ALL,0.9,56,17,11,2,45,15,0.85,0.2,0.88,0.36,0.32,17,0.3,12,13,112,0.48,0.1,9
e2b_conformer5s_text_nothinking,telugu,ALL,none,56,17,21,3,35,14,0.88,0.38,0.82,0.48,0.53,38,0.68,29,49,95,0.37,0.23,9
e2b_nothinking,ALL,PlatformMove,0.0,130,251,75,40,55,211,0.65,0.58,0.84,0.75,0.61,89,0.68,95,213,96,0.31,0.5,34
e2b_nothinking,ALL,PlatformMove,0.1,130,251,75,36,55,215,0.68,0.58,0.86,0.76,0.62,89,0.68,95,185,96,0.34,0.5,34
e2b_nothinking,ALL,PlatformMove,0.2,130,251,71,24,59,227,0.75,0.55,0.9,0.78,0.63,84,0.65,91,113,100,0.45,0.48,34
e2b_nothinking,ALL,PlatformMove,0.3,130,251,71,24,59,227,0.75,0.55,0.9,0.78,0.63,84,0.65,91,111,100,0.45,0.48,34
e2b_nothinking,ALL,PlatformMove,0.4,130,251,70,23,60,228,0.75,0.54,0.91,0.78,0.63,83,0.64,90,104,101,0.46,0.47,34
e2b_nothinking,ALL,PlatformMove,0.5,130,251,69,23,61,228,0.75,0.53,0.91,0.78,0.62,83,0.64,89,100,102,0.47,0.47,34
e2b_nothinking,ALL,PlatformMove,0.6,130,251,69,23,61,228,0.75,0.53,0.91,0.78,0.62,83,0.64,89,100,102,0.47,0.47,34
e2b_nothinking,ALL,PlatformMove,0.7,130,251,68,23,62,228,0.75,0.52,0.91,0.78,0.62,82,0.63,88,96,103,0.48,0.46,34
e2b_nothinking,ALL,PlatformMove,0.8,130,251,68,23,62,228,0.75,0.52,0.91,0.78,0.62,82,0.63,88,95,103,0.48,0.46,34
e2b_nothinking,ALL,PlatformMove,0.9,130,251,68,22,62,229,0.76,0.52,0.91,0.78,0.62,82,0.63,87,85,104,0.51,0.46,34
e2b_nothinking,ALL,PlatformMove,none,130,251,80,44,50,207,0.65,0.62,0.82,0.75,0.63,94,0.72,101,241,90,0.3,0.53,34
e2b_nothinking,ALL,SuspiciousActivity,0.0,70,311,35,51,35,260,0.41,0.5,0.84,0.77,0.45,43,0.61,41,142,51,0.22,0.45,26
e2b_nothinking,ALL,SuspiciousActivity,0.1,70,311,35,50,35,261,0.41,0.5,0.84,0.78,0.45,43,0.61,41,139,51,0.23,0.45,26
e2b_nothinking,ALL,SuspiciousActivity,0.2,70,311,33,30,37,281,0.52,0.47,0.9,0.82,0.5,38,0.54,39,83,53,0.32,0.42,26
e2b_nothinking,ALL,SuspiciousActivity,0.3,70,311,32,29,38,282,0.52,0.46,0.91,0.82,0.49,37,0.53,38,79,54,0.32,0.41,26
e2b_nothinking,ALL,SuspiciousActivity,0.4,70,311,29,21,41,290,0.58,0.41,0.93,0.84,0.48,33,0.47,35,60,57,0.37,0.38,26
e2b_nothinking,ALL,SuspiciousActivity,0.5,70,311,28,18,42,293,0.61,0.4,0.94,0.84,0.48,32,0.46,34,52,58,0.4,0.37,26
e2b_nothinking,ALL,SuspiciousActivity,0.6,70,311,27,18,43,293,0.6,0.39,0.94,0.84,0.47,31,0.44,33,50,59,0.4,0.36,26
e2b_nothinking,ALL,SuspiciousActivity,0.7,70,311,25,13,45,298,0.66,0.36,0.96,0.85,0.46,29,0.41,31,40,61,0.44,0.34,26
e2b_nothinking,ALL,SuspiciousActivity,0.8,70,311,21,9,49,302,0.7,0.3,0.97,0.85,0.42,24,0.34,24,29,68,0.45,0.26,26
e2b_nothinking,ALL,SuspiciousActivity,0.9,70,311,11,6,59,305,0.65,0.16,0.98,0.83,0.25,12,0.17,12,17,80,0.41,0.13,26
e2b_nothinking,ALL,SuspiciousActivity,none,70,311,37,51,33,260,0.42,0.53,0.84,0.78,0.47,46,0.66,44,165,48,0.21,0.48,26
e2b_nothinking,ALL,Explicit-Flirting,0.0,113,268,39,78,74,190,0.33,0.35,0.71,0.6,0.34,67,0.59,45,373,185,0.11,0.2,41
e2b_nothinking,ALL,Explicit-Flirting,0.1,113,268,39,78,74,190,0.33,0.35,0.71,0.6,0.34,67,0.59,45,369,185,0.11,0.2,41
e2b_nothinking,ALL,Explicit-Flirting,0.2,113,268,39,57,74,211,0.41,0.35,0.79,0.66,0.37,62,0.55,45,242,185,0.16,0.2,41
e2b_nothinking,ALL,Explicit-Flirting,0.3,113,268,39,57,74,211,0.41,0.35,0.79,0.66,0.37,62,0.55,45,238,185,0.16,0.2,41
e2b_nothinking,ALL,Explicit-Flirting,0.4,113,268,38,56,75,212,0.4,0.34,0.79,0.66,0.37,60,0.53,42,199,188,0.17,0.18,41
e2b_nothinking,ALL,Explicit-Flirting,0.5,113,268,4,4,109,264,0.5,0.04,0.99,0.7,0.07,8,0.07,4,9,226,0.31,0.02,41
e2b_nothinking,ALL,Explicit-Flirting,0.6,113,268,4,3,109,265,0.57,0.04,0.99,0.71,0.07,8,0.07,4,8,226,0.33,0.02,41
e2b_nothinking,ALL,Explicit-Flirting,0.7,113,268,3,3,110,265,0.5,0.03,0.99,0.7,0.05,6,0.05,3,7,227,0.3,0.01,41
e2b_nothinking,ALL,Explicit-Flirting,0.8,113,268,2,2,111,266,0.5,0.02,0.99,0.7,0.03,5,0.04,2,5,228,0.29,0.01,41
e2b_nothinking,ALL,Explicit-Flirting,0.9,113,268,0,1,113,267,0.0,0.0,1.0,0.7,,1,0.01,0,2,230,0.0,0.0,41
e2b_nothinking,ALL,Explicit-Flirting,none,113,268,40,80,73,188,0.33,0.35,0.7,0.6,0.34,69,0.61,47,412,183,0.1,0.2,41
e2b_nothinking,ALL,ALL,0.0,214,167,124,62,90,105,0.67,0.58,0.63,0.6,0.62,174,0.81,181,734,332,0.2,0.35,101
e2b_nothinking,ALL,ALL,0.1,214,167,124,62,90,105,0.67,0.58,0.63,0.6,0.62,174,0.81,181,699,332,0.21,0.35,101
e2b_nothinking,ALL,ALL,0.2,214,167,121,45,93,122,0.73,0.57,0.73,0.64,0.64,164,0.77,175,444,338,0.28,0.34,101
e2b_nothinking,ALL,ALL,0.3,214,167,120,45,94,122,0.73,0.56,0.73,0.64,0.63,164,0.77,174,434,339,0.29,0.34,101
e2b_nothinking,ALL,ALL,0.4,214,167,119,45,95,122,0.73,0.56,0.73,0.63,0.63,160,0.75,167,369,346,0.31,0.33,101
e2b_nothinking,ALL,ALL,0.5,214,167,87,21,127,146,0.81,0.41,0.87,0.61,0.54,113,0.53,127,167,386,0.43,0.25,101
e2b_nothinking,ALL,ALL,0.6,214,167,87,21,127,146,0.81,0.41,0.87,0.61,0.54,112,0.52,126,164,387,0.43,0.25,101
e2b_nothinking,ALL,ALL,0.7,214,167,85,20,129,147,0.81,0.4,0.88,0.61,0.53,110,0.51,122,149,391,0.45,0.24,101
e2b_nothinking,ALL,ALL,0.8,214,167,82,19,132,148,0.81,0.38,0.89,0.6,0.52,105,0.49,114,135,399,0.46,0.22,101
e2b_nothinking,ALL,ALL,0.9,214,167,75,17,139,150,0.82,0.35,0.9,0.59,0.49,97,0.45,99,110,414,0.47,0.19,101
e2b_nothinking,ALL,ALL,none,214,167,130,64,84,103,0.67,0.61,0.62,0.61,0.64,176,0.82,192,824,321,0.19,0.37,101
e2b_nothinking,hindi,PlatformMove,0.0,31,86,17,10,14,76,0.63,0.55,0.88,0.79,0.59,20,0.65,22,37,22,0.37,0.5,8
e2b_nothinking,hindi,PlatformMove,0.1,31,86,17,7,14,79,0.71,0.55,0.92,0.82,0.62,20,0.65,22,30,22,0.42,0.5,8
e2b_nothinking,hindi,PlatformMove,0.2,31,86,16,4,15,82,0.8,0.52,0.95,0.84,0.63,18,0.58,21,19,23,0.53,0.48,8
e2b_nothinking,hindi,PlatformMove,0.3,31,86,16,4,15,82,0.8,0.52,0.95,0.84,0.63,18,0.58,21,18,23,0.54,0.48,8
e2b_nothinking,hindi,PlatformMove,0.4,31,86,15,4,16,82,0.79,0.48,0.95,0.83,0.6,17,0.55,20,17,24,0.54,0.45,8
e2b_nothinking,hindi,PlatformMove,0.5,31,86,15,4,16,82,0.79,0.48,0.95,0.83,0.6,17,0.55,20,15,24,0.57,0.45,8
e2b_nothinking,hindi,PlatformMove,0.6,31,86,15,4,16,82,0.79,0.48,0.95,0.83,0.6,17,0.55,20,15,24,0.57,0.45,8
e2b_nothinking,hindi,PlatformMove,0.7,31,86,14,4,17,82,0.78,0.45,0.95,0.82,0.57,16,0.52,19,15,25,0.56,0.43,8
e2b_nothinking,hindi,PlatformMove,0.8,31,86,14,4,17,82,0.78,0.45,0.95,0.82,0.57,16,0.52,19,14,25,0.58,0.43,8
e2b_nothinking,hindi,PlatformMove,0.9,31,86,14,4,17,82,0.78,0.45,0.95,0.82,0.57,16,0.52,18,13,26,0.58,0.41,8
e2b_nothinking,hindi,PlatformMove,none,31,86,18,10,13,76,0.64,0.58,0.88,0.8,0.61,22,0.71,23,44,21,0.34,0.52,8
e2b_nothinking,hindi,SuspiciousActivity,0.0,21,96,13,11,8,85,0.54,0.62,0.89,0.84,0.58,15,0.71,15,36,15,0.29,0.5,3
e2b_nothinking,hindi,SuspiciousActivity,0.1,21,96,13,11,8,85,0.54,0.62,0.89,0.84,0.58,15,0.71,15,36,15,0.29,0.5,3
e2b_nothinking,hindi,SuspiciousActivity,0.2,21,96,11,6,10,90,0.65,0.52,0.94,0.86,0.58,12,0.57,13,24,17,0.35,0.43,3
e2b_nothinking,hindi,SuspiciousActivity,0.3,21,96,11,6,10,90,0.65,0.52,0.94,0.86,0.58,12,0.57,13,23,17,0.36,0.43,3
e2b_nothinking,hindi,SuspiciousActivity,0.4,21,96,10,5,11,91,0.67,0.48,0.95,0.86,0.56,11,0.52,12,18,18,0.4,0.4,3
e2b_nothinking,hindi,SuspiciousActivity,0.5,21,96,9,3,12,93,0.75,0.43,0.97,0.87,0.55,10,0.48,11,16,19,0.41,0.37,3
e2b_nothinking,hindi,SuspiciousActivity,0.6,21,96,9,3,12,93,0.75,0.43,0.97,0.87,0.55,10,0.48,11,16,19,0.41,0.37,3
e2b_nothinking,hindi,SuspiciousActivity,0.7,21,96,8,2,13,94,0.8,0.38,0.98,0.87,0.52,9,0.43,10,12,20,0.45,0.33,3
e2b_nothinking,hindi,SuspiciousActivity,0.8,21,96,7,1,14,95,0.88,0.33,0.99,0.87,0.48,8,0.38,8,9,22,0.47,0.27,3
e2b_nothinking,hindi,SuspiciousActivity,0.9,21,96,5,1,16,95,0.83,0.24,0.99,0.85,0.37,5,0.24,5,3,25,0.62,0.17,3
e2b_nothinking,hindi,SuspiciousActivity,none,21,96,13,11,8,85,0.54,0.62,0.89,0.84,0.58,16,0.76,15,39,15,0.28,0.5,3
e2b_nothinking,hindi,Explicit-Flirting,0.0,33,84,12,21,21,63,0.36,0.36,0.75,0.64,0.36,21,0.64,16,115,48,0.12,0.25,7
e2b_nothinking,hindi,Explicit-Flirting,0.1,33,84,12,21,21,63,0.36,0.36,0.75,0.64,0.36,21,0.64,16,113,48,0.12,0.25,7
e2b_nothinking,hindi,Explicit-Flirting,0.2,33,84,12,15,21,69,0.44,0.36,0.82,0.69,0.4,20,0.61,16,76,48,0.17,0.25,7
e2b_nothinking,hindi,Explicit-Flirting,0.3,33,84,12,15,21,69,0.44,0.36,0.82,0.69,0.4,20,0.61,16,74,48,0.18,0.25,7
e2b_nothinking,hindi,Explicit-Flirting,0.4,33,84,12,15,21,69,0.44,0.36,0.82,0.69,0.4,20,0.61,14,64,50,0.18,0.22,7
e2b_nothinking,hindi,Explicit-Flirting,0.5,33,84,0,1,33,83,0.0,0.0,0.99,0.71,,1,0.03,0,3,64,0.0,0.0,7
e2b_nothinking,hindi,Explicit-Flirting,0.6,33,84,0,1,33,83,0.0,0.0,0.99,0.71,,1,0.03,0,3,64,0.0,0.0,7
e2b_nothinking,hindi,Explicit-Flirting,0.7,33,84,0,1,33,83,0.0,0.0,0.99,0.71,,1,0.03,0,3,64,0.0,0.0,7
e2b_nothinking,hindi,Explicit-Flirting,0.8,33,84,0,0,33,84,,0.0,1.0,0.72,,1,0.03,0,1,64,0.0,0.0,7
e2b_nothinking,hindi,Explicit-Flirting,0.9,33,84,0,0,33,84,,0.0,1.0,0.72,,0,0.0,0,0,64,,0.0,7
e2b_nothinking,hindi,Explicit-Flirting,none,33,84,12,22,21,62,0.35,0.36,0.74,0.63,0.36,21,0.64,17,121,47,0.12,0.27,7
e2b_nothinking,hindi,ALL,0.0,58,59,33,18,25,41,0.65,0.57,0.69,0.63,0.61,45,0.78,53,188,85,0.22,0.38,18
e2b_nothinking,hindi,ALL,0.1,58,59,33,18,25,41,0.65,0.57,0.69,0.63,0.61,45,0.78,53,179,85,0.23,0.38,18
e2b_nothinking,hindi,ALL,0.2,58,59,32,12,26,47,0.73,0.55,0.8,0.68,0.63,43,0.74,50,119,88,0.3,0.36,18
e2b_nothinking,hindi,ALL,0.3,58,59,32,12,26,47,0.73,0.55,0.8,0.68,0.63,43,0.74,50,115,88,0.3,0.36,18
e2b_nothinking,hindi,ALL,0.4,58,59,31,12,27,47,0.72,0.53,0.8,0.67,0.61,42,0.72,46,99,92,0.32,0.33,18
e2b_nothinking,hindi,ALL,0.5,58,59,21,5,37,54,0.81,0.36,0.92,0.64,0.5,25,0.43,31,34,107,0.48,0.22,18
e2b_nothinking,hindi,ALL,0.6,58,59,21,5,37,54,0.81,0.36,0.92,0.64,0.5,25,0.43,31,34,107,0.48,0.22,18
e2b_nothinking,hindi,ALL,0.7,58,59,20,5,38,54,0.8,0.34,0.92,0.63,0.48,25,0.43,29,30,109,0.49,0.21,18
e2b_nothinking,hindi,ALL,0.8,58,59,19,4,39,55,0.83,0.33,0.93,0.63,0.47,24,0.41,27,24,111,0.53,0.2,18
e2b_nothinking,hindi,ALL,0.9,58,59,18,4,40,55,0.82,0.31,0.93,0.62,0.45,21,0.36,23,16,115,0.59,0.17,18
e2b_nothinking,hindi,ALL,none,58,59,34,18,24,41,0.65,0.59,0.69,0.64,0.62,46,0.79,55,204,83,0.21,0.4,18
e2b_nothinking,kannada,PlatformMove,0.0,24,44,12,7,12,37,0.63,0.5,0.84,0.72,0.56,14,0.58,17,41,19,0.29,0.47,11
e2b_nothinking,kannada,PlatformMove,0.1,24,44,12,7,12,37,0.63,0.5,0.84,0.72,0.56,14,0.58,17,39,19,0.3,0.47,11
e2b_nothinking,kannada,PlatformMove,0.2,24,44,12,6,12,38,0.67,0.5,0.86,0.74,0.57,14,0.58,17,24,19,0.41,0.47,11
e2b_nothinking,kannada,PlatformMove,0.3,24,44,12,6,12,38,0.67,0.5,0.86,0.74,0.57,14,0.58,17,24,19,0.41,0.47,11
e2b_nothinking,kannada,PlatformMove,0.4,24,44,12,6,12,38,0.67,0.5,0.86,0.74,0.57,14,0.58,17,24,19,0.41,0.47,11
e2b_nothinking,kannada,PlatformMove,0.5,24,44,12,6,12,38,0.67,0.5,0.86,0.74,0.57,14,0.58,17,23,19,0.42,0.47,11
e2b_nothinking,kannada,PlatformMove,0.6,24,44,12,6,12,38,0.67,0.5,0.86,0.74,0.57,14,0.58,17,23,19,0.42,0.47,11
e2b_nothinking,kannada,PlatformMove,0.7,24,44,12,6,12,38,0.67,0.5,0.86,0.74,0.57,14,0.58,17,22,19,0.44,0.47,11
e2b_nothinking,kannada,PlatformMove,0.8,24,44,12,6,12,38,0.67,0.5,0.86,0.74,0.57,14,0.58,17,22,19,0.44,0.47,11
e2b_nothinking,kannada,PlatformMove,0.9,24,44,12,5,12,39,0.71,0.5,0.89,0.75,0.59,14,0.58,17,19,19,0.47,0.47,11
e2b_nothinking,kannada,PlatformMove,none,24,44,12,8,12,36,0.6,0.5,0.82,0.71,0.55,15,0.62,17,52,19,0.25,0.47,11
e2b_nothinking,kannada,SuspiciousActivity,0.0,12,56,8,11,4,45,0.42,0.67,0.8,0.78,0.52,11,0.92,9,38,5,0.19,0.64,11
e2b_nothinking,kannada,SuspiciousActivity,0.1,12,56,8,10,4,46,0.44,0.67,0.82,0.79,0.53,11,0.92,9,37,5,0.2,0.64,11
e2b_nothinking,kannada,SuspiciousActivity,0.2,12,56,8,6,4,50,0.57,0.67,0.89,0.85,0.62,9,0.75,9,15,5,0.38,0.64,11
e2b_nothinking,kannada,SuspiciousActivity,0.3,12,56,8,6,4,50,0.57,0.67,0.89,0.85,0.62,9,0.75,9,15,5,0.38,0.64,11
e2b_nothinking,kannada,SuspiciousActivity,0.4,12,56,8,5,4,51,0.62,0.67,0.91,0.87,0.64,9,0.75,9,14,5,0.39,0.64,11
e2b_nothinking,kannada,SuspiciousActivity,0.5,12,56,8,5,4,51,0.62,0.67,0.91,0.87,0.64,9,0.75,9,11,5,0.45,0.64,11
e2b_nothinking,kannada,SuspiciousActivity,0.6,12,56,8,5,4,51,0.62,0.67,0.91,0.87,0.64,9,0.75,9,11,5,0.45,0.64,11
e2b_nothinking,kannada,SuspiciousActivity,0.7,12,56,7,3,5,53,0.7,0.58,0.95,0.88,0.64,8,0.67,8,9,6,0.47,0.57,11
e2b_nothinking,kannada,SuspiciousActivity,0.8,12,56,4,3,8,53,0.57,0.33,0.95,0.84,0.42,5,0.42,5,7,9,0.42,0.36,11
e2b_nothinking,kannada,SuspiciousActivity,0.9,12,56,3,2,9,54,0.6,0.25,0.96,0.84,0.35,3,0.25,4,3,10,0.57,0.29,11
e2b_nothinking,kannada,SuspiciousActivity,none,12,56,8,11,4,45,0.42,0.67,0.8,0.78,0.52,11,0.92,9,49,5,0.16,0.64,11
e2b_nothinking,kannada,Explicit-Flirting,0.0,14,54,3,20,11,34,0.13,0.21,0.63,0.54,0.16,5,0.36,5,96,28,0.05,0.15,16
e2b_nothinking,kannada,Explicit-Flirting,0.1,14,54,3,20,11,34,0.13,0.21,0.63,0.54,0.16,5,0.36,5,95,28,0.05,0.15,16
e2b_nothinking,kannada,Explicit-Flirting,0.2,14,54,3,15,11,39,0.17,0.21,0.72,0.62,0.19,5,0.36,5,58,28,0.08,0.15,16
e2b_nothinking,kannada,Explicit-Flirting,0.3,14,54,3,15,11,39,0.17,0.21,0.72,0.62,0.19,5,0.36,5,56,28,0.08,0.15,16
e2b_nothinking,kannada,Explicit-Flirting,0.4,14,54,2,15,12,39,0.12,0.14,0.72,0.6,0.13,4,0.29,4,48,29,0.08,0.12,16
e2b_nothinking,kannada,Explicit-Flirting,0.5,14,54,0,1,14,53,0.0,0.0,0.98,0.78,,1,0.07,0,2,33,0.0,0.0,16
e2b_nothinking,kannada,Explicit-Flirting,0.6,14,54,0,0,14,54,,0.0,1.0,0.79,,1,0.07,0,1,33,0.0,0.0,16
e2b_nothinking,kannada,Explicit-Flirting,0.7,14,54,0,0,14,54,,0.0,1.0,0.79,,1,0.07,0,1,33,0.0,0.0,16
e2b_nothinking,kannada,Explicit-Flirting,0.8,14,54,0,0,14,54,,0.0,1.0,0.79,,1,0.07,0,1,33,0.0,0.0,16
e2b_nothinking,kannada,Explicit-Flirting,0.9,14,54,0,0,14,54,,0.0,1.0,0.79,,0,0.0,0,0,33,,0.0,16
e2b_nothinking,kannada,Explicit-Flirting,none,14,54,4,20,10,34,0.17,0.29,0.63,0.56,0.21,6,0.43,6,111,27,0.05,0.18,16
e2b_nothinking,kannada,ALL,0.0,31,37,18,17,13,20,0.51,0.58,0.54,0.56,0.55,26,0.84,31,175,52,0.15,0.37,38
e2b_nothinking,kannada,ALL,0.1,31,37,18,17,13,20,0.51,0.58,0.54,0.56,0.55,26,0.84,31,171,52,0.15,0.37,38
e2b_nothinking,kannada,ALL,0.2,31,37,18,11,13,26,0.62,0.58,0.7,0.65,0.6,25,0.81,31,97,52,0.24,0.37,38
e2b_nothinking,kannada,ALL,0.3,31,37,18,11,13,26,0.62,0.58,0.7,0.65,0.6,25,0.81,31,95,52,0.25,0.37,38
e2b_nothinking,kannada,ALL,0.4,31,37,18,11,13,26,0.62,0.58,0.7,0.65,0.6,25,0.81,30,86,53,0.26,0.36,38
e2b_nothinking,kannada,ALL,0.5,31,37,16,6,15,31,0.73,0.52,0.84,0.69,0.6,20,0.65,26,36,57,0.42,0.31,38
e2b_nothinking,kannada,ALL,0.6,31,37,16,6,15,31,0.73,0.52,0.84,0.69,0.6,20,0.65,26,35,57,0.43,0.31,38
e2b_nothinking,kannada,ALL,0.7,31,37,15,5,16,32,0.75,0.48,0.86,0.69,0.59,19,0.61,25,32,58,0.44,0.3,38
e2b_nothinking,kannada,ALL,0.8,31,37,14,5,17,32,0.74,0.45,0.86,0.68,0.56,17,0.55,22,30,61,0.42,0.27,38
e2b_nothinking,kannada,ALL,0.9,31,37,13,4,18,33,0.76,0.42,0.89,0.68,0.54,16,0.52,21,22,62,0.49,0.25,38
e2b_nothinking,kannada,ALL,none,31,37,19,18,12,19,0.51,0.61,0.51,0.56,0.56,26,0.84,32,212,51,0.13,0.39,38
e2b_nothinking,malayalam,PlatformMove,0.0,22,36,14,2,8,34,0.88,0.64,0.94,0.83,0.74,17,0.77,18,20,15,0.47,0.55,6
e2b_nothinking,malayalam,PlatformMove,0.1,22,36,14,2,8,34,0.88,0.64,0.94,0.83,0.74,17,0.77,18,17,15,0.51,0.55,6
e2b_nothinking,malayalam,PlatformMove,0.2,22,36,14,2,8,34,0.88,0.64,0.94,0.83,0.74,17,0.77,18,15,15,0.55,0.55,6
e2b_nothinking,malayalam,PlatformMove,0.3,22,36,14,2,8,34,0.88,0.64,0.94,0.83,0.74,17,0.77,18,15,15,0.55,0.55,6
e2b_nothinking,malayalam,PlatformMove,0.4,22,36,14,1,8,35,0.93,0.64,0.97,0.84,0.76,17,0.77,18,13,15,0.58,0.55,6
e2b_nothinking,malayalam,PlatformMove,0.5,22,36,14,1,8,35,0.93,0.64,0.97,0.84,0.76,17,0.77,18,13,15,0.58,0.55,6
e2b_nothinking,malayalam,PlatformMove,0.6,22,36,14,1,8,35,0.93,0.64,0.97,0.84,0.76,17,0.77,18,13,15,0.58,0.55,6
e2b_nothinking,malayalam,PlatformMove,0.7,22,36,14,1,8,35,0.93,0.64,0.97,0.84,0.76,17,0.77,18,12,15,0.6,0.55,6
e2b_nothinking,malayalam,PlatformMove,0.8,22,36,14,1,8,35,0.93,0.64,0.97,0.84,0.76,17,0.77,18,12,15,0.6,0.55,6
e2b_nothinking,malayalam,PlatformMove,0.9,22,36,14,1,8,35,0.93,0.64,0.97,0.84,0.76,17,0.77,18,9,15,0.67,0.55,6
e2b_nothinking,malayalam,PlatformMove,none,22,36,16,3,6,33,0.84,0.73,0.92,0.84,0.78,19,0.86,20,24,13,0.45,0.61,6
e2b_nothinking,malayalam,SuspiciousActivity,0.0,5,53,2,14,3,39,0.12,0.4,0.74,0.71,0.19,2,0.4,2,26,3,0.07,0.4,4
e2b_nothinking,malayalam,SuspiciousActivity,0.1,5,53,2,14,3,39,0.12,0.4,0.74,0.71,0.19,2,0.4,2,26,3,0.07,0.4,4
e2b_nothinking,malayalam,SuspiciousActivity,0.2,5,53,2,10,3,43,0.17,0.4,0.81,0.78,0.24,2,0.4,2,14,3,0.12,0.4,4
e2b_nothinking,malayalam,SuspiciousActivity,0.3,5,53,1,9,4,44,0.1,0.2,0.83,0.78,0.13,1,0.2,1,12,4,0.08,0.2,4
e2b_nothinking,malayalam,SuspiciousActivity,0.4,5,53,0,4,5,49,0.0,0.0,0.92,0.84,,0,0.0,0,6,5,0.0,0.0,4
e2b_nothinking,malayalam,SuspiciousActivity,0.5,5,53,0,3,5,50,0.0,0.0,0.94,0.86,,0,0.0,0,5,5,0.0,0.0,4
e2b_nothinking,malayalam,SuspiciousActivity,0.6,5,53,0,3,5,50,0.0,0.0,0.94,0.86,,0,0.0,0,4,5,0.0,0.0,4
e2b_nothinking,malayalam,SuspiciousActivity,0.7,5,53,0,2,5,51,0.0,0.0,0.96,0.88,,0,0.0,0,2,5,0.0,0.0,4
e2b_nothinking,malayalam,SuspiciousActivity,0.8,5,53,0,2,5,51,0.0,0.0,0.96,0.88,,0,0.0,0,2,5,0.0,0.0,4
e2b_nothinking,malayalam,SuspiciousActivity,0.9,5,53,0,2,5,51,0.0,0.0,0.96,0.88,,0,0.0,0,2,5,0.0,0.0,4
e2b_nothinking,malayalam,SuspiciousActivity,none,5,53,2,14,3,39,0.12,0.4,0.74,0.71,0.19,2,0.4,2,30,3,0.06,0.4,4
e2b_nothinking,malayalam,Explicit-Flirting,0.0,21,37,7,12,14,25,0.37,0.33,0.68,0.55,0.35,14,0.67,7,74,29,0.09,0.19,10
e2b_nothinking,malayalam,Explicit-Flirting,0.1,21,37,7,12,14,25,0.37,0.33,0.68,0.55,0.35,14,0.67,7,74,29,0.09,0.19,10
e2b_nothinking,malayalam,Explicit-Flirting,0.2,21,37,7,7,14,30,0.5,0.33,0.81,0.64,0.4,13,0.62,7,48,29,0.13,0.19,10
e2b_nothinking,malayalam,Explicit-Flirting,0.3,21,37,7,7,14,30,0.5,0.33,0.81,0.64,0.4,13,0.62,7,48,29,0.13,0.19,10
e2b_nothinking,malayalam,Explicit-Flirting,0.4,21,37,7,7,14,30,0.5,0.33,0.81,0.64,0.4,12,0.57,7,36,29,0.16,0.19,10
e2b_nothinking,malayalam,Explicit-Flirting,0.5,21,37,0,1,21,36,0.0,0.0,0.97,0.62,,1,0.05,0,2,36,0.0,0.0,10
e2b_nothinking,malayalam,Explicit-Flirting,0.6,21,37,0,1,21,36,0.0,0.0,0.97,0.62,,1,0.05,0,2,36,0.0,0.0,10
e2b_nothinking,malayalam,Explicit-Flirting,0.7,21,37,0,1,21,36,0.0,0.0,0.97,0.62,,1,0.05,0,2,36,0.0,0.0,10
e2b_nothinking,malayalam,Explicit-Flirting,0.8,21,37,0,1,21,36,0.0,0.0,0.97,0.62,,1,0.05,0,2,36,0.0,0.0,10
e2b_nothinking,malayalam,Explicit-Flirting,0.9,21,37,0,0,21,37,,0.0,1.0,0.64,,1,0.05,0,1,36,0.0,0.0,10
e2b_nothinking,malayalam,Explicit-Flirting,none,21,37,7,13,14,24,0.35,0.33,0.65,0.53,0.34,14,0.67,7,84,29,0.08,0.19,10
e2b_nothinking,malayalam,ALL,0.0,35,23,22,8,13,15,0.73,0.63,0.65,0.64,0.68,30,0.86,27,126,47,0.18,0.36,20
e2b_nothinking,malayalam,ALL,0.1,35,23,22,8,13,15,0.73,0.63,0.65,0.64,0.68,30,0.86,27,123,47,0.18,0.36,20
e2b_nothinking,malayalam,ALL,0.2,35,23,22,6,13,17,0.79,0.63,0.74,0.67,0.7,30,0.86,27,83,47,0.25,0.36,20
e2b_nothinking,malayalam,ALL,0.3,35,23,21,6,14,17,0.78,0.6,0.74,0.66,0.68,30,0.86,26,81,48,0.24,0.35,20
e2b_nothinking,malayalam,ALL,0.4,35,23,21,6,14,17,0.78,0.6,0.74,0.66,0.68,28,0.8,25,61,49,0.29,0.34,20
e2b_nothinking,malayalam,ALL,0.5,35,23,14,3,21,20,0.82,0.4,0.87,0.59,0.54,17,0.49,18,26,56,0.41,0.24,20
e2b_nothinking,malayalam,ALL,0.6,35,23,14,3,21,20,0.82,0.4,0.87,0.59,0.54,17,0.49,18,25,56,0.42,0.24,20
e2b_nothinking,malayalam,ALL,0.7,35,23,14,3,21,20,0.82,0.4,0.87,0.59,0.54,17,0.49,18,22,56,0.45,0.24,20
e2b_nothinking,malayalam,ALL,0.8,35,23,14,3,21,20,0.82,0.4,0.87,0.59,0.54,17,0.49,18,22,56,0.45,0.24,20
e2b_nothinking,malayalam,ALL,0.9,35,23,14,2,21,21,0.88,0.4,0.91,0.6,0.55,17,0.49,18,18,56,0.5,0.24,20
e2b_nothinking,malayalam,ALL,none,35,23,23,9,12,14,0.72,0.66,0.61,0.64,0.69,30,0.86,29,144,45,0.17,0.39,20
e2b_nothinking,tamil,PlatformMove,0.0,20,45,11,8,9,37,0.58,0.55,0.82,0.74,0.56,14,0.7,12,41,19,0.23,0.39,4
e2b_nothinking,tamil,PlatformMove,0.1,20,45,11,7,9,38,0.61,0.55,0.84,0.75,0.58,14,0.7,12,37,19,0.24,0.39,4
e2b_nothinking,tamil,PlatformMove,0.2,20,45,9,6,11,39,0.6,0.45,0.87,0.74,0.51,12,0.6,10,25,21,0.29,0.32,4
e2b_nothinking,tamil,PlatformMove,0.3,20,45,9,6,11,39,0.6,0.45,0.87,0.74,0.51,12,0.6,10,24,21,0.29,0.32,4
e2b_nothinking,tamil,PlatformMove,0.4,20,45,9,6,11,39,0.6,0.45,0.87,0.74,0.51,12,0.6,10,23,21,0.3,0.32,4
e2b_nothinking,tamil,PlatformMove,0.5,20,45,9,6,11,39,0.6,0.45,0.87,0.74,0.51,12,0.6,10,22,21,0.31,0.32,4
e2b_nothinking,tamil,PlatformMove,0.6,20,45,9,6,11,39,0.6,0.45,0.87,0.74,0.51,12,0.6,10,22,21,0.31,0.32,4
e2b_nothinking,tamil,PlatformMove,0.7,20,45,9,6,11,39,0.6,0.45,0.87,0.74,0.51,12,0.6,10,21,21,0.32,0.32,4
e2b_nothinking,tamil,PlatformMove,0.8,20,45,9,6,11,39,0.6,0.45,0.87,0.74,0.51,12,0.6,10,21,21,0.32,0.32,4
e2b_nothinking,tamil,PlatformMove,0.9,20,45,9,6,11,39,0.6,0.45,0.87,0.74,0.51,12,0.6,10,19,21,0.34,0.32,4
e2b_nothinking,tamil,PlatformMove,none,20,45,12,9,8,36,0.57,0.6,0.8,0.74,0.59,14,0.7,13,44,18,0.23,0.42,4
e2b_nothinking,tamil,SuspiciousActivity,0.0,11,54,5,8,6,46,0.38,0.45,0.85,0.78,0.42,6,0.55,5,30,8,0.14,0.38,1
e2b_nothinking,tamil,SuspiciousActivity,0.1,11,54,5,8,6,46,0.38,0.45,0.85,0.78,0.42,6,0.55,5,29,8,0.15,0.38,1
e2b_nothinking,tamil,SuspiciousActivity,0.2,11,54,5,5,6,49,0.5,0.45,0.91,0.83,0.48,6,0.55,5,23,8,0.18,0.38,1
e2b_nothinking,tamil,SuspiciousActivity,0.3,11,54,5,5,6,49,0.5,0.45,0.91,0.83,0.48,6,0.55,5,22,8,0.19,0.38,1
e2b_nothinking,tamil,SuspiciousActivity,0.4,11,54,5,5,6,49,0.5,0.45,0.91,0.83,0.48,6,0.55,5,19,8,0.21,0.38,1
e2b_nothinking,tamil,SuspiciousActivity,0.5,11,54,5,5,6,49,0.5,0.45,0.91,0.83,0.48,6,0.55,5,17,8,0.23,0.38,1
e2b_nothinking,tamil,SuspiciousActivity,0.6,11,54,4,5,7,49,0.44,0.36,0.91,0.82,0.4,5,0.45,4,16,9,0.2,0.31,1
e2b_nothinking,tamil,SuspiciousActivity,0.7,11,54,4,4,7,50,0.5,0.36,0.93,0.83,0.42,5,0.45,4,14,9,0.22,0.31,1
e2b_nothinking,tamil,SuspiciousActivity,0.8,11,54,4,2,7,52,0.67,0.36,0.96,0.86,0.47,4,0.36,4,9,9,0.31,0.31,1
e2b_nothinking,tamil,SuspiciousActivity,0.9,11,54,2,1,9,53,0.67,0.18,0.98,0.85,0.29,2,0.18,2,8,11,0.2,0.15,1
e2b_nothinking,tamil,SuspiciousActivity,none,11,54,5,8,6,46,0.38,0.45,0.85,0.78,0.42,6,0.55,5,31,8,0.14,0.38,1
e2b_nothinking,tamil,Explicit-Flirting,0.0,20,45,9,18,11,27,0.33,0.45,0.6,0.55,0.38,12,0.6,9,44,41,0.17,0.18,0
e2b_nothinking,tamil,Explicit-Flirting,0.1,20,45,9,18,11,27,0.33,0.45,0.6,0.55,0.38,12,0.6,9,44,41,0.17,0.18,0
e2b_nothinking,tamil,Explicit-Flirting,0.2,20,45,9,15,11,30,0.38,0.45,0.67,0.6,0.41,12,0.6,9,31,41,0.23,0.18,0
e2b_nothinking,tamil,Explicit-Flirting,0.3,20,45,9,15,11,30,0.38,0.45,0.67,0.6,0.41,12,0.6,9,31,41,0.23,0.18,0
e2b_nothinking,tamil,Explicit-Flirting,0.4,20,45,9,15,11,30,0.38,0.45,0.67,0.6,0.41,12,0.6,9,29,41,0.24,0.18,0
e2b_nothinking,tamil,Explicit-Flirting,0.5,20,45,2,1,18,44,0.67,0.1,0.98,0.71,0.17,2,0.1,2,1,48,0.67,0.04,0
e2b_nothinking,tamil,Explicit-Flirting,0.6,20,45,2,1,18,44,0.67,0.1,0.98,0.71,0.17,2,0.1,2,1,48,0.67,0.04,0
e2b_nothinking,tamil,Explicit-Flirting,0.7,20,45,1,1,19,44,0.5,0.05,0.98,0.69,0.09,1,0.05,1,1,49,0.5,0.02,0
e2b_nothinking,tamil,Explicit-Flirting,0.8,20,45,0,1,20,44,0.0,0.0,0.98,0.68,,0,0.0,0,1,50,0.0,0.0,0
e2b_nothinking,tamil,Explicit-Flirting,0.9,20,45,0,1,20,44,0.0,0.0,0.98,0.68,,0,0.0,0,1,50,0.0,0.0,0
e2b_nothinking,tamil,Explicit-Flirting,none,20,45,9,18,11,27,0.33,0.45,0.6,0.55,0.38,12,0.6,9,44,41,0.17,0.18,0
e2b_nothinking,tamil,ALL,0.0,34,31,20,14,14,17,0.59,0.59,0.55,0.57,0.59,29,0.85,26,115,68,0.18,0.28,5
e2b_nothinking,tamil,ALL,0.1,34,31,20,14,14,17,0.59,0.59,0.55,0.57,0.59,29,0.85,26,110,68,0.19,0.28,5
e2b_nothinking,tamil,ALL,0.2,34,31,18,13,16,18,0.58,0.53,0.58,0.55,0.55,27,0.79,24,79,70,0.23,0.26,5
e2b_nothinking,tamil,ALL,0.3,34,31,18,13,16,18,0.58,0.53,0.58,0.55,0.55,27,0.79,24,77,70,0.24,0.26,5
e2b_nothinking,tamil,ALL,0.4,34,31,18,13,16,18,0.58,0.53,0.58,0.55,0.55,27,0.79,24,71,70,0.25,0.26,5
e2b_nothinking,tamil,ALL,0.5,34,31,12,5,22,26,0.71,0.35,0.84,0.58,0.47,19,0.56,17,40,77,0.3,0.18,5
e2b_nothinking,tamil,ALL,0.6,34,31,12,5,22,26,0.71,0.35,0.84,0.58,0.47,18,0.53,16,39,78,0.29,0.17,5
e2b_nothinking,tamil,ALL,0.7,34,31,12,5,22,26,0.71,0.35,0.84,0.58,0.47,17,0.5,15,36,79,0.29,0.16,5
e2b_nothinking,tamil,ALL,0.8,34,31,11,5,23,26,0.69,0.32,0.84,0.57,0.44,15,0.44,14,31,80,0.31,0.15,5
e2b_nothinking,tamil,ALL,0.9,34,31,10,5,24,26,0.67,0.29,0.84,0.55,0.41,15,0.44,12,28,82,0.3,0.13,5
e2b_nothinking,tamil,ALL,none,34,31,21,14,13,17,0.6,0.62,0.55,0.58,0.61,29,0.85,27,119,67,0.18,0.29,5
e2b_nothinking,telugu,PlatformMove,0.0,33,40,21,13,12,27,0.62,0.64,0.68,0.66,0.63,24,0.73,26,74,21,0.26,0.55,5
e2b_nothinking,telugu,PlatformMove,0.1,33,40,21,13,12,27,0.62,0.64,0.68,0.66,0.63,24,0.73,26,62,21,0.3,0.55,5
e2b_nothinking,telugu,PlatformMove,0.2,33,40,20,6,13,34,0.77,0.61,0.85,0.74,0.68,23,0.7,25,30,22,0.45,0.53,5
e2b_nothinking,telugu,PlatformMove,0.3,33,40,20,6,13,34,0.77,0.61,0.85,0.74,0.68,23,0.7,25,30,22,0.45,0.53,5
e2b_nothinking,telugu,PlatformMove,0.4,33,40,20,6,13,34,0.77,0.61,0.85,0.74,0.68,23,0.7,25,27,22,0.48,0.53,5
e2b_nothinking,telugu,PlatformMove,0.5,33,40,19,6,14,34,0.76,0.58,0.85,0.73,0.66,23,0.7,24,27,23,0.47,0.51,5
e2b_nothinking,telugu,PlatformMove,0.6,33,40,19,6,14,34,0.76,0.58,0.85,0.73,0.66,23,0.7,24,27,23,0.47,0.51,5
e2b_nothinking,telugu,PlatformMove,0.7,33,40,19,6,14,34,0.76,0.58,0.85,0.73,0.66,23,0.7,24,26,23,0.48,0.51,5
e2b_nothinking,telugu,PlatformMove,0.8,33,40,19,6,14,34,0.76,0.58,0.85,0.73,0.66,23,0.7,24,26,23,0.48,0.51,5
e2b_nothinking,telugu,PlatformMove,0.9,33,40,19,6,14,34,0.76,0.58,0.85,0.73,0.66,23,0.7,24,25,23,0.49,0.51,5
e2b_nothinking,telugu,PlatformMove,none,33,40,22,14,11,26,0.61,0.67,0.65,0.66,0.64,24,0.73,28,77,19,0.27,0.6,5
e2b_nothinking,telugu,SuspiciousActivity,0.0,21,52,7,7,14,45,0.5,0.33,0.87,0.71,0.4,9,0.43,10,12,20,0.45,0.33,7
e2b_nothinking,telugu,SuspiciousActivity,0.1,21,52,7,7,14,45,0.5,0.33,0.87,0.71,0.4,9,0.43,10,11,20,0.48,0.33,7
e2b_nothinking,telugu,SuspiciousActivity,0.2,21,52,7,3,14,49,0.7,0.33,0.94,0.77,0.45,9,0.43,10,7,20,0.59,0.33,7
e2b_nothinking,telugu,SuspiciousActivity,0.3,21,52,7,3,14,49,0.7,0.33,0.94,0.77,0.45,9,0.43,10,7,20,0.59,0.33,7
e2b_nothinking,telugu,SuspiciousActivity,0.4,21,52,6,2,15,50,0.75,0.29,0.96,0.77,0.41,7,0.33,9,3,21,0.75,0.3,7
e2b_nothinking,telugu,SuspiciousActivity,0.5,21,52,6,2,15,50,0.75,0.29,0.96,0.77,0.41,7,0.33,9,3,21,0.75,0.3,7
e2b_nothinking,telugu,SuspiciousActivity,0.6,21,52,6,2,15,50,0.75,0.29,0.96,0.77,0.41,7,0.33,9,3,21,0.75,0.3,7
e2b_nothinking,telugu,SuspiciousActivity,0.7,21,52,6,2,15,50,0.75,0.29,0.96,0.77,0.41,7,0.33,9,3,21,0.75,0.3,7
e2b_nothinking,telugu,SuspiciousActivity,0.8,21,52,6,1,15,51,0.86,0.29,0.98,0.78,0.43,7,0.33,7,2,23,0.78,0.23,7
e2b_nothinking,telugu,SuspiciousActivity,0.9,21,52,1,0,20,52,1.0,0.05,1.0,0.73,0.09,2,0.1,1,1,29,0.5,0.03,7
e2b_nothinking,telugu,SuspiciousActivity,none,21,52,9,7,12,45,0.56,0.43,0.87,0.74,0.49,11,0.52,13,16,17,0.45,0.43,7
e2b_nothinking,telugu,Explicit-Flirting,0.0,25,48,8,7,17,41,0.53,0.32,0.85,0.67,0.4,15,0.6,8,44,39,0.15,0.17,8
e2b_nothinking,telugu,Explicit-Flirting,0.1,25,48,8,7,17,41,0.53,0.32,0.85,0.67,0.4,15,0.6,8,43,39,0.16,0.17,8
e2b_nothinking,telugu,Explicit-Flirting,0.2,25,48,8,5,17,43,0.62,0.32,0.9,0.7,0.42,12,0.48,8,29,39,0.22,0.17,8
e2b_nothinking,telugu,Explicit-Flirting,0.3,25,48,8,5,17,43,0.62,0.32,0.9,0.7,0.42,12,0.48,8,29,39,0.22,0.17,8
e2b_nothinking,telugu,Explicit-Flirting,0.4,25,48,8,4,17,44,0.67,0.32,0.92,0.71,0.43,12,0.48,8,22,39,0.27,0.17,8
e2b_nothinking,telugu,Explicit-Flirting,0.5,25,48,2,0,23,48,1.0,0.08,1.0,0.68,0.15,3,0.12,2,1,45,0.67,0.04,8
e2b_nothinking,telugu,Explicit-Flirting,0.6,25,48,2,0,23,48,1.0,0.08,1.0,0.68,0.15,3,0.12,2,1,45,0.67,0.04,8
e2b_nothinking,telugu,Explicit-Flirting,0.7,25,48,2,0,23,48,1.0,0.08,1.0,0.68,0.15,2,0.08,2,0,45,1.0,0.04,8
e2b_nothinking,telugu,Explicit-Flirting,0.8,25,48,2,0,23,48,1.0,0.08,1.0,0.68,0.15,2,0.08,2,0,45,1.0,0.04,8
e2b_nothinking,telugu,Explicit-Flirting,0.9,25,48,0,0,25,48,,0.0,1.0,0.66,,0,0.0,0,0,47,,0.0,8
e2b_nothinking,telugu,Explicit-Flirting,none,25,48,8,7,17,41,0.53,0.32,0.85,0.67,0.4,16,0.64,8,52,39,0.13,0.17,8
e2b_nothinking,telugu,ALL,0.0,56,17,31,5,25,12,0.86,0.55,0.71,0.59,0.67,44,0.79,44,130,80,0.25,0.35,20
e2b_nothinking,telugu,ALL,0.1,56,17,31,5,25,12,0.86,0.55,0.71,0.59,0.67,44,0.79,44,116,80,0.28,0.35,20
e2b_nothinking,telugu,ALL,0.2,56,17,31,3,25,14,0.91,0.55,0.82,0.62,0.69,39,0.7,43,66,81,0.39,0.35,20
e2b_nothinking,telugu,ALL,0.3,56,17,31,3,25,14,0.91,0.55,0.82,0.62,0.69,39,0.7,43,66,81,0.39,0.35,20
e2b_nothinking,telugu,ALL,0.4,56,17,31,3,25,14,0.91,0.55,0.82,0.62,0.69,38,0.68,42,52,82,0.45,0.34,20
e2b_nothinking,telugu,ALL,0.5,56,17,24,2,32,15,0.92,0.43,0.88,0.53,0.59,32,0.57,35,31,89,0.53,0.28,20
e2b_nothinking,telugu,ALL,0.6,56,17,24,2,32,15,0.92,0.43,0.88,0.53,0.59,32,0.57,35,31,89,0.53,0.28,20
e2b_nothinking,telugu,ALL,0.7,56,17,24,2,32,15,0.92,0.43,0.88,0.53,0.59,32,0.57,35,29,89,0.55,0.28,20
e2b_nothinking,telugu,ALL,0.8,56,17,24,2,32,15,0.92,0.43,0.88,0.53,0.59,32,0.57,33,28,91,0.54,0.27,20
e2b_nothinking,telugu,ALL,0.9,56,17,20,2,36,15,0.91,0.36,0.88,0.48,0.51,28,0.5,25,26,99,0.49,0.2,20
e2b_nothinking,telugu,ALL,none,56,17,33,5,23,12,0.87,0.59,0.71,0.62,0.7,45,0.8,49,145,75,0.25,0.4,20
e2b_thinking,ALL,PlatformMove,0.0,130,251,88,31,42,220,0.74,0.68,0.88,0.81,0.71,98,0.75,105,121,86,0.46,0.55,28
e2b_thinking,ALL,PlatformMove,0.1,130,251,88,31,42,220,0.74,0.68,0.88,0.81,0.71,98,0.75,105,121,86,0.46,0.55,28
e2b_thinking,ALL,PlatformMove,0.2,130,251,88,31,42,220,0.74,0.68,0.88,0.81,0.71,98,0.75,105,121,86,0.46,0.55,28
e2b_thinking,ALL,PlatformMove,0.3,130,251,88,31,42,220,0.74,0.68,0.88,0.81,0.71,98,0.75,105,121,86,0.46,0.55,28
e2b_thinking,ALL,PlatformMove,0.4,130,251,88,31,42,220,0.74,0.68,0.88,0.81,0.71,98,0.75,105,120,86,0.47,0.55,28
e2b_thinking,ALL,PlatformMove,0.5,130,251,88,31,42,220,0.74,0.68,0.88,0.81,0.71,98,0.75,105,120,86,0.47,0.55,28
e2b_thinking,ALL,PlatformMove,0.6,130,251,88,31,42,220,0.74,0.68,0.88,0.81,0.71,98,0.75,105,120,86,0.47,0.55,28
e2b_thinking,ALL,PlatformMove,0.7,130,251,88,31,42,220,0.74,0.68,0.88,0.81,0.71,98,0.75,105,120,86,0.47,0.55,28
e2b_thinking,ALL,PlatformMove,0.8,130,251,88,31,42,220,0.74,0.68,0.88,0.81,0.71,98,0.75,105,119,86,0.47,0.55,28
e2b_thinking,ALL,PlatformMove,0.9,130,251,88,30,42,221,0.75,0.68,0.88,0.81,0.71,98,0.75,105,118,86,0.47,0.55,28
e2b_thinking,ALL,PlatformMove,none,130,251,94,32,36,219,0.75,0.72,0.87,0.82,0.73,103,0.79,116,138,75,0.46,0.61,28
e2b_thinking,ALL,SuspiciousActivity,0.0,70,311,22,18,48,293,0.55,0.31,0.94,0.83,0.4,28,0.4,22,32,70,0.41,0.24,11
e2b_thinking,ALL,SuspiciousActivity,0.1,70,311,22,18,48,293,0.55,0.31,0.94,0.83,0.4,28,0.4,22,32,70,0.41,0.24,11
e2b_thinking,ALL,SuspiciousActivity,0.2,70,311,22,18,48,293,0.55,0.31,0.94,0.83,0.4,28,0.4,22,32,70,0.41,0.24,11
e2b_thinking,ALL,SuspiciousActivity,0.3,70,311,22,18,48,293,0.55,0.31,0.94,0.83,0.4,28,0.4,22,32,70,0.41,0.24,11
e2b_thinking,ALL,SuspiciousActivity,0.4,70,311,22,18,48,293,0.55,0.31,0.94,0.83,0.4,28,0.4,22,31,70,0.42,0.24,11
e2b_thinking,ALL,SuspiciousActivity,0.5,70,311,22,18,48,293,0.55,0.31,0.94,0.83,0.4,28,0.4,22,31,70,0.42,0.24,11
e2b_thinking,ALL,SuspiciousActivity,0.6,70,311,22,18,48,293,0.55,0.31,0.94,0.83,0.4,28,0.4,22,31,70,0.42,0.24,11
e2b_thinking,ALL,SuspiciousActivity,0.7,70,311,22,18,48,293,0.55,0.31,0.94,0.83,0.4,27,0.39,22,30,70,0.42,0.24,11
e2b_thinking,ALL,SuspiciousActivity,0.8,70,311,21,18,49,293,0.54,0.3,0.94,0.82,0.39,26,0.37,21,29,71,0.42,0.23,11
e2b_thinking,ALL,SuspiciousActivity,0.9,70,311,16,14,54,297,0.53,0.23,0.95,0.82,0.32,22,0.31,16,25,76,0.39,0.17,11
e2b_thinking,ALL,SuspiciousActivity,none,70,311,26,19,44,292,0.58,0.37,0.94,0.83,0.45,32,0.46,26,39,66,0.4,0.28,11
e2b_thinking,ALL,Explicit-Flirting,0.0,113,268,44,40,69,228,0.52,0.39,0.85,0.71,0.45,57,0.5,53,133,177,0.28,0.23,4
e2b_thinking,ALL,Explicit-Flirting,0.1,113,268,44,40,69,228,0.52,0.39,0.85,0.71,0.45,57,0.5,53,133,177,0.28,0.23,4
e2b_thinking,ALL,Explicit-Flirting,0.2,113,268,44,40,69,228,0.52,0.39,0.85,0.71,0.45,57,0.5,53,133,177,0.28,0.23,4
e2b_thinking,ALL,Explicit-Flirting,0.3,113,268,44,40,69,228,0.52,0.39,0.85,0.71,0.45,57,0.5,53,133,177,0.28,0.23,4
e2b_thinking,ALL,Explicit-Flirting,0.4,113,268,37,35,76,233,0.51,0.33,0.87,0.71,0.4,51,0.45,44,121,186,0.27,0.19,4
e2b_thinking,ALL,Explicit-Flirting,0.5,113,268,6,5,107,263,0.55,0.05,0.98,0.71,0.1,15,0.13,7,23,223,0.23,0.03,4
e2b_thinking,ALL,Explicit-Flirting,0.6,113,268,6,5,107,263,0.55,0.05,0.98,0.71,0.1,15,0.13,7,23,223,0.23,0.03,4
e2b_thinking,ALL,Explicit-Flirting,0.7,113,268,6,5,107,263,0.55,0.05,0.98,0.71,0.1,15,0.13,7,22,223,0.24,0.03,4
e2b_thinking,ALL,Explicit-Flirting,0.8,113,268,6,5,107,263,0.55,0.05,0.98,0.71,0.1,15,0.13,7,22,223,0.24,0.03,4
e2b_thinking,ALL,Explicit-Flirting,0.9,113,268,5,3,108,265,0.62,0.04,0.99,0.71,0.08,10,0.09,6,14,224,0.3,0.03,4
e2b_thinking,ALL,Explicit-Flirting,none,113,268,44,42,69,226,0.51,0.39,0.84,0.71,0.44,57,0.5,54,136,176,0.28,0.23,4
e2b_thinking,ALL,ALL,0.0,214,167,128,39,86,128,0.77,0.6,0.77,0.67,0.67,158,0.74,180,291,333,0.38,0.35,43
e2b_thinking,ALL,ALL,0.1,214,167,128,39,86,128,0.77,0.6,0.77,0.67,0.67,158,0.74,180,291,333,0.38,0.35,43
e2b_thinking,ALL,ALL,0.2,214,167,128,39,86,128,0.77,0.6,0.77,0.67,0.67,158,0.74,180,291,333,0.38,0.35,43
e2b_thinking,ALL,ALL,0.3,214,167,128,39,86,128,0.77,0.6,0.77,0.67,0.67,158,0.74,180,291,333,0.38,0.35,43
e2b_thinking,ALL,ALL,0.4,214,167,124,36,90,131,0.78,0.58,0.78,0.67,0.66,154,0.72,171,277,342,0.38,0.33,43
e2b_thinking,ALL,ALL,0.5,214,167,100,23,114,144,0.81,0.47,0.86,0.64,0.59,128,0.6,134,179,379,0.43,0.26,43
e2b_thinking,ALL,ALL,0.6,214,167,100,23,114,144,0.81,0.47,0.86,0.64,0.59,128,0.6,134,179,379,0.43,0.26,43
e2b_thinking,ALL,ALL,0.7,214,167,100,23,114,144,0.81,0.47,0.86,0.64,0.59,128,0.6,134,177,379,0.43,0.26,43
e2b_thinking,ALL,ALL,0.8,214,167,100,23,114,144,0.81,0.47,0.86,0.64,0.59,128,0.6,133,175,380,0.43,0.26,43
e2b_thinking,ALL,ALL,0.9,214,167,98,22,116,145,0.82,0.46,0.87,0.64,0.59,124,0.58,127,162,386,0.44,0.25,43
e2b_thinking,ALL,ALL,none,214,167,135,39,79,128,0.78,0.63,0.77,0.69,0.7,163,0.76,196,318,317,0.38,0.38,43
e2b_thinking,hindi,PlatformMove,0.0,31,86,23,7,8,79,0.77,0.74,0.92,0.87,0.75,25,0.81,24,18,20,0.57,0.55,1
e2b_thinking,hindi,PlatformMove,0.1,31,86,23,7,8,79,0.77,0.74,0.92,0.87,0.75,25,0.81,24,18,20,0.57,0.55,1
e2b_thinking,hindi,PlatformMove,0.2,31,86,23,7,8,79,0.77,0.74,0.92,0.87,0.75,25,0.81,24,18,20,0.57,0.55,1
e2b_thinking,hindi,PlatformMove,0.3,31,86,23,7,8,79,0.77,0.74,0.92,0.87,0.75,25,0.81,24,18,20,0.57,0.55,1
e2b_thinking,hindi,PlatformMove,0.4,31,86,23,7,8,79,0.77,0.74,0.92,0.87,0.75,25,0.81,24,18,20,0.57,0.55,1
e2b_thinking,hindi,PlatformMove,0.5,31,86,23,7,8,79,0.77,0.74,0.92,0.87,0.75,25,0.81,24,18,20,0.57,0.55,1
e2b_thinking,hindi,PlatformMove,0.6,31,86,23,7,8,79,0.77,0.74,0.92,0.87,0.75,25,0.81,24,18,20,0.57,0.55,1
e2b_thinking,hindi,PlatformMove,0.7,31,86,23,7,8,79,0.77,0.74,0.92,0.87,0.75,25,0.81,24,18,20,0.57,0.55,1
e2b_thinking,hindi,PlatformMove,0.8,31,86,23,7,8,79,0.77,0.74,0.92,0.87,0.75,25,0.81,24,17,20,0.59,0.55,1
e2b_thinking,hindi,PlatformMove,0.9,31,86,23,7,8,79,0.77,0.74,0.92,0.87,0.75,25,0.81,24,17,20,0.59,0.55,1
e2b_thinking,hindi,PlatformMove,none,31,86,23,7,8,79,0.77,0.74,0.92,0.87,0.75,25,0.81,25,18,19,0.58,0.57,1
e2b_thinking,hindi,SuspiciousActivity,0.0,21,96,6,3,15,93,0.67,0.29,0.97,0.85,0.4,8,0.38,6,7,24,0.46,0.2,6
e2b_thinking,hindi,SuspiciousActivity,0.1,21,96,6,3,15,93,0.67,0.29,0.97,0.85,0.4,8,0.38,6,7,24,0.46,0.2,6
e2b_thinking,hindi,SuspiciousActivity,0.2,21,96,6,3,15,93,0.67,0.29,0.97,0.85,0.4,8,0.38,6,7,24,0.46,0.2,6
e2b_thinking,hindi,SuspiciousActivity,0.3,21,96,6,3,15,93,0.67,0.29,0.97,0.85,0.4,8,0.38,6,7,24,0.46,0.2,6
e2b_thinking,hindi,SuspiciousActivity,0.4,21,96,6,3,15,93,0.67,0.29,0.97,0.85,0.4,8,0.38,6,7,24,0.46,0.2,6
e2b_thinking,hindi,SuspiciousActivity,0.5,21,96,6,3,15,93,0.67,0.29,0.97,0.85,0.4,8,0.38,6,7,24,0.46,0.2,6
e2b_thinking,hindi,SuspiciousActivity,0.6,21,96,6,3,15,93,0.67,0.29,0.97,0.85,0.4,8,0.38,6,7,24,0.46,0.2,6
e2b_thinking,hindi,SuspiciousActivity,0.7,21,96,6,3,15,93,0.67,0.29,0.97,0.85,0.4,7,0.33,6,6,24,0.5,0.2,6
e2b_thinking,hindi,SuspiciousActivity,0.8,21,96,6,3,15,93,0.67,0.29,0.97,0.85,0.4,7,0.33,6,6,24,0.5,0.2,6
e2b_thinking,hindi,SuspiciousActivity,0.9,21,96,3,3,18,93,0.5,0.14,0.97,0.82,0.22,5,0.24,3,6,27,0.33,0.1,6
e2b_thinking,hindi,SuspiciousActivity,none,21,96,8,4,13,92,0.67,0.38,0.96,0.85,0.48,10,0.48,8,11,22,0.42,0.27,6
e2b_thinking,hindi,Explicit-Flirting,0.0,33,84,14,14,19,70,0.5,0.42,0.83,0.72,0.46,17,0.52,18,26,46,0.41,0.28,1
e2b_thinking,hindi,Explicit-Flirting,0.1,33,84,14,14,19,70,0.5,0.42,0.83,0.72,0.46,17,0.52,18,26,46,0.41,0.28,1
e2b_thinking,hindi,Explicit-Flirting,0.2,33,84,14,14,19,70,0.5,0.42,0.83,0.72,0.46,17,0.52,18,26,46,0.41,0.28,1
e2b_thinking,hindi,Explicit-Flirting,0.3,33,84,14,14,19,70,0.5,0.42,0.83,0.72,0.46,17,0.52,18,26,46,0.41,0.28,1
e2b_thinking,hindi,Explicit-Flirting,0.4,33,84,12,12,21,72,0.5,0.36,0.86,0.72,0.42,15,0.45,14,23,50,0.38,0.22,1
e2b_thinking,hindi,Explicit-Flirting,0.5,33,84,3,1,30,83,0.75,0.09,0.99,0.74,0.16,3,0.09,3,4,61,0.43,0.05,1
e2b_thinking,hindi,Explicit-Flirting,0.6,33,84,3,1,30,83,0.75,0.09,0.99,0.74,0.16,3,0.09,3,4,61,0.43,0.05,1
e2b_thinking,hindi,Explicit-Flirting,0.7,33,84,3,1,30,83,0.75,0.09,0.99,0.74,0.16,3,0.09,3,4,61,0.43,0.05,1
e2b_thinking,hindi,Explicit-Flirting,0.8,33,84,3,1,30,83,0.75,0.09,0.99,0.74,0.16,3,0.09,3,4,61,0.43,0.05,1
e2b_thinking,hindi,Explicit-Flirting,0.9,33,84,2,1,31,83,0.67,0.06,0.99,0.73,0.11,2,0.06,2,4,62,0.33,0.03,1
e2b_thinking,hindi,Explicit-Flirting,none,33,84,14,14,19,70,0.5,0.42,0.83,0.72,0.46,17,0.52,19,26,45,0.42,0.3,1
e2b_thinking,hindi,ALL,0.0,58,59,35,13,23,46,0.73,0.6,0.78,0.69,0.66,42,0.72,48,51,90,0.48,0.35,8
e2b_thinking,hindi,ALL,0.1,58,59,35,13,23,46,0.73,0.6,0.78,0.69,0.66,42,0.72,48,51,90,0.48,0.35,8
e2b_thinking,hindi,ALL,0.2,58,59,35,13,23,46,0.73,0.6,0.78,0.69,0.66,42,0.72,48,51,90,0.48,0.35,8
e2b_thinking,hindi,ALL,0.3,58,59,35,13,23,46,0.73,0.6,0.78,0.69,0.66,42,0.72,48,51,90,0.48,0.35,8
e2b_thinking,hindi,ALL,0.4,58,59,34,11,24,48,0.76,0.59,0.81,0.7,0.66,41,0.71,44,48,94,0.48,0.32,8
e2b_thinking,hindi,ALL,0.5,58,59,27,6,31,53,0.82,0.47,0.9,0.68,0.59,34,0.59,33,29,105,0.53,0.24,8
e2b_thinking,hindi,ALL,0.6,58,59,27,6,31,53,0.82,0.47,0.9,0.68,0.59,34,0.59,33,29,105,0.53,0.24,8
e2b_thinking,hindi,ALL,0.7,58,59,27,6,31,53,0.82,0.47,0.9,0.68,0.59,34,0.59,33,28,105,0.54,0.24,8
e2b_thinking,hindi,ALL,0.8,58,59,27,6,31,53,0.82,0.47,0.9,0.68,0.59,34,0.59,33,27,105,0.55,0.24,8
e2b_thinking,hindi,ALL,0.9,58,59,25,6,33,53,0.81,0.43,0.9,0.67,0.56,32,0.55,29,27,109,0.52,0.21,8
e2b_thinking,hindi,ALL,none,58,59,37,13,21,46,0.74,0.64,0.78,0.71,0.69,44,0.76,52,55,86,0.49,0.38,8
e2b_thinking,kannada,PlatformMove,0.0,24,44,15,6,9,38,0.71,0.62,0.86,0.78,0.67,16,0.67,17,23,19,0.42,0.47,12
e2b_thinking,kannada,PlatformMove,0.1,24,44,15,6,9,38,0.71,0.62,0.86,0.78,0.67,16,0.67,17,23,19,0.42,0.47,12
e2b_thinking,kannada,PlatformMove,0.2,24,44,15,6,9,38,0.71,0.62,0.86,0.78,0.67,16,0.67,17,23,19,0.42,0.47,12
e2b_thinking,kannada,PlatformMove,0.3,24,44,15,6,9,38,0.71,0.62,0.86,0.78,0.67,16,0.67,17,23,19,0.42,0.47,12
e2b_thinking,kannada,PlatformMove,0.4,24,44,15,6,9,38,0.71,0.62,0.86,0.78,0.67,16,0.67,17,23,19,0.42,0.47,12
e2b_thinking,kannada,PlatformMove,0.5,24,44,15,6,9,38,0.71,0.62,0.86,0.78,0.67,16,0.67,17,23,19,0.42,0.47,12
e2b_thinking,kannada,PlatformMove,0.6,24,44,15,6,9,38,0.71,0.62,0.86,0.78,0.67,16,0.67,17,23,19,0.42,0.47,12
e2b_thinking,kannada,PlatformMove,0.7,24,44,15,6,9,38,0.71,0.62,0.86,0.78,0.67,16,0.67,17,23,19,0.42,0.47,12
e2b_thinking,kannada,PlatformMove,0.8,24,44,15,6,9,38,0.71,0.62,0.86,0.78,0.67,16,0.67,17,23,19,0.42,0.47,12
e2b_thinking,kannada,PlatformMove,0.9,24,44,15,6,9,38,0.71,0.62,0.86,0.78,0.67,16,0.67,17,23,19,0.42,0.47,12
e2b_thinking,kannada,PlatformMove,none,24,44,17,6,7,38,0.74,0.71,0.86,0.81,0.72,18,0.75,22,30,14,0.42,0.61,12
e2b_thinking,kannada,SuspiciousActivity,0.0,12,56,7,2,5,54,0.78,0.58,0.96,0.9,0.67,8,0.67,7,4,7,0.64,0.5,1
e2b_thinking,kannada,SuspiciousActivity,0.1,12,56,7,2,5,54,0.78,0.58,0.96,0.9,0.67,8,0.67,7,4,7,0.64,0.5,1
e2b_thinking,kannada,SuspiciousActivity,0.2,12,56,7,2,5,54,0.78,0.58,0.96,0.9,0.67,8,0.67,7,4,7,0.64,0.5,1
e2b_thinking,kannada,SuspiciousActivity,0.3,12,56,7,2,5,54,0.78,0.58,0.96,0.9,0.67,8,0.67,7,4,7,0.64,0.5,1
e2b_thinking,kannada,SuspiciousActivity,0.4,12,56,7,2,5,54,0.78,0.58,0.96,0.9,0.67,8,0.67,7,4,7,0.64,0.5,1
e2b_thinking,kannada,SuspiciousActivity,0.5,12,56,7,2,5,54,0.78,0.58,0.96,0.9,0.67,8,0.67,7,4,7,0.64,0.5,1
e2b_thinking,kannada,SuspiciousActivity,0.6,12,56,7,2,5,54,0.78,0.58,0.96,0.9,0.67,8,0.67,7,4,7,0.64,0.5,1
e2b_thinking,kannada,SuspiciousActivity,0.7,12,56,7,2,5,54,0.78,0.58,0.96,0.9,0.67,8,0.67,7,4,7,0.64,0.5,1
e2b_thinking,kannada,SuspiciousActivity,0.8,12,56,7,2,5,54,0.78,0.58,0.96,0.9,0.67,8,0.67,7,4,7,0.64,0.5,1
e2b_thinking,kannada,SuspiciousActivity,0.9,12,56,5,1,7,55,0.83,0.42,0.98,0.88,0.56,6,0.5,5,3,9,0.62,0.36,1
e2b_thinking,kannada,SuspiciousActivity,none,12,56,8,2,4,54,0.8,0.67,0.96,0.91,0.73,9,0.75,8,4,6,0.67,0.57,1
e2b_thinking,kannada,Explicit-Flirting,0.0,14,54,7,10,7,44,0.41,0.5,0.81,0.75,0.45,9,0.64,11,51,22,0.18,0.33,2
e2b_thinking,kannada,Explicit-Flirting,0.1,14,54,7,10,7,44,0.41,0.5,0.81,0.75,0.45,9,0.64,11,51,22,0.18,0.33,2
e2b_thinking,kannada,Explicit-Flirting,0.2,14,54,7,10,7,44,0.41,0.5,0.81,0.75,0.45,9,0.64,11,51,22,0.18,0.33,2
e2b_thinking,kannada,Explicit-Flirting,0.3,14,54,7,10,7,44,0.41,0.5,0.81,0.75,0.45,9,0.64,11,51,22,0.18,0.33,2
e2b_thinking,kannada,Explicit-Flirting,0.4,14,54,6,10,8,44,0.38,0.43,0.81,0.74,0.4,8,0.57,10,49,23,0.17,0.3,2
e2b_thinking,kannada,Explicit-Flirting,0.5,14,54,2,1,12,53,0.67,0.14,0.98,0.81,0.24,5,0.36,3,7,30,0.3,0.09,2
e2b_thinking,kannada,Explicit-Flirting,0.6,14,54,2,1,12,53,0.67,0.14,0.98,0.81,0.24,5,0.36,3,7,30,0.3,0.09,2
e2b_thinking,kannada,Explicit-Flirting,0.7,14,54,2,1,12,53,0.67,0.14,0.98,0.81,0.24,5,0.36,3,7,30,0.3,0.09,2
e2b_thinking,kannada,Explicit-Flirting,0.8,14,54,2,1,12,53,0.67,0.14,0.98,0.81,0.24,5,0.36,3,7,30,0.3,0.09,2
e2b_thinking,kannada,Explicit-Flirting,0.9,14,54,2,1,12,53,0.67,0.14,0.98,0.81,0.24,4,0.29,3,5,30,0.38,0.09,2
e2b_thinking,kannada,Explicit-Flirting,none,14,54,7,11,7,43,0.39,0.5,0.8,0.74,0.44,9,0.64,11,53,22,0.17,0.33,2
e2b_thinking,kannada,ALL,0.0,31,37,22,8,9,29,0.73,0.71,0.78,0.75,0.72,25,0.81,35,80,48,0.3,0.42,15
e2b_thinking,kannada,ALL,0.1,31,37,22,8,9,29,0.73,0.71,0.78,0.75,0.72,25,0.81,35,80,48,0.3,0.42,15
e2b_thinking,kannada,ALL,0.2,31,37,22,8,9,29,0.73,0.71,0.78,0.75,0.72,25,0.81,35,80,48,0.3,0.42,15
e2b_thinking,kannada,ALL,0.3,31,37,22,8,9,29,0.73,0.71,0.78,0.75,0.72,25,0.81,35,80,48,0.3,0.42,15
e2b_thinking,kannada,ALL,0.4,31,37,22,8,9,29,0.73,0.71,0.78,0.75,0.72,25,0.81,34,78,49,0.3,0.41,15
e2b_thinking,kannada,ALL,0.5,31,37,19,5,12,32,0.79,0.61,0.86,0.75,0.69,23,0.74,27,36,56,0.43,0.33,15
e2b_thinking,kannada,ALL,0.6,31,37,19,5,12,32,0.79,0.61,0.86,0.75,0.69,23,0.74,27,36,56,0.43,0.33,15
e2b_thinking,kannada,ALL,0.7,31,37,19,5,12,32,0.79,0.61,0.86,0.75,0.69,23,0.74,27,36,56,0.43,0.33,15
e2b_thinking,kannada,ALL,0.8,31,37,19,5,12,32,0.79,0.61,0.86,0.75,0.69,23,0.74,27,36,56,0.43,0.33,15
e2b_thinking,kannada,ALL,0.9,31,37,19,5,12,32,0.79,0.61,0.86,0.75,0.69,22,0.71,25,33,58,0.43,0.3,15
e2b_thinking,kannada,ALL,none,31,37,24,8,7,29,0.75,0.77,0.78,0.78,0.76,26,0.84,41,89,42,0.32,0.49,15
e2b_thinking,malayalam,PlatformMove,0.0,22,36,16,4,6,32,0.8,0.73,0.89,0.83,0.76,18,0.82,21,13,12,0.62,0.64,2
e2b_thinking,malayalam,PlatformMove,0.1,22,36,16,4,6,32,0.8,0.73,0.89,0.83,0.76,18,0.82,21,13,12,0.62,0.64,2
e2b_thinking,malayalam,PlatformMove,0.2,22,36,16,4,6,32,0.8,0.73,0.89,0.83,0.76,18,0.82,21,13,12,0.62,0.64,2
e2b_thinking,malayalam,PlatformMove,0.3,22,36,16,4,6,32,0.8,0.73,0.89,0.83,0.76,18,0.82,21,13,12,0.62,0.64,2
e2b_thinking,malayalam,PlatformMove,0.4,22,36,16,4,6,32,0.8,0.73,0.89,0.83,0.76,18,0.82,21,13,12,0.62,0.64,2
e2b_thinking,malayalam,PlatformMove,0.5,22,36,16,4,6,32,0.8,0.73,0.89,0.83,0.76,18,0.82,21,13,12,0.62,0.64,2
e2b_thinking,malayalam,PlatformMove,0.6,22,36,16,4,6,32,0.8,0.73,0.89,0.83,0.76,18,0.82,21,13,12,0.62,0.64,2
e2b_thinking,malayalam,PlatformMove,0.7,22,36,16,4,6,32,0.8,0.73,0.89,0.83,0.76,18,0.82,21,13,12,0.62,0.64,2
e2b_thinking,malayalam,PlatformMove,0.8,22,36,16,4,6,32,0.8,0.73,0.89,0.83,0.76,18,0.82,21,13,12,0.62,0.64,2
e2b_thinking,malayalam,PlatformMove,0.9,22,36,16,4,6,32,0.8,0.73,0.89,0.83,0.76,18,0.82,21,13,12,0.62,0.64,2
e2b_thinking,malayalam,PlatformMove,none,22,36,16,4,6,32,0.8,0.73,0.89,0.83,0.76,18,0.82,21,15,12,0.58,0.64,2
e2b_thinking,malayalam,SuspiciousActivity,0.0,5,53,0,4,5,49,0.0,0.0,0.92,0.84,,2,0.4,0,6,5,0.0,0.0,0
e2b_thinking,malayalam,SuspiciousActivity,0.1,5,53,0,4,5,49,0.0,0.0,0.92,0.84,,2,0.4,0,6,5,0.0,0.0,0
e2b_thinking,malayalam,SuspiciousActivity,0.2,5,53,0,4,5,49,0.0,0.0,0.92,0.84,,2,0.4,0,6,5,0.0,0.0,0
e2b_thinking,malayalam,SuspiciousActivity,0.3,5,53,0,4,5,49,0.0,0.0,0.92,0.84,,2,0.4,0,6,5,0.0,0.0,0
e2b_thinking,malayalam,SuspiciousActivity,0.4,5,53,0,4,5,49,0.0,0.0,0.92,0.84,,2,0.4,0,6,5,0.0,0.0,0
e2b_thinking,malayalam,SuspiciousActivity,0.5,5,53,0,4,5,49,0.0,0.0,0.92,0.84,,2,0.4,0,6,5,0.0,0.0,0
e2b_thinking,malayalam,SuspiciousActivity,0.6,5,53,0,4,5,49,0.0,0.0,0.92,0.84,,2,0.4,0,6,5,0.0,0.0,0
e2b_thinking,malayalam,SuspiciousActivity,0.7,5,53,0,4,5,49,0.0,0.0,0.92,0.84,,2,0.4,0,6,5,0.0,0.0,0
e2b_thinking,malayalam,SuspiciousActivity,0.8,5,53,0,4,5,49,0.0,0.0,0.92,0.84,,2,0.4,0,6,5,0.0,0.0,0
e2b_thinking,malayalam,SuspiciousActivity,0.9,5,53,0,4,5,49,0.0,0.0,0.92,0.84,,2,0.4,0,6,5,0.0,0.0,0
e2b_thinking,malayalam,SuspiciousActivity,none,5,53,0,4,5,49,0.0,0.0,0.92,0.84,,2,0.4,0,6,5,0.0,0.0,0
e2b_thinking,malayalam,Explicit-Flirting,0.0,21,37,5,6,16,31,0.45,0.24,0.84,0.62,0.31,8,0.38,5,17,31,0.23,0.14,0
e2b_thinking,malayalam,Explicit-Flirting,0.1,21,37,5,6,16,31,0.45,0.24,0.84,0.62,0.31,8,0.38,5,17,31,0.23,0.14,0
e2b_thinking,malayalam,Explicit-Flirting,0.2,21,37,5,6,16,31,0.45,0.24,0.84,0.62,0.31,8,0.38,5,17,31,0.23,0.14,0
e2b_thinking,malayalam,Explicit-Flirting,0.3,21,37,5,6,16,31,0.45,0.24,0.84,0.62,0.31,8,0.38,5,17,31,0.23,0.14,0
e2b_thinking,malayalam,Explicit-Flirting,0.4,21,37,3,6,18,31,0.33,0.14,0.84,0.59,0.2,7,0.33,3,16,33,0.16,0.08,0
e2b_thinking,malayalam,Explicit-Flirting,0.5,21,37,0,1,21,36,0.0,0.0,0.97,0.62,,2,0.1,0,5,36,0.0,0.0,0
e2b_thinking,malayalam,Explicit-Flirting,0.6,21,37,0,1,21,36,0.0,0.0,0.97,0.62,,2,0.1,0,5,36,0.0,0.0,0
e2b_thinking,malayalam,Explicit-Flirting,0.7,21,37,0,1,21,36,0.0,0.0,0.97,0.62,,2,0.1,0,5,36,0.0,0.0,0
e2b_thinking,malayalam,Explicit-Flirting,0.8,21,37,0,1,21,36,0.0,0.0,0.97,0.62,,2,0.1,0,5,36,0.0,0.0,0
e2b_thinking,malayalam,Explicit-Flirting,0.9,21,37,0,1,21,36,0.0,0.0,0.97,0.62,,1,0.05,0,3,36,0.0,0.0,0
e2b_thinking,malayalam,Explicit-Flirting,none,21,37,5,6,16,31,0.45,0.24,0.84,0.62,0.31,8,0.38,5,17,31,0.23,0.14,0
e2b_thinking,malayalam,ALL,0.0,35,23,20,6,15,17,0.77,0.57,0.74,0.64,0.66,26,0.74,26,36,48,0.42,0.35,2
e2b_thinking,malayalam,ALL,0.1,35,23,20,6,15,17,0.77,0.57,0.74,0.64,0.66,26,0.74,26,36,48,0.42,0.35,2
e2b_thinking,malayalam,ALL,0.2,35,23,20,6,15,17,0.77,0.57,0.74,0.64,0.66,26,0.74,26,36,48,0.42,0.35,2
e2b_thinking,malayalam,ALL,0.3,35,23,20,6,15,17,0.77,0.57,0.74,0.64,0.66,26,0.74,26,36,48,0.42,0.35,2
e2b_thinking,malayalam,ALL,0.4,35,23,19,6,16,17,0.76,0.54,0.74,0.62,0.63,26,0.74,24,35,50,0.41,0.32,2
e2b_thinking,malayalam,ALL,0.5,35,23,16,3,19,20,0.84,0.46,0.87,0.62,0.59,21,0.6,21,24,53,0.47,0.28,2
e2b_thinking,malayalam,ALL,0.6,35,23,16,3,19,20,0.84,0.46,0.87,0.62,0.59,21,0.6,21,24,53,0.47,0.28,2
e2b_thinking,malayalam,ALL,0.7,35,23,16,3,19,20,0.84,0.46,0.87,0.62,0.59,21,0.6,21,24,53,0.47,0.28,2
e2b_thinking,malayalam,ALL,0.8,35,23,16,3,19,20,0.84,0.46,0.87,0.62,0.59,21,0.6,21,24,53,0.47,0.28,2
e2b_thinking,malayalam,ALL,0.9,35,23,16,3,19,20,0.84,0.46,0.87,0.62,0.59,21,0.6,21,22,53,0.49,0.28,2
e2b_thinking,malayalam,ALL,none,35,23,20,6,15,17,0.77,0.57,0.74,0.64,0.66,26,0.74,26,38,48,0.41,0.35,2
e2b_thinking,tamil,PlatformMove,0.0,20,45,13,8,7,37,0.62,0.65,0.82,0.77,0.63,14,0.7,15,36,16,0.29,0.48,5
e2b_thinking,tamil,PlatformMove,0.1,20,45,13,8,7,37,0.62,0.65,0.82,0.77,0.63,14,0.7,15,36,16,0.29,0.48,5
e2b_thinking,tamil,PlatformMove,0.2,20,45,13,8,7,37,0.62,0.65,0.82,0.77,0.63,14,0.7,15,36,16,0.29,0.48,5
e2b_thinking,tamil,PlatformMove,0.3,20,45,13,8,7,37,0.62,0.65,0.82,0.77,0.63,14,0.7,15,36,16,0.29,0.48,5
e2b_thinking,tamil,PlatformMove,0.4,20,45,13,8,7,37,0.62,0.65,0.82,0.77,0.63,14,0.7,15,35,16,0.3,0.48,5
e2b_thinking,tamil,PlatformMove,0.5,20,45,13,8,7,37,0.62,0.65,0.82,0.77,0.63,14,0.7,15,35,16,0.3,0.48,5
e2b_thinking,tamil,PlatformMove,0.6,20,45,13,8,7,37,0.62,0.65,0.82,0.77,0.63,14,0.7,15,35,16,0.3,0.48,5
e2b_thinking,tamil,PlatformMove,0.7,20,45,13,8,7,37,0.62,0.65,0.82,0.77,0.63,14,0.7,15,35,16,0.3,0.48,5
e2b_thinking,tamil,PlatformMove,0.8,20,45,13,8,7,37,0.62,0.65,0.82,0.77,0.63,14,0.7,15,35,16,0.3,0.48,5
e2b_thinking,tamil,PlatformMove,0.9,20,45,13,8,7,37,0.62,0.65,0.82,0.77,0.63,14,0.7,15,35,16,0.3,0.48,5
e2b_thinking,tamil,PlatformMove,none,20,45,14,8,6,37,0.64,0.7,0.82,0.78,0.67,15,0.75,17,39,14,0.3,0.55,5
e2b_thinking,tamil,SuspiciousActivity,0.0,11,54,6,4,5,50,0.6,0.55,0.93,0.86,0.57,6,0.55,6,8,7,0.43,0.46,2
e2b_thinking,tamil,SuspiciousActivity,0.1,11,54,6,4,5,50,0.6,0.55,0.93,0.86,0.57,6,0.55,6,8,7,0.43,0.46,2
e2b_thinking,tamil,SuspiciousActivity,0.2,11,54,6,4,5,50,0.6,0.55,0.93,0.86,0.57,6,0.55,6,8,7,0.43,0.46,2
e2b_thinking,tamil,SuspiciousActivity,0.3,11,54,6,4,5,50,0.6,0.55,0.93,0.86,0.57,6,0.55,6,8,7,0.43,0.46,2
e2b_thinking,tamil,SuspiciousActivity,0.4,11,54,6,4,5,50,0.6,0.55,0.93,0.86,0.57,6,0.55,6,7,7,0.46,0.46,2
e2b_thinking,tamil,SuspiciousActivity,0.5,11,54,6,4,5,50,0.6,0.55,0.93,0.86,0.57,6,0.55,6,7,7,0.46,0.46,2
e2b_thinking,tamil,SuspiciousActivity,0.6,11,54,6,4,5,50,0.6,0.55,0.93,0.86,0.57,6,0.55,6,7,7,0.46,0.46,2
e2b_thinking,tamil,SuspiciousActivity,0.7,11,54,6,4,5,50,0.6,0.55,0.93,0.86,0.57,6,0.55,6,7,7,0.46,0.46,2
e2b_thinking,tamil,SuspiciousActivity,0.8,11,54,5,4,6,50,0.56,0.45,0.93,0.85,0.5,5,0.45,5,7,8,0.42,0.38,2
e2b_thinking,tamil,SuspiciousActivity,0.9,11,54,5,4,6,50,0.56,0.45,0.93,0.85,0.5,5,0.45,5,7,8,0.42,0.38,2
e2b_thinking,tamil,SuspiciousActivity,none,11,54,6,4,5,50,0.6,0.55,0.93,0.86,0.57,6,0.55,6,10,7,0.38,0.46,2
e2b_thinking,tamil,Explicit-Flirting,0.0,20,45,7,8,13,37,0.47,0.35,0.82,0.68,0.4,10,0.5,7,17,43,0.29,0.14,0
e2b_thinking,tamil,Explicit-Flirting,0.1,20,45,7,8,13,37,0.47,0.35,0.82,0.68,0.4,10,0.5,7,17,43,0.29,0.14,0
e2b_thinking,tamil,Explicit-Flirting,0.2,20,45,7,8,13,37,0.47,0.35,0.82,0.68,0.4,10,0.5,7,17,43,0.29,0.14,0
e2b_thinking,tamil,Explicit-Flirting,0.3,20,45,7,8,13,37,0.47,0.35,0.82,0.68,0.4,10,0.5,7,17,43,0.29,0.14,0
e2b_thinking,tamil,Explicit-Flirting,0.4,20,45,6,5,14,40,0.55,0.3,0.89,0.71,0.39,9,0.45,6,11,44,0.35,0.12,0
e2b_thinking,tamil,Explicit-Flirting,0.5,20,45,0,1,20,44,0.0,0.0,0.98,0.68,,1,0.05,0,2,50,0.0,0.0,0
e2b_thinking,tamil,Explicit-Flirting,0.6,20,45,0,1,20,44,0.0,0.0,0.98,0.68,,1,0.05,0,2,50,0.0,0.0,0
e2b_thinking,tamil,Explicit-Flirting,0.7,20,45,0,1,20,44,0.0,0.0,0.98,0.68,,1,0.05,0,2,50,0.0,0.0,0
e2b_thinking,tamil,Explicit-Flirting,0.8,20,45,0,1,20,44,0.0,0.0,0.98,0.68,,1,0.05,0,2,50,0.0,0.0,0
e2b_thinking,tamil,Explicit-Flirting,0.9,20,45,0,0,20,45,,0.0,1.0,0.69,,1,0.05,0,1,50,0.0,0.0,0
e2b_thinking,tamil,Explicit-Flirting,none,20,45,7,8,13,37,0.47,0.35,0.82,0.68,0.4,10,0.5,7,17,43,0.29,0.14,0
e2b_thinking,tamil,ALL,0.0,34,31,18,10,16,21,0.64,0.53,0.68,0.6,0.58,24,0.71,28,63,66,0.31,0.3,7
e2b_thinking,tamil,ALL,0.1,34,31,18,10,16,21,0.64,0.53,0.68,0.6,0.58,24,0.71,28,63,66,0.31,0.3,7
e2b_thinking,tamil,ALL,0.2,34,31,18,10,16,21,0.64,0.53,0.68,0.6,0.58,24,0.71,28,63,66,0.31,0.3,7
e2b_thinking,tamil,ALL,0.3,34,31,18,10,16,21,0.64,0.53,0.68,0.6,0.58,24,0.71,28,63,66,0.31,0.3,7
e2b_thinking,tamil,ALL,0.4,34,31,17,9,17,22,0.65,0.5,0.71,0.6,0.57,22,0.65,27,55,67,0.33,0.29,7
e2b_thinking,tamil,ALL,0.5,34,31,14,7,20,24,0.67,0.41,0.77,0.58,0.51,17,0.5,21,46,73,0.31,0.22,7
e2b_thinking,tamil,ALL,0.6,34,31,14,7,20,24,0.67,0.41,0.77,0.58,0.51,17,0.5,21,46,73,0.31,0.22,7
e2b_thinking,tamil,ALL,0.7,34,31,14,7,20,24,0.67,0.41,0.77,0.58,0.51,17,0.5,21,46,73,0.31,0.22,7
e2b_thinking,tamil,ALL,0.8,34,31,14,7,20,24,0.67,0.41,0.77,0.58,0.51,17,0.5,20,46,74,0.3,0.21,7
e2b_thinking,tamil,ALL,0.9,34,31,14,7,20,24,0.67,0.41,0.77,0.58,0.51,17,0.5,20,45,74,0.31,0.21,7
e2b_thinking,tamil,ALL,none,34,31,19,10,15,21,0.66,0.56,0.68,0.62,0.6,25,0.74,30,68,64,0.31,0.32,7
e2b_thinking,telugu,PlatformMove,0.0,33,40,21,6,12,34,0.78,0.64,0.85,0.75,0.7,25,0.76,28,31,19,0.47,0.6,8
e2b_thinking,telugu,PlatformMove,0.1,33,40,21,6,12,34,0.78,0.64,0.85,0.75,0.7,25,0.76,28,31,19,0.47,0.6,8
e2b_thinking,telugu,PlatformMove,0.2,33,40,21,6,12,34,0.78,0.64,0.85,0.75,0.7,25,0.76,28,31,19,0.47,0.6,8
e2b_thinking,telugu,PlatformMove,0.3,33,40,21,6,12,34,0.78,0.64,0.85,0.75,0.7,25,0.76,28,31,19,0.47,0.6,8
e2b_thinking,telugu,PlatformMove,0.4,33,40,21,6,12,34,0.78,0.64,0.85,0.75,0.7,25,0.76,28,31,19,0.47,0.6,8
e2b_thinking,telugu,PlatformMove,0.5,33,40,21,6,12,34,0.78,0.64,0.85,0.75,0.7,25,0.76,28,31,19,0.47,0.6,8
e2b_thinking,telugu,PlatformMove,0.6,33,40,21,6,12,34,0.78,0.64,0.85,0.75,0.7,25,0.76,28,31,19,0.47,0.6,8
e2b_thinking,telugu,PlatformMove,0.7,33,40,21,6,12,34,0.78,0.64,0.85,0.75,0.7,25,0.76,28,31,19,0.47,0.6,8
e2b_thinking,telugu,PlatformMove,0.8,33,40,21,6,12,34,0.78,0.64,0.85,0.75,0.7,25,0.76,28,31,19,0.47,0.6,8
e2b_thinking,telugu,PlatformMove,0.9,33,40,21,5,12,35,0.81,0.64,0.88,0.77,0.71,25,0.76,28,30,19,0.48,0.6,8
e2b_thinking,telugu,PlatformMove,none,33,40,24,7,9,33,0.77,0.73,0.82,0.78,0.75,27,0.82,31,36,16,0.46,0.66,8
e2b_thinking,telugu,SuspiciousActivity,0.0,21,52,3,5,18,47,0.38,0.14,0.9,0.68,0.21,4,0.19,3,7,27,0.3,0.1,2
e2b_thinking,telugu,SuspiciousActivity,0.1,21,52,3,5,18,47,0.38,0.14,0.9,0.68,0.21,4,0.19,3,7,27,0.3,0.1,2
e2b_thinking,telugu,SuspiciousActivity,0.2,21,52,3,5,18,47,0.38,0.14,0.9,0.68,0.21,4,0.19,3,7,27,0.3,0.1,2
e2b_thinking,telugu,SuspiciousActivity,0.3,21,52,3,5,18,47,0.38,0.14,0.9,0.68,0.21,4,0.19,3,7,27,0.3,0.1,2
e2b_thinking,telugu,SuspiciousActivity,0.4,21,52,3,5,18,47,0.38,0.14,0.9,0.68,0.21,4,0.19,3,7,27,0.3,0.1,2
e2b_thinking,telugu,SuspiciousActivity,0.5,21,52,3,5,18,47,0.38,0.14,0.9,0.68,0.21,4,0.19,3,7,27,0.3,0.1,2
e2b_thinking,telugu,SuspiciousActivity,0.6,21,52,3,5,18,47,0.38,0.14,0.9,0.68,0.21,4,0.19,3,7,27,0.3,0.1,2
e2b_thinking,telugu,SuspiciousActivity,0.7,21,52,3,5,18,47,0.38,0.14,0.9,0.68,0.21,4,0.19,3,7,27,0.3,0.1,2
e2b_thinking,telugu,SuspiciousActivity,0.8,21,52,3,5,18,47,0.38,0.14,0.9,0.68,0.21,4,0.19,3,6,27,0.33,0.1,2
e2b_thinking,telugu,SuspiciousActivity,0.9,21,52,3,2,18,50,0.6,0.14,0.96,0.73,0.23,4,0.19,3,3,27,0.5,0.1,2
e2b_thinking,telugu,SuspiciousActivity,none,21,52,4,5,17,47,0.44,0.19,0.9,0.7,0.27,5,0.24,4,8,26,0.33,0.13,2
e2b_thinking,telugu,Explicit-Flirting,0.0,25,48,11,2,14,46,0.85,0.44,0.96,0.78,0.58,13,0.52,12,22,35,0.35,0.26,1
e2b_thinking,telugu,Explicit-Flirting,0.1,25,48,11,2,14,46,0.85,0.44,0.96,0.78,0.58,13,0.52,12,22,35,0.35,0.26,1
e2b_thinking,telugu,Explicit-Flirting,0.2,25,48,11,2,14,46,0.85,0.44,0.96,0.78,0.58,13,0.52,12,22,35,0.35,0.26,1
e2b_thinking,telugu,Explicit-Flirting,0.3,25,48,11,2,14,46,0.85,0.44,0.96,0.78,0.58,13,0.52,12,22,35,0.35,0.26,1
e2b_thinking,telugu,Explicit-Flirting,0.4,25,48,10,2,15,46,0.83,0.4,0.96,0.77,0.54,12,0.48,11,22,36,0.33,0.23,1
e2b_thinking,telugu,Explicit-Flirting,0.5,25,48,1,1,24,47,0.5,0.04,0.98,0.66,0.07,4,0.16,1,5,46,0.17,0.02,1
e2b_thinking,telugu,Explicit-Flirting,0.6,25,48,1,1,24,47,0.5,0.04,0.98,0.66,0.07,4,0.16,1,5,46,0.17,0.02,1
e2b_thinking,telugu,Explicit-Flirting,0.7,25,48,1,1,24,47,0.5,0.04,0.98,0.66,0.07,4,0.16,1,4,46,0.2,0.02,1
e2b_thinking,telugu,Explicit-Flirting,0.8,25,48,1,1,24,47,0.5,0.04,0.98,0.66,0.07,4,0.16,1,4,46,0.2,0.02,1
e2b_thinking,telugu,Explicit-Flirting,0.9,25,48,1,0,24,48,1.0,0.04,1.0,0.67,0.08,2,0.08,1,1,46,0.5,0.02,1
e2b_thinking,telugu,Explicit-Flirting,none,25,48,11,3,14,45,0.79,0.44,0.94,0.77,0.56,13,0.52,12,23,35,0.34,0.26,1
e2b_thinking,telugu,ALL,0.0,56,17,33,2,23,15,0.94,0.59,0.88,0.66,0.73,41,0.73,43,61,81,0.41,0.35,11
e2b_thinking,telugu,ALL,0.1,56,17,33,2,23,15,0.94,0.59,0.88,0.66,0.73,41,0.73,43,61,81,0.41,0.35,11
e2b_thinking,telugu,ALL,0.2,56,17,33,2,23,15,0.94,0.59,0.88,0.66,0.73,41,0.73,43,61,81,0.41,0.35,11
e2b_thinking,telugu,ALL,0.3,56,17,33,2,23,15,0.94,0.59,0.88,0.66,0.73,41,0.73,43,61,81,0.41,0.35,11
e2b_thinking,telugu,ALL,0.4,56,17,32,2,24,15,0.94,0.57,0.88,0.64,0.71,40,0.71,42,61,82,0.41,0.34,11
e2b_thinking,telugu,ALL,0.5,56,17,24,2,32,15,0.92,0.43,0.88,0.53,0.59,33,0.59,32,44,92,0.42,0.26,11
e2b_thinking,telugu,ALL,0.6,56,17,24,2,32,15,0.92,0.43,0.88,0.53,0.59,33,0.59,32,44,92,0.42,0.26,11
e2b_thinking,telugu,ALL,0.7,56,17,24,2,32,15,0.92,0.43,0.88,0.53,0.59,33,0.59,32,43,92,0.43,0.26,11
e2b_thinking,telugu,ALL,0.8,56,17,24,2,32,15,0.92,0.43,0.88,0.53,0.59,33,0.59,32,42,92,0.43,0.26,11
e2b_thinking,telugu,ALL,0.9,56,17,24,1,32,16,0.96,0.43,0.94,0.55,0.59,32,0.57,32,35,92,0.48,0.26,11
e2b_thinking,telugu,ALL,none,56,17,35,2,21,15,0.95,0.62,0.88,0.68,0.75,42,0.75,47,68,77,0.41,0.38,11
e4b_conformer5s_text_nothinking,ALL,PlatformMove,0.0,130,251,16,2,114,249,0.89,0.12,0.99,0.7,0.22,18,0.14,22,30,169,0.42,0.12,0
e4b_conformer5s_text_nothinking,ALL,PlatformMove,0.1,130,251,16,2,114,249,0.89,0.12,0.99,0.7,0.22,18,0.14,22,29,169,0.43,0.12,0
e4b_conformer5s_text_nothinking,ALL,PlatformMove,0.2,130,251,16,2,114,249,0.89,0.12,0.99,0.7,0.22,18,0.14,22,29,169,0.43,0.12,0
e4b_conformer5s_text_nothinking,ALL,PlatformMove,0.3,130,251,16,2,114,249,0.89,0.12,0.99,0.7,0.22,18,0.14,22,29,169,0.43,0.12,0
e4b_conformer5s_text_nothinking,ALL,PlatformMove,0.4,130,251,16,2,114,249,0.89,0.12,0.99,0.7,0.22,18,0.14,22,29,169,0.43,0.12,0
e4b_conformer5s_text_nothinking,ALL,PlatformMove,0.5,130,251,16,2,114,249,0.89,0.12,0.99,0.7,0.22,18,0.14,22,29,169,0.43,0.12,0
e4b_conformer5s_text_nothinking,ALL,PlatformMove,0.6,130,251,16,2,114,249,0.89,0.12,0.99,0.7,0.22,18,0.14,22,29,169,0.43,0.12,0
e4b_conformer5s_text_nothinking,ALL,PlatformMove,0.7,130,251,16,2,114,249,0.89,0.12,0.99,0.7,0.22,18,0.14,22,28,169,0.44,0.12,0
e4b_conformer5s_text_nothinking,ALL,PlatformMove,0.8,130,251,16,2,114,249,0.89,0.12,0.99,0.7,0.22,18,0.14,22,25,169,0.47,0.12,0
e4b_conformer5s_text_nothinking,ALL,PlatformMove,0.9,130,251,15,2,115,249,0.88,0.12,0.99,0.69,0.2,17,0.13,21,25,170,0.46,0.11,0
e4b_conformer5s_text_nothinking,ALL,PlatformMove,none,130,251,16,2,114,249,0.89,0.12,0.99,0.7,0.22,18,0.14,22,30,169,0.42,0.12,0
e4b_conformer5s_text_nothinking,ALL,SuspiciousActivity,0.0,70,311,21,4,49,307,0.84,0.3,0.99,0.86,0.44,24,0.34,30,33,62,0.48,0.33,0
e4b_conformer5s_text_nothinking,ALL,SuspiciousActivity,0.1,70,311,21,4,49,307,0.84,0.3,0.99,0.86,0.44,24,0.34,30,33,62,0.48,0.33,0
e4b_conformer5s_text_nothinking,ALL,SuspiciousActivity,0.2,70,311,21,4,49,307,0.84,0.3,0.99,0.86,0.44,24,0.34,30,33,62,0.48,0.33,0
e4b_conformer5s_text_nothinking,ALL,SuspiciousActivity,0.3,70,311,21,4,49,307,0.84,0.3,0.99,0.86,0.44,24,0.34,30,33,62,0.48,0.33,0
e4b_conformer5s_text_nothinking,ALL,SuspiciousActivity,0.4,70,311,21,4,49,307,0.84,0.3,0.99,0.86,0.44,24,0.34,30,33,62,0.48,0.33,0
e4b_conformer5s_text_nothinking,ALL,SuspiciousActivity,0.5,70,311,21,4,49,307,0.84,0.3,0.99,0.86,0.44,24,0.34,30,33,62,0.48,0.33,0
e4b_conformer5s_text_nothinking,ALL,SuspiciousActivity,0.6,70,311,21,4,49,307,0.84,0.3,0.99,0.86,0.44,24,0.34,30,33,62,0.48,0.33,0
e4b_conformer5s_text_nothinking,ALL,SuspiciousActivity,0.7,70,311,21,4,49,307,0.84,0.3,0.99,0.86,0.44,24,0.34,30,33,62,0.48,0.33,0
e4b_conformer5s_text_nothinking,ALL,SuspiciousActivity,0.8,70,311,21,4,49,307,0.84,0.3,0.99,0.86,0.44,24,0.34,30,32,62,0.48,0.33,0
e4b_conformer5s_text_nothinking,ALL,SuspiciousActivity,0.9,70,311,19,3,51,308,0.86,0.27,0.99,0.86,0.41,20,0.29,27,22,65,0.55,0.29,0
e4b_conformer5s_text_nothinking,ALL,SuspiciousActivity,none,70,311,21,4,49,307,0.84,0.3,0.99,0.86,0.44,24,0.34,30,33,62,0.48,0.33,0
e4b_conformer5s_text_nothinking,ALL,Explicit-Flirting,0.0,113,268,6,2,107,266,0.75,0.05,0.99,0.71,0.1,6,0.05,12,15,218,0.44,0.05,0
e4b_conformer5s_text_nothinking,ALL,Explicit-Flirting,0.1,113,268,6,2,107,266,0.75,0.05,0.99,0.71,0.1,6,0.05,12,15,218,0.44,0.05,0
e4b_conformer5s_text_nothinking,ALL,Explicit-Flirting,0.2,113,268,6,2,107,266,0.75,0.05,0.99,0.71,0.1,6,0.05,12,15,218,0.44,0.05,0
e4b_conformer5s_text_nothinking,ALL,Explicit-Flirting,0.3,113,268,6,2,107,266,0.75,0.05,0.99,0.71,0.1,6,0.05,12,15,218,0.44,0.05,0
e4b_conformer5s_text_nothinking,ALL,Explicit-Flirting,0.4,113,268,6,2,107,266,0.75,0.05,0.99,0.71,0.1,6,0.05,12,15,218,0.44,0.05,0
e4b_conformer5s_text_nothinking,ALL,Explicit-Flirting,0.5,113,268,6,2,107,266,0.75,0.05,0.99,0.71,0.1,6,0.05,12,12,218,0.5,0.05,0
e4b_conformer5s_text_nothinking,ALL,Explicit-Flirting,0.6,113,268,6,2,107,266,0.75,0.05,0.99,0.71,0.1,6,0.05,12,12,218,0.5,0.05,0
e4b_conformer5s_text_nothinking,ALL,Explicit-Flirting,0.7,113,268,6,2,107,266,0.75,0.05,0.99,0.71,0.1,6,0.05,11,10,219,0.52,0.05,0
e4b_conformer5s_text_nothinking,ALL,Explicit-Flirting,0.8,113,268,5,2,108,266,0.71,0.04,0.99,0.71,0.08,6,0.05,10,8,220,0.56,0.04,0
e4b_conformer5s_text_nothinking,ALL,Explicit-Flirting,0.9,113,268,2,0,111,268,1.0,0.02,1.0,0.71,0.03,3,0.03,4,1,226,0.8,0.02,0
e4b_conformer5s_text_nothinking,ALL,Explicit-Flirting,none,113,268,6,2,107,266,0.75,0.05,0.99,0.71,0.1,6,0.05,12,15,218,0.44,0.05,0
e4b_conformer5s_text_nothinking,ALL,ALL,0.0,214,167,38,6,176,161,0.86,0.18,0.96,0.52,0.29,42,0.2,64,78,449,0.45,0.12,0
e4b_conformer5s_text_nothinking,ALL,ALL,0.1,214,167,38,6,176,161,0.86,0.18,0.96,0.52,0.29,42,0.2,64,77,449,0.45,0.12,0
e4b_conformer5s_text_nothinking,ALL,ALL,0.2,214,167,38,6,176,161,0.86,0.18,0.96,0.52,0.29,42,0.2,64,77,449,0.45,0.12,0
e4b_conformer5s_text_nothinking,ALL,ALL,0.3,214,167,38,6,176,161,0.86,0.18,0.96,0.52,0.29,42,0.2,64,77,449,0.45,0.12,0
e4b_conformer5s_text_nothinking,ALL,ALL,0.4,214,167,38,6,176,161,0.86,0.18,0.96,0.52,0.29,42,0.2,64,77,449,0.45,0.12,0
e4b_conformer5s_text_nothinking,ALL,ALL,0.5,214,167,38,6,176,161,0.86,0.18,0.96,0.52,0.29,42,0.2,64,74,449,0.46,0.12,0
e4b_conformer5s_text_nothinking,ALL,ALL,0.6,214,167,38,6,176,161,0.86,0.18,0.96,0.52,0.29,42,0.2,64,74,449,0.46,0.12,0
e4b_conformer5s_text_nothinking,ALL,ALL,0.7,214,167,38,6,176,161,0.86,0.18,0.96,0.52,0.29,42,0.2,63,71,450,0.47,0.12,0
e4b_conformer5s_text_nothinking,ALL,ALL,0.8,214,167,37,6,177,161,0.86,0.17,0.96,0.52,0.29,42,0.2,62,65,451,0.49,0.12,0
e4b_conformer5s_text_nothinking,ALL,ALL,0.9,214,167,31,4,183,163,0.89,0.14,0.98,0.51,0.25,35,0.16,52,48,461,0.52,0.1,0
e4b_conformer5s_text_nothinking,ALL,ALL,none,214,167,38,6,176,161,0.86,0.18,0.96,0.52,0.29,42,0.2,64,78,449,0.45,0.12,0
e4b_conformer5s_text_nothinking,hindi,PlatformMove,0.0,31,86,3,1,28,85,0.75,0.1,0.99,0.75,0.17,3,0.1,3,4,41,0.43,0.07,0
e4b_conformer5s_text_nothinking,hindi,PlatformMove,0.1,31,86,3,1,28,85,0.75,0.1,0.99,0.75,0.17,3,0.1,3,4,41,0.43,0.07,0
e4b_conformer5s_text_nothinking,hindi,PlatformMove,0.2,31,86,3,1,28,85,0.75,0.1,0.99,0.75,0.17,3,0.1,3,4,41,0.43,0.07,0
e4b_conformer5s_text_nothinking,hindi,PlatformMove,0.3,31,86,3,1,28,85,0.75,0.1,0.99,0.75,0.17,3,0.1,3,4,41,0.43,0.07,0
e4b_conformer5s_text_nothinking,hindi,PlatformMove,0.4,31,86,3,1,28,85,0.75,0.1,0.99,0.75,0.17,3,0.1,3,4,41,0.43,0.07,0
e4b_conformer5s_text_nothinking,hindi,PlatformMove,0.5,31,86,3,1,28,85,0.75,0.1,0.99,0.75,0.17,3,0.1,3,4,41,0.43,0.07,0
e4b_conformer5s_text_nothinking,hindi,PlatformMove,0.6,31,86,3,1,28,85,0.75,0.1,0.99,0.75,0.17,3,0.1,3,4,41,0.43,0.07,0
e4b_conformer5s_text_nothinking,hindi,PlatformMove,0.7,31,86,3,1,28,85,0.75,0.1,0.99,0.75,0.17,3,0.1,3,4,41,0.43,0.07,0
e4b_conformer5s_text_nothinking,hindi,PlatformMove,0.8,31,86,3,1,28,85,0.75,0.1,0.99,0.75,0.17,3,0.1,3,2,41,0.6,0.07,0
e4b_conformer5s_text_nothinking,hindi,PlatformMove,0.9,31,86,2,1,29,85,0.67,0.06,0.99,0.74,0.12,2,0.06,2,2,42,0.5,0.05,0
e4b_conformer5s_text_nothinking,hindi,PlatformMove,none,31,86,3,1,28,85,0.75,0.1,0.99,0.75,0.17,3,0.1,3,4,41,0.43,0.07,0
e4b_conformer5s_text_nothinking,hindi,SuspiciousActivity,0.0,21,96,9,2,12,94,0.82,0.43,0.98,0.88,0.56,9,0.43,14,13,16,0.52,0.47,0
e4b_conformer5s_text_nothinking,hindi,SuspiciousActivity,0.1,21,96,9,2,12,94,0.82,0.43,0.98,0.88,0.56,9,0.43,14,13,16,0.52,0.47,0
e4b_conformer5s_text_nothinking,hindi,SuspiciousActivity,0.2,21,96,9,2,12,94,0.82,0.43,0.98,0.88,0.56,9,0.43,14,13,16,0.52,0.47,0
e4b_conformer5s_text_nothinking,hindi,SuspiciousActivity,0.3,21,96,9,2,12,94,0.82,0.43,0.98,0.88,0.56,9,0.43,14,13,16,0.52,0.47,0
e4b_conformer5s_text_nothinking,hindi,SuspiciousActivity,0.4,21,96,9,2,12,94,0.82,0.43,0.98,0.88,0.56,9,0.43,14,13,16,0.52,0.47,0
e4b_conformer5s_text_nothinking,hindi,SuspiciousActivity,0.5,21,96,9,2,12,94,0.82,0.43,0.98,0.88,0.56,9,0.43,14,13,16,0.52,0.47,0
e4b_conformer5s_text_nothinking,hindi,SuspiciousActivity,0.6,21,96,9,2,12,94,0.82,0.43,0.98,0.88,0.56,9,0.43,14,13,16,0.52,0.47,0
e4b_conformer5s_text_nothinking,hindi,SuspiciousActivity,0.7,21,96,9,2,12,94,0.82,0.43,0.98,0.88,0.56,9,0.43,14,13,16,0.52,0.47,0
e4b_conformer5s_text_nothinking,hindi,SuspiciousActivity,0.8,21,96,9,2,12,94,0.82,0.43,0.98,0.88,0.56,9,0.43,14,12,16,0.54,0.47,0
e4b_conformer5s_text_nothinking,hindi,SuspiciousActivity,0.9,21,96,7,2,14,94,0.78,0.33,0.98,0.86,0.47,7,0.33,11,10,19,0.52,0.37,0
e4b_conformer5s_text_nothinking,hindi,SuspiciousActivity,none,21,96,9,2,12,94,0.82,0.43,0.98,0.88,0.56,9,0.43,14,13,16,0.52,0.47,0
e4b_conformer5s_text_nothinking,hindi,Explicit-Flirting,0.0,33,84,3,0,30,84,1.0,0.09,1.0,0.74,0.17,3,0.09,8,6,56,0.57,0.12,0
e4b_conformer5s_text_nothinking,hindi,Explicit-Flirting,0.1,33,84,3,0,30,84,1.0,0.09,1.0,0.74,0.17,3,0.09,8,6,56,0.57,0.12,0
e4b_conformer5s_text_nothinking,hindi,Explicit-Flirting,0.2,33,84,3,0,30,84,1.0,0.09,1.0,0.74,0.17,3,0.09,8,6,56,0.57,0.12,0
e4b_conformer5s_text_nothinking,hindi,Explicit-Flirting,0.3,33,84,3,0,30,84,1.0,0.09,1.0,0.74,0.17,3,0.09,8,6,56,0.57,0.12,0
e4b_conformer5s_text_nothinking,hindi,Explicit-Flirting,0.4,33,84,3,0,30,84,1.0,0.09,1.0,0.74,0.17,3,0.09,8,6,56,0.57,0.12,0
e4b_conformer5s_text_nothinking,hindi,Explicit-Flirting,0.5,33,84,3,0,30,84,1.0,0.09,1.0,0.74,0.17,3,0.09,8,4,56,0.67,0.12,0
e4b_conformer5s_text_nothinking,hindi,Explicit-Flirting,0.6,33,84,3,0,30,84,1.0,0.09,1.0,0.74,0.17,3,0.09,8,4,56,0.67,0.12,0
e4b_conformer5s_text_nothinking,hindi,Explicit-Flirting,0.7,33,84,3,0,30,84,1.0,0.09,1.0,0.74,0.17,3,0.09,8,4,56,0.67,0.12,0
e4b_conformer5s_text_nothinking,hindi,Explicit-Flirting,0.8,33,84,3,0,30,84,1.0,0.09,1.0,0.74,0.17,3,0.09,8,4,56,0.67,0.12,0
e4b_conformer5s_text_nothinking,hindi,Explicit-Flirting,0.9,33,84,2,0,31,84,1.0,0.06,1.0,0.74,0.11,3,0.09,4,1,60,0.8,0.06,0
e4b_conformer5s_text_nothinking,hindi,Explicit-Flirting,none,33,84,3,0,30,84,1.0,0.09,1.0,0.74,0.17,3,0.09,8,6,56,0.57,0.12,0
e4b_conformer5s_text_nothinking,hindi,ALL,0.0,58,59,15,2,43,57,0.88,0.26,0.97,0.62,0.4,16,0.28,25,23,113,0.52,0.18,0
e4b_conformer5s_text_nothinking,hindi,ALL,0.1,58,59,15,2,43,57,0.88,0.26,0.97,0.62,0.4,16,0.28,25,23,113,0.52,0.18,0
e4b_conformer5s_text_nothinking,hindi,ALL,0.2,58,59,15,2,43,57,0.88,0.26,0.97,0.62,0.4,16,0.28,25,23,113,0.52,0.18,0
e4b_conformer5s_text_nothinking,hindi,ALL,0.3,58,59,15,2,43,57,0.88,0.26,0.97,0.62,0.4,16,0.28,25,23,113,0.52,0.18,0
e4b_conformer5s_text_nothinking,hindi,ALL,0.4,58,59,15,2,43,57,0.88,0.26,0.97,0.62,0.4,16,0.28,25,23,113,0.52,0.18,0
e4b_conformer5s_text_nothinking,hindi,ALL,0.5,58,59,15,2,43,57,0.88,0.26,0.97,0.62,0.4,16,0.28,25,21,113,0.54,0.18,0
e4b_conformer5s_text_nothinking,hindi,ALL,0.6,58,59,15,2,43,57,0.88,0.26,0.97,0.62,0.4,16,0.28,25,21,113,0.54,0.18,0
e4b_conformer5s_text_nothinking,hindi,ALL,0.7,58,59,15,2,43,57,0.88,0.26,0.97,0.62,0.4,16,0.28,25,21,113,0.54,0.18,0
e4b_conformer5s_text_nothinking,hindi,ALL,0.8,58,59,15,2,43,57,0.88,0.26,0.97,0.62,0.4,16,0.28,25,18,113,0.58,0.18,0
e4b_conformer5s_text_nothinking,hindi,ALL,0.9,58,59,11,2,47,57,0.85,0.19,0.97,0.58,0.31,13,0.22,17,13,121,0.57,0.12,0
e4b_conformer5s_text_nothinking,hindi,ALL,none,58,59,15,2,43,57,0.88,0.26,0.97,0.62,0.4,16,0.28,25,23,113,0.52,0.18,0
e4b_conformer5s_text_nothinking,kannada,PlatformMove,0.0,24,44,4,1,20,43,0.8,0.17,0.98,0.69,0.28,4,0.17,5,9,31,0.36,0.14,0
e4b_conformer5s_text_nothinking,kannada,PlatformMove,0.1,24,44,4,1,20,43,0.8,0.17,0.98,0.69,0.28,4,0.17,5,9,31,0.36,0.14,0
e4b_conformer5s_text_nothinking,kannada,PlatformMove,0.2,24,44,4,1,20,43,0.8,0.17,0.98,0.69,0.28,4,0.17,5,9,31,0.36,0.14,0
e4b_conformer5s_text_nothinking,kannada,PlatformMove,0.3,24,44,4,1,20,43,0.8,0.17,0.98,0.69,0.28,4,0.17,5,9,31,0.36,0.14,0
e4b_conformer5s_text_nothinking,kannada,PlatformMove,0.4,24,44,4,1,20,43,0.8,0.17,0.98,0.69,0.28,4,0.17,5,9,31,0.36,0.14,0
e4b_conformer5s_text_nothinking,kannada,PlatformMove,0.5,24,44,4,1,20,43,0.8,0.17,0.98,0.69,0.28,4,0.17,5,9,31,0.36,0.14,0
e4b_conformer5s_text_nothinking,kannada,PlatformMove,0.6,24,44,4,1,20,43,0.8,0.17,0.98,0.69,0.28,4,0.17,5,9,31,0.36,0.14,0
e4b_conformer5s_text_nothinking,kannada,PlatformMove,0.7,24,44,4,1,20,43,0.8,0.17,0.98,0.69,0.28,4,0.17,5,9,31,0.36,0.14,0
e4b_conformer5s_text_nothinking,kannada,PlatformMove,0.8,24,44,4,1,20,43,0.8,0.17,0.98,0.69,0.28,4,0.17,5,9,31,0.36,0.14,0
e4b_conformer5s_text_nothinking,kannada,PlatformMove,0.9,24,44,4,1,20,43,0.8,0.17,0.98,0.69,0.28,4,0.17,5,9,31,0.36,0.14,0
e4b_conformer5s_text_nothinking,kannada,PlatformMove,none,24,44,4,1,20,43,0.8,0.17,0.98,0.69,0.28,4,0.17,5,9,31,0.36,0.14,0
e4b_conformer5s_text_nothinking,kannada,SuspiciousActivity,0.0,12,56,4,0,8,56,1.0,0.33,1.0,0.88,0.5,4,0.33,4,2,10,0.67,0.29,0
e4b_conformer5s_text_nothinking,kannada,SuspiciousActivity,0.1,12,56,4,0,8,56,1.0,0.33,1.0,0.88,0.5,4,0.33,4,2,10,0.67,0.29,0
e4b_conformer5s_text_nothinking,kannada,SuspiciousActivity,0.2,12,56,4,0,8,56,1.0,0.33,1.0,0.88,0.5,4,0.33,4,2,10,0.67,0.29,0
e4b_conformer5s_text_nothinking,kannada,SuspiciousActivity,0.3,12,56,4,0,8,56,1.0,0.33,1.0,0.88,0.5,4,0.33,4,2,10,0.67,0.29,0
e4b_conformer5s_text_nothinking,kannada,SuspiciousActivity,0.4,12,56,4,0,8,56,1.0,0.33,1.0,0.88,0.5,4,0.33,4,2,10,0.67,0.29,0
e4b_conformer5s_text_nothinking,kannada,SuspiciousActivity,0.5,12,56,4,0,8,56,1.0,0.33,1.0,0.88,0.5,4,0.33,4,2,10,0.67,0.29,0
e4b_conformer5s_text_nothinking,kannada,SuspiciousActivity,0.6,12,56,4,0,8,56,1.0,0.33,1.0,0.88,0.5,4,0.33,4,2,10,0.67,0.29,0
e4b_conformer5s_text_nothinking,kannada,SuspiciousActivity,0.7,12,56,4,0,8,56,1.0,0.33,1.0,0.88,0.5,4,0.33,4,2,10,0.67,0.29,0
e4b_conformer5s_text_nothinking,kannada,SuspiciousActivity,0.8,12,56,4,0,8,56,1.0,0.33,1.0,0.88,0.5,4,0.33,4,2,10,0.67,0.29,0
e4b_conformer5s_text_nothinking,kannada,SuspiciousActivity,0.9,12,56,4,0,8,56,1.0,0.33,1.0,0.88,0.5,4,0.33,4,2,10,0.67,0.29,0
e4b_conformer5s_text_nothinking,kannada,SuspiciousActivity,none,12,56,4,0,8,56,1.0,0.33,1.0,0.88,0.5,4,0.33,4,2,10,0.67,0.29,0
e4b_conformer5s_text_nothinking,kannada,Explicit-Flirting,0.0,14,54,0,1,14,53,0.0,0.0,0.98,0.78,,0,0.0,0,1,33,0.0,0.0,0
e4b_conformer5s_text_nothinking,kannada,Explicit-Flirting,0.1,14,54,0,1,14,53,0.0,0.0,0.98,0.78,,0,0.0,0,1,33,0.0,0.0,0
e4b_conformer5s_text_nothinking,kannada,Explicit-Flirting,0.2,14,54,0,1,14,53,0.0,0.0,0.98,0.78,,0,0.0,0,1,33,0.0,0.0,0
e4b_conformer5s_text_nothinking,kannada,Explicit-Flirting,0.3,14,54,0,1,14,53,0.0,0.0,0.98,0.78,,0,0.0,0,1,33,0.0,0.0,0
e4b_conformer5s_text_nothinking,kannada,Explicit-Flirting,0.4,14,54,0,1,14,53,0.0,0.0,0.98,0.78,,0,0.0,0,1,33,0.0,0.0,0
e4b_conformer5s_text_nothinking,kannada,Explicit-Flirting,0.5,14,54,0,1,14,53,0.0,0.0,0.98,0.78,,0,0.0,0,1,33,0.0,0.0,0
e4b_conformer5s_text_nothinking,kannada,Explicit-Flirting,0.6,14,54,0,1,14,53,0.0,0.0,0.98,0.78,,0,0.0,0,1,33,0.0,0.0,0
e4b_conformer5s_text_nothinking,kannada,Explicit-Flirting,0.7,14,54,0,1,14,53,0.0,0.0,0.98,0.78,,0,0.0,0,1,33,0.0,0.0,0
e4b_conformer5s_text_nothinking,kannada,Explicit-Flirting,0.8,14,54,0,1,14,53,0.0,0.0,0.98,0.78,,0,0.0,0,1,33,0.0,0.0,0
e4b_conformer5s_text_nothinking,kannada,Explicit-Flirting,0.9,14,54,0,0,14,54,,0.0,1.0,0.79,,0,0.0,0,0,33,,0.0,0
e4b_conformer5s_text_nothinking,kannada,Explicit-Flirting,none,14,54,0,1,14,53,0.0,0.0,0.98,0.78,,0,0.0,0,1,33,0.0,0.0,0
e4b_conformer5s_text_nothinking,kannada,ALL,0.0,31,37,6,1,25,36,0.86,0.19,0.97,0.62,0.32,6,0.19,9,12,74,0.43,0.11,0
e4b_conformer5s_text_nothinking,kannada,ALL,0.1,31,37,6,1,25,36,0.86,0.19,0.97,0.62,0.32,6,0.19,9,12,74,0.43,0.11,0
e4b_conformer5s_text_nothinking,kannada,ALL,0.2,31,37,6,1,25,36,0.86,0.19,0.97,0.62,0.32,6,0.19,9,12,74,0.43,0.11,0
e4b_conformer5s_text_nothinking,kannada,ALL,0.3,31,37,6,1,25,36,0.86,0.19,0.97,0.62,0.32,6,0.19,9,12,74,0.43,0.11,0
e4b_conformer5s_text_nothinking,kannada,ALL,0.4,31,37,6,1,25,36,0.86,0.19,0.97,0.62,0.32,6,0.19,9,12,74,0.43,0.11,0
e4b_conformer5s_text_nothinking,kannada,ALL,0.5,31,37,6,1,25,36,0.86,0.19,0.97,0.62,0.32,6,0.19,9,12,74,0.43,0.11,0
e4b_conformer5s_text_nothinking,kannada,ALL,0.6,31,37,6,1,25,36,0.86,0.19,0.97,0.62,0.32,6,0.19,9,12,74,0.43,0.11,0
e4b_conformer5s_text_nothinking,kannada,ALL,0.7,31,37,6,1,25,36,0.86,0.19,0.97,0.62,0.32,6,0.19,9,12,74,0.43,0.11,0
e4b_conformer5s_text_nothinking,kannada,ALL,0.8,31,37,6,1,25,36,0.86,0.19,0.97,0.62,0.32,6,0.19,9,12,74,0.43,0.11,0
e4b_conformer5s_text_nothinking,kannada,ALL,0.9,31,37,6,1,25,36,0.86,0.19,0.97,0.62,0.32,6,0.19,9,11,74,0.45,0.11,0
e4b_conformer5s_text_nothinking,kannada,ALL,none,31,37,6,1,25,36,0.86,0.19,0.97,0.62,0.32,6,0.19,9,12,74,0.43,0.11,0
e4b_conformer5s_text_nothinking,malayalam,PlatformMove,0.0,22,36,2,0,20,36,1.0,0.09,1.0,0.66,0.17,2,0.09,4,1,29,0.8,0.12,0
e4b_conformer5s_text_nothinking,malayalam,PlatformMove,0.1,22,36,2,0,20,36,1.0,0.09,1.0,0.66,0.17,2,0.09,4,1,29,0.8,0.12,0
e4b_conformer5s_text_nothinking,malayalam,PlatformMove,0.2,22,36,2,0,20,36,1.0,0.09,1.0,0.66,0.17,2,0.09,4,1,29,0.8,0.12,0
e4b_conformer5s_text_nothinking,malayalam,PlatformMove,0.3,22,36,2,0,20,36,1.0,0.09,1.0,0.66,0.17,2,0.09,4,1,29,0.8,0.12,0
e4b_conformer5s_text_nothinking,malayalam,PlatformMove,0.4,22,36,2,0,20,36,1.0,0.09,1.0,0.66,0.17,2,0.09,4,1,29,0.8,0.12,0
e4b_conformer5s_text_nothinking,malayalam,PlatformMove,0.5,22,36,2,0,20,36,1.0,0.09,1.0,0.66,0.17,2,0.09,4,1,29,0.8,0.12,0
e4b_conformer5s_text_nothinking,malayalam,PlatformMove,0.6,22,36,2,0,20,36,1.0,0.09,1.0,0.66,0.17,2,0.09,4,1,29,0.8,0.12,0
e4b_conformer5s_text_nothinking,malayalam,PlatformMove,0.7,22,36,2,0,20,36,1.0,0.09,1.0,0.66,0.17,2,0.09,4,1,29,0.8,0.12,0
e4b_conformer5s_text_nothinking,malayalam,PlatformMove,0.8,22,36,2,0,20,36,1.0,0.09,1.0,0.66,0.17,2,0.09,4,1,29,0.8,0.12,0
e4b_conformer5s_text_nothinking,malayalam,PlatformMove,0.9,22,36,2,0,20,36,1.0,0.09,1.0,0.66,0.17,2,0.09,4,1,29,0.8,0.12,0
e4b_conformer5s_text_nothinking,malayalam,PlatformMove,none,22,36,2,0,20,36,1.0,0.09,1.0,0.66,0.17,2,0.09,4,1,29,0.8,0.12,0
e4b_conformer5s_text_nothinking,malayalam,SuspiciousActivity,0.0,5,53,1,1,4,52,0.5,0.2,0.98,0.91,0.29,1,0.2,1,4,4,0.2,0.2,0
e4b_conformer5s_text_nothinking,malayalam,SuspiciousActivity,0.1,5,53,1,1,4,52,0.5,0.2,0.98,0.91,0.29,1,0.2,1,4,4,0.2,0.2,0
e4b_conformer5s_text_nothinking,malayalam,SuspiciousActivity,0.2,5,53,1,1,4,52,0.5,0.2,0.98,0.91,0.29,1,0.2,1,4,4,0.2,0.2,0
e4b_conformer5s_text_nothinking,malayalam,SuspiciousActivity,0.3,5,53,1,1,4,52,0.5,0.2,0.98,0.91,0.29,1,0.2,1,4,4,0.2,0.2,0
e4b_conformer5s_text_nothinking,malayalam,SuspiciousActivity,0.4,5,53,1,1,4,52,0.5,0.2,0.98,0.91,0.29,1,0.2,1,4,4,0.2,0.2,0
e4b_conformer5s_text_nothinking,malayalam,SuspiciousActivity,0.5,5,53,1,1,4,52,0.5,0.2,0.98,0.91,0.29,1,0.2,1,4,4,0.2,0.2,0
e4b_conformer5s_text_nothinking,malayalam,SuspiciousActivity,0.6,5,53,1,1,4,52,0.5,0.2,0.98,0.91,0.29,1,0.2,1,4,4,0.2,0.2,0
e4b_conformer5s_text_nothinking,malayalam,SuspiciousActivity,0.7,5,53,1,1,4,52,0.5,0.2,0.98,0.91,0.29,1,0.2,1,4,4,0.2,0.2,0
e4b_conformer5s_text_nothinking,malayalam,SuspiciousActivity,0.8,5,53,1,1,4,52,0.5,0.2,0.98,0.91,0.29,1,0.2,1,4,4,0.2,0.2,0
e4b_conformer5s_text_nothinking,malayalam,SuspiciousActivity,0.9,5,53,1,1,4,52,0.5,0.2,0.98,0.91,0.29,1,0.2,1,4,4,0.2,0.2,0
e4b_conformer5s_text_nothinking,malayalam,SuspiciousActivity,none,5,53,1,1,4,52,0.5,0.2,0.98,0.91,0.29,1,0.2,1,4,4,0.2,0.2,0
e4b_conformer5s_text_nothinking,malayalam,Explicit-Flirting,0.0,21,37,1,1,20,36,0.5,0.05,0.97,0.64,0.09,1,0.05,1,1,35,0.5,0.03,0
e4b_conformer5s_text_nothinking,malayalam,Explicit-Flirting,0.1,21,37,1,1,20,36,0.5,0.05,0.97,0.64,0.09,1,0.05,1,1,35,0.5,0.03,0
e4b_conformer5s_text_nothinking,malayalam,Explicit-Flirting,0.2,21,37,1,1,20,36,0.5,0.05,0.97,0.64,0.09,1,0.05,1,1,35,0.5,0.03,0
e4b_conformer5s_text_nothinking,malayalam,Explicit-Flirting,0.3,21,37,1,1,20,36,0.5,0.05,0.97,0.64,0.09,1,0.05,1,1,35,0.5,0.03,0
e4b_conformer5s_text_nothinking,malayalam,Explicit-Flirting,0.4,21,37,1,1,20,36,0.5,0.05,0.97,0.64,0.09,1,0.05,1,1,35,0.5,0.03,0
e4b_conformer5s_text_nothinking,malayalam,Explicit-Flirting,0.5,21,37,1,1,20,36,0.5,0.05,0.97,0.64,0.09,1,0.05,1,1,35,0.5,0.03,0
e4b_conformer5s_text_nothinking,malayalam,Explicit-Flirting,0.6,21,37,1,1,20,36,0.5,0.05,0.97,0.64,0.09,1,0.05,1,1,35,0.5,0.03,0
e4b_conformer5s_text_nothinking,malayalam,Explicit-Flirting,0.7,21,37,1,1,20,36,0.5,0.05,0.97,0.64,0.09,1,0.05,1,1,35,0.5,0.03,0
e4b_conformer5s_text_nothinking,malayalam,Explicit-Flirting,0.8,21,37,1,1,20,36,0.5,0.05,0.97,0.64,0.09,1,0.05,1,1,35,0.5,0.03,0
e4b_conformer5s_text_nothinking,malayalam,Explicit-Flirting,0.9,21,37,0,0,21,37,,0.0,1.0,0.64,,0,0.0,0,0,36,,0.0,0
e4b_conformer5s_text_nothinking,malayalam,Explicit-Flirting,none,21,37,1,1,20,36,0.5,0.05,0.97,0.64,0.09,1,0.05,1,1,35,0.5,0.03,0
e4b_conformer5s_text_nothinking,malayalam,ALL,0.0,35,23,3,2,32,21,0.6,0.09,0.91,0.41,0.15,3,0.09,6,6,68,0.5,0.08,0
e4b_conformer5s_text_nothinking,malayalam,ALL,0.1,35,23,3,2,32,21,0.6,0.09,0.91,0.41,0.15,3,0.09,6,6,68,0.5,0.08,0
e4b_conformer5s_text_nothinking,malayalam,ALL,0.2,35,23,3,2,32,21,0.6,0.09,0.91,0.41,0.15,3,0.09,6,6,68,0.5,0.08,0
e4b_conformer5s_text_nothinking,malayalam,ALL,0.3,35,23,3,2,32,21,0.6,0.09,0.91,0.41,0.15,3,0.09,6,6,68,0.5,0.08,0
e4b_conformer5s_text_nothinking,malayalam,ALL,0.4,35,23,3,2,32,21,0.6,0.09,0.91,0.41,0.15,3,0.09,6,6,68,0.5,0.08,0
e4b_conformer5s_text_nothinking,malayalam,ALL,0.5,35,23,3,2,32,21,0.6,0.09,0.91,0.41,0.15,3,0.09,6,6,68,0.5,0.08,0
e4b_conformer5s_text_nothinking,malayalam,ALL,0.6,35,23,3,2,32,21,0.6,0.09,0.91,0.41,0.15,3,0.09,6,6,68,0.5,0.08,0
e4b_conformer5s_text_nothinking,malayalam,ALL,0.7,35,23,3,2,32,21,0.6,0.09,0.91,0.41,0.15,3,0.09,6,6,68,0.5,0.08,0
e4b_conformer5s_text_nothinking,malayalam,ALL,0.8,35,23,3,2,32,21,0.6,0.09,0.91,0.41,0.15,3,0.09,6,6,68,0.5,0.08,0
e4b_conformer5s_text_nothinking,malayalam,ALL,0.9,35,23,2,1,33,22,0.67,0.06,0.96,0.41,0.11,2,0.06,5,5,69,0.5,0.07,0
e4b_conformer5s_text_nothinking,malayalam,ALL,none,35,23,3,2,32,21,0.6,0.09,0.91,0.41,0.15,3,0.09,6,6,68,0.5,0.08,0
e4b_conformer5s_text_nothinking,tamil,PlatformMove,0.0,20,45,3,0,17,45,1.0,0.15,1.0,0.74,0.26,3,0.15,4,4,27,0.5,0.13,0
e4b_conformer5s_text_nothinking,tamil,PlatformMove,0.1,20,45,3,0,17,45,1.0,0.15,1.0,0.74,0.26,3,0.15,4,4,27,0.5,0.13,0
e4b_conformer5s_text_nothinking,tamil,PlatformMove,0.2,20,45,3,0,17,45,1.0,0.15,1.0,0.74,0.26,3,0.15,4,4,27,0.5,0.13,0
e4b_conformer5s_text_nothinking,tamil,PlatformMove,0.3,20,45,3,0,17,45,1.0,0.15,1.0,0.74,0.26,3,0.15,4,4,27,0.5,0.13,0
e4b_conformer5s_text_nothinking,tamil,PlatformMove,0.4,20,45,3,0,17,45,1.0,0.15,1.0,0.74,0.26,3,0.15,4,4,27,0.5,0.13,0
e4b_conformer5s_text_nothinking,tamil,PlatformMove,0.5,20,45,3,0,17,45,1.0,0.15,1.0,0.74,0.26,3,0.15,4,4,27,0.5,0.13,0
e4b_conformer5s_text_nothinking,tamil,PlatformMove,0.6,20,45,3,0,17,45,1.0,0.15,1.0,0.74,0.26,3,0.15,4,4,27,0.5,0.13,0
e4b_conformer5s_text_nothinking,tamil,PlatformMove,0.7,20,45,3,0,17,45,1.0,0.15,1.0,0.74,0.26,3,0.15,4,4,27,0.5,0.13,0
e4b_conformer5s_text_nothinking,tamil,PlatformMove,0.8,20,45,3,0,17,45,1.0,0.15,1.0,0.74,0.26,3,0.15,4,4,27,0.5,0.13,0
e4b_conformer5s_text_nothinking,tamil,PlatformMove,0.9,20,45,3,0,17,45,1.0,0.15,1.0,0.74,0.26,3,0.15,4,4,27,0.5,0.13,0
e4b_conformer5s_text_nothinking,tamil,PlatformMove,none,20,45,3,0,17,45,1.0,0.15,1.0,0.74,0.26,3,0.15,4,4,27,0.5,0.13,0
e4b_conformer5s_text_nothinking,tamil,SuspiciousActivity,0.0,11,54,2,1,9,53,0.67,0.18,0.98,0.85,0.29,3,0.27,2,3,11,0.4,0.15,0
e4b_conformer5s_text_nothinking,tamil,SuspiciousActivity,0.1,11,54,2,1,9,53,0.67,0.18,0.98,0.85,0.29,3,0.27,2,3,11,0.4,0.15,0
e4b_conformer5s_text_nothinking,tamil,SuspiciousActivity,0.2,11,54,2,1,9,53,0.67,0.18,0.98,0.85,0.29,3,0.27,2,3,11,0.4,0.15,0
e4b_conformer5s_text_nothinking,tamil,SuspiciousActivity,0.3,11,54,2,1,9,53,0.67,0.18,0.98,0.85,0.29,3,0.27,2,3,11,0.4,0.15,0
e4b_conformer5s_text_nothinking,tamil,SuspiciousActivity,0.4,11,54,2,1,9,53,0.67,0.18,0.98,0.85,0.29,3,0.27,2,3,11,0.4,0.15,0
e4b_conformer5s_text_nothinking,tamil,SuspiciousActivity,0.5,11,54,2,1,9,53,0.67,0.18,0.98,0.85,0.29,3,0.27,2,3,11,0.4,0.15,0
e4b_conformer5s_text_nothinking,tamil,SuspiciousActivity,0.6,11,54,2,1,9,53,0.67,0.18,0.98,0.85,0.29,3,0.27,2,3,11,0.4,0.15,0
e4b_conformer5s_text_nothinking,tamil,SuspiciousActivity,0.7,11,54,2,1,9,53,0.67,0.18,0.98,0.85,0.29,3,0.27,2,3,11,0.4,0.15,0
e4b_conformer5s_text_nothinking,tamil,SuspiciousActivity,0.8,11,54,2,1,9,53,0.67,0.18,0.98,0.85,0.29,3,0.27,2,3,11,0.4,0.15,0
e4b_conformer5s_text_nothinking,tamil,SuspiciousActivity,0.9,11,54,2,0,9,54,1.0,0.18,1.0,0.86,0.31,2,0.18,2,1,11,0.67,0.15,0
e4b_conformer5s_text_nothinking,tamil,SuspiciousActivity,none,11,54,2,1,9,53,0.67,0.18,0.98,0.85,0.29,3,0.27,2,3,11,0.4,0.15,0
e4b_conformer5s_text_nothinking,tamil,Explicit-Flirting,0.0,20,45,2,0,18,45,1.0,0.1,1.0,0.72,0.18,2,0.1,3,7,47,0.3,0.06,0
e4b_conformer5s_text_nothinking,tamil,Explicit-Flirting,0.1,20,45,2,0,18,45,1.0,0.1,1.0,0.72,0.18,2,0.1,3,7,47,0.3,0.06,0
e4b_conformer5s_text_nothinking,tamil,Explicit-Flirting,0.2,20,45,2,0,18,45,1.0,0.1,1.0,0.72,0.18,2,0.1,3,7,47,0.3,0.06,0
e4b_conformer5s_text_nothinking,tamil,Explicit-Flirting,0.3,20,45,2,0,18,45,1.0,0.1,1.0,0.72,0.18,2,0.1,3,7,47,0.3,0.06,0
e4b_conformer5s_text_nothinking,tamil,Explicit-Flirting,0.4,20,45,2,0,18,45,1.0,0.1,1.0,0.72,0.18,2,0.1,3,7,47,0.3,0.06,0
e4b_conformer5s_text_nothinking,tamil,Explicit-Flirting,0.5,20,45,2,0,18,45,1.0,0.1,1.0,0.72,0.18,2,0.1,3,6,47,0.33,0.06,0
e4b_conformer5s_text_nothinking,tamil,Explicit-Flirting,0.6,20,45,2,0,18,45,1.0,0.1,1.0,0.72,0.18,2,0.1,3,6,47,0.33,0.06,0
e4b_conformer5s_text_nothinking,tamil,Explicit-Flirting,0.7,20,45,2,0,18,45,1.0,0.1,1.0,0.72,0.18,2,0.1,2,4,48,0.33,0.04,0
e4b_conformer5s_text_nothinking,tamil,Explicit-Flirting,0.8,20,45,1,0,19,45,1.0,0.05,1.0,0.71,0.1,2,0.1,1,2,49,0.33,0.02,0
e4b_conformer5s_text_nothinking,tamil,Explicit-Flirting,0.9,20,45,0,0,20,45,,0.0,1.0,0.69,,0,0.0,0,0,50,,0.0,0
e4b_conformer5s_text_nothinking,tamil,Explicit-Flirting,none,20,45,2,0,18,45,1.0,0.1,1.0,0.72,0.18,2,0.1,3,7,47,0.3,0.06,0
e4b_conformer5s_text_nothinking,tamil,ALL,0.0,34,31,5,1,29,30,0.83,0.15,0.97,0.54,0.25,6,0.18,9,14,85,0.39,0.1,0
e4b_conformer5s_text_nothinking,tamil,ALL,0.1,34,31,5,1,29,30,0.83,0.15,0.97,0.54,0.25,6,0.18,9,14,85,0.39,0.1,0
e4b_conformer5s_text_nothinking,tamil,ALL,0.2,34,31,5,1,29,30,0.83,0.15,0.97,0.54,0.25,6,0.18,9,14,85,0.39,0.1,0
e4b_conformer5s_text_nothinking,tamil,ALL,0.3,34,31,5,1,29,30,0.83,0.15,0.97,0.54,0.25,6,0.18,9,14,85,0.39,0.1,0
e4b_conformer5s_text_nothinking,tamil,ALL,0.4,34,31,5,1,29,30,0.83,0.15,0.97,0.54,0.25,6,0.18,9,14,85,0.39,0.1,0
e4b_conformer5s_text_nothinking,tamil,ALL,0.5,34,31,5,1,29,30,0.83,0.15,0.97,0.54,0.25,6,0.18,9,13,85,0.41,0.1,0
e4b_conformer5s_text_nothinking,tamil,ALL,0.6,34,31,5,1,29,30,0.83,0.15,0.97,0.54,0.25,6,0.18,9,13,85,0.41,0.1,0
e4b_conformer5s_text_nothinking,tamil,ALL,0.7,34,31,5,1,29,30,0.83,0.15,0.97,0.54,0.25,6,0.18,8,11,86,0.42,0.09,0
e4b_conformer5s_text_nothinking,tamil,ALL,0.8,34,31,4,1,30,30,0.8,0.12,0.97,0.52,0.21,6,0.18,7,9,87,0.44,0.07,0
e4b_conformer5s_text_nothinking,tamil,ALL,0.9,34,31,3,0,31,31,1.0,0.09,1.0,0.52,0.16,3,0.09,6,5,88,0.55,0.06,0
e4b_conformer5s_text_nothinking,tamil,ALL,none,34,31,5,1,29,30,0.83,0.15,0.97,0.54,0.25,6,0.18,9,14,85,0.39,0.1,0
e4b_conformer5s_text_nothinking,telugu,PlatformMove,0.0,33,40,4,0,29,40,1.0,0.12,1.0,0.6,0.22,6,0.18,6,12,41,0.33,0.13,0
e4b_conformer5s_text_nothinking,telugu,PlatformMove,0.1,33,40,4,0,29,40,1.0,0.12,1.0,0.6,0.22,6,0.18,6,11,41,0.35,0.13,0
e4b_conformer5s_text_nothinking,telugu,PlatformMove,0.2,33,40,4,0,29,40,1.0,0.12,1.0,0.6,0.22,6,0.18,6,11,41,0.35,0.13,0
e4b_conformer5s_text_nothinking,telugu,PlatformMove,0.3,33,40,4,0,29,40,1.0,0.12,1.0,0.6,0.22,6,0.18,6,11,41,0.35,0.13,0
e4b_conformer5s_text_nothinking,telugu,PlatformMove,0.4,33,40,4,0,29,40,1.0,0.12,1.0,0.6,0.22,6,0.18,6,11,41,0.35,0.13,0
e4b_conformer5s_text_nothinking,telugu,PlatformMove,0.5,33,40,4,0,29,40,1.0,0.12,1.0,0.6,0.22,6,0.18,6,11,41,0.35,0.13,0
e4b_conformer5s_text_nothinking,telugu,PlatformMove,0.6,33,40,4,0,29,40,1.0,0.12,1.0,0.6,0.22,6,0.18,6,11,41,0.35,0.13,0
e4b_conformer5s_text_nothinking,telugu,PlatformMove,0.7,33,40,4,0,29,40,1.0,0.12,1.0,0.6,0.22,6,0.18,6,10,41,0.38,0.13,0
e4b_conformer5s_text_nothinking,telugu,PlatformMove,0.8,33,40,4,0,29,40,1.0,0.12,1.0,0.6,0.22,6,0.18,6,9,41,0.4,0.13,0
e4b_conformer5s_text_nothinking,telugu,PlatformMove,0.9,33,40,4,0,29,40,1.0,0.12,1.0,0.6,0.22,6,0.18,6,9,41,0.4,0.13,0
e4b_conformer5s_text_nothinking,telugu,PlatformMove,none,33,40,4,0,29,40,1.0,0.12,1.0,0.6,0.22,6,0.18,6,12,41,0.33,0.13,0
e4b_conformer5s_text_nothinking,telugu,SuspiciousActivity,0.0,21,52,5,0,16,52,1.0,0.24,1.0,0.78,0.38,7,0.33,9,11,21,0.45,0.3,0
e4b_conformer5s_text_nothinking,telugu,SuspiciousActivity,0.1,21,52,5,0,16,52,1.0,0.24,1.0,0.78,0.38,7,0.33,9,11,21,0.45,0.3,0
e4b_conformer5s_text_nothinking,telugu,SuspiciousActivity,0.2,21,52,5,0,16,52,1.0,0.24,1.0,0.78,0.38,7,0.33,9,11,21,0.45,0.3,0
e4b_conformer5s_text_nothinking,telugu,SuspiciousActivity,0.3,21,52,5,0,16,52,1.0,0.24,1.0,0.78,0.38,7,0.33,9,11,21,0.45,0.3,0
e4b_conformer5s_text_nothinking,telugu,SuspiciousActivity,0.4,21,52,5,0,16,52,1.0,0.24,1.0,0.78,0.38,7,0.33,9,11,21,0.45,0.3,0
e4b_conformer5s_text_nothinking,telugu,SuspiciousActivity,0.5,21,52,5,0,16,52,1.0,0.24,1.0,0.78,0.38,7,0.33,9,11,21,0.45,0.3,0
e4b_conformer5s_text_nothinking,telugu,SuspiciousActivity,0.6,21,52,5,0,16,52,1.0,0.24,1.0,0.78,0.38,7,0.33,9,11,21,0.45,0.3,0
e4b_conformer5s_text_nothinking,telugu,SuspiciousActivity,0.7,21,52,5,0,16,52,1.0,0.24,1.0,0.78,0.38,7,0.33,9,11,21,0.45,0.3,0
e4b_conformer5s_text_nothinking,telugu,SuspiciousActivity,0.8,21,52,5,0,16,52,1.0,0.24,1.0,0.78,0.38,7,0.33,9,11,21,0.45,0.3,0
e4b_conformer5s_text_nothinking,telugu,SuspiciousActivity,0.9,21,52,5,0,16,52,1.0,0.24,1.0,0.78,0.38,6,0.29,9,5,21,0.64,0.3,0
e4b_conformer5s_text_nothinking,telugu,SuspiciousActivity,none,21,52,5,0,16,52,1.0,0.24,1.0,0.78,0.38,7,0.33,9,11,21,0.45,0.3,0
e4b_conformer5s_text_nothinking,telugu,Explicit-Flirting,0.0,25,48,0,0,25,48,,0.0,1.0,0.66,,0,0.0,0,0,47,,0.0,0
e4b_conformer5s_text_nothinking,telugu,Explicit-Flirting,0.1,25,48,0,0,25,48,,0.0,1.0,0.66,,0,0.0,0,0,47,,0.0,0
e4b_conformer5s_text_nothinking,telugu,Explicit-Flirting,0.2,25,48,0,0,25,48,,0.0,1.0,0.66,,0,0.0,0,0,47,,0.0,0
e4b_conformer5s_text_nothinking,telugu,Explicit-Flirting,0.3,25,48,0,0,25,48,,0.0,1.0,0.66,,0,0.0,0,0,47,,0.0,0
e4b_conformer5s_text_nothinking,telugu,Explicit-Flirting,0.4,25,48,0,0,25,48,,0.0,1.0,0.66,,0,0.0,0,0,47,,0.0,0
e4b_conformer5s_text_nothinking,telugu,Explicit-Flirting,0.5,25,48,0,0,25,48,,0.0,1.0,0.66,,0,0.0,0,0,47,,0.0,0
e4b_conformer5s_text_nothinking,telugu,Explicit-Flirting,0.6,25,48,0,0,25,48,,0.0,1.0,0.66,,0,0.0,0,0,47,,0.0,0
e4b_conformer5s_text_nothinking,telugu,Explicit-Flirting,0.7,25,48,0,0,25,48,,0.0,1.0,0.66,,0,0.0,0,0,47,,0.0,0
e4b_conformer5s_text_nothinking,telugu,Explicit-Flirting,0.8,25,48,0,0,25,48,,0.0,1.0,0.66,,0,0.0,0,0,47,,0.0,0
e4b_conformer5s_text_nothinking,telugu,Explicit-Flirting,0.9,25,48,0,0,25,48,,0.0,1.0,0.66,,0,0.0,0,0,47,,0.0,0
e4b_conformer5s_text_nothinking,telugu,Explicit-Flirting,none,25,48,0,0,25,48,,0.0,1.0,0.66,,0,0.0,0,0,47,,0.0,0
e4b_conformer5s_text_nothinking,telugu,ALL,0.0,56,17,9,0,47,17,1.0,0.16,1.0,0.36,0.28,11,0.2,15,23,109,0.39,0.12,0
e4b_conformer5s_text_nothinking,telugu,ALL,0.1,56,17,9,0,47,17,1.0,0.16,1.0,0.36,0.28,11,0.2,15,22,109,0.41,0.12,0
e4b_conformer5s_text_nothinking,telugu,ALL,0.2,56,17,9,0,47,17,1.0,0.16,1.0,0.36,0.28,11,0.2,15,22,109,0.41,0.12,0
e4b_conformer5s_text_nothinking,telugu,ALL,0.3,56,17,9,0,47,17,1.0,0.16,1.0,0.36,0.28,11,0.2,15,22,109,0.41,0.12,0
e4b_conformer5s_text_nothinking,telugu,ALL,0.4,56,17,9,0,47,17,1.0,0.16,1.0,0.36,0.28,11,0.2,15,22,109,0.41,0.12,0
e4b_conformer5s_text_nothinking,telugu,ALL,0.5,56,17,9,0,47,17,1.0,0.16,1.0,0.36,0.28,11,0.2,15,22,109,0.41,0.12,0
e4b_conformer5s_text_nothinking,telugu,ALL,0.6,56,17,9,0,47,17,1.0,0.16,1.0,0.36,0.28,11,0.2,15,22,109,0.41,0.12,0
e4b_conformer5s_text_nothinking,telugu,ALL,0.7,56,17,9,0,47,17,1.0,0.16,1.0,0.36,0.28,11,0.2,15,21,109,0.42,0.12,0
e4b_conformer5s_text_nothinking,telugu,ALL,0.8,56,17,9,0,47,17,1.0,0.16,1.0,0.36,0.28,11,0.2,15,20,109,0.43,0.12,0
e4b_conformer5s_text_nothinking,telugu,ALL,0.9,56,17,9,0,47,17,1.0,0.16,1.0,0.36,0.28,11,0.2,15,14,109,0.52,0.12,0
e4b_conformer5s_text_nothinking,telugu,ALL,none,56,17,9,0,47,17,1.0,0.16,1.0,0.36,0.28,11,0.2,15,23,109,0.39,0.12,0
e4b_nothinking,ALL,PlatformMove,0.0,129,251,11,2,118,249,0.85,0.09,0.99,0.68,0.15,11,0.09,12,4,178,0.75,0.06,0
e4b_nothinking,ALL,PlatformMove,0.1,129,251,11,2,118,249,0.85,0.09,0.99,0.68,0.15,11,0.09,12,4,178,0.75,0.06,0
e4b_nothinking,ALL,PlatformMove,0.2,129,251,11,2,118,249,0.85,0.09,0.99,0.68,0.15,11,0.09,12,4,178,0.75,0.06,0
e4b_nothinking,ALL,PlatformMove,0.3,129,251,11,2,118,249,0.85,0.09,0.99,0.68,0.15,11,0.09,12,4,178,0.75,0.06,0
e4b_nothinking,ALL,PlatformMove,0.4,129,251,11,2,118,249,0.85,0.09,0.99,0.68,0.15,11,0.09,12,4,178,0.75,0.06,0
e4b_nothinking,ALL,PlatformMove,0.5,129,251,11,2,118,249,0.85,0.09,0.99,0.68,0.15,11,0.09,12,4,178,0.75,0.06,0
e4b_nothinking,ALL,PlatformMove,0.6,129,251,11,2,118,249,0.85,0.09,0.99,0.68,0.15,11,0.09,12,4,178,0.75,0.06,0
e4b_nothinking,ALL,PlatformMove,0.7,129,251,11,2,118,249,0.85,0.09,0.99,0.68,0.15,11,0.09,12,4,178,0.75,0.06,0
e4b_nothinking,ALL,PlatformMove,0.8,129,251,11,2,118,249,0.85,0.09,0.99,0.68,0.15,11,0.09,12,4,178,0.75,0.06,0
e4b_nothinking,ALL,PlatformMove,0.9,129,251,11,2,118,249,0.85,0.09,0.99,0.68,0.15,11,0.09,12,4,178,0.75,0.06,0
e4b_nothinking,ALL,PlatformMove,none,129,251,11,2,118,249,0.85,0.09,0.99,0.68,0.15,11,0.09,12,4,178,0.75,0.06,0
e4b_nothinking,ALL,SuspiciousActivity,0.0,70,310,14,3,56,307,0.82,0.2,0.99,0.84,0.32,17,0.24,15,11,77,0.58,0.16,0
e4b_nothinking,ALL,SuspiciousActivity,0.1,70,310,14,3,56,307,0.82,0.2,0.99,0.84,0.32,17,0.24,15,11,77,0.58,0.16,0
e4b_nothinking,ALL,SuspiciousActivity,0.2,70,310,14,3,56,307,0.82,0.2,0.99,0.84,0.32,17,0.24,15,11,77,0.58,0.16,0
e4b_nothinking,ALL,SuspiciousActivity,0.3,70,310,14,3,56,307,0.82,0.2,0.99,0.84,0.32,17,0.24,15,11,77,0.58,0.16,0
e4b_nothinking,ALL,SuspiciousActivity,0.4,70,310,14,3,56,307,0.82,0.2,0.99,0.84,0.32,17,0.24,15,11,77,0.58,0.16,0
e4b_nothinking,ALL,SuspiciousActivity,0.5,70,310,14,3,56,307,0.82,0.2,0.99,0.84,0.32,17,0.24,15,11,77,0.58,0.16,0
e4b_nothinking,ALL,SuspiciousActivity,0.6,70,310,14,3,56,307,0.82,0.2,0.99,0.84,0.32,17,0.24,15,11,77,0.58,0.16,0
e4b_nothinking,ALL,SuspiciousActivity,0.7,70,310,14,3,56,307,0.82,0.2,0.99,0.84,0.32,17,0.24,15,11,77,0.58,0.16,0
e4b_nothinking,ALL,SuspiciousActivity,0.8,70,310,14,1,56,309,0.93,0.2,1.0,0.85,0.33,17,0.24,15,9,77,0.62,0.16,0
e4b_nothinking,ALL,SuspiciousActivity,0.9,70,310,13,1,57,309,0.93,0.19,1.0,0.85,0.31,15,0.21,14,8,78,0.64,0.15,0
e4b_nothinking,ALL,SuspiciousActivity,none,70,310,14,3,56,307,0.82,0.2,0.99,0.84,0.32,17,0.24,15,11,77,0.58,0.16,0
e4b_nothinking,ALL,Explicit-Flirting,0.0,113,267,1,0,112,267,1.0,0.01,1.0,0.71,0.02,3,0.03,1,2,229,0.33,0.0,0
e4b_nothinking,ALL,Explicit-Flirting,0.1,113,267,1,0,112,267,1.0,0.01,1.0,0.71,0.02,3,0.03,1,2,229,0.33,0.0,0
e4b_nothinking,ALL,Explicit-Flirting,0.2,113,267,1,0,112,267,1.0,0.01,1.0,0.71,0.02,3,0.03,1,2,229,0.33,0.0,0
e4b_nothinking,ALL,Explicit-Flirting,0.3,113,267,1,0,112,267,1.0,0.01,1.0,0.71,0.02,3,0.03,1,2,229,0.33,0.0,0
e4b_nothinking,ALL,Explicit-Flirting,0.4,113,267,1,0,112,267,1.0,0.01,1.0,0.71,0.02,3,0.03,1,2,229,0.33,0.0,0
e4b_nothinking,ALL,Explicit-Flirting,0.5,113,267,0,0,113,267,,0.0,1.0,0.7,,0,0.0,0,0,230,,0.0,0
e4b_nothinking,ALL,Explicit-Flirting,0.6,113,267,0,0,113,267,,0.0,1.0,0.7,,0,0.0,0,0,230,,0.0,0
e4b_nothinking,ALL,Explicit-Flirting,0.7,113,267,0,0,113,267,,0.0,1.0,0.7,,0,0.0,0,0,230,,0.0,0
e4b_nothinking,ALL,Explicit-Flirting,0.8,113,267,0,0,113,267,,0.0,1.0,0.7,,0,0.0,0,0,230,,0.0,0
e4b_nothinking,ALL,Explicit-Flirting,0.9,113,267,0,0,113,267,,0.0,1.0,0.7,,0,0.0,0,0,230,,0.0,0
e4b_nothinking,ALL,Explicit-Flirting,none,113,267,1,0,112,267,1.0,0.01,1.0,0.71,0.02,3,0.03,1,2,229,0.33,0.0,0
e4b_nothinking,ALL,ALL,0.0,213,167,26,4,187,163,0.87,0.12,0.98,0.5,0.21,31,0.15,28,17,484,0.62,0.05,0
e4b_nothinking,ALL,ALL,0.1,213,167,26,4,187,163,0.87,0.12,0.98,0.5,0.21,31,0.15,28,17,484,0.62,0.05,0
e4b_nothinking,ALL,ALL,0.2,213,167,26,4,187,163,0.87,0.12,0.98,0.5,0.21,31,0.15,28,17,484,0.62,0.05,0
e4b_nothinking,ALL,ALL,0.3,213,167,26,4,187,163,0.87,0.12,0.98,0.5,0.21,31,0.15,28,17,484,0.62,0.05,0
e4b_nothinking,ALL,ALL,0.4,213,167,26,4,187,163,0.87,0.12,0.98,0.5,0.21,31,0.15,28,17,484,0.62,0.05,0
e4b_nothinking,ALL,ALL,0.5,213,167,25,4,188,163,0.86,0.12,0.98,0.49,0.21,29,0.14,27,15,485,0.64,0.05,0
e4b_nothinking,ALL,ALL,0.6,213,167,25,4,188,163,0.86,0.12,0.98,0.49,0.21,29,0.14,27,15,485,0.64,0.05,0
e4b_nothinking,ALL,ALL,0.7,213,167,25,4,188,163,0.86,0.12,0.98,0.49,0.21,29,0.14,27,15,485,0.64,0.05,0
e4b_nothinking,ALL,ALL,0.8,213,167,25,2,188,165,0.93,0.12,0.99,0.5,0.21,29,0.14,27,13,485,0.68,0.05,0
e4b_nothinking,ALL,ALL,0.9,213,167,24,2,189,165,0.92,0.11,0.99,0.5,0.2,27,0.13,26,12,486,0.68,0.05,0
e4b_nothinking,ALL,ALL,none,213,167,26,4,187,163,0.87,0.12,0.98,0.5,0.21,31,0.15,28,17,484,0.62,0.05,0
e4b_nothinking,hindi,PlatformMove,0.0,30,86,4,1,26,85,0.8,0.13,0.99,0.77,0.23,4,0.13,4,2,39,0.67,0.09,0
e4b_nothinking,hindi,PlatformMove,0.1,30,86,4,1,26,85,0.8,0.13,0.99,0.77,0.23,4,0.13,4,2,39,0.67,0.09,0
e4b_nothinking,hindi,PlatformMove,0.2,30,86,4,1,26,85,0.8,0.13,0.99,0.77,0.23,4,0.13,4,2,39,0.67,0.09,0
e4b_nothinking,hindi,PlatformMove,0.3,30,86,4,1,26,85,0.8,0.13,0.99,0.77,0.23,4,0.13,4,2,39,0.67,0.09,0
e4b_nothinking,hindi,PlatformMove,0.4,30,86,4,1,26,85,0.8,0.13,0.99,0.77,0.23,4,0.13,4,2,39,0.67,0.09,0
e4b_nothinking,hindi,PlatformMove,0.5,30,86,4,1,26,85,0.8,0.13,0.99,0.77,0.23,4,0.13,4,2,39,0.67,0.09,0
e4b_nothinking,hindi,PlatformMove,0.6,30,86,4,1,26,85,0.8,0.13,0.99,0.77,0.23,4,0.13,4,2,39,0.67,0.09,0
e4b_nothinking,hindi,PlatformMove,0.7,30,86,4,1,26,85,0.8,0.13,0.99,0.77,0.23,4,0.13,4,2,39,0.67,0.09,0
e4b_nothinking,hindi,PlatformMove,0.8,30,86,4,1,26,85,0.8,0.13,0.99,0.77,0.23,4,0.13,4,2,39,0.67,0.09,0
e4b_nothinking,hindi,PlatformMove,0.9,30,86,4,1,26,85,0.8,0.13,0.99,0.77,0.23,4,0.13,4,2,39,0.67,0.09,0
e4b_nothinking,hindi,PlatformMove,none,30,86,4,1,26,85,0.8,0.13,0.99,0.77,0.23,4,0.13,4,2,39,0.67,0.09,0
e4b_nothinking,hindi,SuspiciousActivity,0.0,21,95,6,2,15,93,0.75,0.29,0.98,0.85,0.41,7,0.33,7,3,23,0.7,0.23,0
e4b_nothinking,hindi,SuspiciousActivity,0.1,21,95,6,2,15,93,0.75,0.29,0.98,0.85,0.41,7,0.33,7,3,23,0.7,0.23,0
e4b_nothinking,hindi,SuspiciousActivity,0.2,21,95,6,2,15,93,0.75,0.29,0.98,0.85,0.41,7,0.33,7,3,23,0.7,0.23,0
e4b_nothinking,hindi,SuspiciousActivity,0.3,21,95,6,2,15,93,0.75,0.29,0.98,0.85,0.41,7,0.33,7,3,23,0.7,0.23,0
e4b_nothinking,hindi,SuspiciousActivity,0.4,21,95,6,2,15,93,0.75,0.29,0.98,0.85,0.41,7,0.33,7,3,23,0.7,0.23,0
e4b_nothinking,hindi,SuspiciousActivity,0.5,21,95,6,2,15,93,0.75,0.29,0.98,0.85,0.41,7,0.33,7,3,23,0.7,0.23,0
e4b_nothinking,hindi,SuspiciousActivity,0.6,21,95,6,2,15,93,0.75,0.29,0.98,0.85,0.41,7,0.33,7,3,23,0.7,0.23,0
e4b_nothinking,hindi,SuspiciousActivity,0.7,21,95,6,2,15,93,0.75,0.29,0.98,0.85,0.41,7,0.33,7,3,23,0.7,0.23,0
e4b_nothinking,hindi,SuspiciousActivity,0.8,21,95,6,1,15,94,0.86,0.29,0.99,0.86,0.43,7,0.33,7,2,23,0.78,0.23,0
e4b_nothinking,hindi,SuspiciousActivity,0.9,21,95,6,1,15,94,0.86,0.29,0.99,0.86,0.43,7,0.33,7,2,23,0.78,0.23,0
e4b_nothinking,hindi,SuspiciousActivity,none,21,95,6,2,15,93,0.75,0.29,0.98,0.85,0.41,7,0.33,7,3,23,0.7,0.23,0
e4b_nothinking,hindi,Explicit-Flirting,0.0,33,83,1,0,32,83,1.0,0.03,1.0,0.72,0.06,2,0.06,1,1,63,0.5,0.02,0
e4b_nothinking,hindi,Explicit-Flirting,0.1,33,83,1,0,32,83,1.0,0.03,1.0,0.72,0.06,2,0.06,1,1,63,0.5,0.02,0
e4b_nothinking,hindi,Explicit-Flirting,0.2,33,83,1,0,32,83,1.0,0.03,1.0,0.72,0.06,2,0.06,1,1,63,0.5,0.02,0
e4b_nothinking,hindi,Explicit-Flirting,0.3,33,83,1,0,32,83,1.0,0.03,1.0,0.72,0.06,2,0.06,1,1,63,0.5,0.02,0
e4b_nothinking,hindi,Explicit-Flirting,0.4,33,83,1,0,32,83,1.0,0.03,1.0,0.72,0.06,2,0.06,1,1,63,0.5,0.02,0
e4b_nothinking,hindi,Explicit-Flirting,0.5,33,83,0,0,33,83,,0.0,1.0,0.72,,0,0.0,0,0,64,,0.0,0
e4b_nothinking,hindi,Explicit-Flirting,0.6,33,83,0,0,33,83,,0.0,1.0,0.72,,0,0.0,0,0,64,,0.0,0
e4b_nothinking,hindi,Explicit-Flirting,0.7,33,83,0,0,33,83,,0.0,1.0,0.72,,0,0.0,0,0,64,,0.0,0
e4b_nothinking,hindi,Explicit-Flirting,0.8,33,83,0,0,33,83,,0.0,1.0,0.72,,0,0.0,0,0,64,,0.0,0
e4b_nothinking,hindi,Explicit-Flirting,0.9,33,83,0,0,33,83,,0.0,1.0,0.72,,0,0.0,0,0,64,,0.0,0
e4b_nothinking,hindi,Explicit-Flirting,none,33,83,1,0,32,83,1.0,0.03,1.0,0.72,0.06,2,0.06,1,1,63,0.5,0.02,0
e4b_nothinking,hindi,ALL,0.0,57,59,11,2,46,57,0.85,0.19,0.97,0.59,0.31,14,0.25,12,6,125,0.67,0.09,0
e4b_nothinking,hindi,ALL,0.1,57,59,11,2,46,57,0.85,0.19,0.97,0.59,0.31,14,0.25,12,6,125,0.67,0.09,0
e4b_nothinking,hindi,ALL,0.2,57,59,11,2,46,57,0.85,0.19,0.97,0.59,0.31,14,0.25,12,6,125,0.67,0.09,0
e4b_nothinking,hindi,ALL,0.3,57,59,11,2,46,57,0.85,0.19,0.97,0.59,0.31,14,0.25,12,6,125,0.67,0.09,0
e4b_nothinking,hindi,ALL,0.4,57,59,11,2,46,57,0.85,0.19,0.97,0.59,0.31,14,0.25,12,6,125,0.67,0.09,0
e4b_nothinking,hindi,ALL,0.5,57,59,10,2,47,57,0.83,0.18,0.97,0.58,0.29,12,0.21,11,5,126,0.69,0.08,0
e4b_nothinking,hindi,ALL,0.6,57,59,10,2,47,57,0.83,0.18,0.97,0.58,0.29,12,0.21,11,5,126,0.69,0.08,0
e4b_nothinking,hindi,ALL,0.7,57,59,10,2,47,57,0.83,0.18,0.97,0.58,0.29,12,0.21,11,5,126,0.69,0.08,0
e4b_nothinking,hindi,ALL,0.8,57,59,10,1,47,58,0.91,0.18,0.98,0.59,0.29,12,0.21,11,4,126,0.73,0.08,0
e4b_nothinking,hindi,ALL,0.9,57,59,10,1,47,58,0.91,0.18,0.98,0.59,0.29,12,0.21,11,4,126,0.73,0.08,0
e4b_nothinking,hindi,ALL,none,57,59,11,2,46,57,0.85,0.19,0.97,0.59,0.31,14,0.25,12,6,125,0.67,0.09,0
e4b_nothinking,kannada,PlatformMove,0.0,24,44,2,0,22,44,1.0,0.08,1.0,0.68,0.15,2,0.08,3,1,33,0.75,0.08,0
e4b_nothinking,kannada,PlatformMove,0.1,24,44,2,0,22,44,1.0,0.08,1.0,0.68,0.15,2,0.08,3,1,33,0.75,0.08,0
e4b_nothinking,kannada,PlatformMove,0.2,24,44,2,0,22,44,1.0,0.08,1.0,0.68,0.15,2,0.08,3,1,33,0.75,0.08,0
e4b_nothinking,kannada,PlatformMove,0.3,24,44,2,0,22,44,1.0,0.08,1.0,0.68,0.15,2,0.08,3,1,33,0.75,0.08,0
e4b_nothinking,kannada,PlatformMove,0.4,24,44,2,0,22,44,1.0,0.08,1.0,0.68,0.15,2,0.08,3,1,33,0.75,0.08,0
e4b_nothinking,kannada,PlatformMove,0.5,24,44,2,0,22,44,1.0,0.08,1.0,0.68,0.15,2,0.08,3,1,33,0.75,0.08,0
e4b_nothinking,kannada,PlatformMove,0.6,24,44,2,0,22,44,1.0,0.08,1.0,0.68,0.15,2,0.08,3,1,33,0.75,0.08,0
e4b_nothinking,kannada,PlatformMove,0.7,24,44,2,0,22,44,1.0,0.08,1.0,0.68,0.15,2,0.08,3,1,33,0.75,0.08,0
e4b_nothinking,kannada,PlatformMove,0.8,24,44,2,0,22,44,1.0,0.08,1.0,0.68,0.15,2,0.08,3,1,33,0.75,0.08,0
e4b_nothinking,kannada,PlatformMove,0.9,24,44,2,0,22,44,1.0,0.08,1.0,0.68,0.15,2,0.08,3,1,33,0.75,0.08,0
e4b_nothinking,kannada,PlatformMove,none,24,44,2,0,22,44,1.0,0.08,1.0,0.68,0.15,2,0.08,3,1,33,0.75,0.08,0
e4b_nothinking,kannada,SuspiciousActivity,0.0,12,56,2,0,10,56,1.0,0.17,1.0,0.85,0.29,3,0.25,2,3,12,0.4,0.14,0
e4b_nothinking,kannada,SuspiciousActivity,0.1,12,56,2,0,10,56,1.0,0.17,1.0,0.85,0.29,3,0.25,2,3,12,0.4,0.14,0
e4b_nothinking,kannada,SuspiciousActivity,0.2,12,56,2,0,10,56,1.0,0.17,1.0,0.85,0.29,3,0.25,2,3,12,0.4,0.14,0
e4b_nothinking,kannada,SuspiciousActivity,0.3,12,56,2,0,10,56,1.0,0.17,1.0,0.85,0.29,3,0.25,2,3,12,0.4,0.14,0
e4b_nothinking,kannada,SuspiciousActivity,0.4,12,56,2,0,10,56,1.0,0.17,1.0,0.85,0.29,3,0.25,2,3,12,0.4,0.14,0
e4b_nothinking,kannada,SuspiciousActivity,0.5,12,56,2,0,10,56,1.0,0.17,1.0,0.85,0.29,3,0.25,2,3,12,0.4,0.14,0
e4b_nothinking,kannada,SuspiciousActivity,0.6,12,56,2,0,10,56,1.0,0.17,1.0,0.85,0.29,3,0.25,2,3,12,0.4,0.14,0
e4b_nothinking,kannada,SuspiciousActivity,0.7,12,56,2,0,10,56,1.0,0.17,1.0,0.85,0.29,3,0.25,2,3,12,0.4,0.14,0
e4b_nothinking,kannada,SuspiciousActivity,0.8,12,56,2,0,10,56,1.0,0.17,1.0,0.85,0.29,3,0.25,2,3,12,0.4,0.14,0
e4b_nothinking,kannada,SuspiciousActivity,0.9,12,56,2,0,10,56,1.0,0.17,1.0,0.85,0.29,2,0.17,2,2,12,0.5,0.14,0
e4b_nothinking,kannada,SuspiciousActivity,none,12,56,2,0,10,56,1.0,0.17,1.0,0.85,0.29,3,0.25,2,3,12,0.4,0.14,0
e4b_nothinking,kannada,Explicit-Flirting,0.0,14,54,0,0,14,54,,0.0,1.0,0.79,,0,0.0,0,0,33,,0.0,0
e4b_nothinking,kannada,Explicit-Flirting,0.1,14,54,0,0,14,54,,0.0,1.0,0.79,,0,0.0,0,0,33,,0.0,0
e4b_nothinking,kannada,Explicit-Flirting,0.2,14,54,0,0,14,54,,0.0,1.0,0.79,,0,0.0,0,0,33,,0.0,0
e4b_nothinking,kannada,Explicit-Flirting,0.3,14,54,0,0,14,54,,0.0,1.0,0.79,,0,0.0,0,0,33,,0.0,0
e4b_nothinking,kannada,Explicit-Flirting,0.4,14,54,0,0,14,54,,0.0,1.0,0.79,,0,0.0,0,0,33,,0.0,0
e4b_nothinking,kannada,Explicit-Flirting,0.5,14,54,0,0,14,54,,0.0,1.0,0.79,,0,0.0,0,0,33,,0.0,0
e4b_nothinking,kannada,Explicit-Flirting,0.6,14,54,0,0,14,54,,0.0,1.0,0.79,,0,0.0,0,0,33,,0.0,0
e4b_nothinking,kannada,Explicit-Flirting,0.7,14,54,0,0,14,54,,0.0,1.0,0.79,,0,0.0,0,0,33,,0.0,0
e4b_nothinking,kannada,Explicit-Flirting,0.8,14,54,0,0,14,54,,0.0,1.0,0.79,,0,0.0,0,0,33,,0.0,0
e4b_nothinking,kannada,Explicit-Flirting,0.9,14,54,0,0,14,54,,0.0,1.0,0.79,,0,0.0,0,0,33,,0.0,0
e4b_nothinking,kannada,Explicit-Flirting,none,14,54,0,0,14,54,,0.0,1.0,0.79,,0,0.0,0,0,33,,0.0,0
e4b_nothinking,kannada,ALL,0.0,31,37,4,0,27,37,1.0,0.13,1.0,0.6,0.23,5,0.16,5,4,78,0.56,0.06,0
e4b_nothinking,kannada,ALL,0.1,31,37,4,0,27,37,1.0,0.13,1.0,0.6,0.23,5,0.16,5,4,78,0.56,0.06,0
e4b_nothinking,kannada,ALL,0.2,31,37,4,0,27,37,1.0,0.13,1.0,0.6,0.23,5,0.16,5,4,78,0.56,0.06,0
e4b_nothinking,kannada,ALL,0.3,31,37,4,0,27,37,1.0,0.13,1.0,0.6,0.23,5,0.16,5,4,78,0.56,0.06,0
e4b_nothinking,kannada,ALL,0.4,31,37,4,0,27,37,1.0,0.13,1.0,0.6,0.23,5,0.16,5,4,78,0.56,0.06,0
e4b_nothinking,kannada,ALL,0.5,31,37,4,0,27,37,1.0,0.13,1.0,0.6,0.23,5,0.16,5,4,78,0.56,0.06,0
e4b_nothinking,kannada,ALL,0.6,31,37,4,0,27,37,1.0,0.13,1.0,0.6,0.23,5,0.16,5,4,78,0.56,0.06,0
e4b_nothinking,kannada,ALL,0.7,31,37,4,0,27,37,1.0,0.13,1.0,0.6,0.23,5,0.16,5,4,78,0.56,0.06,0
e4b_nothinking,kannada,ALL,0.8,31,37,4,0,27,37,1.0,0.13,1.0,0.6,0.23,5,0.16,5,4,78,0.56,0.06,0
e4b_nothinking,kannada,ALL,0.9,31,37,4,0,27,37,1.0,0.13,1.0,0.6,0.23,4,0.13,5,3,78,0.62,0.06,0
e4b_nothinking,kannada,ALL,none,31,37,4,0,27,37,1.0,0.13,1.0,0.6,0.23,5,0.16,5,4,78,0.56,0.06,0
e4b_nothinking,malayalam,PlatformMove,0.0,22,36,1,0,21,36,1.0,0.05,1.0,0.64,0.09,1,0.05,1,0,32,1.0,0.03,0
e4b_nothinking,malayalam,PlatformMove,0.1,22,36,1,0,21,36,1.0,0.05,1.0,0.64,0.09,1,0.05,1,0,32,1.0,0.03,0
e4b_nothinking,malayalam,PlatformMove,0.2,22,36,1,0,21,36,1.0,0.05,1.0,0.64,0.09,1,0.05,1,0,32,1.0,0.03,0
e4b_nothinking,malayalam,PlatformMove,0.3,22,36,1,0,21,36,1.0,0.05,1.0,0.64,0.09,1,0.05,1,0,32,1.0,0.03,0
e4b_nothinking,malayalam,PlatformMove,0.4,22,36,1,0,21,36,1.0,0.05,1.0,0.64,0.09,1,0.05,1,0,32,1.0,0.03,0
e4b_nothinking,malayalam,PlatformMove,0.5,22,36,1,0,21,36,1.0,0.05,1.0,0.64,0.09,1,0.05,1,0,32,1.0,0.03,0
e4b_nothinking,malayalam,PlatformMove,0.6,22,36,1,0,21,36,1.0,0.05,1.0,0.64,0.09,1,0.05,1,0,32,1.0,0.03,0
e4b_nothinking,malayalam,PlatformMove,0.7,22,36,1,0,21,36,1.0,0.05,1.0,0.64,0.09,1,0.05,1,0,32,1.0,0.03,0
e4b_nothinking,malayalam,PlatformMove,0.8,22,36,1,0,21,36,1.0,0.05,1.0,0.64,0.09,1,0.05,1,0,32,1.0,0.03,0
e4b_nothinking,malayalam,PlatformMove,0.9,22,36,1,0,21,36,1.0,0.05,1.0,0.64,0.09,1,0.05,1,0,32,1.0,0.03,0
e4b_nothinking,malayalam,PlatformMove,none,22,36,1,0,21,36,1.0,0.05,1.0,0.64,0.09,1,0.05,1,0,32,1.0,0.03,0
e4b_nothinking,malayalam,SuspiciousActivity,0.0,5,53,1,1,4,52,0.5,0.2,0.98,0.91,0.29,1,0.2,1,1,4,0.5,0.2,0
e4b_nothinking,malayalam,SuspiciousActivity,0.1,5,53,1,1,4,52,0.5,0.2,0.98,0.91,0.29,1,0.2,1,1,4,0.5,0.2,0
e4b_nothinking,malayalam,SuspiciousActivity,0.2,5,53,1,1,4,52,0.5,0.2,0.98,0.91,0.29,1,0.2,1,1,4,0.5,0.2,0
e4b_nothinking,malayalam,SuspiciousActivity,0.3,5,53,1,1,4,52,0.5,0.2,0.98,0.91,0.29,1,0.2,1,1,4,0.5,0.2,0
e4b_nothinking,malayalam,SuspiciousActivity,0.4,5,53,1,1,4,52,0.5,0.2,0.98,0.91,0.29,1,0.2,1,1,4,0.5,0.2,0
e4b_nothinking,malayalam,SuspiciousActivity,0.5,5,53,1,1,4,52,0.5,0.2,0.98,0.91,0.29,1,0.2,1,1,4,0.5,0.2,0
e4b_nothinking,malayalam,SuspiciousActivity,0.6,5,53,1,1,4,52,0.5,0.2,0.98,0.91,0.29,1,0.2,1,1,4,0.5,0.2,0
e4b_nothinking,malayalam,SuspiciousActivity,0.7,5,53,1,1,4,52,0.5,0.2,0.98,0.91,0.29,1,0.2,1,1,4,0.5,0.2,0
e4b_nothinking,malayalam,SuspiciousActivity,0.8,5,53,1,0,4,53,1.0,0.2,1.0,0.93,0.33,1,0.2,1,0,4,1.0,0.2,0
e4b_nothinking,malayalam,SuspiciousActivity,0.9,5,53,0,0,5,53,,0.0,1.0,0.91,,0,0.0,0,0,5,,0.0,0
e4b_nothinking,malayalam,SuspiciousActivity,none,5,53,1,1,4,52,0.5,0.2,0.98,0.91,0.29,1,0.2,1,1,4,0.5,0.2,0
e4b_nothinking,malayalam,Explicit-Flirting,0.0,21,37,0,0,21,37,,0.0,1.0,0.64,,1,0.05,0,1,36,0.0,0.0,0
e4b_nothinking,malayalam,Explicit-Flirting,0.1,21,37,0,0,21,37,,0.0,1.0,0.64,,1,0.05,0,1,36,0.0,0.0,0
e4b_nothinking,malayalam,Explicit-Flirting,0.2,21,37,0,0,21,37,,0.0,1.0,0.64,,1,0.05,0,1,36,0.0,0.0,0
e4b_nothinking,malayalam,Explicit-Flirting,0.3,21,37,0,0,21,37,,0.0,1.0,0.64,,1,0.05,0,1,36,0.0,0.0,0
e4b_nothinking,malayalam,Explicit-Flirting,0.4,21,37,0,0,21,37,,0.0,1.0,0.64,,1,0.05,0,1,36,0.0,0.0,0
e4b_nothinking,malayalam,Explicit-Flirting,0.5,21,37,0,0,21,37,,0.0,1.0,0.64,,0,0.0,0,0,36,,0.0,0
e4b_nothinking,malayalam,Explicit-Flirting,0.6,21,37,0,0,21,37,,0.0,1.0,0.64,,0,0.0,0,0,36,,0.0,0
e4b_nothinking,malayalam,Explicit-Flirting,0.7,21,37,0,0,21,37,,0.0,1.0,0.64,,0,0.0,0,0,36,,0.0,0
e4b_nothinking,malayalam,Explicit-Flirting,0.8,21,37,0,0,21,37,,0.0,1.0,0.64,,0,0.0,0,0,36,,0.0,0
e4b_nothinking,malayalam,Explicit-Flirting,0.9,21,37,0,0,21,37,,0.0,1.0,0.64,,0,0.0,0,0,36,,0.0,0
e4b_nothinking,malayalam,Explicit-Flirting,none,21,37,0,0,21,37,,0.0,1.0,0.64,,1,0.05,0,1,36,0.0,0.0,0
e4b_nothinking,malayalam,ALL,0.0,35,23,2,1,33,22,0.67,0.06,0.96,0.41,0.11,2,0.06,2,2,72,0.5,0.03,0
e4b_nothinking,malayalam,ALL,0.1,35,23,2,1,33,22,0.67,0.06,0.96,0.41,0.11,2,0.06,2,2,72,0.5,0.03,0
e4b_nothinking,malayalam,ALL,0.2,35,23,2,1,33,22,0.67,0.06,0.96,0.41,0.11,2,0.06,2,2,72,0.5,0.03,0
e4b_nothinking,malayalam,ALL,0.3,35,23,2,1,33,22,0.67,0.06,0.96,0.41,0.11,2,0.06,2,2,72,0.5,0.03,0
e4b_nothinking,malayalam,ALL,0.4,35,23,2,1,33,22,0.67,0.06,0.96,0.41,0.11,2,0.06,2,2,72,0.5,0.03,0
e4b_nothinking,malayalam,ALL,0.5,35,23,2,1,33,22,0.67,0.06,0.96,0.41,0.11,2,0.06,2,1,72,0.67,0.03,0
e4b_nothinking,malayalam,ALL,0.6,35,23,2,1,33,22,0.67,0.06,0.96,0.41,0.11,2,0.06,2,1,72,0.67,0.03,0
e4b_nothinking,malayalam,ALL,0.7,35,23,2,1,33,22,0.67,0.06,0.96,0.41,0.11,2,0.06,2,1,72,0.67,0.03,0
e4b_nothinking,malayalam,ALL,0.8,35,23,2,0,33,23,1.0,0.06,1.0,0.43,0.11,2,0.06,2,0,72,1.0,0.03,0
e4b_nothinking,malayalam,ALL,0.9,35,23,1,0,34,23,1.0,0.03,1.0,0.41,0.06,1,0.03,1,0,73,1.0,0.01,0
e4b_nothinking,malayalam,ALL,none,35,23,2,1,33,22,0.67,0.06,0.96,0.41,0.11,2,0.06,2,2,72,0.5,0.03,0
e4b_nothinking,tamil,PlatformMove,0.0,20,45,3,1,17,44,0.75,0.15,0.98,0.72,0.25,3,0.15,3,1,28,0.75,0.1,0
e4b_nothinking,tamil,PlatformMove,0.1,20,45,3,1,17,44,0.75,0.15,0.98,0.72,0.25,3,0.15,3,1,28,0.75,0.1,0
e4b_nothinking,tamil,PlatformMove,0.2,20,45,3,1,17,44,0.75,0.15,0.98,0.72,0.25,3,0.15,3,1,28,0.75,0.1,0
e4b_nothinking,tamil,PlatformMove,0.3,20,45,3,1,17,44,0.75,0.15,0.98,0.72,0.25,3,0.15,3,1,28,0.75,0.1,0
e4b_nothinking,tamil,PlatformMove,0.4,20,45,3,1,17,44,0.75,0.15,0.98,0.72,0.25,3,0.15,3,1,28,0.75,0.1,0
e4b_nothinking,tamil,PlatformMove,0.5,20,45,3,1,17,44,0.75,0.15,0.98,0.72,0.25,3,0.15,3,1,28,0.75,0.1,0
e4b_nothinking,tamil,PlatformMove,0.6,20,45,3,1,17,44,0.75,0.15,0.98,0.72,0.25,3,0.15,3,1,28,0.75,0.1,0
e4b_nothinking,tamil,PlatformMove,0.7,20,45,3,1,17,44,0.75,0.15,0.98,0.72,0.25,3,0.15,3,1,28,0.75,0.1,0
e4b_nothinking,tamil,PlatformMove,0.8,20,45,3,1,17,44,0.75,0.15,0.98,0.72,0.25,3,0.15,3,1,28,0.75,0.1,0
e4b_nothinking,tamil,PlatformMove,0.9,20,45,3,1,17,44,0.75,0.15,0.98,0.72,0.25,3,0.15,3,1,28,0.75,0.1,0
e4b_nothinking,tamil,PlatformMove,none,20,45,3,1,17,44,0.75,0.15,0.98,0.72,0.25,3,0.15,3,1,28,0.75,0.1,0
e4b_nothinking,tamil,SuspiciousActivity,0.0,11,54,3,0,8,54,1.0,0.27,1.0,0.88,0.43,3,0.27,3,3,10,0.5,0.23,0
e4b_nothinking,tamil,SuspiciousActivity,0.1,11,54,3,0,8,54,1.0,0.27,1.0,0.88,0.43,3,0.27,3,3,10,0.5,0.23,0
e4b_nothinking,tamil,SuspiciousActivity,0.2,11,54,3,0,8,54,1.0,0.27,1.0,0.88,0.43,3,0.27,3,3,10,0.5,0.23,0
e4b_nothinking,tamil,SuspiciousActivity,0.3,11,54,3,0,8,54,1.0,0.27,1.0,0.88,0.43,3,0.27,3,3,10,0.5,0.23,0
e4b_nothinking,tamil,SuspiciousActivity,0.4,11,54,3,0,8,54,1.0,0.27,1.0,0.88,0.43,3,0.27,3,3,10,0.5,0.23,0
e4b_nothinking,tamil,SuspiciousActivity,0.5,11,54,3,0,8,54,1.0,0.27,1.0,0.88,0.43,3,0.27,3,3,10,0.5,0.23,0
e4b_nothinking,tamil,SuspiciousActivity,0.6,11,54,3,0,8,54,1.0,0.27,1.0,0.88,0.43,3,0.27,3,3,10,0.5,0.23,0
e4b_nothinking,tamil,SuspiciousActivity,0.7,11,54,3,0,8,54,1.0,0.27,1.0,0.88,0.43,3,0.27,3,3,10,0.5,0.23,0
e4b_nothinking,tamil,SuspiciousActivity,0.8,11,54,3,0,8,54,1.0,0.27,1.0,0.88,0.43,3,0.27,3,3,10,0.5,0.23,0
e4b_nothinking,tamil,SuspiciousActivity,0.9,11,54,3,0,8,54,1.0,0.27,1.0,0.88,0.43,3,0.27,3,3,10,0.5,0.23,0
e4b_nothinking,tamil,SuspiciousActivity,none,11,54,3,0,8,54,1.0,0.27,1.0,0.88,0.43,3,0.27,3,3,10,0.5,0.23,0
e4b_nothinking,tamil,Explicit-Flirting,0.0,20,45,0,0,20,45,,0.0,1.0,0.69,,0,0.0,0,0,50,,0.0,0
e4b_nothinking,tamil,Explicit-Flirting,0.1,20,45,0,0,20,45,,0.0,1.0,0.69,,0,0.0,0,0,50,,0.0,0
e4b_nothinking,tamil,Explicit-Flirting,0.2,20,45,0,0,20,45,,0.0,1.0,0.69,,0,0.0,0,0,50,,0.0,0
e4b_nothinking,tamil,Explicit-Flirting,0.3,20,45,0,0,20,45,,0.0,1.0,0.69,,0,0.0,0,0,50,,0.0,0
e4b_nothinking,tamil,Explicit-Flirting,0.4,20,45,0,0,20,45,,0.0,1.0,0.69,,0,0.0,0,0,50,,0.0,0
e4b_nothinking,tamil,Explicit-Flirting,0.5,20,45,0,0,20,45,,0.0,1.0,0.69,,0,0.0,0,0,50,,0.0,0
e4b_nothinking,tamil,Explicit-Flirting,0.6,20,45,0,0,20,45,,0.0,1.0,0.69,,0,0.0,0,0,50,,0.0,0
e4b_nothinking,tamil,Explicit-Flirting,0.7,20,45,0,0,20,45,,0.0,1.0,0.69,,0,0.0,0,0,50,,0.0,0
e4b_nothinking,tamil,Explicit-Flirting,0.8,20,45,0,0,20,45,,0.0,1.0,0.69,,0,0.0,0,0,50,,0.0,0
e4b_nothinking,tamil,Explicit-Flirting,0.9,20,45,0,0,20,45,,0.0,1.0,0.69,,0,0.0,0,0,50,,0.0,0
e4b_nothinking,tamil,Explicit-Flirting,none,20,45,0,0,20,45,,0.0,1.0,0.69,,0,0.0,0,0,50,,0.0,0
e4b_nothinking,tamil,ALL,0.0,34,31,6,1,28,30,0.86,0.18,0.97,0.55,0.29,6,0.18,6,4,88,0.6,0.06,0
e4b_nothinking,tamil,ALL,0.1,34,31,6,1,28,30,0.86,0.18,0.97,0.55,0.29,6,0.18,6,4,88,0.6,0.06,0
e4b_nothinking,tamil,ALL,0.2,34,31,6,1,28,30,0.86,0.18,0.97,0.55,0.29,6,0.18,6,4,88,0.6,0.06,0
e4b_nothinking,tamil,ALL,0.3,34,31,6,1,28,30,0.86,0.18,0.97,0.55,0.29,6,0.18,6,4,88,0.6,0.06,0
e4b_nothinking,tamil,ALL,0.4,34,31,6,1,28,30,0.86,0.18,0.97,0.55,0.29,6,0.18,6,4,88,0.6,0.06,0
e4b_nothinking,tamil,ALL,0.5,34,31,6,1,28,30,0.86,0.18,0.97,0.55,0.29,6,0.18,6,4,88,0.6,0.06,0
e4b_nothinking,tamil,ALL,0.6,34,31,6,1,28,30,0.86,0.18,0.97,0.55,0.29,6,0.18,6,4,88,0.6,0.06,0
e4b_nothinking,tamil,ALL,0.7,34,31,6,1,28,30,0.86,0.18,0.97,0.55,0.29,6,0.18,6,4,88,0.6,0.06,0
e4b_nothinking,tamil,ALL,0.8,34,31,6,1,28,30,0.86,0.18,0.97,0.55,0.29,6,0.18,6,4,88,0.6,0.06,0
e4b_nothinking,tamil,ALL,0.9,34,31,6,1,28,30,0.86,0.18,0.97,0.55,0.29,6,0.18,6,4,88,0.6,0.06,0
e4b_nothinking,tamil,ALL,none,34,31,6,1,28,30,0.86,0.18,0.97,0.55,0.29,6,0.18,6,4,88,0.6,0.06,0
e4b_nothinking,telugu,PlatformMove,0.0,33,40,1,0,32,40,1.0,0.03,1.0,0.56,0.06,1,0.03,1,0,46,1.0,0.02,0
e4b_nothinking,telugu,PlatformMove,0.1,33,40,1,0,32,40,1.0,0.03,1.0,0.56,0.06,1,0.03,1,0,46,1.0,0.02,0
e4b_nothinking,telugu,PlatformMove,0.2,33,40,1,0,32,40,1.0,0.03,1.0,0.56,0.06,1,0.03,1,0,46,1.0,0.02,0
e4b_nothinking,telugu,PlatformMove,0.3,33,40,1,0,32,40,1.0,0.03,1.0,0.56,0.06,1,0.03,1,0,46,1.0,0.02,0
e4b_nothinking,telugu,PlatformMove,0.4,33,40,1,0,32,40,1.0,0.03,1.0,0.56,0.06,1,0.03,1,0,46,1.0,0.02,0
e4b_nothinking,telugu,PlatformMove,0.5,33,40,1,0,32,40,1.0,0.03,1.0,0.56,0.06,1,0.03,1,0,46,1.0,0.02,0
e4b_nothinking,telugu,PlatformMove,0.6,33,40,1,0,32,40,1.0,0.03,1.0,0.56,0.06,1,0.03,1,0,46,1.0,0.02,0
e4b_nothinking,telugu,PlatformMove,0.7,33,40,1,0,32,40,1.0,0.03,1.0,0.56,0.06,1,0.03,1,0,46,1.0,0.02,0
e4b_nothinking,telugu,PlatformMove,0.8,33,40,1,0,32,40,1.0,0.03,1.0,0.56,0.06,1,0.03,1,0,46,1.0,0.02,0
e4b_nothinking,telugu,PlatformMove,0.9,33,40,1,0,32,40,1.0,0.03,1.0,0.56,0.06,1,0.03,1,0,46,1.0,0.02,0
e4b_nothinking,telugu,PlatformMove,none,33,40,1,0,32,40,1.0,0.03,1.0,0.56,0.06,1,0.03,1,0,46,1.0,0.02,0
e4b_nothinking,telugu,SuspiciousActivity,0.0,21,52,2,0,19,52,1.0,0.1,1.0,0.74,0.17,3,0.14,2,1,28,0.67,0.07,0
e4b_nothinking,telugu,SuspiciousActivity,0.1,21,52,2,0,19,52,1.0,0.1,1.0,0.74,0.17,3,0.14,2,1,28,0.67,0.07,0
e4b_nothinking,telugu,SuspiciousActivity,0.2,21,52,2,0,19,52,1.0,0.1,1.0,0.74,0.17,3,0.14,2,1,28,0.67,0.07,0
e4b_nothinking,telugu,SuspiciousActivity,0.3,21,52,2,0,19,52,1.0,0.1,1.0,0.74,0.17,3,0.14,2,1,28,0.67,0.07,0
e4b_nothinking,telugu,SuspiciousActivity,0.4,21,52,2,0,19,52,1.0,0.1,1.0,0.74,0.17,3,0.14,2,1,28,0.67,0.07,0
e4b_nothinking,telugu,SuspiciousActivity,0.5,21,52,2,0,19,52,1.0,0.1,1.0,0.74,0.17,3,0.14,2,1,28,0.67,0.07,0
e4b_nothinking,telugu,SuspiciousActivity,0.6,21,52,2,0,19,52,1.0,0.1,1.0,0.74,0.17,3,0.14,2,1,28,0.67,0.07,0
e4b_nothinking,telugu,SuspiciousActivity,0.7,21,52,2,0,19,52,1.0,0.1,1.0,0.74,0.17,3,0.14,2,1,28,0.67,0.07,0
e4b_nothinking,telugu,SuspiciousActivity,0.8,21,52,2,0,19,52,1.0,0.1,1.0,0.74,0.17,3,0.14,2,1,28,0.67,0.07,0
e4b_nothinking,telugu,SuspiciousActivity,0.9,21,52,2,0,19,52,1.0,0.1,1.0,0.74,0.17,3,0.14,2,1,28,0.67,0.07,0
e4b_nothinking,telugu,SuspiciousActivity,none,21,52,2,0,19,52,1.0,0.1,1.0,0.74,0.17,3,0.14,2,1,28,0.67,0.07,0
e4b_nothinking,telugu,Explicit-Flirting,0.0,25,48,0,0,25,48,,0.0,1.0,0.66,,0,0.0,0,0,47,,0.0,0
e4b_nothinking,telugu,Explicit-Flirting,0.1,25,48,0,0,25,48,,0.0,1.0,0.66,,0,0.0,0,0,47,,0.0,0
e4b_nothinking,telugu,Explicit-Flirting,0.2,25,48,0,0,25,48,,0.0,1.0,0.66,,0,0.0,0,0,47,,0.0,0
e4b_nothinking,telugu,Explicit-Flirting,0.3,25,48,0,0,25,48,,0.0,1.0,0.66,,0,0.0,0,0,47,,0.0,0
e4b_nothinking,telugu,Explicit-Flirting,0.4,25,48,0,0,25,48,,0.0,1.0,0.66,,0,0.0,0,0,47,,0.0,0
e4b_nothinking,telugu,Explicit-Flirting,0.5,25,48,0,0,25,48,,0.0,1.0,0.66,,0,0.0,0,0,47,,0.0,0
e4b_nothinking,telugu,Explicit-Flirting,0.6,25,48,0,0,25,48,,0.0,1.0,0.66,,0,0.0,0,0,47,,0.0,0
e4b_nothinking,telugu,Explicit-Flirting,0.7,25,48,0,0,25,48,,0.0,1.0,0.66,,0,0.0,0,0,47,,0.0,0
e4b_nothinking,telugu,Explicit-Flirting,0.8,25,48,0,0,25,48,,0.0,1.0,0.66,,0,0.0,0,0,47,,0.0,0
e4b_nothinking,telugu,Explicit-Flirting,0.9,25,48,0,0,25,48,,0.0,1.0,0.66,,0,0.0,0,0,47,,0.0,0
e4b_nothinking,telugu,Explicit-Flirting,none,25,48,0,0,25,48,,0.0,1.0,0.66,,0,0.0,0,0,47,,0.0,0
e4b_nothinking,telugu,ALL,0.0,56,17,3,0,53,17,1.0,0.05,1.0,0.27,0.1,4,0.07,3,1,121,0.75,0.02,0
e4b_nothinking,telugu,ALL,0.1,56,17,3,0,53,17,1.0,0.05,1.0,0.27,0.1,4,0.07,3,1,121,0.75,0.02,0
e4b_nothinking,telugu,ALL,0.2,56,17,3,0,53,17,1.0,0.05,1.0,0.27,0.1,4,0.07,3,1,121,0.75,0.02,0
e4b_nothinking,telugu,ALL,0.3,56,17,3,0,53,17,1.0,0.05,1.0,0.27,0.1,4,0.07,3,1,121,0.75,0.02,0
e4b_nothinking,telugu,ALL,0.4,56,17,3,0,53,17,1.0,0.05,1.0,0.27,0.1,4,0.07,3,1,121,0.75,0.02,0
e4b_nothinking,telugu,ALL,0.5,56,17,3,0,53,17,1.0,0.05,1.0,0.27,0.1,4,0.07,3,1,121,0.75,0.02,0
e4b_nothinking,telugu,ALL,0.6,56,17,3,0,53,17,1.0,0.05,1.0,0.27,0.1,4,0.07,3,1,121,0.75,0.02,0
e4b_nothinking,telugu,ALL,0.7,56,17,3,0,53,17,1.0,0.05,1.0,0.27,0.1,4,0.07,3,1,121,0.75,0.02,0
e4b_nothinking,telugu,ALL,0.8,56,17,3,0,53,17,1.0,0.05,1.0,0.27,0.1,4,0.07,3,1,121,0.75,0.02,0
e4b_nothinking,telugu,ALL,0.9,56,17,3,0,53,17,1.0,0.05,1.0,0.27,0.1,4,0.07,3,1,121,0.75,0.02,0
e4b_nothinking,telugu,ALL,none,56,17,3,0,53,17,1.0,0.05,1.0,0.27,0.1,4,0.07,3,1,121,0.75,0.02,0
e4b_thinking,ALL,PlatformMove,0.0,52,131,44,18,8,113,0.71,0.85,0.86,0.86,0.77,46,0.88,61,80,17,0.43,0.78,0
e4b_thinking,ALL,PlatformMove,0.1,52,131,44,18,8,113,0.71,0.85,0.86,0.86,0.77,46,0.88,61,80,17,0.43,0.78,0
e4b_thinking,ALL,PlatformMove,0.2,52,131,44,18,8,113,0.71,0.85,0.86,0.86,0.77,46,0.88,61,80,17,0.43,0.78,0
e4b_thinking,ALL,PlatformMove,0.3,52,131,44,18,8,113,0.71,0.85,0.86,0.86,0.77,46,0.88,61,80,17,0.43,0.78,0
e4b_thinking,ALL,PlatformMove,0.4,52,131,44,18,8,113,0.71,0.85,0.86,0.86,0.77,46,0.88,61,80,17,0.43,0.78,0
e4b_thinking,ALL,PlatformMove,0.5,52,131,44,18,8,113,0.71,0.85,0.86,0.86,0.77,46,0.88,61,80,17,0.43,0.78,0
e4b_thinking,ALL,PlatformMove,0.6,52,131,44,18,8,113,0.71,0.85,0.86,0.86,0.77,46,0.88,61,80,17,0.43,0.78,0
e4b_thinking,ALL,PlatformMove,0.7,52,131,44,18,8,113,0.71,0.85,0.86,0.86,0.77,46,0.88,61,80,17,0.43,0.78,0
e4b_thinking,ALL,PlatformMove,0.8,52,131,44,18,8,113,0.71,0.85,0.86,0.86,0.77,46,0.88,61,79,17,0.44,0.78,0
e4b_thinking,ALL,PlatformMove,0.9,52,131,42,17,10,114,0.71,0.81,0.87,0.85,0.76,43,0.83,53,62,25,0.46,0.68,0
e4b_thinking,ALL,PlatformMove,none,52,131,44,18,8,113,0.71,0.85,0.86,0.86,0.77,46,0.88,61,80,17,0.43,0.78,0
e4b_thinking,ALL,SuspiciousActivity,0.0,33,150,25,10,8,140,0.71,0.76,0.93,0.9,0.74,26,0.79,27,50,17,0.35,0.61,0
e4b_thinking,ALL,SuspiciousActivity,0.1,33,150,25,10,8,140,0.71,0.76,0.93,0.9,0.74,26,0.79,27,50,17,0.35,0.61,0
e4b_thinking,ALL,SuspiciousActivity,0.2,33,150,25,10,8,140,0.71,0.76,0.93,0.9,0.74,26,0.79,27,50,17,0.35,0.61,0
e4b_thinking,ALL,SuspiciousActivity,0.3,33,150,25,10,8,140,0.71,0.76,0.93,0.9,0.74,26,0.79,27,50,17,0.35,0.61,0
e4b_thinking,ALL,SuspiciousActivity,0.4,33,150,25,10,8,140,0.71,0.76,0.93,0.9,0.74,26,0.79,27,50,17,0.35,0.61,0
e4b_thinking,ALL,SuspiciousActivity,0.5,33,150,25,10,8,140,0.71,0.76,0.93,0.9,0.74,26,0.79,27,50,17,0.35,0.61,0
e4b_thinking,ALL,SuspiciousActivity,0.6,33,150,25,10,8,140,0.71,0.76,0.93,0.9,0.74,26,0.79,27,50,17,0.35,0.61,0
e4b_thinking,ALL,SuspiciousActivity,0.7,33,150,25,10,8,140,0.71,0.76,0.93,0.9,0.74,26,0.79,27,50,17,0.35,0.61,0
e4b_thinking,ALL,SuspiciousActivity,0.8,33,150,24,9,9,141,0.73,0.73,0.94,0.9,0.73,26,0.79,26,49,18,0.35,0.59,0
e4b_thinking,ALL,SuspiciousActivity,0.9,33,150,16,4,17,146,0.8,0.48,0.97,0.89,0.6,17,0.52,16,13,28,0.55,0.36,0
e4b_thinking,ALL,SuspiciousActivity,none,33,150,25,10,8,140,0.71,0.76,0.93,0.9,0.74,26,0.79,27,50,17,0.35,0.61,0
e4b_thinking,ALL,Explicit-Flirting,0.0,53,130,33,27,20,103,0.55,0.62,0.79,0.74,0.58,41,0.77,52,111,62,0.32,0.46,0
e4b_thinking,ALL,Explicit-Flirting,0.1,53,130,33,27,20,103,0.55,0.62,0.79,0.74,0.58,41,0.77,52,111,62,0.32,0.46,0
e4b_thinking,ALL,Explicit-Flirting,0.2,53,130,33,27,20,103,0.55,0.62,0.79,0.74,0.58,41,0.77,52,111,62,0.32,0.46,0
e4b_thinking,ALL,Explicit-Flirting,0.3,53,130,33,27,20,103,0.55,0.62,0.79,0.74,0.58,41,0.77,52,111,62,0.32,0.46,0
e4b_thinking,ALL,Explicit-Flirting,0.4,53,130,28,17,25,113,0.62,0.53,0.87,0.77,0.57,36,0.68,45,76,69,0.37,0.39,0
e4b_thinking,ALL,Explicit-Flirting,0.5,53,130,13,5,40,125,0.72,0.25,0.96,0.75,0.37,18,0.34,21,21,93,0.5,0.18,0
e4b_thinking,ALL,Explicit-Flirting,0.6,53,130,13,5,40,125,0.72,0.25,0.96,0.75,0.37,18,0.34,21,21,93,0.5,0.18,0
e4b_thinking,ALL,Explicit-Flirting,0.7,53,130,12,5,41,125,0.71,0.23,0.96,0.75,0.34,17,0.32,20,20,94,0.5,0.18,0
e4b_thinking,ALL,Explicit-Flirting,0.8,53,130,12,5,41,125,0.71,0.23,0.96,0.75,0.34,17,0.32,19,20,95,0.49,0.17,0
e4b_thinking,ALL,Explicit-Flirting,0.9,53,130,5,1,48,129,0.83,0.09,0.99,0.73,0.17,7,0.13,6,5,108,0.55,0.05,0
e4b_thinking,ALL,Explicit-Flirting,none,53,130,33,27,20,103,0.55,0.62,0.79,0.74,0.58,41,0.77,52,111,62,0.32,0.46,0
e4b_thinking,ALL,ALL,0.0,93,90,75,24,18,66,0.76,0.81,0.73,0.77,0.78,83,0.89,140,241,96,0.37,0.59,0
e4b_thinking,ALL,ALL,0.1,93,90,75,24,18,66,0.76,0.81,0.73,0.77,0.78,83,0.89,140,241,96,0.37,0.59,0
e4b_thinking,ALL,ALL,0.2,93,90,75,24,18,66,0.76,0.81,0.73,0.77,0.78,83,0.89,140,241,96,0.37,0.59,0
e4b_thinking,ALL,ALL,0.3,93,90,75,24,18,66,0.76,0.81,0.73,0.77,0.78,83,0.89,140,241,96,0.37,0.59,0
e4b_thinking,ALL,ALL,0.4,93,90,71,23,22,67,0.76,0.76,0.74,0.75,0.76,80,0.86,133,206,103,0.39,0.56,0
e4b_thinking,ALL,ALL,0.5,93,90,62,18,31,72,0.78,0.67,0.8,0.73,0.72,71,0.76,109,151,127,0.42,0.46,0
e4b_thinking,ALL,ALL,0.6,93,90,62,18,31,72,0.78,0.67,0.8,0.73,0.72,71,0.76,109,151,127,0.42,0.46,0
e4b_thinking,ALL,ALL,0.7,93,90,61,18,32,72,0.77,0.66,0.8,0.73,0.71,70,0.75,108,150,128,0.42,0.46,0
e4b_thinking,ALL,ALL,0.8,93,90,60,17,33,73,0.78,0.65,0.81,0.73,0.71,70,0.75,106,148,130,0.42,0.45,0
e4b_thinking,ALL,ALL,0.9,93,90,52,11,41,79,0.83,0.56,0.88,0.72,0.67,60,0.65,75,80,161,0.48,0.32,0
e4b_thinking,ALL,ALL,none,93,90,75,24,18,66,0.76,0.81,0.73,0.77,0.78,83,0.89,140,241,96,0.37,0.59,0
e4b_thinking,hindi,PlatformMove,0.0,31,86,27,11,4,75,0.71,0.87,0.87,0.87,0.78,29,0.94,37,38,7,0.49,0.84,0
e4b_thinking,hindi,PlatformMove,0.1,31,86,27,11,4,75,0.71,0.87,0.87,0.87,0.78,29,0.94,37,38,7,0.49,0.84,0
e4b_thinking,hindi,PlatformMove,0.2,31,86,27,11,4,75,0.71,0.87,0.87,0.87,0.78,29,0.94,37,38,7,0.49,0.84,0
e4b_thinking,hindi,PlatformMove,0.3,31,86,27,11,4,75,0.71,0.87,0.87,0.87,0.78,29,0.94,37,38,7,0.49,0.84,0
e4b_thinking,hindi,PlatformMove,0.4,31,86,27,11,4,75,0.71,0.87,0.87,0.87,0.78,29,0.94,37,38,7,0.49,0.84,0
e4b_thinking,hindi,PlatformMove,0.5,31,86,27,11,4,75,0.71,0.87,0.87,0.87,0.78,29,0.94,37,38,7,0.49,0.84,0
e4b_thinking,hindi,PlatformMove,0.6,31,86,27,11,4,75,0.71,0.87,0.87,0.87,0.78,29,0.94,37,38,7,0.49,0.84,0
e4b_thinking,hindi,PlatformMove,0.7,31,86,27,11,4,75,0.71,0.87,0.87,0.87,0.78,29,0.94,37,38,7,0.49,0.84,0
e4b_thinking,hindi,PlatformMove,0.8,31,86,27,11,4,75,0.71,0.87,0.87,0.87,0.78,29,0.94,37,38,7,0.49,0.84,0
e4b_thinking,hindi,PlatformMove,0.9,31,86,25,11,6,75,0.69,0.81,0.87,0.85,0.75,26,0.84,30,32,14,0.48,0.68,0
e4b_thinking,hindi,PlatformMove,none,31,86,27,11,4,75,0.71,0.87,0.87,0.87,0.78,29,0.94,37,38,7,0.49,0.84,0
e4b_thinking,hindi,SuspiciousActivity,0.0,21,96,16,3,5,93,0.84,0.76,0.97,0.93,0.8,17,0.81,17,25,13,0.4,0.57,0
e4b_thinking,hindi,SuspiciousActivity,0.1,21,96,16,3,5,93,0.84,0.76,0.97,0.93,0.8,17,0.81,17,25,13,0.4,0.57,0
e4b_thinking,hindi,SuspiciousActivity,0.2,21,96,16,3,5,93,0.84,0.76,0.97,0.93,0.8,17,0.81,17,25,13,0.4,0.57,0
e4b_thinking,hindi,SuspiciousActivity,0.3,21,96,16,3,5,93,0.84,0.76,0.97,0.93,0.8,17,0.81,17,25,13,0.4,0.57,0
e4b_thinking,hindi,SuspiciousActivity,0.4,21,96,16,3,5,93,0.84,0.76,0.97,0.93,0.8,17,0.81,17,25,13,0.4,0.57,0
e4b_thinking,hindi,SuspiciousActivity,0.5,21,96,16,3,5,93,0.84,0.76,0.97,0.93,0.8,17,0.81,17,25,13,0.4,0.57,0
e4b_thinking,hindi,SuspiciousActivity,0.6,21,96,16,3,5,93,0.84,0.76,0.97,0.93,0.8,17,0.81,17,25,13,0.4,0.57,0
e4b_thinking,hindi,SuspiciousActivity,0.7,21,96,16,3,5,93,0.84,0.76,0.97,0.93,0.8,17,0.81,17,25,13,0.4,0.57,0
e4b_thinking,hindi,SuspiciousActivity,0.8,21,96,15,3,6,93,0.83,0.71,0.97,0.92,0.77,17,0.81,16,25,14,0.39,0.53,0
e4b_thinking,hindi,SuspiciousActivity,0.9,21,96,10,3,11,93,0.77,0.48,0.97,0.88,0.59,10,0.48,9,5,21,0.64,0.3,0
e4b_thinking,hindi,SuspiciousActivity,none,21,96,16,3,5,93,0.84,0.76,0.97,0.93,0.8,17,0.81,17,25,13,0.4,0.57,0
e4b_thinking,hindi,Explicit-Flirting,0.0,33,84,22,13,11,71,0.63,0.67,0.85,0.79,0.65,26,0.79,38,66,26,0.37,0.59,0
e4b_thinking,hindi,Explicit-Flirting,0.1,33,84,22,13,11,71,0.63,0.67,0.85,0.79,0.65,26,0.79,38,66,26,0.37,0.59,0
e4b_thinking,hindi,Explicit-Flirting,0.2,33,84,22,13,11,71,0.63,0.67,0.85,0.79,0.65,26,0.79,38,66,26,0.37,0.59,0
e4b_thinking,hindi,Explicit-Flirting,0.3,33,84,22,13,11,71,0.63,0.67,0.85,0.79,0.65,26,0.79,38,66,26,0.37,0.59,0
e4b_thinking,hindi,Explicit-Flirting,0.4,33,84,20,8,13,76,0.71,0.61,0.9,0.82,0.66,24,0.73,34,47,30,0.42,0.53,0
e4b_thinking,hindi,Explicit-Flirting,0.5,33,84,11,1,22,83,0.92,0.33,0.99,0.8,0.49,11,0.33,18,10,46,0.64,0.28,0
e4b_thinking,hindi,Explicit-Flirting,0.6,33,84,11,1,22,83,0.92,0.33,0.99,0.8,0.49,11,0.33,18,10,46,0.64,0.28,0
e4b_thinking,hindi,Explicit-Flirting,0.7,33,84,10,1,23,83,0.91,0.3,0.99,0.79,0.45,10,0.3,17,9,47,0.65,0.27,0
e4b_thinking,hindi,Explicit-Flirting,0.8,33,84,10,1,23,83,0.91,0.3,0.99,0.79,0.45,10,0.3,16,9,48,0.64,0.25,0
e4b_thinking,hindi,Explicit-Flirting,0.9,33,84,5,0,28,84,1.0,0.15,1.0,0.76,0.26,6,0.18,6,3,58,0.67,0.09,0
e4b_thinking,hindi,Explicit-Flirting,none,33,84,22,13,11,71,0.63,0.67,0.85,0.79,0.65,26,0.79,38,66,26,0.37,0.59,0
e4b_thinking,hindi,ALL,0.0,58,59,48,11,10,48,0.81,0.83,0.81,0.82,0.82,53,0.91,92,129,46,0.42,0.67,0
e4b_thinking,hindi,ALL,0.1,58,59,48,11,10,48,0.81,0.83,0.81,0.82,0.82,53,0.91,92,129,46,0.42,0.67,0
e4b_thinking,hindi,ALL,0.2,58,59,48,11,10,48,0.81,0.83,0.81,0.82,0.82,53,0.91,92,129,46,0.42,0.67,0
e4b_thinking,hindi,ALL,0.3,58,59,48,11,10,48,0.81,0.83,0.81,0.82,0.82,53,0.91,92,129,46,0.42,0.67,0
e4b_thinking,hindi,ALL,0.4,58,59,47,10,11,49,0.82,0.81,0.83,0.82,0.82,52,0.9,88,110,50,0.44,0.64,0
e4b_thinking,hindi,ALL,0.5,58,59,43,7,15,52,0.86,0.74,0.88,0.81,0.8,46,0.79,72,73,66,0.5,0.52,0
e4b_thinking,hindi,ALL,0.6,58,59,43,7,15,52,0.86,0.74,0.88,0.81,0.8,46,0.79,72,73,66,0.5,0.52,0
e4b_thinking,hindi,ALL,0.7,58,59,42,7,16,52,0.86,0.72,0.88,0.8,0.79,45,0.78,71,72,67,0.5,0.51,0
e4b_thinking,hindi,ALL,0.8,58,59,41,7,17,52,0.85,0.71,0.88,0.79,0.77,45,0.78,69,72,69,0.49,0.5,0
e4b_thinking,hindi,ALL,0.9,58,59,34,6,24,53,0.85,0.59,0.9,0.74,0.69,40,0.69,45,40,93,0.53,0.33,0
e4b_thinking,hindi,ALL,none,58,59,48,11,10,48,0.81,0.83,0.81,0.82,0.82,53,0.91,92,129,46,0.42,0.67,0
e4b_thinking,tamil,PlatformMove,0.0,20,45,16,7,4,38,0.7,0.8,0.84,0.83,0.74,16,0.8,21,42,10,0.33,0.68,0
e4b_thinking,tamil,PlatformMove,0.1,20,45,16,7,4,38,0.7,0.8,0.84,0.83,0.74,16,0.8,21,42,10,0.33,0.68,0
e4b_thinking,tamil,PlatformMove,0.2,20,45,16,7,4,38,0.7,0.8,0.84,0.83,0.74,16,0.8,21,42,10,0.33,0.68,0
e4b_thinking,tamil,PlatformMove,0.3,20,45,16,7,4,38,0.7,0.8,0.84,0.83,0.74,16,0.8,21,42,10,0.33,0.68,0
e4b_thinking,tamil,PlatformMove,0.4,20,45,16,7,4,38,0.7,0.8,0.84,0.83,0.74,16,0.8,21,42,10,0.33,0.68,0
e4b_thinking,tamil,PlatformMove,0.5,20,45,16,7,4,38,0.7,0.8,0.84,0.83,0.74,16,0.8,21,42,10,0.33,0.68,0
e4b_thinking,tamil,PlatformMove,0.6,20,45,16,7,4,38,0.7,0.8,0.84,0.83,0.74,16,0.8,21,42,10,0.33,0.68,0
e4b_thinking,tamil,PlatformMove,0.7,20,45,16,7,4,38,0.7,0.8,0.84,0.83,0.74,16,0.8,21,42,10,0.33,0.68,0
e4b_thinking,tamil,PlatformMove,0.8,20,45,16,7,4,38,0.7,0.8,0.84,0.83,0.74,16,0.8,21,41,10,0.34,0.68,0
e4b_thinking,tamil,PlatformMove,0.9,20,45,16,6,4,39,0.73,0.8,0.87,0.85,0.76,16,0.8,20,30,11,0.4,0.65,0
e4b_thinking,tamil,PlatformMove,none,20,45,16,7,4,38,0.7,0.8,0.84,0.83,0.74,16,0.8,21,42,10,0.33,0.68,0
e4b_thinking,tamil,SuspiciousActivity,0.0,11,54,8,7,3,47,0.53,0.73,0.87,0.85,0.62,8,0.73,9,25,4,0.26,0.69,0
e4b_thinking,tamil,SuspiciousActivity,0.1,11,54,8,7,3,47,0.53,0.73,0.87,0.85,0.62,8,0.73,9,25,4,0.26,0.69,0
e4b_thinking,tamil,SuspiciousActivity,0.2,11,54,8,7,3,47,0.53,0.73,0.87,0.85,0.62,8,0.73,9,25,4,0.26,0.69,0
e4b_thinking,tamil,SuspiciousActivity,0.3,11,54,8,7,3,47,0.53,0.73,0.87,0.85,0.62,8,0.73,9,25,4,0.26,0.69,0
e4b_thinking,tamil,SuspiciousActivity,0.4,11,54,8,7,3,47,0.53,0.73,0.87,0.85,0.62,8,0.73,9,25,4,0.26,0.69,0
e4b_thinking,tamil,SuspiciousActivity,0.5,11,54,8,7,3,47,0.53,0.73,0.87,0.85,0.62,8,0.73,9,25,4,0.26,0.69,0
e4b_thinking,tamil,SuspiciousActivity,0.6,11,54,8,7,3,47,0.53,0.73,0.87,0.85,0.62,8,0.73,9,25,4,0.26,0.69,0
e4b_thinking,tamil,SuspiciousActivity,0.7,11,54,8,7,3,47,0.53,0.73,0.87,0.85,0.62,8,0.73,9,25,4,0.26,0.69,0
e4b_thinking,tamil,SuspiciousActivity,0.8,11,54,8,6,3,48,0.57,0.73,0.89,0.86,0.64,8,0.73,9,24,4,0.27,0.69,0
e4b_thinking,tamil,SuspiciousActivity,0.9,11,54,6,1,5,53,0.86,0.55,0.98,0.91,0.67,7,0.64,7,8,6,0.47,0.54,0
e4b_thinking,tamil,SuspiciousActivity,none,11,54,8,7,3,47,0.53,0.73,0.87,0.85,0.62,8,0.73,9,25,4,0.26,0.69,0
e4b_thinking,tamil,Explicit-Flirting,0.0,20,45,11,14,9,31,0.44,0.55,0.69,0.65,0.49,15,0.75,14,45,36,0.24,0.28,0
e4b_thinking,tamil,Explicit-Flirting,0.1,20,45,11,14,9,31,0.44,0.55,0.69,0.65,0.49,15,0.75,14,45,36,0.24,0.28,0
e4b_thinking,tamil,Explicit-Flirting,0.2,20,45,11,14,9,31,0.44,0.55,0.69,0.65,0.49,15,0.75,14,45,36,0.24,0.28,0
e4b_thinking,tamil,Explicit-Flirting,0.3,20,45,11,14,9,31,0.44,0.55,0.69,0.65,0.49,15,0.75,14,45,36,0.24,0.28,0
e4b_thinking,tamil,Explicit-Flirting,0.4,20,45,8,9,12,36,0.47,0.4,0.8,0.68,0.43,12,0.6,11,29,39,0.28,0.22,0
e4b_thinking,tamil,Explicit-Flirting,0.5,20,45,2,4,18,41,0.33,0.1,0.91,0.66,0.15,7,0.35,3,11,47,0.21,0.06,0
e4b_thinking,tamil,Explicit-Flirting,0.6,20,45,2,4,18,41,0.33,0.1,0.91,0.66,0.15,7,0.35,3,11,47,0.21,0.06,0
e4b_thinking,tamil,Explicit-Flirting,0.7,20,45,2,4,18,41,0.33,0.1,0.91,0.66,0.15,7,0.35,3,11,47,0.21,0.06,0
e4b_thinking,tamil,Explicit-Flirting,0.8,20,45,2,4,18,41,0.33,0.1,0.91,0.66,0.15,7,0.35,3,11,47,0.21,0.06,0
e4b_thinking,tamil,Explicit-Flirting,0.9,20,45,0,1,20,44,0.0,0.0,0.98,0.68,,1,0.05,0,2,50,0.0,0.0,0
e4b_thinking,tamil,Explicit-Flirting,none,20,45,11,14,9,31,0.44,0.55,0.69,0.65,0.49,15,0.75,14,45,36,0.24,0.28,0
e4b_thinking,tamil,ALL,0.0,34,31,26,13,8,18,0.67,0.76,0.58,0.68,0.71,29,0.85,44,112,50,0.28,0.47,0
e4b_thinking,tamil,ALL,0.1,34,31,26,13,8,18,0.67,0.76,0.58,0.68,0.71,29,0.85,44,112,50,0.28,0.47,0
e4b_thinking,tamil,ALL,0.2,34,31,26,13,8,18,0.67,0.76,0.58,0.68,0.71,29,0.85,44,112,50,0.28,0.47,0
e4b_thinking,tamil,ALL,0.3,34,31,26,13,8,18,0.67,0.76,0.58,0.68,0.71,29,0.85,44,112,50,0.28,0.47,0
e4b_thinking,tamil,ALL,0.4,34,31,23,13,11,18,0.64,0.68,0.58,0.63,0.66,27,0.79,41,96,53,0.3,0.44,0
e4b_thinking,tamil,ALL,0.5,34,31,18,11,16,20,0.62,0.53,0.65,0.58,0.57,24,0.71,33,78,61,0.3,0.35,0
e4b_thinking,tamil,ALL,0.6,34,31,18,11,16,20,0.62,0.53,0.65,0.58,0.57,24,0.71,33,78,61,0.3,0.35,0
e4b_thinking,tamil,ALL,0.7,34,31,18,11,16,20,0.62,0.53,0.65,0.58,0.57,24,0.71,33,78,61,0.3,0.35,0
e4b_thinking,tamil,ALL,0.8,34,31,18,10,16,21,0.64,0.53,0.68,0.6,0.58,24,0.71,33,76,61,0.3,0.35,0
e4b_thinking,tamil,ALL,0.9,34,31,17,5,17,26,0.77,0.5,0.84,0.66,0.61,19,0.56,27,40,67,0.4,0.29,0
e4b_thinking,tamil,ALL,none,34,31,26,13,8,18,0.67,0.76,0.58,0.68,0.71,29,0.85,44,112,50,0.28,0.47,0
e4b_thinking,telugu,PlatformMove,0.0,1,0,1,0,0,0,1.0,1.0,,1.0,1.0,1,1.0,3,0,0,1.0,1.0,0
e4b_thinking,telugu,PlatformMove,0.1,1,0,1,0,0,0,1.0,1.0,,1.0,1.0,1,1.0,3,0,0,1.0,1.0,0
e4b_thinking,telugu,PlatformMove,0.2,1,0,1,0,0,0,1.0,1.0,,1.0,1.0,1,1.0,3,0,0,1.0,1.0,0
e4b_thinking,telugu,PlatformMove,0.3,1,0,1,0,0,0,1.0,1.0,,1.0,1.0,1,1.0,3,0,0,1.0,1.0,0
e4b_thinking,telugu,PlatformMove,0.4,1,0,1,0,0,0,1.0,1.0,,1.0,1.0,1,1.0,3,0,0,1.0,1.0,0
e4b_thinking,telugu,PlatformMove,0.5,1,0,1,0,0,0,1.0,1.0,,1.0,1.0,1,1.0,3,0,0,1.0,1.0,0
e4b_thinking,telugu,PlatformMove,0.6,1,0,1,0,0,0,1.0,1.0,,1.0,1.0,1,1.0,3,0,0,1.0,1.0,0
e4b_thinking,telugu,PlatformMove,0.7,1,0,1,0,0,0,1.0,1.0,,1.0,1.0,1,1.0,3,0,0,1.0,1.0,0
e4b_thinking,telugu,PlatformMove,0.8,1,0,1,0,0,0,1.0,1.0,,1.0,1.0,1,1.0,3,0,0,1.0,1.0,0
e4b_thinking,telugu,PlatformMove,0.9,1,0,1,0,0,0,1.0,1.0,,1.0,1.0,1,1.0,3,0,0,1.0,1.0,0
e4b_thinking,telugu,PlatformMove,none,1,0,1,0,0,0,1.0,1.0,,1.0,1.0,1,1.0,3,0,0,1.0,1.0,0
e4b_thinking,telugu,SuspiciousActivity,0.0,1,0,1,0,0,0,1.0,1.0,,1.0,1.0,1,1.0,1,0,0,1.0,1.0,0
e4b_thinking,telugu,SuspiciousActivity,0.1,1,0,1,0,0,0,1.0,1.0,,1.0,1.0,1,1.0,1,0,0,1.0,1.0,0
e4b_thinking,telugu,SuspiciousActivity,0.2,1,0,1,0,0,0,1.0,1.0,,1.0,1.0,1,1.0,1,0,0,1.0,1.0,0
e4b_thinking,telugu,SuspiciousActivity,0.3,1,0,1,0,0,0,1.0,1.0,,1.0,1.0,1,1.0,1,0,0,1.0,1.0,0
e4b_thinking,telugu,SuspiciousActivity,0.4,1,0,1,0,0,0,1.0,1.0,,1.0,1.0,1,1.0,1,0,0,1.0,1.0,0
e4b_thinking,telugu,SuspiciousActivity,0.5,1,0,1,0,0,0,1.0,1.0,,1.0,1.0,1,1.0,1,0,0,1.0,1.0,0
e4b_thinking,telugu,SuspiciousActivity,0.6,1,0,1,0,0,0,1.0,1.0,,1.0,1.0,1,1.0,1,0,0,1.0,1.0,0
e4b_thinking,telugu,SuspiciousActivity,0.7,1,0,1,0,0,0,1.0,1.0,,1.0,1.0,1,1.0,1,0,0,1.0,1.0,0
e4b_thinking,telugu,SuspiciousActivity,0.8,1,0,1,0,0,0,1.0,1.0,,1.0,1.0,1,1.0,1,0,0,1.0,1.0,0
e4b_thinking,telugu,SuspiciousActivity,0.9,1,0,0,0,1,0,,0.0,,0.0,,0,0.0,0,0,1,,0.0,0
e4b_thinking,telugu,SuspiciousActivity,none,1,0,1,0,0,0,1.0,1.0,,1.0,1.0,1,1.0,1,0,0,1.0,1.0,0
e4b_thinking,telugu,Explicit-Flirting,0.0,0,1,0,0,0,1,,,1.0,1.0,,0,,0,0,0,,,0
e4b_thinking,telugu,Explicit-Flirting,0.1,0,1,0,0,0,1,,,1.0,1.0,,0,,0,0,0,,,0
e4b_thinking,telugu,Explicit-Flirting,0.2,0,1,0,0,0,1,,,1.0,1.0,,0,,0,0,0,,,0
e4b_thinking,telugu,Explicit-Flirting,0.3,0,1,0,0,0,1,,,1.0,1.0,,0,,0,0,0,,,0
e4b_thinking,telugu,Explicit-Flirting,0.4,0,1,0,0,0,1,,,1.0,1.0,,0,,0,0,0,,,0
e4b_thinking,telugu,Explicit-Flirting,0.5,0,1,0,0,0,1,,,1.0,1.0,,0,,0,0,0,,,0
e4b_thinking,telugu,Explicit-Flirting,0.6,0,1,0,0,0,1,,,1.0,1.0,,0,,0,0,0,,,0
e4b_thinking,telugu,Explicit-Flirting,0.7,0,1,0,0,0,1,,,1.0,1.0,,0,,0,0,0,,,0
e4b_thinking,telugu,Explicit-Flirting,0.8,0,1,0,0,0,1,,,1.0,1.0,,0,,0,0,0,,,0
e4b_thinking,telugu,Explicit-Flirting,0.9,0,1,0,0,0,1,,,1.0,1.0,,0,,0,0,0,,,0
e4b_thinking,telugu,Explicit-Flirting,none,0,1,0,0,0,1,,,1.0,1.0,,0,,0,0,0,,,0
e4b_thinking,telugu,ALL,0.0,1,0,1,0,0,0,1.0,1.0,,1.0,1.0,1,1.0,4,0,0,1.0,1.0,0
e4b_thinking,telugu,ALL,0.1,1,0,1,0,0,0,1.0,1.0,,1.0,1.0,1,1.0,4,0,0,1.0,1.0,0
e4b_thinking,telugu,ALL,0.2,1,0,1,0,0,0,1.0,1.0,,1.0,1.0,1,1.0,4,0,0,1.0,1.0,0
e4b_thinking,telugu,ALL,0.3,1,0,1,0,0,0,1.0,1.0,,1.0,1.0,1,1.0,4,0,0,1.0,1.0,0
e4b_thinking,telugu,ALL,0.4,1,0,1,0,0,0,1.0,1.0,,1.0,1.0,1,1.0,4,0,0,1.0,1.0,0
e4b_thinking,telugu,ALL,0.5,1,0,1,0,0,0,1.0,1.0,,1.0,1.0,1,1.0,4,0,0,1.0,1.0,0
e4b_thinking,telugu,ALL,0.6,1,0,1,0,0,0,1.0,1.0,,1.0,1.0,1,1.0,4,0,0,1.0,1.0,0
e4b_thinking,telugu,ALL,0.7,1,0,1,0,0,0,1.0,1.0,,1.0,1.0,1,1.0,4,0,0,1.0,1.0,0
e4b_thinking,telugu,ALL,0.8,1,0,1,0,0,0,1.0,1.0,,1.0,1.0,1,1.0,4,0,0,1.0,1.0,0
e4b_thinking,telugu,ALL,0.9,1,0,1,0,0,0,1.0,1.0,,1.0,1.0,1,1.0,3,0,1,1.0,0.75,0
e4b_thinking,telugu,ALL,none,1,0,1,0,0,0,1.0,1.0,,1.0,1.0,1,1.0,4,0,0,1.0,1.0,0
gemini-3.5-flash-lite,ALL,PlatformMove,0.0,127,250,53,5,74,245,0.91,0.42,0.98,0.79,0.57,57,0.45,57,16,129,0.78,0.31,0
gemini-3.5-flash-lite,ALL,PlatformMove,0.1,127,250,53,5,74,245,0.91,0.42,0.98,0.79,0.57,57,0.45,57,16,129,0.78,0.31,0
gemini-3.5-flash-lite,ALL,PlatformMove,0.2,127,250,53,5,74,245,0.91,0.42,0.98,0.79,0.57,57,0.45,57,16,129,0.78,0.31,0
gemini-3.5-flash-lite,ALL,PlatformMove,0.3,127,250,52,5,75,245,0.91,0.41,0.98,0.79,0.57,56,0.44,56,16,130,0.78,0.3,0
gemini-3.5-flash-lite,ALL,PlatformMove,0.4,127,250,52,5,75,245,0.91,0.41,0.98,0.79,0.57,56,0.44,56,16,130,0.78,0.3,0
gemini-3.5-flash-lite,ALL,PlatformMove,0.5,127,250,52,5,75,245,0.91,0.41,0.98,0.79,0.57,56,0.44,56,16,130,0.78,0.3,0
gemini-3.5-flash-lite,ALL,PlatformMove,0.6,127,250,52,5,75,245,0.91,0.41,0.98,0.79,0.57,56,0.44,56,16,130,0.78,0.3,0
gemini-3.5-flash-lite,ALL,PlatformMove,0.7,127,250,52,5,75,245,0.91,0.41,0.98,0.79,0.57,56,0.44,56,16,130,0.78,0.3,0
gemini-3.5-flash-lite,ALL,PlatformMove,0.8,127,250,52,5,75,245,0.91,0.41,0.98,0.79,0.57,56,0.44,55,16,131,0.77,0.3,0
gemini-3.5-flash-lite,ALL,PlatformMove,0.9,127,250,30,2,97,248,0.94,0.24,0.99,0.74,0.38,33,0.26,31,5,155,0.86,0.17,0
gemini-3.5-flash-lite,ALL,PlatformMove,none,127,250,53,5,74,245,0.91,0.42,0.98,0.79,0.57,57,0.45,57,16,129,0.78,0.31,0
gemini-3.5-flash-lite,ALL,SuspiciousActivity,0.0,68,309,7,1,61,308,0.88,0.1,1.0,0.84,0.18,10,0.15,8,5,82,0.62,0.09,0
gemini-3.5-flash-lite,ALL,SuspiciousActivity,0.1,68,309,7,1,61,308,0.88,0.1,1.0,0.84,0.18,10,0.15,8,5,82,0.62,0.09,0
gemini-3.5-flash-lite,ALL,SuspiciousActivity,0.2,68,309,7,1,61,308,0.88,0.1,1.0,0.84,0.18,10,0.15,8,5,82,0.62,0.09,0
gemini-3.5-flash-lite,ALL,SuspiciousActivity,0.3,68,309,7,1,61,308,0.88,0.1,1.0,0.84,0.18,10,0.15,8,5,82,0.62,0.09,0
gemini-3.5-flash-lite,ALL,SuspiciousActivity,0.4,68,309,7,1,61,308,0.88,0.1,1.0,0.84,0.18,10,0.15,8,5,82,0.62,0.09,0
gemini-3.5-flash-lite,ALL,SuspiciousActivity,0.5,68,309,7,1,61,308,0.88,0.1,1.0,0.84,0.18,10,0.15,8,5,82,0.62,0.09,0
gemini-3.5-flash-lite,ALL,SuspiciousActivity,0.6,68,309,7,1,61,308,0.88,0.1,1.0,0.84,0.18,10,0.15,8,5,82,0.62,0.09,0
gemini-3.5-flash-lite,ALL,SuspiciousActivity,0.7,68,309,7,1,61,308,0.88,0.1,1.0,0.84,0.18,10,0.15,8,5,82,0.62,0.09,0
gemini-3.5-flash-lite,ALL,SuspiciousActivity,0.8,68,309,6,1,62,308,0.86,0.09,1.0,0.83,0.16,8,0.12,7,4,83,0.64,0.08,0
gemini-3.5-flash-lite,ALL,SuspiciousActivity,0.9,68,309,1,1,67,308,0.5,0.01,1.0,0.82,0.03,1,0.01,1,1,89,0.5,0.01,0
gemini-3.5-flash-lite,ALL,SuspiciousActivity,none,68,309,7,1,61,308,0.88,0.1,1.0,0.84,0.18,10,0.15,8,5,82,0.62,0.09,0
gemini-3.5-flash-lite,ALL,Explicit-Flirting,0.0,112,265,6,1,106,264,0.86,0.05,1.0,0.72,0.1,8,0.07,6,4,223,0.6,0.03,0
gemini-3.5-flash-lite,ALL,Explicit-Flirting,0.1,112,265,6,1,106,264,0.86,0.05,1.0,0.72,0.1,8,0.07,6,4,223,0.6,0.03,0
gemini-3.5-flash-lite,ALL,Explicit-Flirting,0.2,112,265,6,1,106,264,0.86,0.05,1.0,0.72,0.1,8,0.07,6,4,223,0.6,0.03,0
gemini-3.5-flash-lite,ALL,Explicit-Flirting,0.3,112,265,6,1,106,264,0.86,0.05,1.0,0.72,0.1,8,0.07,6,4,223,0.6,0.03,0
gemini-3.5-flash-lite,ALL,Explicit-Flirting,0.4,112,265,6,1,106,264,0.86,0.05,1.0,0.72,0.1,8,0.07,6,4,223,0.6,0.03,0
gemini-3.5-flash-lite,ALL,Explicit-Flirting,0.5,112,265,3,0,109,265,1.0,0.03,1.0,0.71,0.05,3,0.03,3,0,226,1.0,0.01,0
gemini-3.5-flash-lite,ALL,Explicit-Flirting,0.6,112,265,3,0,109,265,1.0,0.03,1.0,0.71,0.05,3,0.03,3,0,226,1.0,0.01,0
gemini-3.5-flash-lite,ALL,Explicit-Flirting,0.7,112,265,3,0,109,265,1.0,0.03,1.0,0.71,0.05,3,0.03,3,0,226,1.0,0.01,0
gemini-3.5-flash-lite,ALL,Explicit-Flirting,0.8,112,265,3,0,109,265,1.0,0.03,1.0,0.71,0.05,3,0.03,3,0,226,1.0,0.01,0
gemini-3.5-flash-lite,ALL,Explicit-Flirting,0.9,112,265,0,0,112,265,,0.0,1.0,0.7,,0,0.0,0,0,229,,0.0,0
gemini-3.5-flash-lite,ALL,Explicit-Flirting,none,112,265,6,1,106,264,0.86,0.05,1.0,0.72,0.1,8,0.07,6,4,223,0.6,0.03,0
gemini-3.5-flash-lite,ALL,ALL,0.0,211,166,60,5,151,161,0.92,0.28,0.97,0.59,0.43,68,0.32,71,25,434,0.74,0.14,0
gemini-3.5-flash-lite,ALL,ALL,0.1,211,166,60,5,151,161,0.92,0.28,0.97,0.59,0.43,68,0.32,71,25,434,0.74,0.14,0
gemini-3.5-flash-lite,ALL,ALL,0.2,211,166,60,5,151,161,0.92,0.28,0.97,0.59,0.43,68,0.32,71,25,434,0.74,0.14,0
gemini-3.5-flash-lite,ALL,ALL,0.3,211,166,59,5,152,161,0.92,0.28,0.97,0.58,0.43,67,0.32,70,25,435,0.74,0.14,0
gemini-3.5-flash-lite,ALL,ALL,0.4,211,166,59,5,152,161,0.92,0.28,0.97,0.58,0.43,67,0.32,70,25,435,0.74,0.14,0
gemini-3.5-flash-lite,ALL,ALL,0.5,211,166,56,5,155,161,0.92,0.27,0.97,0.58,0.41,63,0.3,67,21,438,0.76,0.13,0
gemini-3.5-flash-lite,ALL,ALL,0.6,211,166,56,5,155,161,0.92,0.27,0.97,0.58,0.41,63,0.3,67,21,438,0.76,0.13,0
gemini-3.5-flash-lite,ALL,ALL,0.7,211,166,56,5,155,161,0.92,0.27,0.97,0.58,0.41,63,0.3,67,21,438,0.76,0.13,0
gemini-3.5-flash-lite,ALL,ALL,0.8,211,166,56,5,155,161,0.92,0.27,0.97,0.58,0.41,62,0.29,65,20,440,0.76,0.13,0
gemini-3.5-flash-lite,ALL,ALL,0.9,211,166,30,2,181,164,0.94,0.14,0.99,0.51,0.25,34,0.16,32,6,473,0.84,0.06,0
gemini-3.5-flash-lite,ALL,ALL,none,211,166,60,5,151,161,0.92,0.28,0.97,0.59,0.43,68,0.32,71,25,434,0.74,0.14,0
gemini-3.5-flash-lite,hindi,PlatformMove,0.0,31,86,18,4,13,82,0.82,0.58,0.95,0.85,0.68,19,0.61,18,8,26,0.69,0.41,0
gemini-3.5-flash-lite,hindi,PlatformMove,0.1,31,86,18,4,13,82,0.82,0.58,0.95,0.85,0.68,19,0.61,18,8,26,0.69,0.41,0
gemini-3.5-flash-lite,hindi,PlatformMove,0.2,31,86,18,4,13,82,0.82,0.58,0.95,0.85,0.68,19,0.61,18,8,26,0.69,0.41,0
gemini-3.5-flash-lite,hindi,PlatformMove,0.3,31,86,18,4,13,82,0.82,0.58,0.95,0.85,0.68,19,0.61,18,8,26,0.69,0.41,0
gemini-3.5-flash-lite,hindi,PlatformMove,0.4,31,86,18,4,13,82,0.82,0.58,0.95,0.85,0.68,19,0.61,18,8,26,0.69,0.41,0
gemini-3.5-flash-lite,hindi,PlatformMove,0.5,31,86,18,4,13,82,0.82,0.58,0.95,0.85,0.68,19,0.61,18,8,26,0.69,0.41,0
gemini-3.5-flash-lite,hindi,PlatformMove,0.6,31,86,18,4,13,82,0.82,0.58,0.95,0.85,0.68,19,0.61,18,8,26,0.69,0.41,0
gemini-3.5-flash-lite,hindi,PlatformMove,0.7,31,86,18,4,13,82,0.82,0.58,0.95,0.85,0.68,19,0.61,18,8,26,0.69,0.41,0
gemini-3.5-flash-lite,hindi,PlatformMove,0.8,31,86,18,4,13,82,0.82,0.58,0.95,0.85,0.68,19,0.61,18,8,26,0.69,0.41,0
gemini-3.5-flash-lite,hindi,PlatformMove,0.9,31,86,11,1,20,85,0.92,0.35,0.99,0.82,0.51,12,0.39,11,2,33,0.85,0.25,0
gemini-3.5-flash-lite,hindi,PlatformMove,none,31,86,18,4,13,82,0.82,0.58,0.95,0.85,0.68,19,0.61,18,8,26,0.69,0.41,0
gemini-3.5-flash-lite,hindi,SuspiciousActivity,0.0,21,96,3,1,18,95,0.75,0.14,0.99,0.84,0.24,3,0.14,3,1,27,0.75,0.1,0
gemini-3.5-flash-lite,hindi,SuspiciousActivity,0.1,21,96,3,1,18,95,0.75,0.14,0.99,0.84,0.24,3,0.14,3,1,27,0.75,0.1,0
gemini-3.5-flash-lite,hindi,SuspiciousActivity,0.2,21,96,3,1,18,95,0.75,0.14,0.99,0.84,0.24,3,0.14,3,1,27,0.75,0.1,0
gemini-3.5-flash-lite,hindi,SuspiciousActivity,0.3,21,96,3,1,18,95,0.75,0.14,0.99,0.84,0.24,3,0.14,3,1,27,0.75,0.1,0
gemini-3.5-flash-lite,hindi,SuspiciousActivity,0.4,21,96,3,1,18,95,0.75,0.14,0.99,0.84,0.24,3,0.14,3,1,27,0.75,0.1,0
gemini-3.5-flash-lite,hindi,SuspiciousActivity,0.5,21,96,3,1,18,95,0.75,0.14,0.99,0.84,0.24,3,0.14,3,1,27,0.75,0.1,0
gemini-3.5-flash-lite,hindi,SuspiciousActivity,0.6,21,96,3,1,18,95,0.75,0.14,0.99,0.84,0.24,3,0.14,3,1,27,0.75,0.1,0
gemini-3.5-flash-lite,hindi,SuspiciousActivity,0.7,21,96,3,1,18,95,0.75,0.14,0.99,0.84,0.24,3,0.14,3,1,27,0.75,0.1,0
gemini-3.5-flash-lite,hindi,SuspiciousActivity,0.8,21,96,3,1,18,95,0.75,0.14,0.99,0.84,0.24,3,0.14,3,1,27,0.75,0.1,0
gemini-3.5-flash-lite,hindi,SuspiciousActivity,0.9,21,96,0,1,21,95,0.0,0.0,0.99,0.81,,0,0.0,0,1,30,0.0,0.0,0
gemini-3.5-flash-lite,hindi,SuspiciousActivity,none,21,96,3,1,18,95,0.75,0.14,0.99,0.84,0.24,3,0.14,3,1,27,0.75,0.1,0
gemini-3.5-flash-lite,hindi,Explicit-Flirting,0.0,33,84,3,0,30,84,1.0,0.09,1.0,0.74,0.17,4,0.12,3,1,61,0.75,0.05,0
gemini-3.5-flash-lite,hindi,Explicit-Flirting,0.1,33,84,3,0,30,84,1.0,0.09,1.0,0.74,0.17,4,0.12,3,1,61,0.75,0.05,0
gemini-3.5-flash-lite,hindi,Explicit-Flirting,0.2,33,84,3,0,30,84,1.0,0.09,1.0,0.74,0.17,4,0.12,3,1,61,0.75,0.05,0
gemini-3.5-flash-lite,hindi,Explicit-Flirting,0.3,33,84,3,0,30,84,1.0,0.09,1.0,0.74,0.17,4,0.12,3,1,61,0.75,0.05,0
gemini-3.5-flash-lite,hindi,Explicit-Flirting,0.4,33,84,3,0,30,84,1.0,0.09,1.0,0.74,0.17,4,0.12,3,1,61,0.75,0.05,0
gemini-3.5-flash-lite,hindi,Explicit-Flirting,0.5,33,84,1,0,32,84,1.0,0.03,1.0,0.73,0.06,1,0.03,1,0,63,1.0,0.02,0
gemini-3.5-flash-lite,hindi,Explicit-Flirting,0.6,33,84,1,0,32,84,1.0,0.03,1.0,0.73,0.06,1,0.03,1,0,63,1.0,0.02,0
gemini-3.5-flash-lite,hindi,Explicit-Flirting,0.7,33,84,1,0,32,84,1.0,0.03,1.0,0.73,0.06,1,0.03,1,0,63,1.0,0.02,0
gemini-3.5-flash-lite,hindi,Explicit-Flirting,0.8,33,84,1,0,32,84,1.0,0.03,1.0,0.73,0.06,1,0.03,1,0,63,1.0,0.02,0
gemini-3.5-flash-lite,hindi,Explicit-Flirting,0.9,33,84,0,0,33,84,,0.0,1.0,0.72,,0,0.0,0,0,64,,0.0,0
gemini-3.5-flash-lite,hindi,Explicit-Flirting,none,33,84,3,0,30,84,1.0,0.09,1.0,0.74,0.17,4,0.12,3,1,61,0.75,0.05,0
gemini-3.5-flash-lite,hindi,ALL,0.0,58,59,21,4,37,55,0.84,0.36,0.93,0.65,0.51,24,0.41,24,10,114,0.71,0.17,0
gemini-3.5-flash-lite,hindi,ALL,0.1,58,59,21,4,37,55,0.84,0.36,0.93,0.65,0.51,24,0.41,24,10,114,0.71,0.17,0
gemini-3.5-flash-lite,hindi,ALL,0.2,58,59,21,4,37,55,0.84,0.36,0.93,0.65,0.51,24,0.41,24,10,114,0.71,0.17,0
gemini-3.5-flash-lite,hindi,ALL,0.3,58,59,21,4,37,55,0.84,0.36,0.93,0.65,0.51,24,0.41,24,10,114,0.71,0.17,0
gemini-3.5-flash-lite,hindi,ALL,0.4,58,59,21,4,37,55,0.84,0.36,0.93,0.65,0.51,24,0.41,24,10,114,0.71,0.17,0
gemini-3.5-flash-lite,hindi,ALL,0.5,58,59,19,4,39,55,0.83,0.33,0.93,0.63,0.47,21,0.36,22,9,116,0.71,0.16,0
gemini-3.5-flash-lite,hindi,ALL,0.6,58,59,19,4,39,55,0.83,0.33,0.93,0.63,0.47,21,0.36,22,9,116,0.71,0.16,0
gemini-3.5-flash-lite,hindi,ALL,0.7,58,59,19,4,39,55,0.83,0.33,0.93,0.63,0.47,21,0.36,22,9,116,0.71,0.16,0
gemini-3.5-flash-lite,hindi,ALL,0.8,58,59,19,4,39,55,0.83,0.33,0.93,0.63,0.47,21,0.36,22,9,116,0.71,0.16,0
gemini-3.5-flash-lite,hindi,ALL,0.9,58,59,11,1,47,58,0.92,0.19,0.98,0.59,0.31,13,0.22,11,3,127,0.79,0.08,0
gemini-3.5-flash-lite,hindi,ALL,none,58,59,21,4,37,55,0.84,0.36,0.93,0.65,0.51,24,0.41,24,10,114,0.71,0.17,0
gemini-3.5-flash-lite,kannada,PlatformMove,0.0,24,44,9,0,15,44,1.0,0.38,1.0,0.78,0.55,9,0.38,10,0,26,1.0,0.28,0
gemini-3.5-flash-lite,kannada,PlatformMove,0.1,24,44,9,0,15,44,1.0,0.38,1.0,0.78,0.55,9,0.38,10,0,26,1.0,0.28,0
gemini-3.5-flash-lite,kannada,PlatformMove,0.2,24,44,9,0,15,44,1.0,0.38,1.0,0.78,0.55,9,0.38,10,0,26,1.0,0.28,0
gemini-3.5-flash-lite,kannada,PlatformMove,0.3,24,44,9,0,15,44,1.0,0.38,1.0,0.78,0.55,9,0.38,10,0,26,1.0,0.28,0
gemini-3.5-flash-lite,kannada,PlatformMove,0.4,24,44,9,0,15,44,1.0,0.38,1.0,0.78,0.55,9,0.38,10,0,26,1.0,0.28,0
gemini-3.5-flash-lite,kannada,PlatformMove,0.5,24,44,9,0,15,44,1.0,0.38,1.0,0.78,0.55,9,0.38,10,0,26,1.0,0.28,0
gemini-3.5-flash-lite,kannada,PlatformMove,0.6,24,44,9,0,15,44,1.0,0.38,1.0,0.78,0.55,9,0.38,10,0,26,1.0,0.28,0
gemini-3.5-flash-lite,kannada,PlatformMove,0.7,24,44,9,0,15,44,1.0,0.38,1.0,0.78,0.55,9,0.38,10,0,26,1.0,0.28,0
gemini-3.5-flash-lite,kannada,PlatformMove,0.8,24,44,9,0,15,44,1.0,0.38,1.0,0.78,0.55,9,0.38,10,0,26,1.0,0.28,0
gemini-3.5-flash-lite,kannada,PlatformMove,0.9,24,44,7,0,17,44,1.0,0.29,1.0,0.75,0.45,7,0.29,8,0,28,1.0,0.22,0
gemini-3.5-flash-lite,kannada,PlatformMove,none,24,44,9,0,15,44,1.0,0.38,1.0,0.78,0.55,9,0.38,10,0,26,1.0,0.28,0
gemini-3.5-flash-lite,kannada,SuspiciousActivity,0.0,12,56,2,0,10,56,1.0,0.17,1.0,0.85,0.29,4,0.33,2,2,12,0.5,0.14,0
gemini-3.5-flash-lite,kannada,SuspiciousActivity,0.1,12,56,2,0,10,56,1.0,0.17,1.0,0.85,0.29,4,0.33,2,2,12,0.5,0.14,0
gemini-3.5-flash-lite,kannada,SuspiciousActivity,0.2,12,56,2,0,10,56,1.0,0.17,1.0,0.85,0.29,4,0.33,2,2,12,0.5,0.14,0
gemini-3.5-flash-lite,kannada,SuspiciousActivity,0.3,12,56,2,0,10,56,1.0,0.17,1.0,0.85,0.29,4,0.33,2,2,12,0.5,0.14,0
gemini-3.5-flash-lite,kannada,SuspiciousActivity,0.4,12,56,2,0,10,56,1.0,0.17,1.0,0.85,0.29,4,0.33,2,2,12,0.5,0.14,0
gemini-3.5-flash-lite,kannada,SuspiciousActivity,0.5,12,56,2,0,10,56,1.0,0.17,1.0,0.85,0.29,4,0.33,2,2,12,0.5,0.14,0
gemini-3.5-flash-lite,kannada,SuspiciousActivity,0.6,12,56,2,0,10,56,1.0,0.17,1.0,0.85,0.29,4,0.33,2,2,12,0.5,0.14,0
gemini-3.5-flash-lite,kannada,SuspiciousActivity,0.7,12,56,2,0,10,56,1.0,0.17,1.0,0.85,0.29,4,0.33,2,2,12,0.5,0.14,0
gemini-3.5-flash-lite,kannada,SuspiciousActivity,0.8,12,56,1,0,11,56,1.0,0.08,1.0,0.84,0.15,2,0.17,1,1,13,0.5,0.07,0
gemini-3.5-flash-lite,kannada,SuspiciousActivity,0.9,12,56,0,0,12,56,,0.0,1.0,0.82,,0,0.0,0,0,14,,0.0,0
gemini-3.5-flash-lite,kannada,SuspiciousActivity,none,12,56,2,0,10,56,1.0,0.17,1.0,0.85,0.29,4,0.33,2,2,12,0.5,0.14,0
gemini-3.5-flash-lite,kannada,Explicit-Flirting,0.0,14,54,0,0,14,54,,0.0,1.0,0.79,,1,0.07,0,1,33,0.0,0.0,0
gemini-3.5-flash-lite,kannada,Explicit-Flirting,0.1,14,54,0,0,14,54,,0.0,1.0,0.79,,1,0.07,0,1,33,0.0,0.0,0
gemini-3.5-flash-lite,kannada,Explicit-Flirting,0.2,14,54,0,0,14,54,,0.0,1.0,0.79,,1,0.07,0,1,33,0.0,0.0,0
gemini-3.5-flash-lite,kannada,Explicit-Flirting,0.3,14,54,0,0,14,54,,0.0,1.0,0.79,,1,0.07,0,1,33,0.0,0.0,0
gemini-3.5-flash-lite,kannada,Explicit-Flirting,0.4,14,54,0,0,14,54,,0.0,1.0,0.79,,1,0.07,0,1,33,0.0,0.0,0
gemini-3.5-flash-lite,kannada,Explicit-Flirting,0.5,14,54,0,0,14,54,,0.0,1.0,0.79,,0,0.0,0,0,33,,0.0,0
gemini-3.5-flash-lite,kannada,Explicit-Flirting,0.6,14,54,0,0,14,54,,0.0,1.0,0.79,,0,0.0,0,0,33,,0.0,0
gemini-3.5-flash-lite,kannada,Explicit-Flirting,0.7,14,54,0,0,14,54,,0.0,1.0,0.79,,0,0.0,0,0,33,,0.0,0
gemini-3.5-flash-lite,kannada,Explicit-Flirting,0.8,14,54,0,0,14,54,,0.0,1.0,0.79,,0,0.0,0,0,33,,0.0,0
gemini-3.5-flash-lite,kannada,Explicit-Flirting,0.9,14,54,0,0,14,54,,0.0,1.0,0.79,,0,0.0,0,0,33,,0.0,0
gemini-3.5-flash-lite,kannada,Explicit-Flirting,none,14,54,0,0,14,54,,0.0,1.0,0.79,,1,0.07,0,1,33,0.0,0.0,0
gemini-3.5-flash-lite,kannada,ALL,0.0,31,37,10,0,21,37,1.0,0.32,1.0,0.69,0.49,11,0.35,12,3,71,0.8,0.14,0
gemini-3.5-flash-lite,kannada,ALL,0.1,31,37,10,0,21,37,1.0,0.32,1.0,0.69,0.49,11,0.35,12,3,71,0.8,0.14,0
gemini-3.5-flash-lite,kannada,ALL,0.2,31,37,10,0,21,37,1.0,0.32,1.0,0.69,0.49,11,0.35,12,3,71,0.8,0.14,0
gemini-3.5-flash-lite,kannada,ALL,0.3,31,37,10,0,21,37,1.0,0.32,1.0,0.69,0.49,11,0.35,12,3,71,0.8,0.14,0
gemini-3.5-flash-lite,kannada,ALL,0.4,31,37,10,0,21,37,1.0,0.32,1.0,0.69,0.49,11,0.35,12,3,71,0.8,0.14,0
gemini-3.5-flash-lite,kannada,ALL,0.5,31,37,10,0,21,37,1.0,0.32,1.0,0.69,0.49,11,0.35,12,2,71,0.86,0.14,0
gemini-3.5-flash-lite,kannada,ALL,0.6,31,37,10,0,21,37,1.0,0.32,1.0,0.69,0.49,11,0.35,12,2,71,0.86,0.14,0
gemini-3.5-flash-lite,kannada,ALL,0.7,31,37,10,0,21,37,1.0,0.32,1.0,0.69,0.49,11,0.35,12,2,71,0.86,0.14,0
gemini-3.5-flash-lite,kannada,ALL,0.8,31,37,10,0,21,37,1.0,0.32,1.0,0.69,0.49,10,0.32,11,1,72,0.92,0.13,0
gemini-3.5-flash-lite,kannada,ALL,0.9,31,37,7,0,24,37,1.0,0.23,1.0,0.65,0.37,7,0.23,8,0,75,1.0,0.1,0
gemini-3.5-flash-lite,kannada,ALL,none,31,37,10,0,21,37,1.0,0.32,1.0,0.69,0.49,11,0.35,12,3,71,0.8,0.14,0
gemini-3.5-flash-lite,malayalam,PlatformMove,0.0,20,36,6,1,14,35,0.86,0.3,0.97,0.73,0.44,7,0.35,6,3,23,0.67,0.21,0
gemini-3.5-flash-lite,malayalam,PlatformMove,0.1,20,36,6,1,14,35,0.86,0.3,0.97,0.73,0.44,7,0.35,6,3,23,0.67,0.21,0
gemini-3.5-flash-lite,malayalam,PlatformMove,0.2,20,36,6,1,14,35,0.86,0.3,0.97,0.73,0.44,7,0.35,6,3,23,0.67,0.21,0
gemini-3.5-flash-lite,malayalam,PlatformMove,0.3,20,36,6,1,14,35,0.86,0.3,0.97,0.73,0.44,7,0.35,6,3,23,0.67,0.21,0
gemini-3.5-flash-lite,malayalam,PlatformMove,0.4,20,36,6,1,14,35,0.86,0.3,0.97,0.73,0.44,7,0.35,6,3,23,0.67,0.21,0
gemini-3.5-flash-lite,malayalam,PlatformMove,0.5,20,36,6,1,14,35,0.86,0.3,0.97,0.73,0.44,7,0.35,6,3,23,0.67,0.21,0
gemini-3.5-flash-lite,malayalam,PlatformMove,0.6,20,36,6,1,14,35,0.86,0.3,0.97,0.73,0.44,7,0.35,6,3,23,0.67,0.21,0
gemini-3.5-flash-lite,malayalam,PlatformMove,0.7,20,36,6,1,14,35,0.86,0.3,0.97,0.73,0.44,7,0.35,6,3,23,0.67,0.21,0
gemini-3.5-flash-lite,malayalam,PlatformMove,0.8,20,36,6,1,14,35,0.86,0.3,0.97,0.73,0.44,7,0.35,6,3,23,0.67,0.21,0
gemini-3.5-flash-lite,malayalam,PlatformMove,0.9,20,36,2,1,18,35,0.67,0.1,0.97,0.66,0.17,2,0.1,2,1,27,0.67,0.07,0
gemini-3.5-flash-lite,malayalam,PlatformMove,none,20,36,6,1,14,35,0.86,0.3,0.97,0.73,0.44,7,0.35,6,3,23,0.67,0.21,0
gemini-3.5-flash-lite,malayalam,SuspiciousActivity,0.0,4,52,0,0,4,52,,0.0,1.0,0.93,,0,0.0,0,0,4,,0.0,0
gemini-3.5-flash-lite,malayalam,SuspiciousActivity,0.1,4,52,0,0,4,52,,0.0,1.0,0.93,,0,0.0,0,0,4,,0.0,0
gemini-3.5-flash-lite,malayalam,SuspiciousActivity,0.2,4,52,0,0,4,52,,0.0,1.0,0.93,,0,0.0,0,0,4,,0.0,0
gemini-3.5-flash-lite,malayalam,SuspiciousActivity,0.3,4,52,0,0,4,52,,0.0,1.0,0.93,,0,0.0,0,0,4,,0.0,0
gemini-3.5-flash-lite,malayalam,SuspiciousActivity,0.4,4,52,0,0,4,52,,0.0,1.0,0.93,,0,0.0,0,0,4,,0.0,0
gemini-3.5-flash-lite,malayalam,SuspiciousActivity,0.5,4,52,0,0,4,52,,0.0,1.0,0.93,,0,0.0,0,0,4,,0.0,0
gemini-3.5-flash-lite,malayalam,SuspiciousActivity,0.6,4,52,0,0,4,52,,0.0,1.0,0.93,,0,0.0,0,0,4,,0.0,0
gemini-3.5-flash-lite,malayalam,SuspiciousActivity,0.7,4,52,0,0,4,52,,0.0,1.0,0.93,,0,0.0,0,0,4,,0.0,0
gemini-3.5-flash-lite,malayalam,SuspiciousActivity,0.8,4,52,0,0,4,52,,0.0,1.0,0.93,,0,0.0,0,0,4,,0.0,0
gemini-3.5-flash-lite,malayalam,SuspiciousActivity,0.9,4,52,0,0,4,52,,0.0,1.0,0.93,,0,0.0,0,0,4,,0.0,0
gemini-3.5-flash-lite,malayalam,SuspiciousActivity,none,4,52,0,0,4,52,,0.0,1.0,0.93,,0,0.0,0,0,4,,0.0,0
gemini-3.5-flash-lite,malayalam,Explicit-Flirting,0.0,20,36,1,0,19,36,1.0,0.05,1.0,0.66,0.1,1,0.05,1,1,34,0.5,0.03,0
gemini-3.5-flash-lite,malayalam,Explicit-Flirting,0.1,20,36,1,0,19,36,1.0,0.05,1.0,0.66,0.1,1,0.05,1,1,34,0.5,0.03,0
gemini-3.5-flash-lite,malayalam,Explicit-Flirting,0.2,20,36,1,0,19,36,1.0,0.05,1.0,0.66,0.1,1,0.05,1,1,34,0.5,0.03,0
gemini-3.5-flash-lite,malayalam,Explicit-Flirting,0.3,20,36,1,0,19,36,1.0,0.05,1.0,0.66,0.1,1,0.05,1,1,34,0.5,0.03,0
gemini-3.5-flash-lite,malayalam,Explicit-Flirting,0.4,20,36,1,0,19,36,1.0,0.05,1.0,0.66,0.1,1,0.05,1,1,34,0.5,0.03,0
gemini-3.5-flash-lite,malayalam,Explicit-Flirting,0.5,20,36,0,0,20,36,,0.0,1.0,0.64,,0,0.0,0,0,35,,0.0,0
gemini-3.5-flash-lite,malayalam,Explicit-Flirting,0.6,20,36,0,0,20,36,,0.0,1.0,0.64,,0,0.0,0,0,35,,0.0,0
gemini-3.5-flash-lite,malayalam,Explicit-Flirting,0.7,20,36,0,0,20,36,,0.0,1.0,0.64,,0,0.0,0,0,35,,0.0,0
gemini-3.5-flash-lite,malayalam,Explicit-Flirting,0.8,20,36,0,0,20,36,,0.0,1.0,0.64,,0,0.0,0,0,35,,0.0,0
gemini-3.5-flash-lite,malayalam,Explicit-Flirting,0.9,20,36,0,0,20,36,,0.0,1.0,0.64,,0,0.0,0,0,35,,0.0,0
gemini-3.5-flash-lite,malayalam,Explicit-Flirting,none,20,36,1,0,19,36,1.0,0.05,1.0,0.66,0.1,1,0.05,1,1,34,0.5,0.03,0
gemini-3.5-flash-lite,malayalam,ALL,0.0,33,23,7,1,26,22,0.88,0.21,0.96,0.52,0.34,8,0.24,7,4,61,0.64,0.1,0
gemini-3.5-flash-lite,malayalam,ALL,0.1,33,23,7,1,26,22,0.88,0.21,0.96,0.52,0.34,8,0.24,7,4,61,0.64,0.1,0
gemini-3.5-flash-lite,malayalam,ALL,0.2,33,23,7,1,26,22,0.88,0.21,0.96,0.52,0.34,8,0.24,7,4,61,0.64,0.1,0
gemini-3.5-flash-lite,malayalam,ALL,0.3,33,23,7,1,26,22,0.88,0.21,0.96,0.52,0.34,8,0.24,7,4,61,0.64,0.1,0
gemini-3.5-flash-lite,malayalam,ALL,0.4,33,23,7,1,26,22,0.88,0.21,0.96,0.52,0.34,8,0.24,7,4,61,0.64,0.1,0
gemini-3.5-flash-lite,malayalam,ALL,0.5,33,23,6,1,27,22,0.86,0.18,0.96,0.5,0.3,7,0.21,6,3,62,0.67,0.09,0
gemini-3.5-flash-lite,malayalam,ALL,0.6,33,23,6,1,27,22,0.86,0.18,0.96,0.5,0.3,7,0.21,6,3,62,0.67,0.09,0
gemini-3.5-flash-lite,malayalam,ALL,0.7,33,23,6,1,27,22,0.86,0.18,0.96,0.5,0.3,7,0.21,6,3,62,0.67,0.09,0
gemini-3.5-flash-lite,malayalam,ALL,0.8,33,23,6,1,27,22,0.86,0.18,0.96,0.5,0.3,7,0.21,6,3,62,0.67,0.09,0
gemini-3.5-flash-lite,malayalam,ALL,0.9,33,23,2,1,31,22,0.67,0.06,0.96,0.43,0.11,2,0.06,2,1,66,0.67,0.03,0
gemini-3.5-flash-lite,malayalam,ALL,none,33,23,7,1,26,22,0.88,0.21,0.96,0.52,0.34,8,0.24,7,4,61,0.64,0.1,0
gemini-3.5-flash-lite,tamil,PlatformMove,0.0,19,44,8,0,11,44,1.0,0.42,1.0,0.83,0.59,10,0.53,10,3,20,0.77,0.33,0
gemini-3.5-flash-lite,tamil,PlatformMove,0.1,19,44,8,0,11,44,1.0,0.42,1.0,0.83,0.59,10,0.53,10,3,20,0.77,0.33,0
gemini-3.5-flash-lite,tamil,PlatformMove,0.2,19,44,8,0,11,44,1.0,0.42,1.0,0.83,0.59,10,0.53,10,3,20,0.77,0.33,0
gemini-3.5-flash-lite,tamil,PlatformMove,0.3,19,44,8,0,11,44,1.0,0.42,1.0,0.83,0.59,10,0.53,10,3,20,0.77,0.33,0
gemini-3.5-flash-lite,tamil,PlatformMove,0.4,19,44,8,0,11,44,1.0,0.42,1.0,0.83,0.59,10,0.53,10,3,20,0.77,0.33,0
gemini-3.5-flash-lite,tamil,PlatformMove,0.5,19,44,8,0,11,44,1.0,0.42,1.0,0.83,0.59,10,0.53,10,3,20,0.77,0.33,0
gemini-3.5-flash-lite,tamil,PlatformMove,0.6,19,44,8,0,11,44,1.0,0.42,1.0,0.83,0.59,10,0.53,10,3,20,0.77,0.33,0
gemini-3.5-flash-lite,tamil,PlatformMove,0.7,19,44,8,0,11,44,1.0,0.42,1.0,0.83,0.59,10,0.53,10,3,20,0.77,0.33,0
gemini-3.5-flash-lite,tamil,PlatformMove,0.8,19,44,8,0,11,44,1.0,0.42,1.0,0.83,0.59,10,0.53,9,3,21,0.75,0.3,0
gemini-3.5-flash-lite,tamil,PlatformMove,0.9,19,44,5,0,14,44,1.0,0.26,1.0,0.78,0.42,7,0.37,5,2,25,0.71,0.17,0
gemini-3.5-flash-lite,tamil,PlatformMove,none,19,44,8,0,11,44,1.0,0.42,1.0,0.83,0.59,10,0.53,10,3,20,0.77,0.33,0
gemini-3.5-flash-lite,tamil,SuspiciousActivity,0.0,10,53,0,0,10,53,,0.0,1.0,0.84,,0,0.0,0,0,12,,0.0,0
gemini-3.5-flash-lite,tamil,SuspiciousActivity,0.1,10,53,0,0,10,53,,0.0,1.0,0.84,,0,0.0,0,0,12,,0.0,0
gemini-3.5-flash-lite,tamil,SuspiciousActivity,0.2,10,53,0,0,10,53,,0.0,1.0,0.84,,0,0.0,0,0,12,,0.0,0
gemini-3.5-flash-lite,tamil,SuspiciousActivity,0.3,10,53,0,0,10,53,,0.0,1.0,0.84,,0,0.0,0,0,12,,0.0,0
gemini-3.5-flash-lite,tamil,SuspiciousActivity,0.4,10,53,0,0,10,53,,0.0,1.0,0.84,,0,0.0,0,0,12,,0.0,0
gemini-3.5-flash-lite,tamil,SuspiciousActivity,0.5,10,53,0,0,10,53,,0.0,1.0,0.84,,0,0.0,0,0,12,,0.0,0
gemini-3.5-flash-lite,tamil,SuspiciousActivity,0.6,10,53,0,0,10,53,,0.0,1.0,0.84,,0,0.0,0,0,12,,0.0,0
gemini-3.5-flash-lite,tamil,SuspiciousActivity,0.7,10,53,0,0,10,53,,0.0,1.0,0.84,,0,0.0,0,0,12,,0.0,0
gemini-3.5-flash-lite,tamil,SuspiciousActivity,0.8,10,53,0,0,10,53,,0.0,1.0,0.84,,0,0.0,0,0,12,,0.0,0
gemini-3.5-flash-lite,tamil,SuspiciousActivity,0.9,10,53,0,0,10,53,,0.0,1.0,0.84,,0,0.0,0,0,12,,0.0,0
gemini-3.5-flash-lite,tamil,SuspiciousActivity,none,10,53,0,0,10,53,,0.0,1.0,0.84,,0,0.0,0,0,12,,0.0,0
gemini-3.5-flash-lite,tamil,Explicit-Flirting,0.0,20,43,0,0,20,43,,0.0,1.0,0.68,,0,0.0,0,0,50,,0.0,0
gemini-3.5-flash-lite,tamil,Explicit-Flirting,0.1,20,43,0,0,20,43,,0.0,1.0,0.68,,0,0.0,0,0,50,,0.0,0
gemini-3.5-flash-lite,tamil,Explicit-Flirting,0.2,20,43,0,0,20,43,,0.0,1.0,0.68,,0,0.0,0,0,50,,0.0,0
gemini-3.5-flash-lite,tamil,Explicit-Flirting,0.3,20,43,0,0,20,43,,0.0,1.0,0.68,,0,0.0,0,0,50,,0.0,0
gemini-3.5-flash-lite,tamil,Explicit-Flirting,0.4,20,43,0,0,20,43,,0.0,1.0,0.68,,0,0.0,0,0,50,,0.0,0
gemini-3.5-flash-lite,tamil,Explicit-Flirting,0.5,20,43,0,0,20,43,,0.0,1.0,0.68,,0,0.0,0,0,50,,0.0,0
gemini-3.5-flash-lite,tamil,Explicit-Flirting,0.6,20,43,0,0,20,43,,0.0,1.0,0.68,,0,0.0,0,0,50,,0.0,0
gemini-3.5-flash-lite,tamil,Explicit-Flirting,0.7,20,43,0,0,20,43,,0.0,1.0,0.68,,0,0.0,0,0,50,,0.0,0
gemini-3.5-flash-lite,tamil,Explicit-Flirting,0.8,20,43,0,0,20,43,,0.0,1.0,0.68,,0,0.0,0,0,50,,0.0,0
gemini-3.5-flash-lite,tamil,Explicit-Flirting,0.9,20,43,0,0,20,43,,0.0,1.0,0.68,,0,0.0,0,0,50,,0.0,0
gemini-3.5-flash-lite,tamil,Explicit-Flirting,none,20,43,0,0,20,43,,0.0,1.0,0.68,,0,0.0,0,0,50,,0.0,0
gemini-3.5-flash-lite,tamil,ALL,0.0,33,30,8,0,25,30,1.0,0.24,1.0,0.6,0.39,10,0.3,10,3,82,0.77,0.11,0
gemini-3.5-flash-lite,tamil,ALL,0.1,33,30,8,0,25,30,1.0,0.24,1.0,0.6,0.39,10,0.3,10,3,82,0.77,0.11,0
gemini-3.5-flash-lite,tamil,ALL,0.2,33,30,8,0,25,30,1.0,0.24,1.0,0.6,0.39,10,0.3,10,3,82,0.77,0.11,0
gemini-3.5-flash-lite,tamil,ALL,0.3,33,30,8,0,25,30,1.0,0.24,1.0,0.6,0.39,10,0.3,10,3,82,0.77,0.11,0
gemini-3.5-flash-lite,tamil,ALL,0.4,33,30,8,0,25,30,1.0,0.24,1.0,0.6,0.39,10,0.3,10,3,82,0.77,0.11,0
gemini-3.5-flash-lite,tamil,ALL,0.5,33,30,8,0,25,30,1.0,0.24,1.0,0.6,0.39,10,0.3,10,3,82,0.77,0.11,0
gemini-3.5-flash-lite,tamil,ALL,0.6,33,30,8,0,25,30,1.0,0.24,1.0,0.6,0.39,10,0.3,10,3,82,0.77,0.11,0
gemini-3.5-flash-lite,tamil,ALL,0.7,33,30,8,0,25,30,1.0,0.24,1.0,0.6,0.39,10,0.3,10,3,82,0.77,0.11,0
gemini-3.5-flash-lite,tamil,ALL,0.8,33,30,8,0,25,30,1.0,0.24,1.0,0.6,0.39,10,0.3,9,3,83,0.75,0.1,0
gemini-3.5-flash-lite,tamil,ALL,0.9,33,30,5,0,28,30,1.0,0.15,1.0,0.56,0.26,7,0.21,5,2,87,0.71,0.05,0
gemini-3.5-flash-lite,tamil,ALL,none,33,30,8,0,25,30,1.0,0.24,1.0,0.6,0.39,10,0.3,10,3,82,0.77,0.11,0
gemini-3.5-flash-lite,telugu,PlatformMove,0.0,33,40,12,0,21,40,1.0,0.36,1.0,0.71,0.53,12,0.36,13,2,34,0.87,0.28,0
gemini-3.5-flash-lite,telugu,PlatformMove,0.1,33,40,12,0,21,40,1.0,0.36,1.0,0.71,0.53,12,0.36,13,2,34,0.87,0.28,0
gemini-3.5-flash-lite,telugu,PlatformMove,0.2,33,40,12,0,21,40,1.0,0.36,1.0,0.71,0.53,12,0.36,13,2,34,0.87,0.28,0
gemini-3.5-flash-lite,telugu,PlatformMove,0.3,33,40,11,0,22,40,1.0,0.33,1.0,0.7,0.5,11,0.33,12,2,35,0.86,0.26,0
gemini-3.5-flash-lite,telugu,PlatformMove,0.4,33,40,11,0,22,40,1.0,0.33,1.0,0.7,0.5,11,0.33,12,2,35,0.86,0.26,0
gemini-3.5-flash-lite,telugu,PlatformMove,0.5,33,40,11,0,22,40,1.0,0.33,1.0,0.7,0.5,11,0.33,12,2,35,0.86,0.26,0
gemini-3.5-flash-lite,telugu,PlatformMove,0.6,33,40,11,0,22,40,1.0,0.33,1.0,0.7,0.5,11,0.33,12,2,35,0.86,0.26,0
gemini-3.5-flash-lite,telugu,PlatformMove,0.7,33,40,11,0,22,40,1.0,0.33,1.0,0.7,0.5,11,0.33,12,2,35,0.86,0.26,0
gemini-3.5-flash-lite,telugu,PlatformMove,0.8,33,40,11,0,22,40,1.0,0.33,1.0,0.7,0.5,11,0.33,12,2,35,0.86,0.26,0
gemini-3.5-flash-lite,telugu,PlatformMove,0.9,33,40,5,0,28,40,1.0,0.15,1.0,0.62,0.26,5,0.15,5,0,42,1.0,0.11,0
gemini-3.5-flash-lite,telugu,PlatformMove,none,33,40,12,0,21,40,1.0,0.36,1.0,0.71,0.53,12,0.36,13,2,34,0.87,0.28,0
gemini-3.5-flash-lite,telugu,SuspiciousActivity,0.0,21,52,2,0,19,52,1.0,0.1,1.0,0.74,0.17,3,0.14,3,2,27,0.6,0.1,0
gemini-3.5-flash-lite,telugu,SuspiciousActivity,0.1,21,52,2,0,19,52,1.0,0.1,1.0,0.74,0.17,3,0.14,3,2,27,0.6,0.1,0
gemini-3.5-flash-lite,telugu,SuspiciousActivity,0.2,21,52,2,0,19,52,1.0,0.1,1.0,0.74,0.17,3,0.14,3,2,27,0.6,0.1,0
gemini-3.5-flash-lite,telugu,SuspiciousActivity,0.3,21,52,2,0,19,52,1.0,0.1,1.0,0.74,0.17,3,0.14,3,2,27,0.6,0.1,0
gemini-3.5-flash-lite,telugu,SuspiciousActivity,0.4,21,52,2,0,19,52,1.0,0.1,1.0,0.74,0.17,3,0.14,3,2,27,0.6,0.1,0
gemini-3.5-flash-lite,telugu,SuspiciousActivity,0.5,21,52,2,0,19,52,1.0,0.1,1.0,0.74,0.17,3,0.14,3,2,27,0.6,0.1,0
gemini-3.5-flash-lite,telugu,SuspiciousActivity,0.6,21,52,2,0,19,52,1.0,0.1,1.0,0.74,0.17,3,0.14,3,2,27,0.6,0.1,0
gemini-3.5-flash-lite,telugu,SuspiciousActivity,0.7,21,52,2,0,19,52,1.0,0.1,1.0,0.74,0.17,3,0.14,3,2,27,0.6,0.1,0
gemini-3.5-flash-lite,telugu,SuspiciousActivity,0.8,21,52,2,0,19,52,1.0,0.1,1.0,0.74,0.17,3,0.14,3,2,27,0.6,0.1,0
gemini-3.5-flash-lite,telugu,SuspiciousActivity,0.9,21,52,1,0,20,52,1.0,0.05,1.0,0.73,0.09,1,0.05,1,0,29,1.0,0.03,0
gemini-3.5-flash-lite,telugu,SuspiciousActivity,none,21,52,2,0,19,52,1.0,0.1,1.0,0.74,0.17,3,0.14,3,2,27,0.6,0.1,0
gemini-3.5-flash-lite,telugu,Explicit-Flirting,0.0,25,48,2,1,23,47,0.67,0.08,0.98,0.67,0.14,2,0.08,2,1,45,0.67,0.04,0
gemini-3.5-flash-lite,telugu,Explicit-Flirting,0.1,25,48,2,1,23,47,0.67,0.08,0.98,0.67,0.14,2,0.08,2,1,45,0.67,0.04,0
gemini-3.5-flash-lite,telugu,Explicit-Flirting,0.2,25,48,2,1,23,47,0.67,0.08,0.98,0.67,0.14,2,0.08,2,1,45,0.67,0.04,0
gemini-3.5-flash-lite,telugu,Explicit-Flirting,0.3,25,48,2,1,23,47,0.67,0.08,0.98,0.67,0.14,2,0.08,2,1,45,0.67,0.04,0
gemini-3.5-flash-lite,telugu,Explicit-Flirting,0.4,25,48,2,1,23,47,0.67,0.08,0.98,0.67,0.14,2,0.08,2,1,45,0.67,0.04,0
gemini-3.5-flash-lite,telugu,Explicit-Flirting,0.5,25,48,2,0,23,48,1.0,0.08,1.0,0.68,0.15,2,0.08,2,0,45,1.0,0.04,0
gemini-3.5-flash-lite,telugu,Explicit-Flirting,0.6,25,48,2,0,23,48,1.0,0.08,1.0,0.68,0.15,2,0.08,2,0,45,1.0,0.04,0
gemini-3.5-flash-lite,telugu,Explicit-Flirting,0.7,25,48,2,0,23,48,1.0,0.08,1.0,0.68,0.15,2,0.08,2,0,45,1.0,0.04,0
gemini-3.5-flash-lite,telugu,Explicit-Flirting,0.8,25,48,2,0,23,48,1.0,0.08,1.0,0.68,0.15,2,0.08,2,0,45,1.0,0.04,0
gemini-3.5-flash-lite,telugu,Explicit-Flirting,0.9,25,48,0,0,25,48,,0.0,1.0,0.66,,0,0.0,0,0,47,,0.0,0
gemini-3.5-flash-lite,telugu,Explicit-Flirting,none,25,48,2,1,23,47,0.67,0.08,0.98,0.67,0.14,2,0.08,2,1,45,0.67,0.04,0
gemini-3.5-flash-lite,telugu,ALL,0.0,56,17,14,0,42,17,1.0,0.25,1.0,0.42,0.4,15,0.27,18,5,106,0.78,0.15,0
gemini-3.5-flash-lite,telugu,ALL,0.1,56,17,14,0,42,17,1.0,0.25,1.0,0.42,0.4,15,0.27,18,5,106,0.78,0.15,0
gemini-3.5-flash-lite,telugu,ALL,0.2,56,17,14,0,42,17,1.0,0.25,1.0,0.42,0.4,15,0.27,18,5,106,0.78,0.15,0
gemini-3.5-flash-lite,telugu,ALL,0.3,56,17,13,0,43,17,1.0,0.23,1.0,0.41,0.38,14,0.25,17,5,107,0.77,0.14,0
gemini-3.5-flash-lite,telugu,ALL,0.4,56,17,13,0,43,17,1.0,0.23,1.0,0.41,0.38,14,0.25,17,5,107,0.77,0.14,0
gemini-3.5-flash-lite,telugu,ALL,0.5,56,17,13,0,43,17,1.0,0.23,1.0,0.41,0.38,14,0.25,17,4,107,0.81,0.14,0
gemini-3.5-flash-lite,telugu,ALL,0.6,56,17,13,0,43,17,1.0,0.23,1.0,0.41,0.38,14,0.25,17,4,107,0.81,0.14,0
gemini-3.5-flash-lite,telugu,ALL,0.7,56,17,13,0,43,17,1.0,0.23,1.0,0.41,0.38,14,0.25,17,4,107,0.81,0.14,0
gemini-3.5-flash-lite,telugu,ALL,0.8,56,17,13,0,43,17,1.0,0.23,1.0,0.41,0.38,14,0.25,17,4,107,0.81,0.14,0
gemini-3.5-flash-lite,telugu,ALL,0.9,56,17,5,0,51,17,1.0,0.09,1.0,0.3,0.16,5,0.09,6,0,118,1.0,0.05,0
gemini-3.5-flash-lite,telugu,ALL,none,56,17,14,0,42,17,1.0,0.25,1.0,0.42,0.4,15,0.27,18,5,106,0.78,0.15,0
