/Users/hemapunyamoorty/Desktop/os_moderation/.venv/lib/python3.9/site-packages/google/auth/__init__.py:54: FutureWarning: You are using a Python version 3.9 past its end of life. Google will update google-auth with critical bug fixes on a best-effort basis, but not with any other fixes or features. Please upgrade your Python version, and then update google-auth.
  warnings.warn(eol_message.format("3.9"), FutureWarning)
/Users/hemapunyamoorty/Desktop/os_moderation/.venv/lib/python3.9/site-packages/urllib3/__init__.py:35: NotOpenSSLWarning: urllib3 v2 only supports OpenSSL 1.1.1+, currently the 'ssl' module is compiled with 'LibreSSL 2.8.3'. See: https://github.com/urllib3/urllib3/issues/3020
  warnings.warn(
/Users/hemapunyamoorty/Desktop/os_moderation/.venv/lib/python3.9/site-packages/google/oauth2/__init__.py:40: FutureWarning: You are using a Python version 3.9 past its end of life. Google will update google-auth with critical bug fixes on a best-effort basis, but not with any other fixes or features. Please upgrade your Python version, and then update google-auth.
  warnings.warn(eol_message.format("3.9"), FutureWarning)
Warning: there are non-text parts in the response: ['thought_signature'], returning concatenated parsed result from text parts. Check the full candidates.content.parts accessor to get the full model response.
Warning: there are non-text parts in the response: ['thought_signature'], returning concatenated text result from text parts. Check the full candidates.content.parts accessor to get the full model response.
Warning: there are non-text parts in the response: ['thought_signature'], returning concatenated text result from text parts. Check the full candidates.content.parts accessor to get the full model response.
Warning: there are non-text parts in the response: ['thought_signature'], returning concatenated parsed result from text parts. Check the full candidates.content.parts accessor to get the full model response.
Warning: there are non-text parts in the response: ['thought_signature'], returning concatenated text result from text parts. Check the full candidates.content.parts accessor to get the full model response.
Warning: there are non-text parts in the response: ['thought_signature'], returning concatenated text result from text parts. Check the full candidates.content.parts accessor to get the full model response.
Warning: there are non-text parts in the response: ['thought_signature'], returning concatenated parsed result from text parts. Check the full candidates.content.parts accessor to get the full model response.
Warning: there are non-text parts in the response: ['thought_signature'], returning concatenated text result from text parts. Check the full candidates.content.parts accessor to get the full model response.
Warning: there are non-text parts in the response: ['thought_signature'], returning concatenated text result from text parts. Check the full candidates.content.parts accessor to get the full model response.
Warning: there are non-text parts in the response: ['thought_signature'], returning concatenated parsed result from text parts. Check the full candidates.content.parts accessor to get the full model response.
Warning: there are non-text parts in the response: ['thought_signature'], returning concatenated text result from text parts. Check the full candidates.content.parts accessor to get the full model response.
Warning: there are non-text parts in the response: ['thought_signature'], returning concatenated text result from text parts. Check the full candidates.content.parts accessor to get the full model response.
Warning: there are non-text parts in the response: ['thought_signature'], returning concatenated parsed result from text parts. Check the full candidates.content.parts accessor to get the full model response.
Warning: there are non-text parts in the response: ['thought_signature'], returning concatenated text result from text parts. Check the full candidates.content.parts accessor to get the full model response.
Warning: there are non-text parts in the response: ['thought_signature'], returning concatenated text result from text parts. Check the full candidates.content.parts accessor to get the full model response.
Warning: there are non-text parts in the response: ['thought_signature'], returning concatenated parsed result from text parts. Check the full candidates.content.parts accessor to get the full model response.
Warning: there are non-text parts in the response: ['thought_signature'], returning concatenated text result from text parts. Check the full candidates.content.parts accessor to get the full model response.
Warning: there are non-text parts in the response: ['thought_signature'], returning concatenated text result from text parts. Check the full candidates.content.parts accessor to get the full model response.
Warning: there are non-text parts in the response: ['thought_signature'], returning concatenated parsed result from text parts. Check the full candidates.content.parts accessor to get the full model response.
Warning: there are non-text parts in the response: ['thought_signature'], returning concatenated text result from text parts. Check the full candidates.content.parts accessor to get the full model response.
Warning: there are non-text parts in the response: ['thought_signature'], returning concatenated text result from text parts. Check the full candidates.content.parts accessor to get the full model response.
Warning: there are non-text parts in the response: ['thought_signature'], returning concatenated parsed result from text parts. Check the full candidates.content.parts accessor to get the full model response.
Warning: there are non-text parts in the response: ['thought_signature'], returning concatenated text result from text parts. Check the full candidates.content.parts accessor to get the full model response.
Warning: there are non-text parts in the response: ['thought_signature'], returning concatenated text result from text parts. Check the full candidates.content.parts accessor to get the full model response.
Warning: there are non-text parts in the response: ['thought_signature'], returning concatenated parsed result from text parts. Check the full candidates.content.parts accessor to get the full model response.
Warning: there are non-text parts in the response: ['thought_signature'], returning concatenated text result from text parts. Check the full candidates.content.parts accessor to get the full model response.
Warning: there are non-text parts in the response: ['thought_signature'], returning concatenated text result from text parts. Check the full candidates.content.parts accessor to get the full model response.
Warning: there are non-text parts in the response: ['thought_signature'], returning concatenated parsed result from text parts. Check the full candidates.content.parts accessor to get the full model response.
Warning: there are non-text parts in the response: ['thought_signature'], returning concatenated text result from text parts. Check the full candidates.content.parts accessor to get the full model response.
Warning: there are non-text parts in the response: ['thought_signature'], returning concatenated text result from text parts. Check the full candidates.content.parts accessor to get the full model response.
Warning: there are non-text parts in the response: ['thought_signature'], returning concatenated parsed result from text parts. Check the full candidates.content.parts accessor to get the full model response.
Warning: there are non-text parts in the response: ['thought_signature'], returning concatenated text result from text parts. Check the full candidates.content.parts accessor to get the full model response.
Warning: there are non-text parts in the response: ['thought_signature'], returning concatenated text result from text parts. Check the full candidates.content.parts accessor to get the full model response.
Warning: there are non-text parts in the response: ['thought_signature'], returning concatenated parsed result from text parts. Check the full candidates.content.parts accessor to get the full model response.
Warning: there are non-text parts in the response: ['thought_signature'], returning concatenated text result from text parts. Check the full candidates.content.parts accessor to get the full model response.
Warning: there are non-text parts in the response: ['thought_signature'], returning concatenated text result from text parts. Check the full candidates.content.parts accessor to get the full model response.
Warning: there are non-text parts in the response: ['thought_signature'], returning concatenated parsed result from text parts. Check the full candidates.content.parts accessor to get the full model response.
Warning: there are non-text parts in the response: ['thought_signature'], returning concatenated text result from text parts. Check the full candidates.content.parts accessor to get the full model response.
Warning: there are non-text parts in the response: ['thought_signature'], returning concatenated text result from text parts. Check the full candidates.content.parts accessor to get the full model response.
Warning: there are non-text parts in the response: ['thought_signature'], returning concatenated parsed result from text parts. Check the full candidates.content.parts accessor to get the full model response.
Warning: there are non-text parts in the response: ['thought_signature'], returning concatenated text result from text parts. Check the full candidates.content.parts accessor to get the full model response.
Warning: there are non-text parts in the response: ['thought_signature'], returning concatenated text result from text parts. Check the full candidates.content.parts accessor to get the full model response.
Warning: there are non-text parts in the response: ['thought_signature'], returning concatenated parsed result from text parts. Check the full candidates.content.parts accessor to get the full model response.
Warning: there are non-text parts in the response: ['thought_signature'], returning concatenated text result from text parts. Check the full candidates.content.parts accessor to get the full model response.
Warning: there are non-text parts in the response: ['thought_signature'], returning concatenated text result from text parts. Check the full candidates.content.parts accessor to get the full model response.
Warning: there are non-text parts in the response: ['thought_signature'], returning concatenated parsed result from text parts. Check the full candidates.content.parts accessor to get the full model response.
Warning: there are non-text parts in the response: ['thought_signature'], returning concatenated text result from text parts. Check the full candidates.content.parts accessor to get the full model response.
Warning: there are non-text parts in the response: ['thought_signature'], returning concatenated text result from text parts. Check the full candidates.content.parts accessor to get the full model response.
Warning: there are non-text parts in the response: ['thought_signature'], returning concatenated parsed result from text parts. Check the full candidates.content.parts accessor to get the full model response.
Warning: there are non-text parts in the response: ['thought_signature'], returning concatenated text result from text parts. Check the full candidates.content.parts accessor to get the full model response.
Warning: there are non-text parts in the response: ['thought_signature'], returning concatenated text result from text parts. Check the full candidates.content.parts accessor to get the full model response.
Warning: there are non-text parts in the response: ['thought_signature'], returning concatenated parsed result from text parts. Check the full candidates.content.parts accessor to get the full model response.
Warning: there are non-text parts in the response: ['thought_signature'], returning concatenated text result from text parts. Check the full candidates.content.parts accessor to get the full model response.
Warning: there are non-text parts in the response: ['thought_signature'], returning concatenated text result from text parts. Check the full candidates.content.parts accessor to get the full model response.
Warning: there are non-text parts in the response: ['thought_signature'], returning concatenated parsed result from text parts. Check the full candidates.content.parts accessor to get the full model response.
Warning: there are non-text parts in the response: ['thought_signature'], returning concatenated text result from text parts. Check the full candidates.content.parts accessor to get the full model response.
Warning: there are non-text parts in the response: ['thought_signature'], returning concatenated text result from text parts. Check the full candidates.content.parts accessor to get the full model response.
[2026-10-07T13:13:20] [ERROR] e2b_nothinking::rec_audio_call_426416419_audio_1788974369340.mp3: matched-GT recompute STILL disagrees with cached flag_tp (2 vs 3) after isolated retry — marking UNVERIFIED, MATCHER_MISS/DUPLICATE code-level enforcement disabled for its flags
[2026-10-07T13:13:20] [ERROR] e2b_nothinking::rec_default_425778316_audio_1788916552817.mp3: matched-GT recompute STILL disagrees with cached flag_tp (3 vs 2) after isolated retry — marking UNVERIFIED, MATCHER_MISS/DUPLICATE code-level enforcement disabled for its flags
[2026-10-07T13:13:20] [ERROR] e2b_nothinking::rec_default_425942168_audio_1788935504071.mp3: matched-GT recompute STILL disagrees with cached flag_tp (1 vs 2) after isolated retry — marking UNVERIFIED, MATCHER_MISS/DUPLICATE code-level enforcement disabled for its flags
[2026-10-07T13:13:20] [ERROR] e2b_nothinking::rec_default_426593601_audio_1788984536403.mp3: matched-GT recompute STILL disagrees with cached flag_tp (2 vs 4) after isolated retry — marking UNVERIFIED, MATCHER_MISS/DUPLICATE code-level enforcement disabled for its flags
[2026-10-07T13:13:20] [ERROR] e2b_nothinking::rec_default_426645015_audio_1788990433927.mp3: matched-GT recompute STILL disagrees with cached flag_tp (2 vs 1) after isolated retry — marking UNVERIFIED, MATCHER_MISS/DUPLICATE code-level enforcement disabled for its flags
[2026-10-07T13:13:20] [ERROR] e4b_nothinking::rec_audio_call_426416419_audio_1788974369340.mp3: matched-GT recompute STILL disagrees with cached flag_tp (3 vs 2) after isolated retry — marking UNVERIFIED, MATCHER_MISS/DUPLICATE code-level enforcement disabled for its flags
[2026-10-07T13:13:20] [ERROR] e4b_nothinking::rec_default_426667318_audio_1788995960432.mp3: matched-GT recompute STILL disagrees with cached flag_tp (1 vs 3) after isolated retry — marking UNVERIFIED, MATCHER_MISS/DUPLICATE code-level enforcement disabled for its flags
Warning: there are non-text parts in the response: ['thought_signature'], returning concatenated parsed result from text parts. Check the full candidates.content.parts accessor to get the full model response.
Warning: there are non-text parts in the response: ['thought_signature'], returning concatenated text result from text parts. Check the full candidates.content.parts accessor to get the full model response.
Warning: there are non-text parts in the response: ['thought_signature'], returning concatenated text result from text parts. Check the full candidates.content.parts accessor to get the full model response.
Warning: there are non-text parts in the response: ['thought_signature'], returning concatenated parsed result from text parts. Check the full candidates.content.parts accessor to get the full model response.
Warning: there are non-text parts in the response: ['thought_signature'], returning concatenated text result from text parts. Check the full candidates.content.parts accessor to get the full model response.
Warning: there are non-text parts in the response: ['thought_signature'], returning concatenated text result from text parts. Check the full candidates.content.parts accessor to get the full model response.
Warning: there are non-text parts in the response: ['thought_signature'], returning concatenated parsed result from text parts. Check the full candidates.content.parts accessor to get the full model response.
Warning: there are non-text parts in the response: ['thought_signature'], returning concatenated text result from text parts. Check the full candidates.content.parts accessor to get the full model response.
Warning: there are non-text parts in the response: ['thought_signature'], returning concatenated text result from text parts. Check the full candidates.content.parts accessor to get the full model response.
Warning: there are non-text parts in the response: ['thought_signature'], returning concatenated parsed result from text parts. Check the full candidates.content.parts accessor to get the full model response.
Warning: there are non-text parts in the response: ['thought_signature'], returning concatenated text result from text parts. Check the full candidates.content.parts accessor to get the full model response.
Warning: there are non-text parts in the response: ['thought_signature'], returning concatenated text result from text parts. Check the full candidates.content.parts accessor to get the full model response.
Warning: there are non-text parts in the response: ['thought_signature'], returning concatenated parsed result from text parts. Check the full candidates.content.parts accessor to get the full model response.
Warning: there are non-text parts in the response: ['thought_signature'], returning concatenated text result from text parts. Check the full candidates.content.parts accessor to get the full model response.
Warning: there are non-text parts in the response: ['thought_signature'], returning concatenated text result from text parts. Check the full candidates.content.parts accessor to get the full model response.
Warning: there are non-text parts in the response: ['thought_signature'], returning concatenated parsed result from text parts. Check the full candidates.content.parts accessor to get the full model response.
Warning: there are non-text parts in the response: ['thought_signature'], returning concatenated text result from text parts. Check the full candidates.content.parts accessor to get the full model response.
Warning: there are non-text parts in the response: ['thought_signature'], returning concatenated text result from text parts. Check the full candidates.content.parts accessor to get the full model response.
Warning: there are non-text parts in the response: ['thought_signature'], returning concatenated parsed result from text parts. Check the full candidates.content.parts accessor to get the full model response.
Warning: there are non-text parts in the response: ['thought_signature'], returning concatenated text result from text parts. Check the full candidates.content.parts accessor to get the full model response.
Warning: there are non-text parts in the response: ['thought_signature'], returning concatenated text result from text parts. Check the full candidates.content.parts accessor to get the full model response.
Warning: there are non-text parts in the response: ['thought_signature'], returning concatenated parsed result from text parts. Check the full candidates.content.parts accessor to get the full model response.
Warning: there are non-text parts in the response: ['thought_signature'], returning concatenated text result from text parts. Check the full candidates.content.parts accessor to get the full model response.
Warning: there are non-text parts in the response: ['thought_signature'], returning concatenated text result from text parts. Check the full candidates.content.parts accessor to get the full model response.
Warning: there are non-text parts in the response: ['thought_signature'], returning concatenated parsed result from text parts. Check the full candidates.content.parts accessor to get the full model response.
Warning: there are non-text parts in the response: ['thought_signature'], returning concatenated text result from text parts. Check the full candidates.content.parts accessor to get the full model response.
Warning: there are non-text parts in the response: ['thought_signature'], returning concatenated text result from text parts. Check the full candidates.content.parts accessor to get the full model response.
Warning: there are non-text parts in the response: ['thought_signature'], returning concatenated parsed result from text parts. Check the full candidates.content.parts accessor to get the full model response.
Warning: there are non-text parts in the response: ['thought_signature'], returning concatenated text result from text parts. Check the full candidates.content.parts accessor to get the full model response.
Warning: there are non-text parts in the response: ['thought_signature'], returning concatenated text result from text parts. Check the full candidates.content.parts accessor to get the full model response.
Warning: there are non-text parts in the response: ['thought_signature'], returning concatenated parsed result from text parts. Check the full candidates.content.parts accessor to get the full model response.
Warning: there are non-text parts in the response: ['thought_signature'], returning concatenated text result from text parts. Check the full candidates.content.parts accessor to get the full model response.
Warning: there are non-text parts in the response: ['thought_signature'], returning concatenated text result from text parts. Check the full candidates.content.parts accessor to get the full model response.
Warning: there are non-text parts in the response: ['thought_signature'], returning concatenated parsed result from text parts. Check the full candidates.content.parts accessor to get the full model response.
Warning: there are non-text parts in the response: ['thought_signature'], returning concatenated text result from text parts. Check the full candidates.content.parts accessor to get the full model response.
Warning: there are non-text parts in the response: ['thought_signature'], returning concatenated text result from text parts. Check the full candidates.content.parts accessor to get the full model response.
Warning: there are non-text parts in the response: ['thought_signature'], returning concatenated parsed result from text parts. Check the full candidates.content.parts accessor to get the full model response.
Warning: there are non-text parts in the response: ['thought_signature'], returning concatenated text result from text parts. Check the full candidates.content.parts accessor to get the full model response.
Warning: there are non-text parts in the response: ['thought_signature'], returning concatenated text result from text parts. Check the full candidates.content.parts accessor to get the full model response.
Warning: there are non-text parts in the response: ['thought_signature'], returning concatenated parsed result from text parts. Check the full candidates.content.parts accessor to get the full model response.
Warning: there are non-text parts in the response: ['thought_signature'], returning concatenated text result from text parts. Check the full candidates.content.parts accessor to get the full model response.
Warning: there are non-text parts in the response: ['thought_signature'], returning concatenated text result from text parts. Check the full candidates.content.parts accessor to get the full model response.
Warning: there are non-text parts in the response: ['thought_signature'], returning concatenated parsed result from text parts. Check the full candidates.content.parts accessor to get the full model response.
Warning: there are non-text parts in the response: ['thought_signature'], returning concatenated text result from text parts. Check the full candidates.content.parts accessor to get the full model response.
Warning: there are non-text parts in the response: ['thought_signature'], returning concatenated text result from text parts. Check the full candidates.content.parts accessor to get the full model response.
Warning: there are non-text parts in the response: ['thought_signature'], returning concatenated parsed result from text parts. Check the full candidates.content.parts accessor to get the full model response.
Warning: there are non-text parts in the response: ['thought_signature'], returning concatenated text result from text parts. Check the full candidates.content.parts accessor to get the full model response.
Warning: there are non-text parts in the response: ['thought_signature'], returning concatenated text result from text parts. Check the full candidates.content.parts accessor to get the full model response.
Warning: there are non-text parts in the response: ['thought_signature'], returning concatenated parsed result from text parts. Check the full candidates.content.parts accessor to get the full model response.
Warning: there are non-text parts in the response: ['thought_signature'], returning concatenated text result from text parts. Check the full candidates.content.parts accessor to get the full model response.
Warning: there are non-text parts in the response: ['thought_signature'], returning concatenated text result from text parts. Check the full candidates.content.parts accessor to get the full model response.
Warning: there are non-text parts in the response: ['thought_signature'], returning concatenated parsed result from text parts. Check the full candidates.content.parts accessor to get the full model response.
Warning: there are non-text parts in the response: ['thought_signature'], returning concatenated text result from text parts. Check the full candidates.content.parts accessor to get the full model response.
Warning: there are non-text parts in the response: ['thought_signature'], returning concatenated text result from text parts. Check the full candidates.content.parts accessor to get the full model response.
Warning: there are non-text parts in the response: ['thought_signature'], returning concatenated parsed result from text parts. Check the full candidates.content.parts accessor to get the full model response.
Warning: there are non-text parts in the response: ['thought_signature'], returning concatenated text result from text parts. Check the full candidates.content.parts accessor to get the full model response.
Warning: there are non-text parts in the response: ['thought_signature'], returning concatenated text result from text parts. Check the full candidates.content.parts accessor to get the full model response.
Warning: there are non-text parts in the response: ['thought_signature'], returning concatenated parsed result from text parts. Check the full candidates.content.parts accessor to get the full model response.
Warning: there are non-text parts in the response: ['thought_signature'], returning concatenated text result from text parts. Check the full candidates.content.parts accessor to get the full model response.
Warning: there are non-text parts in the response: ['thought_signature'], returning concatenated text result from text parts. Check the full candidates.content.parts accessor to get the full model response.
Warning: there are non-text parts in the response: ['thought_signature'], returning concatenated parsed result from text parts. Check the full candidates.content.parts accessor to get the full model response.
Warning: there are non-text parts in the response: ['thought_signature'], returning concatenated text result from text parts. Check the full candidates.content.parts accessor to get the full model response.
Warning: there are non-text parts in the response: ['thought_signature'], returning concatenated text result from text parts. Check the full candidates.content.parts accessor to get the full model response.
Warning: there are non-text parts in the response: ['thought_signature'], returning concatenated parsed result from text parts. Check the full candidates.content.parts accessor to get the full model response.
Warning: there are non-text parts in the response: ['thought_signature'], returning concatenated text result from text parts. Check the full candidates.content.parts accessor to get the full model response.
Warning: there are non-text parts in the response: ['thought_signature'], returning concatenated text result from text parts. Check the full candidates.content.parts accessor to get the full model response.
Warning: there are non-text parts in the response: ['thought_signature'], returning concatenated parsed result from text parts. Check the full candidates.content.parts accessor to get the full model response.
Warning: there are non-text parts in the response: ['thought_signature'], returning concatenated text result from text parts. Check the full candidates.content.parts accessor to get the full model response.
Warning: there are non-text parts in the response: ['thought_signature'], returning concatenated text result from text parts. Check the full candidates.content.parts accessor to get the full model response.
Warning: there are non-text parts in the response: ['thought_signature'], returning concatenated parsed result from text parts. Check the full candidates.content.parts accessor to get the full model response.
Warning: there are non-text parts in the response: ['thought_signature'], returning concatenated text result from text parts. Check the full candidates.content.parts accessor to get the full model response.
Warning: there are non-text parts in the response: ['thought_signature'], returning concatenated text result from text parts. Check the full candidates.content.parts accessor to get the full model response.
Warning: there are non-text parts in the response: ['thought_signature'], returning concatenated parsed result from text parts. Check the full candidates.content.parts accessor to get the full model response.
Warning: there are non-text parts in the response: ['thought_signature'], returning concatenated text result from text parts. Check the full candidates.content.parts accessor to get the full model response.
Warning: there are non-text parts in the response: ['thought_signature'], returning concatenated text result from text parts. Check the full candidates.content.parts accessor to get the full model response.
Warning: there are non-text parts in the response: ['thought_signature'], returning concatenated parsed result from text parts. Check the full candidates.content.parts accessor to get the full model response.
Warning: there are non-text parts in the response: ['thought_signature'], returning concatenated text result from text parts. Check the full candidates.content.parts accessor to get the full model response.
Warning: there are non-text parts in the response: ['thought_signature'], returning concatenated text result from text parts. Check the full candidates.content.parts accessor to get the full model response.
Warning: there are non-text parts in the response: ['thought_signature'], returning concatenated parsed result from text parts. Check the full candidates.content.parts accessor to get the full model response.
Warning: there are non-text parts in the response: ['thought_signature'], returning concatenated text result from text parts. Check the full candidates.content.parts accessor to get the full model response.
Warning: there are non-text parts in the response: ['thought_signature'], returning concatenated text result from text parts. Check the full candidates.content.parts accessor to get the full model response.
Warning: there are non-text parts in the response: ['thought_signature'], returning concatenated parsed result from text parts. Check the full candidates.content.parts accessor to get the full model response.
Warning: there are non-text parts in the response: ['thought_signature'], returning concatenated text result from text parts. Check the full candidates.content.parts accessor to get the full model response.
Warning: there are non-text parts in the response: ['thought_signature'], returning concatenated text result from text parts. Check the full candidates.content.parts accessor to get the full model response.
Warning: there are non-text parts in the response: ['thought_signature'], returning concatenated parsed result from text parts. Check the full candidates.content.parts accessor to get the full model response.
Warning: there are non-text parts in the response: ['thought_signature'], returning concatenated text result from text parts. Check the full candidates.content.parts accessor to get the full model response.
Warning: there are non-text parts in the response: ['thought_signature'], returning concatenated text result from text parts. Check the full candidates.content.parts accessor to get the full model response.
Warning: there are non-text parts in the response: ['thought_signature'], returning concatenated parsed result from text parts. Check the full candidates.content.parts accessor to get the full model response.
Warning: there are non-text parts in the response: ['thought_signature'], returning concatenated text result from text parts. Check the full candidates.content.parts accessor to get the full model response.
Warning: there are non-text parts in the response: ['thought_signature'], returning concatenated text result from text parts. Check the full candidates.content.parts accessor to get the full model response.
Warning: there are non-text parts in the response: ['thought_signature'], returning concatenated parsed result from text parts. Check the full candidates.content.parts accessor to get the full model response.
Warning: there are non-text parts in the response: ['thought_signature'], returning concatenated text result from text parts. Check the full candidates.content.parts accessor to get the full model response.
Warning: there are non-text parts in the response: ['thought_signature'], returning concatenated text result from text parts. Check the full candidates.content.parts accessor to get the full model response.
Warning: there are non-text parts in the response: ['thought_signature'], returning concatenated parsed result from text parts. Check the full candidates.content.parts accessor to get the full model response.
Warning: there are non-text parts in the response: ['thought_signature'], returning concatenated text result from text parts. Check the full candidates.content.parts accessor to get the full model response.
Warning: there are non-text parts in the response: ['thought_signature'], returning concatenated text result from text parts. Check the full candidates.content.parts accessor to get the full model response.
Warning: there are non-text parts in the response: ['thought_signature'], returning concatenated parsed result from text parts. Check the full candidates.content.parts accessor to get the full model response.
Warning: there are non-text parts in the response: ['thought_signature'], returning concatenated text result from text parts. Check the full candidates.content.parts accessor to get the full model response.
Warning: there are non-text parts in the response: ['thought_signature'], returning concatenated text result from text parts. Check the full candidates.content.parts accessor to get the full model response.
Warning: there are non-text parts in the response: ['thought_signature'], returning concatenated parsed result from text parts. Check the full candidates.content.parts accessor to get the full model response.
Warning: there are non-text parts in the response: ['thought_signature'], returning concatenated text result from text parts. Check the full candidates.content.parts accessor to get the full model response.
Warning: there are non-text parts in the response: ['thought_signature'], returning concatenated text result from text parts. Check the full candidates.content.parts accessor to get the full model response.
Warning: there are non-text parts in the response: ['thought_signature'], returning concatenated parsed result from text parts. Check the full candidates.content.parts accessor to get the full model response.
Warning: there are non-text parts in the response: ['thought_signature'], returning concatenated text result from text parts. Check the full candidates.content.parts accessor to get the full model response.
Warning: there are non-text parts in the response: ['thought_signature'], returning concatenated text result from text parts. Check the full candidates.content.parts accessor to get the full model response.
Warning: there are non-text parts in the response: ['thought_signature'], returning concatenated parsed result from text parts. Check the full candidates.content.parts accessor to get the full model response.
Warning: there are non-text parts in the response: ['thought_signature'], returning concatenated text result from text parts. Check the full candidates.content.parts accessor to get the full model response.
Warning: there are non-text parts in the response: ['thought_signature'], returning concatenated text result from text parts. Check the full candidates.content.parts accessor to get the full model response.
Warning: there are non-text parts in the response: ['thought_signature'], returning concatenated parsed result from text parts. Check the full candidates.content.parts accessor to get the full model response.
Warning: there are non-text parts in the response: ['thought_signature'], returning concatenated text result from text parts. Check the full candidates.content.parts accessor to get the full model response.
Warning: there are non-text parts in the response: ['thought_signature'], returning concatenated text result from text parts. Check the full candidates.content.parts accessor to get the full model response.
Warning: there are non-text parts in the response: ['thought_signature'], returning concatenated parsed result from text parts. Check the full candidates.content.parts accessor to get the full model response.
Warning: there are non-text parts in the response: ['thought_signature'], returning concatenated text result from text parts. Check the full candidates.content.parts accessor to get the full model response.
Warning: there are non-text parts in the response: ['thought_signature'], returning concatenated text result from text parts. Check the full candidates.content.parts accessor to get the full model response.
Warning: there are non-text parts in the response: ['thought_signature'], returning concatenated parsed result from text parts. Check the full candidates.content.parts accessor to get the full model response.
Warning: there are non-text parts in the response: ['thought_signature'], returning concatenated text result from text parts. Check the full candidates.content.parts accessor to get the full model response.
Warning: there are non-text parts in the response: ['thought_signature'], returning concatenated text result from text parts. Check the full candidates.content.parts accessor to get the full model response.
Warning: there are non-text parts in the response: ['thought_signature'], returning concatenated parsed result from text parts. Check the full candidates.content.parts accessor to get the full model response.
Warning: there are non-text parts in the response: ['thought_signature'], returning concatenated text result from text parts. Check the full candidates.content.parts accessor to get the full model response.
Warning: there are non-text parts in the response: ['thought_signature'], returning concatenated text result from text parts. Check the full candidates.content.parts accessor to get the full model response.
Warning: there are non-text parts in the response: ['thought_signature'], returning concatenated parsed result from text parts. Check the full candidates.content.parts accessor to get the full model response.
Warning: there are non-text parts in the response: ['thought_signature'], returning concatenated text result from text parts. Check the full candidates.content.parts accessor to get the full model response.
Warning: there are non-text parts in the response: ['thought_signature'], returning concatenated text result from text parts. Check the full candidates.content.parts accessor to get the full model response.
Warning: there are non-text parts in the response: ['thought_signature'], returning concatenated parsed result from text parts. Check the full candidates.content.parts accessor to get the full model response.
Warning: there are non-text parts in the response: ['thought_signature'], returning concatenated text result from text parts. Check the full candidates.content.parts accessor to get the full model response.
Warning: there are non-text parts in the response: ['thought_signature'], returning concatenated text result from text parts. Check the full candidates.content.parts accessor to get the full model response.
Warning: there are non-text parts in the response: ['thought_signature'], returning concatenated parsed result from text parts. Check the full candidates.content.parts accessor to get the full model response.
Warning: there are non-text parts in the response: ['thought_signature'], returning concatenated text result from text parts. Check the full candidates.content.parts accessor to get the full model response.
Warning: there are non-text parts in the response: ['thought_signature'], returning concatenated text result from text parts. Check the full candidates.content.parts accessor to get the full model response.
Warning: there are non-text parts in the response: ['thought_signature'], returning concatenated parsed result from text parts. Check the full candidates.content.parts accessor to get the full model response.
Warning: there are non-text parts in the response: ['thought_signature'], returning concatenated text result from text parts. Check the full candidates.content.parts accessor to get the full model response.
Warning: there are non-text parts in the response: ['thought_signature'], returning concatenated text result from text parts. Check the full candidates.content.parts accessor to get the full model response.
Warning: there are non-text parts in the response: ['thought_signature'], returning concatenated parsed result from text parts. Check the full candidates.content.parts accessor to get the full model response.
Warning: there are non-text parts in the response: ['thought_signature'], returning concatenated text result from text parts. Check the full candidates.content.parts accessor to get the full model response.
Warning: there are non-text parts in the response: ['thought_signature'], returning concatenated text result from text parts. Check the full candidates.content.parts accessor to get the full model response.
Warning: there are non-text parts in the response: ['thought_signature'], returning concatenated parsed result from text parts. Check the full candidates.content.parts accessor to get the full model response.
Warning: there are non-text parts in the response: ['thought_signature'], returning concatenated text result from text parts. Check the full candidates.content.parts accessor to get the full model response.
Warning: there are non-text parts in the response: ['thought_signature'], returning concatenated text result from text parts. Check the full candidates.content.parts accessor to get the full model response.
Warning: there are non-text parts in the response: ['thought_signature'], returning concatenated parsed result from text parts. Check the full candidates.content.parts accessor to get the full model response.
Warning: there are non-text parts in the response: ['thought_signature'], returning concatenated text result from text parts. Check the full candidates.content.parts accessor to get the full model response.
Warning: there are non-text parts in the response: ['thought_signature'], returning concatenated text result from text parts. Check the full candidates.content.parts accessor to get the full model response.
Warning: there are non-text parts in the response: ['thought_signature'], returning concatenated parsed result from text parts. Check the full candidates.content.parts accessor to get the full model response.
Warning: there are non-text parts in the response: ['thought_signature'], returning concatenated text result from text parts. Check the full candidates.content.parts accessor to get the full model response.
Warning: there are non-text parts in the response: ['thought_signature'], returning concatenated text result from text parts. Check the full candidates.content.parts accessor to get the full model response.
Warning: there are non-text parts in the response: ['thought_signature'], returning concatenated parsed result from text parts. Check the full candidates.content.parts accessor to get the full model response.
Warning: there are non-text parts in the response: ['thought_signature'], returning concatenated text result from text parts. Check the full candidates.content.parts accessor to get the full model response.
Warning: there are non-text parts in the response: ['thought_signature'], returning concatenated text result from text parts. Check the full candidates.content.parts accessor to get the full model response.
Warning: there are non-text parts in the response: ['thought_signature'], returning concatenated parsed result from text parts. Check the full candidates.content.parts accessor to get the full model response.
Warning: there are non-text parts in the response: ['thought_signature'], returning concatenated text result from text parts. Check the full candidates.content.parts accessor to get the full model response.
Warning: there are non-text parts in the response: ['thought_signature'], returning concatenated text result from text parts. Check the full candidates.content.parts accessor to get the full model response.
Warning: there are non-text parts in the response: ['thought_signature'], returning concatenated parsed result from text parts. Check the full candidates.content.parts accessor to get the full model response.
Warning: there are non-text parts in the response: ['thought_signature'], returning concatenated text result from text parts. Check the full candidates.content.parts accessor to get the full model response.
Warning: there are non-text parts in the response: ['thought_signature'], returning concatenated text result from text parts. Check the full candidates.content.parts accessor to get the full model response.
Warning: there are non-text parts in the response: ['thought_signature'], returning concatenated parsed result from text parts. Check the full candidates.content.parts accessor to get the full model response.
Warning: there are non-text parts in the response: ['thought_signature'], returning concatenated text result from text parts. Check the full candidates.content.parts accessor to get the full model response.
Warning: there are non-text parts in the response: ['thought_signature'], returning concatenated text result from text parts. Check the full candidates.content.parts accessor to get the full model response.
Warning: there are non-text parts in the response: ['thought_signature'], returning concatenated parsed result from text parts. Check the full candidates.content.parts accessor to get the full model response.
Warning: there are non-text parts in the response: ['thought_signature'], returning concatenated text result from text parts. Check the full candidates.content.parts accessor to get the full model response.
Warning: there are non-text parts in the response: ['thought_signature'], returning concatenated text result from text parts. Check the full candidates.content.parts accessor to get the full model response.
Warning: there are non-text parts in the response: ['thought_signature'], returning concatenated parsed result from text parts. Check the full candidates.content.parts accessor to get the full model response.
Warning: there are non-text parts in the response: ['thought_signature'], returning concatenated text result from text parts. Check the full candidates.content.parts accessor to get the full model response.
Warning: there are non-text parts in the response: ['thought_signature'], returning concatenated text result from text parts. Check the full candidates.content.parts accessor to get the full model response.
Warning: there are non-text parts in the response: ['thought_signature'], returning concatenated parsed result from text parts. Check the full candidates.content.parts accessor to get the full model response.
Warning: there are non-text parts in the response: ['thought_signature'], returning concatenated text result from text parts. Check the full candidates.content.parts accessor to get the full model response.
Warning: there are non-text parts in the response: ['thought_signature'], returning concatenated text result from text parts. Check the full candidates.content.parts accessor to get the full model response.
Warning: there are non-text parts in the response: ['thought_signature'], returning concatenated parsed result from text parts. Check the full candidates.content.parts accessor to get the full model response.
Warning: there are non-text parts in the response: ['thought_signature'], returning concatenated text result from text parts. Check the full candidates.content.parts accessor to get the full model response.
Warning: there are non-text parts in the response: ['thought_signature'], returning concatenated text result from text parts. Check the full candidates.content.parts accessor to get the full model response.
Warning: there are non-text parts in the response: ['thought_signature'], returning concatenated parsed result from text parts. Check the full candidates.content.parts accessor to get the full model response.
Warning: there are non-text parts in the response: ['thought_signature'], returning concatenated text result from text parts. Check the full candidates.content.parts accessor to get the full model response.
Warning: there are non-text parts in the response: ['thought_signature'], returning concatenated text result from text parts. Check the full candidates.content.parts accessor to get the full model response.
Warning: there are non-text parts in the response: ['thought_signature'], returning concatenated parsed result from text parts. Check the full candidates.content.parts accessor to get the full model response.
Warning: there are non-text parts in the response: ['thought_signature'], returning concatenated text result from text parts. Check the full candidates.content.parts accessor to get the full model response.
Warning: there are non-text parts in the response: ['thought_signature'], returning concatenated text result from text parts. Check the full candidates.content.parts accessor to get the full model response.
Warning: there are non-text parts in the response: ['thought_signature'], returning concatenated parsed result from text parts. Check the full candidates.content.parts accessor to get the full model response.
Warning: there are non-text parts in the response: ['thought_signature'], returning concatenated text result from text parts. Check the full candidates.content.parts accessor to get the full model response.
Warning: there are non-text parts in the response: ['thought_signature'], returning concatenated text result from text parts. Check the full candidates.content.parts accessor to get the full model response.
Warning: there are non-text parts in the response: ['thought_signature'], returning concatenated parsed result from text parts. Check the full candidates.content.parts accessor to get the full model response.
Warning: there are non-text parts in the response: ['thought_signature'], returning concatenated text result from text parts. Check the full candidates.content.parts accessor to get the full model response.
Warning: there are non-text parts in the response: ['thought_signature'], returning concatenated text result from text parts. Check the full candidates.content.parts accessor to get the full model response.
Warning: there are non-text parts in the response: ['thought_signature'], returning concatenated parsed result from text parts. Check the full candidates.content.parts accessor to get the full model response.
Warning: there are non-text parts in the response: ['thought_signature'], returning concatenated text result from text parts. Check the full candidates.content.parts accessor to get the full model response.
Warning: there are non-text parts in the response: ['thought_signature'], returning concatenated text result from text parts. Check the full candidates.content.parts accessor to get the full model response.
Warning: there are non-text parts in the response: ['thought_signature'], returning concatenated parsed result from text parts. Check the full candidates.content.parts accessor to get the full model response.
Warning: there are non-text parts in the response: ['thought_signature'], returning concatenated text result from text parts. Check the full candidates.content.parts accessor to get the full model response.
Warning: there are non-text parts in the response: ['thought_signature'], returning concatenated text result from text parts. Check the full candidates.content.parts accessor to get the full model response.
Warning: there are non-text parts in the response: ['thought_signature'], returning concatenated parsed result from text parts. Check the full candidates.content.parts accessor to get the full model response.
Warning: there are non-text parts in the response: ['thought_signature'], returning concatenated text result from text parts. Check the full candidates.content.parts accessor to get the full model response.
Warning: there are non-text parts in the response: ['thought_signature'], returning concatenated text result from text parts. Check the full candidates.content.parts accessor to get the full model response.
Warning: there are non-text parts in the response: ['thought_signature'], returning concatenated parsed result from text parts. Check the full candidates.content.parts accessor to get the full model response.
Warning: there are non-text parts in the response: ['thought_signature'], returning concatenated text result from text parts. Check the full candidates.content.parts accessor to get the full model response.
Warning: there are non-text parts in the response: ['thought_signature'], returning concatenated text result from text parts. Check the full candidates.content.parts accessor to get the full model response.
Warning: there are non-text parts in the response: ['thought_signature'], returning concatenated parsed result from text parts. Check the full candidates.content.parts accessor to get the full model response.
Warning: there are non-text parts in the response: ['thought_signature'], returning concatenated text result from text parts. Check the full candidates.content.parts accessor to get the full model response.
Warning: there are non-text parts in the response: ['thought_signature'], returning concatenated text result from text parts. Check the full candidates.content.parts accessor to get the full model response.
Warning: there are non-text parts in the response: ['thought_signature'], returning concatenated parsed result from text parts. Check the full candidates.content.parts accessor to get the full model response.
Warning: there are non-text parts in the response: ['thought_signature'], returning concatenated text result from text parts. Check the full candidates.content.parts accessor to get the full model response.
Warning: there are non-text parts in the response: ['thought_signature'], returning concatenated text result from text parts. Check the full candidates.content.parts accessor to get the full model response.
Warning: there are non-text parts in the response: ['thought_signature'], returning concatenated parsed result from text parts. Check the full candidates.content.parts accessor to get the full model response.
Warning: there are non-text parts in the response: ['thought_signature'], returning concatenated text result from text parts. Check the full candidates.content.parts accessor to get the full model response.
Warning: there are non-text parts in the response: ['thought_signature'], returning concatenated text result from text parts. Check the full candidates.content.parts accessor to get the full model response.
Warning: there are non-text parts in the response: ['thought_signature'], returning concatenated parsed result from text parts. Check the full candidates.content.parts accessor to get the full model response.
Warning: there are non-text parts in the response: ['thought_signature'], returning concatenated text result from text parts. Check the full candidates.content.parts accessor to get the full model response.
Warning: there are non-text parts in the response: ['thought_signature'], returning concatenated text result from text parts. Check the full candidates.content.parts accessor to get the full model response.
Warning: there are non-text parts in the response: ['thought_signature'], returning concatenated parsed result from text parts. Check the full candidates.content.parts accessor to get the full model response.
Warning: there are non-text parts in the response: ['thought_signature'], returning concatenated text result from text parts. Check the full candidates.content.parts accessor to get the full model response.
Warning: there are non-text parts in the response: ['thought_signature'], returning concatenated text result from text parts. Check the full candidates.content.parts accessor to get the full model response.
Warning: there are non-text parts in the response: ['thought_signature'], returning concatenated parsed result from text parts. Check the full candidates.content.parts accessor to get the full model response.
Warning: there are non-text parts in the response: ['thought_signature'], returning concatenated text result from text parts. Check the full candidates.content.parts accessor to get the full model response.
Warning: there are non-text parts in the response: ['thought_signature'], returning concatenated text result from text parts. Check the full candidates.content.parts accessor to get the full model response.
Warning: there are non-text parts in the response: ['thought_signature'], returning concatenated parsed result from text parts. Check the full candidates.content.parts accessor to get the full model response.
Warning: there are non-text parts in the response: ['thought_signature'], returning concatenated text result from text parts. Check the full candidates.content.parts accessor to get the full model response.
Warning: there are non-text parts in the response: ['thought_signature'], returning concatenated text result from text parts. Check the full candidates.content.parts accessor to get the full model response.
Warning: there are non-text parts in the response: ['thought_signature'], returning concatenated parsed result from text parts. Check the full candidates.content.parts accessor to get the full model response.
Warning: there are non-text parts in the response: ['thought_signature'], returning concatenated text result from text parts. Check the full candidates.content.parts accessor to get the full model response.
Warning: there are non-text parts in the response: ['thought_signature'], returning concatenated text result from text parts. Check the full candidates.content.parts accessor to get the full model response.
Warning: there are non-text parts in the response: ['thought_signature'], returning concatenated parsed result from text parts. Check the full candidates.content.parts accessor to get the full model response.
Warning: there are non-text parts in the response: ['thought_signature'], returning concatenated text result from text parts. Check the full candidates.content.parts accessor to get the full model response.
Warning: there are non-text parts in the response: ['thought_signature'], returning concatenated text result from text parts. Check the full candidates.content.parts accessor to get the full model response.
Warning: there are non-text parts in the response: ['thought_signature'], returning concatenated parsed result from text parts. Check the full candidates.content.parts accessor to get the full model response.
Warning: there are non-text parts in the response: ['thought_signature'], returning concatenated text result from text parts. Check the full candidates.content.parts accessor to get the full model response.
Warning: there are non-text parts in the response: ['thought_signature'], returning concatenated text result from text parts. Check the full candidates.content.parts accessor to get the full model response.
Warning: there are non-text parts in the response: ['thought_signature'], returning concatenated parsed result from text parts. Check the full candidates.content.parts accessor to get the full model response.
Warning: there are non-text parts in the response: ['thought_signature'], returning concatenated text result from text parts. Check the full candidates.content.parts accessor to get the full model response.
Warning: there are non-text parts in the response: ['thought_signature'], returning concatenated text result from text parts. Check the full candidates.content.parts accessor to get the full model response.
Warning: there are non-text parts in the response: ['thought_signature'], returning concatenated parsed result from text parts. Check the full candidates.content.parts accessor to get the full model response.
Warning: there are non-text parts in the response: ['thought_signature'], returning concatenated text result from text parts. Check the full candidates.content.parts accessor to get the full model response.
Warning: there are non-text parts in the response: ['thought_signature'], returning concatenated text result from text parts. Check the full candidates.content.parts accessor to get the full model response.
Warning: there are non-text parts in the response: ['thought_signature'], returning concatenated parsed result from text parts. Check the full candidates.content.parts accessor to get the full model response.
Warning: there are non-text parts in the response: ['thought_signature'], returning concatenated text result from text parts. Check the full candidates.content.parts accessor to get the full model response.
Warning: there are non-text parts in the response: ['thought_signature'], returning concatenated text result from text parts. Check the full candidates.content.parts accessor to get the full model response.
Warning: there are non-text parts in the response: ['thought_signature'], returning concatenated parsed result from text parts. Check the full candidates.content.parts accessor to get the full model response.
Warning: there are non-text parts in the response: ['thought_signature'], returning concatenated text result from text parts. Check the full candidates.content.parts accessor to get the full model response.
Warning: there are non-text parts in the response: ['thought_signature'], returning concatenated text result from text parts. Check the full candidates.content.parts accessor to get the full model response.
Warning: there are non-text parts in the response: ['thought_signature'], returning concatenated parsed result from text parts. Check the full candidates.content.parts accessor to get the full model response.
Warning: there are non-text parts in the response: ['thought_signature'], returning concatenated text result from text parts. Check the full candidates.content.parts accessor to get the full model response.
Warning: there are non-text parts in the response: ['thought_signature'], returning concatenated text result from text parts. Check the full candidates.content.parts accessor to get the full model response.
Warning: there are non-text parts in the response: ['thought_signature'], returning concatenated parsed result from text parts. Check the full candidates.content.parts accessor to get the full model response.
Warning: there are non-text parts in the response: ['thought_signature'], returning concatenated text result from text parts. Check the full candidates.content.parts accessor to get the full model response.
Warning: there are non-text parts in the response: ['thought_signature'], returning concatenated text result from text parts. Check the full candidates.content.parts accessor to get the full model response.
Warning: there are non-text parts in the response: ['thought_signature'], returning concatenated parsed result from text parts. Check the full candidates.content.parts accessor to get the full model response.
Warning: there are non-text parts in the response: ['thought_signature'], returning concatenated text result from text parts. Check the full candidates.content.parts accessor to get the full model response.
Warning: there are non-text parts in the response: ['thought_signature'], returning concatenated text result from text parts. Check the full candidates.content.parts accessor to get the full model response.
Warning: there are non-text parts in the response: ['thought_signature'], returning concatenated parsed result from text parts. Check the full candidates.content.parts accessor to get the full model response.
Warning: there are non-text parts in the response: ['thought_signature'], returning concatenated text result from text parts. Check the full candidates.content.parts accessor to get the full model response.
Warning: there are non-text parts in the response: ['thought_signature'], returning concatenated text result from text parts. Check the full candidates.content.parts accessor to get the full model response.
Warning: there are non-text parts in the response: ['thought_signature'], returning concatenated parsed result from text parts. Check the full candidates.content.parts accessor to get the full model response.
Warning: there are non-text parts in the response: ['thought_signature'], returning concatenated text result from text parts. Check the full candidates.content.parts accessor to get the full model response.
Warning: there are non-text parts in the response: ['thought_signature'], returning concatenated text result from text parts. Check the full candidates.content.parts accessor to get the full model response.
Warning: there are non-text parts in the response: ['thought_signature'], returning concatenated parsed result from text parts. Check the full candidates.content.parts accessor to get the full model response.
Warning: there are non-text parts in the response: ['thought_signature'], returning concatenated text result from text parts. Check the full candidates.content.parts accessor to get the full model response.
Warning: there are non-text parts in the response: ['thought_signature'], returning concatenated text result from text parts. Check the full candidates.content.parts accessor to get the full model response.
Warning: there are non-text parts in the response: ['thought_signature'], returning concatenated parsed result from text parts. Check the full candidates.content.parts accessor to get the full model response.
Warning: there are non-text parts in the response: ['thought_signature'], returning concatenated text result from text parts. Check the full candidates.content.parts accessor to get the full model response.
Warning: there are non-text parts in the response: ['thought_signature'], returning concatenated text result from text parts. Check the full candidates.content.parts accessor to get the full model response.
Warning: there are non-text parts in the response: ['thought_signature'], returning concatenated parsed result from text parts. Check the full candidates.content.parts accessor to get the full model response.
Warning: there are non-text parts in the response: ['thought_signature'], returning concatenated text result from text parts. Check the full candidates.content.parts accessor to get the full model response.
Warning: there are non-text parts in the response: ['thought_signature'], returning concatenated text result from text parts. Check the full candidates.content.parts accessor to get the full model response.
Warning: there are non-text parts in the response: ['thought_signature'], returning concatenated parsed result from text parts. Check the full candidates.content.parts accessor to get the full model response.
Warning: there are non-text parts in the response: ['thought_signature'], returning concatenated text result from text parts. Check the full candidates.content.parts accessor to get the full model response.
Warning: there are non-text parts in the response: ['thought_signature'], returning concatenated text result from text parts. Check the full candidates.content.parts accessor to get the full model response.
Warning: there are non-text parts in the response: ['thought_signature'], returning concatenated parsed result from text parts. Check the full candidates.content.parts accessor to get the full model response.
Warning: there are non-text parts in the response: ['thought_signature'], returning concatenated text result from text parts. Check the full candidates.content.parts accessor to get the full model response.
Warning: there are non-text parts in the response: ['thought_signature'], returning concatenated text result from text parts. Check the full candidates.content.parts accessor to get the full model response.
Warning: there are non-text parts in the response: ['thought_signature'], returning concatenated parsed result from text parts. Check the full candidates.content.parts accessor to get the full model response.
Warning: there are non-text parts in the response: ['thought_signature'], returning concatenated text result from text parts. Check the full candidates.content.parts accessor to get the full model response.
Warning: there are non-text parts in the response: ['thought_signature'], returning concatenated text result from text parts. Check the full candidates.content.parts accessor to get the full model response.
Warning: there are non-text parts in the response: ['thought_signature'], returning concatenated parsed result from text parts. Check the full candidates.content.parts accessor to get the full model response.
Warning: there are non-text parts in the response: ['thought_signature'], returning concatenated text result from text parts. Check the full candidates.content.parts accessor to get the full model response.
Warning: there are non-text parts in the response: ['thought_signature'], returning concatenated text result from text parts. Check the full candidates.content.parts accessor to get the full model response.
Warning: there are non-text parts in the response: ['thought_signature'], returning concatenated parsed result from text parts. Check the full candidates.content.parts accessor to get the full model response.
Warning: there are non-text parts in the response: ['thought_signature'], returning concatenated text result from text parts. Check the full candidates.content.parts accessor to get the full model response.
Warning: there are non-text parts in the response: ['thought_signature'], returning concatenated text result from text parts. Check the full candidates.content.parts accessor to get the full model response.
Warning: there are non-text parts in the response: ['thought_signature'], returning concatenated parsed result from text parts. Check the full candidates.content.parts accessor to get the full model response.
Warning: there are non-text parts in the response: ['thought_signature'], returning concatenated text result from text parts. Check the full candidates.content.parts accessor to get the full model response.
Warning: there are non-text parts in the response: ['thought_signature'], returning concatenated text result from text parts. Check the full candidates.content.parts accessor to get the full model response.
Warning: there are non-text parts in the response: ['thought_signature'], returning concatenated parsed result from text parts. Check the full candidates.content.parts accessor to get the full model response.
Warning: there are non-text parts in the response: ['thought_signature'], returning concatenated text result from text parts. Check the full candidates.content.parts accessor to get the full model response.
Warning: there are non-text parts in the response: ['thought_signature'], returning concatenated text result from text parts. Check the full candidates.content.parts accessor to get the full model response.
Warning: there are non-text parts in the response: ['thought_signature'], returning concatenated parsed result from text parts. Check the full candidates.content.parts accessor to get the full model response.
Warning: there are non-text parts in the response: ['thought_signature'], returning concatenated text result from text parts. Check the full candidates.content.parts accessor to get the full model response.
Warning: there are non-text parts in the response: ['thought_signature'], returning concatenated text result from text parts. Check the full candidates.content.parts accessor to get the full model response.
Warning: there are non-text parts in the response: ['thought_signature'], returning concatenated parsed result from text parts. Check the full candidates.content.parts accessor to get the full model response.
Warning: there are non-text parts in the response: ['thought_signature'], returning concatenated text result from text parts. Check the full candidates.content.parts accessor to get the full model response.
Warning: there are non-text parts in the response: ['thought_signature'], returning concatenated text result from text parts. Check the full candidates.content.parts accessor to get the full model response.
Warning: there are non-text parts in the response: ['thought_signature'], returning concatenated parsed result from text parts. Check the full candidates.content.parts accessor to get the full model response.
Warning: there are non-text parts in the response: ['thought_signature'], returning concatenated text result from text parts. Check the full candidates.content.parts accessor to get the full model response.
Warning: there are non-text parts in the response: ['thought_signature'], returning concatenated text result from text parts. Check the full candidates.content.parts accessor to get the full model response.
Warning: there are non-text parts in the response: ['thought_signature'], returning concatenated parsed result from text parts. Check the full candidates.content.parts accessor to get the full model response.
Warning: there are non-text parts in the response: ['thought_signature'], returning concatenated text result from text parts. Check the full candidates.content.parts accessor to get the full model response.
Warning: there are non-text parts in the response: ['thought_signature'], returning concatenated text result from text parts. Check the full candidates.content.parts accessor to get the full model response.
Warning: there are non-text parts in the response: ['thought_signature'], returning concatenated parsed result from text parts. Check the full candidates.content.parts accessor to get the full model response.
Warning: there are non-text parts in the response: ['thought_signature'], returning concatenated text result from text parts. Check the full candidates.content.parts accessor to get the full model response.
Warning: there are non-text parts in the response: ['thought_signature'], returning concatenated text result from text parts. Check the full candidates.content.parts accessor to get the full model response.
Warning: there are non-text parts in the response: ['thought_signature'], returning concatenated parsed result from text parts. Check the full candidates.content.parts accessor to get the full model response.
Warning: there are non-text parts in the response: ['thought_signature'], returning concatenated text result from text parts. Check the full candidates.content.parts accessor to get the full model response.
Warning: there are non-text parts in the response: ['thought_signature'], returning concatenated text result from text parts. Check the full candidates.content.parts accessor to get the full model response.
[2026-10-07T13:13:03] [INFO] prompt_hash=b6d4ec9fe158ef34 classifier_model=gemini-3.1-flash-lite
[2026-10-07T13:13:03] [INFO] [e2b_nothinking] eligibility check: 1014 flag(s) with matched==False strictly, vs flag_fp sum 1014 over 50 checked file(s)
[2026-10-07T13:13:03] [INFO] [e4b_nothinking] eligibility check: 55 flag(s) with matched==False strictly, vs flag_fp sum 55 over 50 checked file(s)
[2026-10-07T13:13:03] [INFO] recomputing matched-GT indices for 65 file(s) with pending work
[2026-10-07T13:13:11] [WARN] 12 file(s) disagreed with cached flag_tp after batched matched-GT recompute — retrying each in isolation
[2026-10-07T13:13:20] [INFO] 1069 flag(s) need classification across 100 file(s)
[2026-10-07T13:13:20] [INFO] classifying 1069 flag(s) in 107 batch(es) of up to 10 via gemini-3.1-flash-lite
[2026-10-07T13:13:20] [INFO] [classify batch 1/107] 10 flag(s)
[2026-10-07T13:13:20] [INFO] [classify batch 2/107] 10 flag(s)
[2026-10-07T13:13:20] [INFO] [classify batch 3/107] 10 flag(s)
[2026-10-07T13:13:20] [INFO] [classify batch 4/107] 10 flag(s)
[2026-10-07T13:13:20] [INFO] [classify batch 5/107] 10 flag(s)
[2026-10-07T13:13:20] [INFO] [classify batch 6/107] 10 flag(s)
[2026-10-07T13:13:26] [INFO] [classify batch 7/107] 10 flag(s)
[2026-10-07T13:13:26] [INFO] [classify batch 8/107] 10 flag(s)
[2026-10-07T13:13:26] [WARN] [classify batch 5] 2 flag(s) missing/invalid — retrying individually
[2026-10-07T13:13:26] [INFO] [classify batch 9/107] 10 flag(s)
[2026-10-07T13:13:27] [INFO] [classify batch 10/107] 10 flag(s)
[2026-10-07T13:13:29] [INFO] [classify batch 11/107] 10 flag(s)
[2026-10-07T13:13:29] [INFO] [classify batch 12/107] 10 flag(s)
[2026-10-07T13:13:33] [INFO] [classify batch 13/107] 10 flag(s)
[2026-10-07T13:13:33] [INFO] [classify batch 14/107] 10 flag(s)
[2026-10-07T13:13:33] [INFO] [classify batch 15/107] 10 flag(s)
[2026-10-07T13:13:34] [INFO] [classify batch 16/107] 10 flag(s)
[2026-10-07T13:13:36] [WARN] e2b_nothinking::rec_audio_call_425933838_audio_1788934868635.mp3::4: classifier said DUPLICATE_OR_EXTRA_INSTANCE pointing at unmatched GT[None] — overridden to MATCHER_MISS
[2026-10-07T13:13:36] [INFO] [classify batch 17/107] 10 flag(s)
[2026-10-07T13:13:36] [INFO] [classify batch 18/107] 10 flag(s)
[2026-10-07T13:13:39] [INFO] [classify batch 19/107] 10 flag(s)
[2026-10-07T13:13:40] [INFO] [classify batch 20/107] 10 flag(s)
[2026-10-07T13:13:40] [INFO] [classify batch 21/107] 10 flag(s)
[2026-10-07T13:13:42] [INFO] [classify batch 22/107] 10 flag(s)
[2026-10-07T13:13:43] [INFO] [classify batch 23/107] 10 flag(s)
[2026-10-07T13:13:44] [INFO] [classify batch 24/107] 10 flag(s)
[2026-10-07T13:13:46] [INFO] [classify batch 25/107] 10 flag(s)
[2026-10-07T13:13:47] [INFO] [classify batch 26/107] 10 flag(s)
[2026-10-07T13:13:48] [INFO] [classify batch 27/107] 10 flag(s)
[2026-10-07T13:13:50] [INFO] [classify batch 28/107] 10 flag(s)
[2026-10-07T13:13:51] [INFO] [classify batch 29/107] 10 flag(s)
[2026-10-07T13:13:52] [INFO] [classify batch 30/107] 10 flag(s)
[2026-10-07T13:13:54] [INFO] [classify batch 31/107] 10 flag(s)
[2026-10-07T13:13:55] [INFO] [classify batch 32/107] 10 flag(s)
[2026-10-07T13:13:55] [INFO] [classify batch 33/107] 10 flag(s)
[2026-10-07T13:13:56] [INFO] [classify batch 34/107] 10 flag(s)
[2026-10-07T13:13:57] [INFO] [classify batch 35/107] 10 flag(s)
[2026-10-07T13:13:58] [INFO] [classify batch 36/107] 10 flag(s)
[2026-10-07T13:14:02] [INFO] [classify batch 37/107] 10 flag(s)
[2026-10-07T13:14:02] [INFO] [classify batch 38/107] 10 flag(s)
[2026-10-07T13:14:03] [INFO] [classify batch 39/107] 10 flag(s)
[2026-10-07T13:14:05] [INFO] [classify batch 40/107] 10 flag(s)
[2026-10-07T13:14:06] [INFO] [classify batch 41/107] 10 flag(s)
[2026-10-07T13:14:09] [INFO] [classify batch 42/107] 10 flag(s)
[2026-10-07T13:14:10] [INFO] [classify batch 43/107] 10 flag(s)
[2026-10-07T13:14:11] [WARN] e2b_nothinking::rec_audio_call_426871106_audio_1789022339887.mp3::43: classifier said DUPLICATE_OR_EXTRA_INSTANCE pointing at unmatched GT[None] — overridden to MATCHER_MISS
[2026-10-07T13:14:11] [INFO] [classify batch 44/107] 10 flag(s)
[2026-10-07T13:14:12] [INFO] [classify batch 45/107] 10 flag(s)
[2026-10-07T13:14:16] [INFO] [classify batch 46/107] 10 flag(s)
[2026-10-07T13:14:16] [INFO] [classify batch 47/107] 10 flag(s)
[2026-10-07T13:14:17] [INFO] [classify batch 48/107] 10 flag(s)
[2026-10-07T13:14:18] [INFO] [classify batch 49/107] 10 flag(s)
[2026-10-07T13:14:19] [INFO] [classify batch 50/107] 10 flag(s)
[2026-10-07T13:14:23] [INFO] [classify batch 51/107] 10 flag(s)
[2026-10-07T13:14:24] [INFO] [classify batch 52/107] 10 flag(s)
[2026-10-07T13:14:25] [INFO] [classify batch 53/107] 10 flag(s)
[2026-10-07T13:14:25] [INFO] [classify batch 54/107] 10 flag(s)
[2026-10-07T13:14:26] [INFO] [classify batch 55/107] 10 flag(s)
[2026-10-07T13:14:30] [INFO] [classify batch 56/107] 10 flag(s)
[2026-10-07T13:14:30] [INFO] [classify batch 57/107] 10 flag(s)
[2026-10-07T13:14:31] [INFO] [classify batch 58/107] 10 flag(s)
[2026-10-07T13:14:31] [INFO] [classify batch 59/107] 10 flag(s)
[2026-10-07T13:14:33] [INFO] [classify batch 60/107] 10 flag(s)
[2026-10-07T13:14:37] [INFO] [classify batch 61/107] 10 flag(s)
[2026-10-07T13:14:37] [INFO] [classify batch 62/107] 10 flag(s)
[2026-10-07T13:14:39] [WARN] e2b_nothinking::rec_default_426534420_audio_1788980458455.mp3::6: classifier said DUPLICATE_OR_EXTRA_INSTANCE pointing at unmatched GT[1] — overridden to MATCHER_MISS
[2026-10-07T13:14:39] [WARN] [classify batch 57] 1 flag(s) missing/invalid — retrying individually
[2026-10-07T13:14:40] [INFO] [classify batch 63/107] 10 flag(s)
[2026-10-07T13:14:40] [INFO] [classify batch 64/107] 10 flag(s)
[2026-10-07T13:14:41] [INFO] [classify batch 65/107] 10 flag(s)
[2026-10-07T13:14:43] [INFO] [classify batch 66/107] 10 flag(s)
[2026-10-07T13:14:45] [INFO] [classify batch 67/107] 10 flag(s)
[2026-10-07T13:14:46] [INFO] [classify batch 68/107] 10 flag(s)
[2026-10-07T13:14:48] [INFO] [classify batch 69/107] 10 flag(s)
[2026-10-07T13:14:49] [INFO] [classify batch 70/107] 10 flag(s)
[2026-10-07T13:14:51] [INFO] [classify batch 71/107] 10 flag(s)
[2026-10-07T13:14:52] [INFO] [classify batch 72/107] 10 flag(s)
[2026-10-07T13:14:54] [INFO] [classify batch 73/107] 10 flag(s)
[2026-10-07T13:14:56] [INFO] [classify batch 74/107] 10 flag(s)
[2026-10-07T13:14:56] [INFO] [classify batch 75/107] 10 flag(s)
[2026-10-07T13:14:57] [INFO] [classify batch 76/107] 10 flag(s)
[2026-10-07T13:14:59] [WARN] [classify batch 72] 1 flag(s) missing/invalid — retrying individually
[2026-10-07T13:15:01] [INFO] [classify batch 77/107] 10 flag(s)
[2026-10-07T13:15:02] [INFO] [classify batch 78/107] 10 flag(s)
[2026-10-07T13:15:02] [INFO] [classify batch 79/107] 10 flag(s)
[2026-10-07T13:15:03] [INFO] [classify batch 80/107] 10 flag(s)
[2026-10-07T13:15:03] [INFO] [classify batch 81/107] 10 flag(s)
[2026-10-07T13:15:08] [INFO] [classify batch 82/107] 10 flag(s)
[2026-10-07T13:15:10] [INFO] [classify batch 83/107] 10 flag(s)
[2026-10-07T13:15:10] [INFO] [classify batch 84/107] 10 flag(s)
[2026-10-07T13:15:10] [INFO] [classify batch 85/107] 10 flag(s)
[2026-10-07T13:15:10] [INFO] [classify batch 86/107] 10 flag(s)
[2026-10-07T13:15:16] [INFO] [classify batch 87/107] 10 flag(s)
[2026-10-07T13:15:17] [INFO] [classify batch 88/107] 10 flag(s)
[2026-10-07T13:15:23] [INFO] [classify batch 89/107] 10 flag(s)
[2026-10-07T13:15:30] [INFO] [classify batch 90/107] 10 flag(s)
[2026-10-07T13:15:37] [INFO] [classify batch 91/107] 10 flag(s)
[2026-10-07T13:15:44] [INFO] [classify batch 92/107] 10 flag(s)
[2026-10-07T13:15:50] [INFO] [classify batch 93/107] 10 flag(s)
[2026-10-07T13:15:58] [INFO] [classify batch 94/107] 10 flag(s)
[2026-10-07T13:16:05] [INFO] [classify batch 95/107] 10 flag(s)
[2026-10-07T13:16:11] [INFO] [classify batch 96/107] 10 flag(s)
[2026-10-07T13:16:18] [INFO] [classify batch 97/107] 10 flag(s)
[2026-10-07T13:16:26] [INFO] [classify batch 98/107] 10 flag(s)
[2026-10-07T13:16:37] [INFO] [classify batch 99/107] 10 flag(s)
[2026-10-07T13:16:44] [INFO] [classify batch 100/107] 10 flag(s)
[2026-10-07T13:16:49] [INFO] [classify batch 101/107] 10 flag(s)
Warning: there are non-text parts in the response: ['thought_signature'], returning concatenated parsed result from text parts. Check the full candidates.content.parts accessor to get the full model response.
Warning: there are non-text parts in the response: ['thought_signature'], returning concatenated text result from text parts. Check the full candidates.content.parts accessor to get the full model response.
Warning: there are non-text parts in the response: ['thought_signature'], returning concatenated text result from text parts. Check the full candidates.content.parts accessor to get the full model response.
Warning: there are non-text parts in the response: ['thought_signature'], returning concatenated parsed result from text parts. Check the full candidates.content.parts accessor to get the full model response.
Warning: there are non-text parts in the response: ['thought_signature'], returning concatenated text result from text parts. Check the full candidates.content.parts accessor to get the full model response.
Warning: there are non-text parts in the response: ['thought_signature'], returning concatenated text result from text parts. Check the full candidates.content.parts accessor to get the full model response.
Warning: there are non-text parts in the response: ['thought_signature'], returning concatenated parsed result from text parts. Check the full candidates.content.parts accessor to get the full model response.
Warning: there are non-text parts in the response: ['thought_signature'], returning concatenated text result from text parts. Check the full candidates.content.parts accessor to get the full model response.
Warning: there are non-text parts in the response: ['thought_signature'], returning concatenated text result from text parts. Check the full candidates.content.parts accessor to get the full model response.
Warning: there are non-text parts in the response: ['thought_signature'], returning concatenated parsed result from text parts. Check the full candidates.content.parts accessor to get the full model response.
Warning: there are non-text parts in the response: ['thought_signature'], returning concatenated text result from text parts. Check the full candidates.content.parts accessor to get the full model response.
Warning: there are non-text parts in the response: ['thought_signature'], returning concatenated text result from text parts. Check the full candidates.content.parts accessor to get the full model response.
[2026-10-07T13:17:20] [ERROR] classify batch worker failed: Invalid \uXXXX escape: line 1 column 63302 (char 63301)
Traceback (most recent call last):
  File "/Users/hemapunyamoorty/Desktop/os_moderation/gemini_client.py", line 145, in parse_json_lenient
    obj, _end = json.JSONDecoder().raw_decode(stripped)
  File "/Library/Developer/CommandLineTools/Library/Frameworks/Python3.framework/Versions/3.9/lib/python3.9/json/decoder.py", line 353, in raw_decode
    obj, end = self.scan_once(s, idx)
json.decoder.JSONDecodeError: Invalid \uXXXX escape: line 1 column 63302 (char 63301)

During handling of the above exception, another exception occurred:

Traceback (most recent call last):
  File "/Users/hemapunyamoorty/Desktop/os_moderation/classify_fps.py", line 828, in classify_all
    fut.result()
  File "/Library/Developer/CommandLineTools/Library/Frameworks/Python3.framework/Versions/3.9/lib/python3.9/concurrent/futures/_base.py", line 438, in result
    return self.__get_result()
  File "/Library/Developer/CommandLineTools/Library/Frameworks/Python3.framework/Versions/3.9/lib/python3.9/concurrent/futures/_base.py", line 390, in __get_result
    raise self._exception
  File "/Library/Developer/CommandLineTools/Library/Frameworks/Python3.framework/Versions/3.9/lib/python3.9/concurrent/futures/thread.py", line 52, in run
    result = self.fn(*self.args, **self.kwargs)
  File "/Users/hemapunyamoorty/Desktop/os_moderation/classify_fps.py", line 798, in process
    got = classify_batch(client, model, batch, policy_text, logger)
  File "/Users/hemapunyamoorty/Desktop/os_moderation/classify_fps.py", line 670, in classify_batch
    parsed = gemini_client.parse_json_lenient(raw_text)
  File "/Users/hemapunyamoorty/Desktop/os_moderation/gemini_client.py", line 148, in parse_json_lenient
    raise exc
  File "/Users/hemapunyamoorty/Desktop/os_moderation/gemini_client.py", line 141, in parse_json_lenient
    return json.loads(text)
  File "/Library/Developer/CommandLineTools/Library/Frameworks/Python3.framework/Versions/3.9/lib/python3.9/json/__init__.py", line 346, in loads
    return _default_decoder.decode(s)
  File "/Library/Developer/CommandLineTools/Library/Frameworks/Python3.framework/Versions/3.9/lib/python3.9/json/decoder.py", line 337, in decode
    obj, end = self.raw_decode(s, idx=_w(s, 0).end())
  File "/Library/Developer/CommandLineTools/Library/Frameworks/Python3.framework/Versions/3.9/lib/python3.9/json/decoder.py", line 353, in raw_decode
    obj, end = self.scan_once(s, idx)
json.decoder.JSONDecodeError: Invalid \uXXXX escape: line 1 column 63302 (char 63301)

Warning: there are non-text parts in the response: ['thought_signature'], returning concatenated parsed result from text parts. Check the full candidates.content.parts accessor to get the full model response.
Warning: there are non-text parts in the response: ['thought_signature'], returning concatenated text result from text parts. Check the full candidates.content.parts accessor to get the full model response.
Warning: there are non-text parts in the response: ['thought_signature'], returning concatenated text result from text parts. Check the full candidates.content.parts accessor to get the full model response.
Warning: there are non-text parts in the response: ['thought_signature'], returning concatenated parsed result from text parts. Check the full candidates.content.parts accessor to get the full model response.
Warning: there are non-text parts in the response: ['thought_signature'], returning concatenated text result from text parts. Check the full candidates.content.parts accessor to get the full model response.
Warning: there are non-text parts in the response: ['thought_signature'], returning concatenated text result from text parts. Check the full candidates.content.parts accessor to get the full model response.
Warning: there are non-text parts in the response: ['thought_signature'], returning concatenated parsed result from text parts. Check the full candidates.content.parts accessor to get the full model response.
Warning: there are non-text parts in the response: ['thought_signature'], returning concatenated text result from text parts. Check the full candidates.content.parts accessor to get the full model response.
Warning: there are non-text parts in the response: ['thought_signature'], returning concatenated text result from text parts. Check the full candidates.content.parts accessor to get the full model response.
Warning: there are non-text parts in the response: ['thought_signature'], returning concatenated parsed result from text parts. Check the full candidates.content.parts accessor to get the full model response.
Warning: there are non-text parts in the response: ['thought_signature'], returning concatenated text result from text parts. Check the full candidates.content.parts accessor to get the full model response.
Warning: there are non-text parts in the response: ['thought_signature'], returning concatenated text result from text parts. Check the full candidates.content.parts accessor to get the full model response.
[2026-10-07T13:17:30] [ERROR] classify batch worker failed: Invalid \uXXXX escape: line 1 column 63274 (char 63273)
Traceback (most recent call last):
  File "/Users/hemapunyamoorty/Desktop/os_moderation/gemini_client.py", line 145, in parse_json_lenient
    obj, _end = json.JSONDecoder().raw_decode(stripped)
  File "/Library/Developer/CommandLineTools/Library/Frameworks/Python3.framework/Versions/3.9/lib/python3.9/json/decoder.py", line 353, in raw_decode
    obj, end = self.scan_once(s, idx)
json.decoder.JSONDecodeError: Invalid \uXXXX escape: line 1 column 63274 (char 63273)

During handling of the above exception, another exception occurred:

Traceback (most recent call last):
  File "/Users/hemapunyamoorty/Desktop/os_moderation/classify_fps.py", line 828, in classify_all
    fut.result()
  File "/Library/Developer/CommandLineTools/Library/Frameworks/Python3.framework/Versions/3.9/lib/python3.9/concurrent/futures/_base.py", line 438, in result
    return self.__get_result()
  File "/Library/Developer/CommandLineTools/Library/Frameworks/Python3.framework/Versions/3.9/lib/python3.9/concurrent/futures/_base.py", line 390, in __get_result
    raise self._exception
  File "/Library/Developer/CommandLineTools/Library/Frameworks/Python3.framework/Versions/3.9/lib/python3.9/concurrent/futures/thread.py", line 52, in run
    result = self.fn(*self.args, **self.kwargs)
  File "/Users/hemapunyamoorty/Desktop/os_moderation/classify_fps.py", line 798, in process
    got = classify_batch(client, model, batch, policy_text, logger)
  File "/Users/hemapunyamoorty/Desktop/os_moderation/classify_fps.py", line 670, in classify_batch
    parsed = gemini_client.parse_json_lenient(raw_text)
  File "/Users/hemapunyamoorty/Desktop/os_moderation/gemini_client.py", line 148, in parse_json_lenient
    raise exc
  File "/Users/hemapunyamoorty/Desktop/os_moderation/gemini_client.py", line 141, in parse_json_lenient
    return json.loads(text)
  File "/Library/Developer/CommandLineTools/Library/Frameworks/Python3.framework/Versions/3.9/lib/python3.9/json/__init__.py", line 346, in loads
    return _default_decoder.decode(s)
  File "/Library/Developer/CommandLineTools/Library/Frameworks/Python3.framework/Versions/3.9/lib/python3.9/json/decoder.py", line 337, in decode
    obj, end = self.raw_decode(s, idx=_w(s, 0).end())
  File "/Library/Developer/CommandLineTools/Library/Frameworks/Python3.framework/Versions/3.9/lib/python3.9/json/decoder.py", line 353, in raw_decode
    obj, end = self.scan_once(s, idx)
json.decoder.JSONDecodeError: Invalid \uXXXX escape: line 1 column 63274 (char 63273)

Warning: there are non-text parts in the response: ['thought_signature'], returning concatenated parsed result from text parts. Check the full candidates.content.parts accessor to get the full model response.
Warning: there are non-text parts in the response: ['thought_signature'], returning concatenated text result from text parts. Check the full candidates.content.parts accessor to get the full model response.
Warning: there are non-text parts in the response: ['thought_signature'], returning concatenated text result from text parts. Check the full candidates.content.parts accessor to get the full model response.
[2026-10-07T13:17:34] [ERROR] classify batch worker failed: Invalid \uXXXX escape: line 1 column 63345 (char 63344)
Traceback (most recent call last):
  File "/Users/hemapunyamoorty/Desktop/os_moderation/gemini_client.py", line 145, in parse_json_lenient
    obj, _end = json.JSONDecoder().raw_decode(stripped)
  File "/Library/Developer/CommandLineTools/Library/Frameworks/Python3.framework/Versions/3.9/lib/python3.9/json/decoder.py", line 353, in raw_decode
    obj, end = self.scan_once(s, idx)
json.decoder.JSONDecodeError: Invalid \uXXXX escape: line 1 column 63345 (char 63344)

During handling of the above exception, another exception occurred:

Traceback (most recent call last):
  File "/Users/hemapunyamoorty/Desktop/os_moderation/classify_fps.py", line 828, in classify_all
    fut.result()
  File "/Library/Developer/CommandLineTools/Library/Frameworks/Python3.framework/Versions/3.9/lib/python3.9/concurrent/futures/_base.py", line 438, in result
    return self.__get_result()
  File "/Library/Developer/CommandLineTools/Library/Frameworks/Python3.framework/Versions/3.9/lib/python3.9/concurrent/futures/_base.py", line 390, in __get_result
    raise self._exception
  File "/Library/Developer/CommandLineTools/Library/Frameworks/Python3.framework/Versions/3.9/lib/python3.9/concurrent/futures/thread.py", line 52, in run
    result = self.fn(*self.args, **self.kwargs)
  File "/Users/hemapunyamoorty/Desktop/os_moderation/classify_fps.py", line 798, in process
    got = classify_batch(client, model, batch, policy_text, logger)
  File "/Users/hemapunyamoorty/Desktop/os_moderation/classify_fps.py", line 670, in classify_batch
    parsed = gemini_client.parse_json_lenient(raw_text)
  File "/Users/hemapunyamoorty/Desktop/os_moderation/gemini_client.py", line 148, in parse_json_lenient
    raise exc
  File "/Users/hemapunyamoorty/Desktop/os_moderation/gemini_client.py", line 141, in parse_json_lenient
    return json.loads(text)
  File "/Library/Developer/CommandLineTools/Library/Frameworks/Python3.framework/Versions/3.9/lib/python3.9/json/__init__.py", line 346, in loads
    return _default_decoder.decode(s)
  File "/Library/Developer/CommandLineTools/Library/Frameworks/Python3.framework/Versions/3.9/lib/python3.9/json/decoder.py", line 337, in decode
    obj, end = self.raw_decode(s, idx=_w(s, 0).end())
  File "/Library/Developer/CommandLineTools/Library/Frameworks/Python3.framework/Versions/3.9/lib/python3.9/json/decoder.py", line 353, in raw_decode
    obj, end = self.scan_once(s, idx)
json.decoder.JSONDecodeError: Invalid \uXXXX escape: line 1 column 63345 (char 63344)

Warning: there are non-text parts in the response: ['thought_signature'], returning concatenated parsed result from text parts. Check the full candidates.content.parts accessor to get the full model response.
Warning: there are non-text parts in the response: ['thought_signature'], returning concatenated text result from text parts. Check the full candidates.content.parts accessor to get the full model response.
Warning: there are non-text parts in the response: ['thought_signature'], returning concatenated text result from text parts. Check the full candidates.content.parts accessor to get the full model response.
[2026-10-07T13:17:37] [ERROR] classify batch worker failed: Invalid \uXXXX escape: line 1 column 63306 (char 63305)
Traceback (most recent call last):
  File "/Users/hemapunyamoorty/Desktop/os_moderation/gemini_client.py", line 145, in parse_json_lenient
    obj, _end = json.JSONDecoder().raw_decode(stripped)
  File "/Library/Developer/CommandLineTools/Library/Frameworks/Python3.framework/Versions/3.9/lib/python3.9/json/decoder.py", line 353, in raw_decode
    obj, end = self.scan_once(s, idx)
json.decoder.JSONDecodeError: Invalid \uXXXX escape: line 1 column 63306 (char 63305)

During handling of the above exception, another exception occurred:

Traceback (most recent call last):
  File "/Users/hemapunyamoorty/Desktop/os_moderation/classify_fps.py", line 828, in classify_all
    fut.result()
  File "/Library/Developer/CommandLineTools/Library/Frameworks/Python3.framework/Versions/3.9/lib/python3.9/concurrent/futures/_base.py", line 438, in result
    return self.__get_result()
  File "/Library/Developer/CommandLineTools/Library/Frameworks/Python3.framework/Versions/3.9/lib/python3.9/concurrent/futures/_base.py", line 390, in __get_result
    raise self._exception
  File "/Library/Developer/CommandLineTools/Library/Frameworks/Python3.framework/Versions/3.9/lib/python3.9/concurrent/futures/thread.py", line 52, in run
    result = self.fn(*self.args, **self.kwargs)
  File "/Users/hemapunyamoorty/Desktop/os_moderation/classify_fps.py", line 798, in process
    got = classify_batch(client, model, batch, policy_text, logger)
  File "/Users/hemapunyamoorty/Desktop/os_moderation/classify_fps.py", line 670, in classify_batch
    parsed = gemini_client.parse_json_lenient(raw_text)
  File "/Users/hemapunyamoorty/Desktop/os_moderation/gemini_client.py", line 148, in parse_json_lenient
    raise exc
  File "/Users/hemapunyamoorty/Desktop/os_moderation/gemini_client.py", line 141, in parse_json_lenient
    return json.loads(text)
  File "/Library/Developer/CommandLineTools/Library/Frameworks/Python3.framework/Versions/3.9/lib/python3.9/json/__init__.py", line 346, in loads
    return _default_decoder.decode(s)
  File "/Library/Developer/CommandLineTools/Library/Frameworks/Python3.framework/Versions/3.9/lib/python3.9/json/decoder.py", line 337, in decode
    obj, end = self.raw_decode(s, idx=_w(s, 0).end())
  File "/Library/Developer/CommandLineTools/Library/Frameworks/Python3.framework/Versions/3.9/lib/python3.9/json/decoder.py", line 353, in raw_decode
    obj, end = self.scan_once(s, idx)
json.decoder.JSONDecodeError: Invalid \uXXXX escape: line 1 column 63306 (char 63305)

Warning: there are non-text parts in the response: ['thought_signature'], returning concatenated parsed result from text parts. Check the full candidates.content.parts accessor to get the full model response.
Warning: there are non-text parts in the response: ['thought_signature'], returning concatenated text result from text parts. Check the full candidates.content.parts accessor to get the full model response.
Warning: there are non-text parts in the response: ['thought_signature'], returning concatenated text result from text parts. Check the full candidates.content.parts accessor to get the full model response.
[2026-10-07T13:18:22] [ERROR] classify batch worker failed: Invalid \uXXXX escape: line 1 column 63344 (char 63343)
Traceback (most recent call last):
  File "/Users/hemapunyamoorty/Desktop/os_moderation/gemini_client.py", line 145, in parse_json_lenient
    obj, _end = json.JSONDecoder().raw_decode(stripped)
  File "/Library/Developer/CommandLineTools/Library/Frameworks/Python3.framework/Versions/3.9/lib/python3.9/json/decoder.py", line 353, in raw_decode
    obj, end = self.scan_once(s, idx)
json.decoder.JSONDecodeError: Invalid \uXXXX escape: line 1 column 63344 (char 63343)

During handling of the above exception, another exception occurred:

Traceback (most recent call last):
  File "/Users/hemapunyamoorty/Desktop/os_moderation/classify_fps.py", line 828, in classify_all
    fut.result()
  File "/Library/Developer/CommandLineTools/Library/Frameworks/Python3.framework/Versions/3.9/lib/python3.9/concurrent/futures/_base.py", line 438, in result
    return self.__get_result()
  File "/Library/Developer/CommandLineTools/Library/Frameworks/Python3.framework/Versions/3.9/lib/python3.9/concurrent/futures/_base.py", line 390, in __get_result
    raise self._exception
  File "/Library/Developer/CommandLineTools/Library/Frameworks/Python3.framework/Versions/3.9/lib/python3.9/concurrent/futures/thread.py", line 52, in run
    result = self.fn(*self.args, **self.kwargs)
  File "/Users/hemapunyamoorty/Desktop/os_moderation/classify_fps.py", line 798, in process
    got = classify_batch(client, model, batch, policy_text, logger)
  File "/Users/hemapunyamoorty/Desktop/os_moderation/classify_fps.py", line 670, in classify_batch
    parsed = gemini_client.parse_json_lenient(raw_text)
  File "/Users/hemapunyamoorty/Desktop/os_moderation/gemini_client.py", line 148, in parse_json_lenient
    raise exc
  File "/Users/hemapunyamoorty/Desktop/os_moderation/gemini_client.py", line 141, in parse_json_lenient
    return json.loads(text)
  File "/Library/Developer/CommandLineTools/Library/Frameworks/Python3.framework/Versions/3.9/lib/python3.9/json/__init__.py", line 346, in loads
    return _default_decoder.decode(s)
  File "/Library/Developer/CommandLineTools/Library/Frameworks/Python3.framework/Versions/3.9/lib/python3.9/json/decoder.py", line 337, in decode
    obj, end = self.raw_decode(s, idx=_w(s, 0).end())
  File "/Library/Developer/CommandLineTools/Library/Frameworks/Python3.framework/Versions/3.9/lib/python3.9/json/decoder.py", line 353, in raw_decode
    obj, end = self.scan_once(s, idx)
json.decoder.JSONDecodeError: Invalid \uXXXX escape: line 1 column 63344 (char 63343)

[2026-10-07T13:16:55] [INFO] [classify batch 102/107] 10 flag(s)
[2026-10-07T13:17:02] [INFO] [classify batch 103/107] 10 flag(s)
[2026-10-07T13:17:08] [INFO] [classify batch 104/107] 10 flag(s)
[2026-10-07T13:17:16] [INFO] [classify batch 105/107] 10 flag(s)
[2026-10-07T13:17:20] [INFO] [classify batch 106/107] 10 flag(s)
[2026-10-07T13:17:23] [INFO] [classify batch 107/107] 9 flag(s)
[2026-10-07T13:18:22] [INFO] Classified 1069 flag(s); reports written to /Users/hemapunyamoorty/Desktop/os_moderation/analysis_results_dev_promptv6/fp_classification/

Classified 1069 flag(s) across 2 model(s). Reports in /Users/hemapunyamoorty/Desktop/os_moderation/analysis_results_dev_promptv6/fp_classification/

model                          fp_type                             n     pct
e2b_nothinking                 GT_MISS                            13   1.35%
e2b_nothinking                 WRONG_CATEGORY                      2   0.21%
e2b_nothinking                 MATCHER_MISS                        3   0.31%
e2b_nothinking                 DUPLICATE_OR_EXTRA_INSTANCE        35   3.63%
e2b_nothinking                 FABRICATION                        31   3.22%
e2b_nothinking                 MISHEARING                         13   1.35%
e2b_nothinking                 EXCEPTION_IGNORED                  25   2.59%
e2b_nothinking                 CONTEXT_CONFUSION                  33   3.42%
e2b_nothinking                 OVER_SENSITIVITY                  809  83.92%
e4b_nothinking                 GT_MISS                             4   7.27%
e4b_nothinking                 WRONG_CATEGORY                      2   3.64%
e4b_nothinking                 MATCHER_MISS                        1   1.82%
e4b_nothinking                 DUPLICATE_OR_EXTRA_INSTANCE         9  16.36%
e4b_nothinking                 EXCEPTION_IGNORED                   2   3.64%
e4b_nothinking                 CONTEXT_CONFUSION                  15  27.27%
e4b_nothinking                 OVER_SENSITIVITY                   22   40.0%
