[2026-09-16T21:17:16] [INFO] Loading google/gemma-4-E4B-it (thinking=True)...
[2026-09-16T21:17:25] [INFO] Model loaded.
[2026-09-16T21:17:25] [INFO] Skipping 0 already-done file(s)
[2026-09-16T21:17:25] [INFO] [1/385] rec_audio_call_392603926_audio_1785858184285.mp3
[2026-09-16T21:19:04] [INFO] [2/385] rec_audio_call_392607690_audio_1785858500937.mp3
[2026-09-16T21:21:39] [INFO] [3/385] rec_audio_call_392643395_audio_1785861202288.mp3
[2026-09-16T21:33:13] [INFO] [4/385] rec_audio_call_425736604_audio_1788905083156.mp3
[2026-09-16T21:34:18] [INFO] [5/385] rec_audio_call_425748748_audio_1788908276475.mp3
[2026-09-16T21:36:06] [INFO] [6/385] rec_audio_call_425749256_audio_1788908432017.mp3
[2026-09-16T21:37:25] [INFO] [7/385] rec_default_426610557_audio_1788986010552.mp3
[2026-09-16T21:38:39] [INFO] [8/385] rec_audio_call_425655492_audio_1788895962923.mp3
[2026-09-16T21:42:19] [INFO] [9/385] rec_audio_call_425656293_audio_1788896013602.mp3
[2026-09-16T21:44:02] [INFO] [10/385] rec_audio_call_425679391_audio_1788897730000.mp3
[2026-09-16T21:48:48] [INFO] [11/385] rec_audio_call_425691838_audio_1788898819143.mp3
[2026-09-16T21:50:36] [INFO] [12/385] rec_default_426593829_audio_1788984553610.mp3
[2026-09-16T21:56:55] [INFO] [13/385] rec_audio_call_419965552_audio_1788369990564.mp3
[2026-09-16T21:58:47] [INFO] [14/385] rec_audio_call_421071310_audio_1788465787061.mp3
[2026-09-16T22:09:09] [INFO] [15/385] rec_audio_call_421768524_audio_1788539479106.mp3
[2026-09-16T22:09:52] [INFO] [16/385] rec_audio_call_421835569_audio_1788543699379.mp3
[2026-09-16T22:11:55] [INFO] [17/385] rec_audio_call_421997101_audio_1788553909604.mp3
[2026-09-16T22:20:32] [INFO] [18/385] rec_audio_call_423610988_audio_1788712982461.mp3
[2026-09-16T22:21:46] [INFO] [19/385] rec_audio_call_425656431_audio_1788896027178.mp3
[2026-09-16T22:24:00] [INFO] [20/385] rec_default_420147298_audio_1788380486702.mp3
[2026-09-16T22:32:40] [INFO] [21/385] rec_default_420599099_audio_1788430532077.mp3
[2026-09-16T22:37:22] [INFO] [22/385] rec_default_421888258_audio_1788546625741.mp3
[2026-09-16T22:38:16] [INFO] [23/385] rec_default_423958539_audio_1788751477018.mp3
[2026-09-16T22:42:57] [INFO] [24/385] rec_audio_call_421981200_audio_1788552638354.mp3
[2026-09-16T22:45:48] [INFO] [25/385] rec_audio_call_422812035_audio_1788633064712.mp3
[2026-09-16T22:48:39] [INFO] [26/385] rec_audio_call_423872491_audio_1788731676125.mp3
[2026-09-16T22:49:52] [INFO] [27/385] rec_audio_call_424735559_audio_1788811052808.mp3
[2026-09-16T22:51:13] [INFO] [28/385] rec_audio_call_425051281_audio_1788851621695.mp3
[2026-09-16T23:01:56] [INFO] [29/385] rec_default_422797054_audio_1788632206019.mp3
[2026-09-16T23:07:21] [INFO] [30/385] rec_audio_call_421865395_audio_1788545383247.mp3
[2026-09-16T23:08:39] [INFO] [31/385] rec_audio_call_425933838_audio_1788934868635.mp3
[2026-09-16T23:11:27] [WARN] chunk@56.0s: model returned non-MM:SS timestamp '[TIMESTAMP]' for category 'Explicit-Flirting' — using it as-is, NOT offset-corrected to file-relative time.
[2026-09-16T23:11:27] [WARN] chunk@56.0s: model returned non-MM:SS timestamp '[TIMESTAMP]' for category 'Explicit-Flirting' — using it as-is, NOT offset-corrected to file-relative time.
[2026-09-16T23:11:27] [WARN] chunk@56.0s: model returned non-MM:SS timestamp '[TIMESTAMP]' for category 'Explicit-Flirting' — using it as-is, NOT offset-corrected to file-relative time.
[2026-09-16T23:11:27] [WARN] chunk@56.0s: model returned non-MM:SS timestamp '[TIMESTAMP]' for category 'Explicit-Flirting' — using it as-is, NOT offset-corrected to file-relative time.
[2026-09-16T23:16:18] [INFO] [32/385] rec_audio_call_426596251_audio_1788984756063.mp3
[2026-09-16T23:18:02] [INFO] [33/385] rec_audio_call_426599617_audio_1788985040466.mp3
[2026-09-16T23:21:52] [INFO] [34/385] rec_default_423978016_audio_1788753648923.mp3
[2026-09-16T23:25:11] [INFO] [35/385] rec_default_425396309_audio_1788879180076.mp3
[2026-09-16T23:28:33] [INFO] [36/385] rec_default_425778316_audio_1788916552817.mp3
[2026-09-16T23:30:00] [INFO] [37/385] rec_audio_call_424867062_audio_1788834834877.mp3
[2026-09-16T23:33:21] [INFO] [38/385] rec_audio_call_425730841_audio_1788903925979.mp3
[2026-09-16T23:34:12] [INFO] [39/385] rec_audio_call_425744236_audio_1788906883727.mp3
[2026-09-16T23:46:00] [INFO] [40/385] rec_audio_call_426409268_audio_1788973959169.mp3
[2026-09-16T23:47:53] [INFO] [41/385] rec_default_424880310_audio_1788836667926.mp3
[2026-09-16T23:58:46] [INFO] [42/385] rec_default_425134890_audio_1788857770816.mp3
[2026-09-17T00:05:28] [INFO] [43/385] rec_default_425141339_audio_1788858189163.mp3
[2026-09-17T00:15:40] [INFO] [44/385] rec_audio_call_424610503_audio_1788803501320.mp3
[2026-09-17T00:17:26] [INFO] [45/385] rec_audio_call_424798751_audio_1788818609448.mp3
[2026-09-17T00:21:27] [INFO] [46/385] rec_audio_call_425147890_audio_1788858642964.mp3
[2026-09-17T00:23:05] [INFO] [47/385] rec_audio_call_425713085_audio_1788901236624.mp3
[2026-09-17T00:24:38] [INFO] [48/385] rec_audio_call_419508797_audio_1788334367395.mp3
[2026-09-17T00:25:36] [INFO] [49/385] rec_audio_call_421677953_audio_1788530753328.mp3
[2026-09-17T00:26:40] [INFO] [50/385] rec_audio_call_423351802_audio_1788689747483.mp3
[2026-09-17T00:28:31] [INFO] [51/385] rec_audio_call_423591955_audio_1788711572217.mp3
[2026-09-17T00:30:55] [INFO] [52/385] rec_audio_call_423629370_audio_1788714233340.mp3
[2026-09-17T00:51:00] [INFO] [53/385] rec_audio_call_426565546_audio_1788982388939.mp3
[2026-09-17T00:51:25] [INFO] [54/385] rec_default_419887388_audio_1788364981482.mp3
[2026-09-17T00:55:57] [INFO] [55/385] rec_default_421661435_audio_1788529081993.mp3
[2026-09-17T00:57:25] [INFO] [56/385] rec_default_421956667_audio_1788550846403.mp3
[2026-09-17T00:58:50] [INFO] [57/385] rec_default_423887482_audio_1788735128862.mp3
[2026-09-17T01:05:00] [INFO] [58/385] rec_default_424793843_audio_1788817690775.mp3
[2026-09-17T01:08:41] [INFO] [59/385] rec_default_425627452_audio_1788894258639.mp3
[2026-09-17T01:09:34] [INFO] [60/385] rec_audio_call_426099993_audio_1788947488901.mp3
[2026-09-17T01:15:28] [INFO] [61/385] rec_audio_call_426101059_audio_1788947560284.mp3
[2026-09-17T01:24:42] [INFO] [62/385] rec_audio_call_426107984_audio_1788948053829.mp3
[2026-09-17T01:25:37] [INFO] [63/385] rec_audio_call_426107995_audio_1788948050780.mp3
[2026-09-17T01:27:08] [INFO] [64/385] rec_audio_call_426108129_audio_1788948057694.mp3
[2026-09-17T01:28:33] [INFO] [65/385] rec_audio_call_426119888_audio_1788948897495.mp3
[2026-09-17T01:28:52] [INFO] [66/385] rec_audio_call_426127774_audio_1788949477698.mp3
[2026-09-17T01:32:30] [INFO] [67/385] rec_audio_call_426194933_audio_1788954682604.mp3
[2026-09-17T01:38:23] [INFO] [68/385] rec_audio_call_426195125_audio_1788954700286.mp3
[2026-09-17T01:42:43] [INFO] [69/385] rec_audio_call_426201717_audio_1788955277234.mp3
[2026-09-17T01:43:51] [INFO] [70/385] rec_audio_call_426201848_audio_1788955284435.mp3
[2026-09-17T01:47:11] [INFO] [71/385] rec_audio_call_426202468_audio_1788955343920.mp3
[2026-09-17T01:49:33] [INFO] [72/385] rec_audio_call_426202822_audio_1788955375114.mp3
[2026-09-17T01:52:48] [INFO] [73/385] rec_audio_call_426202958_audio_1788955393853.mp3
[2026-09-17T01:55:19] [INFO] [74/385] rec_audio_call_426203219_audio_1788955405537.mp3
[2026-09-17T01:56:06] [INFO] [75/385] rec_audio_call_426203802_audio_1788955464104.mp3
[2026-09-17T02:01:46] [INFO] [76/385] rec_audio_call_426204124_audio_1788955491095.mp3
[2026-09-17T02:05:15] [INFO] [77/385] rec_audio_call_426204404_audio_1788955515816.mp3
[2026-09-17T02:07:10] [INFO] [78/385] rec_audio_call_426204463_audio_1788955521517.mp3
[2026-09-17T02:12:13] [INFO] [79/385] rec_audio_call_426847860_audio_1789020585952.mp3
[2026-09-17T02:13:49] [INFO] [80/385] rec_audio_call_426848290_audio_1789020619592.mp3
[2026-09-17T02:15:32] [INFO] [81/385] rec_audio_call_426848321_audio_1789020622237.mp3
[2026-09-17T02:17:45] [INFO] [82/385] rec_audio_call_426848355_audio_1789020625114.mp3
[2026-09-17T02:19:12] [INFO] [83/385] rec_audio_call_426848440_audio_1789020630279.mp3
[2026-09-17T02:20:07] [INFO] [84/385] rec_audio_call_426848640_audio_1789020645122.mp3
[2026-09-17T02:22:08] [INFO] [85/385] rec_audio_call_426848943_audio_1789020668404.mp3
[2026-09-17T02:24:29] [INFO] [86/385] rec_audio_call_426849624_audio_1789020718433.mp3
[2026-09-17T02:27:53] [INFO] [87/385] rec_audio_call_426849843_audio_1789020732404.mp3
[2026-09-17T02:41:40] [INFO] [88/385] rec_audio_call_426850383_audio_1789020772255.mp3
[2026-09-17T02:42:26] [INFO] [89/385] rec_audio_call_426851323_audio_1789020846081.mp3
[2026-09-17T02:44:02] [INFO] [90/385] rec_audio_call_426851772_audio_1789020879921.mp3
[2026-09-17T02:47:53] [INFO] [91/385] rec_audio_call_426851856_audio_1789020892000.mp3
[2026-09-17T02:52:10] [INFO] [92/385] rec_audio_call_426854007_audio_1789021052086.mp3
[2026-09-17T02:53:40] [INFO] [93/385] rec_audio_call_426854157_audio_1789021067058.mp3
[2026-09-17T02:55:18] [INFO] [94/385] rec_audio_call_426883755_audio_1789023272654.mp3
[2026-09-17T02:55:44] [INFO] [95/385] rec_audio_call_427029817_audio_1789033741551.mp3
[2026-09-17T02:56:37] [INFO] [96/385] rec_audio_call_427302258_audio_1789057958698.mp3
[2026-09-17T02:57:14] [INFO] [97/385] rec_audio_call_427307060_audio_1789058304926.mp3
[2026-09-17T02:57:55] [INFO] [98/385] rec_audio_call_427311569_audio_1789058616356.mp3
[2026-09-17T02:58:43] [INFO] [99/385] rec_audio_call_427314953_audio_1789058839016.mp3
[2026-09-17T02:59:34] [INFO] [100/385] rec_default_426100823_audio_1788947551748.mp3
[2026-09-17T03:00:29] [INFO] [101/385] rec_default_426107316_audio_1788948009635.mp3
[2026-09-17T03:01:13] [INFO] [102/385] rec_default_426107744_audio_1788948040810.mp3
[2026-09-17T03:05:38] [INFO] [103/385] rec_default_426108828_audio_1788948111282.mp3
[2026-09-17T03:07:43] [INFO] [104/385] rec_default_426126463_audio_1788949378147.mp3
[2026-09-17T03:08:04] [INFO] [105/385] rec_default_426126833_audio_1788949400904.mp3
[2026-09-17T03:09:08] [INFO] [106/385] rec_default_426127716_audio_1788949472727.mp3
[2026-09-17T03:11:55] [INFO] [107/385] rec_default_426194323_audio_1788954640272.mp3
[2026-09-17T03:12:38] [INFO] [108/385] rec_default_426195344_audio_1788954727902.mp3
[2026-09-17T03:13:41] [INFO] [109/385] rec_default_426202313_audio_1788955333217.mp3
[2026-09-17T03:14:25] [INFO] [110/385] rec_default_426204264_audio_1788955509025.mp3
[2026-09-17T03:15:20] [INFO] [111/385] rec_default_426204318_audio_1788955517179.mp3
[2026-09-17T03:16:55] [INFO] [112/385] rec_default_426848660_audio_1789020643588.mp3
[2026-09-17T03:24:05] [INFO] [113/385] rec_default_426851955_audio_1789020893146.mp3
[2026-09-17T03:24:47] [INFO] [114/385] rec_default_426853539_audio_1789021025445.mp3
[2026-09-17T03:25:43] [INFO] [115/385] rec_default_427012373_audio_1789032615035.mp3
[2026-09-17T03:27:07] [INFO] [116/385] rec_default_427038720_audio_1789034321734.mp3
[2026-09-17T03:27:31] [INFO] [117/385] rec_default_427305556_audio_1789058198302.mp3
[2026-09-17T03:29:12] [INFO] [118/385] rec_audio_call_426576577_audio_1788983168675.mp3
[2026-09-17T03:52:19] [INFO] [119/385] rec_audio_call_426580380_audio_1788983454564.mp3
[2026-09-17T03:54:49] [INFO] [120/385] rec_audio_call_426601291_audio_1788985175536.mp3
[2026-09-17T03:55:50] [INFO] [121/385] rec_default_426573210_audio_1788982914417.mp3
[2026-09-17T04:01:24] [INFO] [122/385] rec_default_426597928_audio_1788984899162.mp3
[2026-09-17T04:10:37] [WARN] chunk@308.0s: model returned non-MM:SS timestamp '0:00-0:05' for category 'PlatformMove' — using it as-is, NOT offset-corrected to file-relative time.
[2026-09-17T04:10:37] [WARN] chunk@308.0s: model returned non-MM:SS timestamp '0:00-0:05' for category 'PlatformMove' — using it as-is, NOT offset-corrected to file-relative time.
[2026-09-17T04:14:56] [INFO] [123/385] rec_default_426662883_audio_1788994670065.mp3
[2026-09-17T04:21:05] [INFO] [124/385] rec_audio_call_426604675_audio_1788985474412.mp3
[2026-09-17T04:23:54] [INFO] [125/385] rec_audio_call_426613454_audio_1788986291945.mp3
[2026-09-17T04:27:23] [INFO] [126/385] rec_default_426634262_audio_1788988662985.mp3
[2026-09-17T04:28:45] [INFO] [127/385] rec_default_426647598_audio_1788990955665.mp3
[2026-09-17T04:37:21] [INFO] [128/385] rec_audio_call_421223616_audio_1788491953131.mp3
[2026-09-17T04:39:18] [INFO] [129/385] rec_audio_call_421566156_audio_1788520297969.mp3
[2026-09-17T04:40:36] [INFO] [130/385] rec_audio_call_423645324_audio_1788715186440.mp3
[2026-09-17T04:44:09] [INFO] [131/385] rec_audio_call_424378148_audio_1788784557326.mp3
[2026-09-17T04:47:03] [INFO] [132/385] rec_audio_call_424416192_audio_1788788125311.mp3
[2026-09-17T04:51:45] [INFO] [133/385] rec_audio_call_425918552_audio_1788933686610.mp3
[2026-09-17T04:55:51] [INFO] [134/385] rec_default_425656790_audio_1788896051031.mp3
[2026-09-17T05:00:08] [WARN] rec_default_425656790_audio_1788896051031.mp3 chunk@56.0s took 190s (normal is ~10-90s) — likely system memory pressure (check for other concurrent model processes), not a bug in this chunk.
[2026-09-17T05:00:08] [WARN] chunk classification JSON parse failed: Expecting value: line 1 column 1 (char 0)
[2026-09-17T05:00:08] [INFO] [135/385] rec_audio_call_420847903_audio_1788453013104.mp3
[2026-09-17T05:21:57] [INFO] [136/385] rec_audio_call_424557037_audio_1788800497337.mp3
[2026-09-17T05:25:49] [INFO] [137/385] rec_audio_call_424970880_audio_1788845652480.mp3
[2026-09-17T05:27:01] [INFO] [138/385] rec_audio_call_425207957_audio_1788862678382.mp3
[2026-09-17T05:34:35] [INFO] [139/385] rec_audio_call_426372327_audio_1788971567973.mp3
[2026-09-17T05:37:02] [INFO] [140/385] rec_default_423104500_audio_1788669374178.mp3
[2026-09-17T05:42:38] [INFO] [141/385] rec_default_423163427_audio_1788674918154.mp3
[2026-09-17T05:43:49] [INFO] [142/385] rec_default_426023290_audio_1788941856621.mp3
[2026-09-17T05:44:58] [INFO] [143/385] rec_audio_call_426570103_audio_1788982695863.mp3
[2026-09-17T06:09:18] [INFO] [144/385] rec_audio_call_426580224_audio_1788983439239.mp3
[2026-09-17T06:10:57] [INFO] [145/385] rec_audio_call_426626261_audio_1788987652206.mp3
[2026-09-17T06:15:55] [INFO] [146/385] rec_audio_call_426634717_audio_1788988729707.mp3
[2026-09-17T06:19:34] [INFO] [147/385] rec_default_426593601_audio_1788984536403.mp3
[2026-09-17T06:23:00] [INFO] [148/385] rec_default_426620137_audio_1788986984372.mp3
[2026-09-17T06:27:37] [INFO] [149/385] rec_default_426633368_audio_1788988531170.mp3
[2026-09-17T06:30:51] [INFO] [150/385] rec_audio_call_426416419_audio_1788974369340.mp3
[2026-09-17T06:33:18] [INFO] [151/385] rec_audio_call_426613454_audio_1788986291945.mp3
[2026-09-17T06:36:48] [INFO] [152/385] rec_audio_call_420358272_audio_1788412834216.mp3
[2026-09-17T06:41:36] [INFO] [153/385] rec_audio_call_420511856_audio_1788424457087.mp3
[2026-09-17T06:45:45] [INFO] [154/385] rec_audio_call_420632008_audio_1788432977108.mp3
[2026-09-17T06:56:51] [INFO] [155/385] rec_audio_call_425129217_audio_1788857364836.mp3
[2026-09-17T07:07:44] [INFO] [156/385] rec_audio_call_426104039_audio_1788947773748.mp3
[2026-09-17T07:12:17] [INFO] [157/385] rec_default_421372353_audio_1788505796052.mp3
[2026-09-17T07:27:19] [INFO] [158/385] rec_default_421961206_audio_1788551169146.mp3
[2026-09-17T07:30:30] [INFO] [159/385] rec_default_424950341_audio_1788843964859.mp3
[2026-09-17T07:33:59] [INFO] [160/385] rec_default_425392837_audio_1788878842788.mp3
[2026-09-17T07:35:20] [INFO] [161/385] rec_default_426076857_audio_1788945867967.mp3
[2026-09-17T07:44:16] [INFO] [162/385] rec_audio_call_427301394_audio_1789057897529.mp3
[2026-09-17T07:44:56] [INFO] [163/385] rec_audio_call_427304995_audio_1789058153813.mp3
[2026-09-17T07:46:53] [INFO] [164/385] rec_audio_call_427305229_audio_1789058170052.mp3
[2026-09-17T07:49:00] [INFO] [165/385] rec_audio_call_427305426_audio_1789058184851.mp3
[2026-09-17T07:49:20] [INFO] [166/385] rec_audio_call_427305578_audio_1789058200155.mp3
[2026-09-17T07:49:57] [INFO] [167/385] rec_audio_call_427305579_audio_1789058197575.mp3
[2026-09-17T07:50:15] [INFO] [168/385] rec_audio_call_427309343_audio_1789058465241.mp3
[2026-09-17T07:51:11] [INFO] [169/385] rec_audio_call_427310164_audio_1789058518972.mp3
[2026-09-17T07:51:38] [INFO] [170/385] rec_audio_call_427312372_audio_1789058676733.mp3
[2026-09-17T07:58:43] [INFO] [171/385] rec_audio_call_427313310_audio_1789058737356.mp3
[2026-09-17T08:09:15] [INFO] [172/385] rec_audio_call_427313337_audio_1789058738019.mp3
[2026-09-17T08:10:02] [INFO] [173/385] rec_audio_call_427315026_audio_1789058843014.mp3
[2026-09-17T08:11:30] [INFO] [174/385] rec_audio_call_427316125_audio_1789058922687.mp3
[2026-09-17T08:12:51] [INFO] [175/385] rec_audio_call_427316431_audio_1789058946312.mp3
[2026-09-17T08:15:03] [INFO] [176/385] rec_default_427302623_audio_1789057989394.mp3
[2026-09-17T08:15:52] [INFO] [177/385] rec_default_427303915_audio_1789058082453.mp3
[2026-09-17T08:17:27] [INFO] [178/385] rec_default_427307746_audio_1789058356862.mp3
[2026-09-17T08:20:22] [INFO] [179/385] rec_default_427308167_audio_1789058388570.mp3
[2026-09-17T08:28:03] [INFO] [180/385] rec_default_427310161_audio_1789058524351.mp3
[2026-09-17T08:31:13] [WARN] rec_default_427310161_audio_1789058524351.mp3 chunk@0.0s took 189s (normal is ~10-90s) — likely system memory pressure (check for other concurrent model processes), not a bug in this chunk.
[2026-09-17T08:31:13] [WARN] chunk classification JSON parse failed: Expecting value: line 1 column 1 (char 0)
[2026-09-17T08:31:13] [INFO] [181/385] rec_default_427312501_audio_1789058683465.mp3
[2026-09-17T08:31:43] [INFO] [182/385] rec_default_427313073_audio_1789058722144.mp3
[2026-09-17T08:33:58] [INFO] [183/385] rec_default_427314573_audio_1789058813038.mp3
[2026-09-17T08:36:44] [INFO] [184/385] rec_audio_call_426641897_audio_1788989870691.mp3
[2026-09-17T08:39:45] [INFO] [185/385] rec_audio_call_426641906_audio_1788989875034.mp3
[2026-09-24T07:51:22] [INFO] Loading google/gemma-4-E4B-it (thinking=True)...
[2026-09-24T07:53:43] [INFO] Loading google/gemma-4-E4B-it (thinking=True)...
[2026-09-24T07:54:27] [INFO] Model loaded.
[2026-09-24T07:54:27] [INFO] Skipping 0 already-done file(s)
[2026-09-24T07:54:27] [INFO] [1/50] rec_audio_call_421768524_audio_1788539479106.mp3
[2026-09-24T11:27:33] [INFO] Loading google/gemma-4-E4B-it (thinking=True)...
[2026-09-24T11:29:34] [INFO] Loading google/gemma-4-E4B-it (thinking=True)...
[2026-09-24T11:31:53] [INFO] Loading google/gemma-4-E4B-it (thinking=True)...
[2026-09-24T11:32:48] [INFO] Model loaded.
[2026-09-24T11:32:48] [INFO] Skipping 0 already-done file(s)
[2026-09-24T11:32:48] [INFO] [1/50] rec_audio_call_421768524_audio_1788539479106.mp3
[2026-09-24T14:28:24] [INFO] Loading google/gemma-4-E4B-it (thinking=True)...
[2026-09-24T14:28:31] [INFO] Model loaded.
[2026-09-24T14:28:31] [INFO] [1/50] rec_audio_call_421768524_audio_1788539479106.mp3
[2026-09-24T14:29:04] [INFO] [2/50] rec_default_420147298_audio_1788380486702.mp3
[2026-09-24T14:35:41] [INFO] [3/50] rec_audio_call_425933838_audio_1788934868635.mp3
[2026-09-24T14:42:10] [INFO] [4/50] rec_default_425778316_audio_1788916552817.mp3
[2026-09-24T14:43:39] [INFO] [5/50] rec_audio_call_423351802_audio_1788689747483.mp3
[2026-09-24T14:45:42] [INFO] [6/50] rec_audio_call_423591955_audio_1788711572217.mp3
[2026-09-24T14:47:20] [INFO] [7/50] rec_audio_call_426101059_audio_1788947560284.mp3
[2026-09-24T14:56:40] [INFO] [8/50] rec_audio_call_426108129_audio_1788948057694.mp3
[2026-09-24T14:57:47] [INFO] [9/50] rec_audio_call_426194933_audio_1788954682604.mp3
[2026-09-24T15:03:28] [INFO] [10/50] rec_audio_call_426851772_audio_1789020879921.mp3
[2026-09-24T15:07:36] [INFO] [11/50] rec_default_426634262_audio_1788988662985.mp3
[2026-09-24T15:08:49] [INFO] [12/50] rec_audio_call_424416192_audio_1788788125311.mp3
[2026-09-24T15:13:14] [INFO] [13/50] rec_default_426593601_audio_1788984536403.mp3
[2026-09-24T15:17:39] [INFO] [14/50] rec_default_426620137_audio_1788986984372.mp3
[2026-09-24T15:22:18] [INFO] [15/50] rec_default_426633368_audio_1788988531170.mp3
[2026-09-24T15:25:13] [INFO] [16/50] rec_audio_call_426416419_audio_1788974369340.mp3
[2026-09-24T15:28:38] [INFO] [17/50] rec_audio_call_420511856_audio_1788424457087.mp3
[2026-09-24T15:32:22] [INFO] [18/50] rec_audio_call_427305578_audio_1789058200155.mp3
[2026-09-24T15:32:56] [INFO] [19/50] rec_default_427308167_audio_1789058388570.mp3
[2026-09-24T15:41:01] [INFO] [20/50] rec_default_427314573_audio_1789058813038.mp3
[2026-09-24T15:43:21] [INFO] [21/50] rec_default_426645015_audio_1788990433927.mp3
[2026-09-24T15:49:55] [INFO] [22/50] rec_audio_call_425877181_audio_1788930106387.mp3
[2026-09-24T15:51:41] [INFO] [23/50] rec_audio_call_426035272_audio_1788942782972.mp3
[2026-09-24T15:53:28] [INFO] [24/50] rec_default_426534420_audio_1788980458455.mp3
[2026-09-24T15:54:40] [INFO] [25/50] rec_default_425912424_audio_1788933213081.mp3
[2026-09-24T15:59:51] [INFO] [26/50] rec_audio_call_427306773_audio_1789058284652.mp3
[2026-09-24T16:00:44] [INFO] [27/50] rec_audio_call_427306864_audio_1789058288911.mp3
[2026-09-24T16:03:10] [INFO] [28/50] rec_default_427305885_audio_1789058218067.mp3
[2026-09-24T16:06:20] [INFO] [29/50] rec_default_427307149_audio_1789058314884.mp3
[2026-09-24T16:09:36] [INFO] [30/50] rec_default_427307153_audio_1789058314255.mp3
[2026-09-24T18:26:37] [INFO] Loading google/gemma-4-E4B-it (thinking=True)...
[2026-09-24T18:27:52] [INFO] Loading google/gemma-4-E4B-it (thinking=True)...
[2026-09-24T18:28:24] [INFO] Model loaded.
[2026-09-24T18:28:24] [INFO] [1/50] rec_audio_call_421768524_audio_1788539479106.mp3
[2026-09-24T18:28:50] [INFO] Loading google/gemma-4-E4B-it (thinking=True)...
[2026-09-24T18:29:06] [INFO] Model loaded.
[2026-09-24T18:29:06] [INFO] [1/50] rec_audio_call_421768524_audio_1788539479106.mp3
[2026-09-24T18:29:06] [ERROR] rec_audio_call_421768524_audio_1788539479106.mp3 chunk@0.0s failed: Prompt file not found: /workspace/os_moderation/prompt_v5.py
This pipeline never hardcodes policy/classification text — supply this file before running this stage.
Traceback (most recent call last):
  File "/workspace/os_moderation/gemma_local.py", line 633, in process_file
    answer_text, thinking_text, raw_response, token_infos = classify_chunk(model, processor, chunk_path, thinking, logger)
                                                            ^^^^^^^^^^^^^^^^^^^^^^^^^^^^^^^^^^^^^^^^^^^^^^^^^^^^^^^^^^^^^^
  File "/workspace/os_moderation/gemma_local.py", line 330, in classify_chunk
    prompt_text = prompt_loader.render_prompt(PROMPT_PATH, json_schema_str=RAW_SCHEMA_STR)
                  ^^^^^^^^^^^^^^^^^^^^^^^^^^^^^^^^^^^^^^^^^^^^^^^^^^^^^^^^^^^^^^^^^^^^^^^^
  File "/workspace/os_moderation/prompt_loader.py", line 80, in render_prompt
    text = load_raw_prompt(path)
           ^^^^^^^^^^^^^^^^^^^^^
  File "/workspace/os_moderation/prompt_loader.py", line 62, in load_raw_prompt
    raise FileNotFoundError(
FileNotFoundError: Prompt file not found: /workspace/os_moderation/prompt_v5.py
This pipeline never hardcodes policy/classification text — supply this file before running this stage.

[2026-09-24T18:29:06] [INFO] [2/50] rec_default_420147298_audio_1788380486702.mp3
[2026-09-24T18:29:08] [ERROR] rec_default_420147298_audio_1788380486702.mp3 chunk@0.0s failed: Prompt file not found: /workspace/os_moderation/prompt_v5.py
This pipeline never hardcodes policy/classification text — supply this file before running this stage.
Traceback (most recent call last):
  File "/workspace/os_moderation/gemma_local.py", line 633, in process_file
    answer_text, thinking_text, raw_response, token_infos = classify_chunk(model, processor, chunk_path, thinking, logger)
                                                            ^^^^^^^^^^^^^^^^^^^^^^^^^^^^^^^^^^^^^^^^^^^^^^^^^^^^^^^^^^^^^^
  File "/workspace/os_moderation/gemma_local.py", line 330, in classify_chunk
    prompt_text = prompt_loader.render_prompt(PROMPT_PATH, json_schema_str=RAW_SCHEMA_STR)
                  ^^^^^^^^^^^^^^^^^^^^^^^^^^^^^^^^^^^^^^^^^^^^^^^^^^^^^^^^^^^^^^^^^^^^^^^^
  File "/workspace/os_moderation/prompt_loader.py", line 80, in render_prompt
    text = load_raw_prompt(path)
           ^^^^^^^^^^^^^^^^^^^^^
  File "/workspace/os_moderation/prompt_loader.py", line 62, in load_raw_prompt
    raise FileNotFoundError(
FileNotFoundError: Prompt file not found: /workspace/os_moderation/prompt_v5.py
This pipeline never hardcodes policy/classification text — supply this file before running this stage.

[2026-09-24T18:29:08] [ERROR] rec_default_420147298_audio_1788380486702.mp3 chunk@28.0s failed: Prompt file not found: /workspace/os_moderation/prompt_v5.py
This pipeline never hardcodes policy/classification text — supply this file before running this stage.
Traceback (most recent call last):
  File "/workspace/os_moderation/gemma_local.py", line 633, in process_file
    answer_text, thinking_text, raw_response, token_infos = classify_chunk(model, processor, chunk_path, thinking, logger)
                                                            ^^^^^^^^^^^^^^^^^^^^^^^^^^^^^^^^^^^^^^^^^^^^^^^^^^^^^^^^^^^^^^
  File "/workspace/os_moderation/gemma_local.py", line 330, in classify_chunk
    prompt_text = prompt_loader.render_prompt(PROMPT_PATH, json_schema_str=RAW_SCHEMA_STR)
                  ^^^^^^^^^^^^^^^^^^^^^^^^^^^^^^^^^^^^^^^^^^^^^^^^^^^^^^^^^^^^^^^^^^^^^^^^
  File "/workspace/os_moderation/prompt_loader.py", line 80, in render_prompt
    text = load_raw_prompt(path)
           ^^^^^^^^^^^^^^^^^^^^^
  File "/workspace/os_moderation/prompt_loader.py", line 62, in load_raw_prompt
    raise FileNotFoundError(
FileNotFoundError: Prompt file not found: /workspace/os_moderation/prompt_v5.py
This pipeline never hardcodes policy/classification text — supply this file before running this stage.

[2026-09-24T18:29:08] [ERROR] rec_default_420147298_audio_1788380486702.mp3 chunk@56.0s failed: Prompt file not found: /workspace/os_moderation/prompt_v5.py
This pipeline never hardcodes policy/classification text — supply this file before running this stage.
Traceback (most recent call last):
  File "/workspace/os_moderation/gemma_local.py", line 633, in process_file
    answer_text, thinking_text, raw_response, token_infos = classify_chunk(model, processor, chunk_path, thinking, logger)
                                                            ^^^^^^^^^^^^^^^^^^^^^^^^^^^^^^^^^^^^^^^^^^^^^^^^^^^^^^^^^^^^^^
  File "/workspace/os_moderation/gemma_local.py", line 330, in classify_chunk
    prompt_text = prompt_loader.render_prompt(PROMPT_PATH, json_schema_str=RAW_SCHEMA_STR)
                  ^^^^^^^^^^^^^^^^^^^^^^^^^^^^^^^^^^^^^^^^^^^^^^^^^^^^^^^^^^^^^^^^^^^^^^^^
  File "/workspace/os_moderation/prompt_loader.py", line 80, in render_prompt
    text = load_raw_prompt(path)
           ^^^^^^^^^^^^^^^^^^^^^
  File "/workspace/os_moderation/prompt_loader.py", line 62, in load_raw_prompt
    raise FileNotFoundError(
FileNotFoundError: Prompt file not found: /workspace/os_moderation/prompt_v5.py
This pipeline never hardcodes policy/classification text — supply this file before running this stage.

[2026-09-24T18:29:08] [ERROR] rec_default_420147298_audio_1788380486702.mp3 chunk@84.0s failed: Prompt file not found: /workspace/os_moderation/prompt_v5.py
This pipeline never hardcodes policy/classification text — supply this file before running this stage.
Traceback (most recent call last):
  File "/workspace/os_moderation/gemma_local.py", line 633, in process_file
    answer_text, thinking_text, raw_response, token_infos = classify_chunk(model, processor, chunk_path, thinking, logger)
                                                            ^^^^^^^^^^^^^^^^^^^^^^^^^^^^^^^^^^^^^^^^^^^^^^^^^^^^^^^^^^^^^^
  File "/workspace/os_moderation/gemma_local.py", line 330, in classify_chunk
    prompt_text = prompt_loader.render_prompt(PROMPT_PATH, json_schema_str=RAW_SCHEMA_STR)
                  ^^^^^^^^^^^^^^^^^^^^^^^^^^^^^^^^^^^^^^^^^^^^^^^^^^^^^^^^^^^^^^^^^^^^^^^^
  File "/workspace/os_moderation/prompt_loader.py", line 80, in render_prompt
    text = load_raw_prompt(path)
           ^^^^^^^^^^^^^^^^^^^^^
  File "/workspace/os_moderation/prompt_loader.py", line 62, in load_raw_prompt
    raise FileNotFoundError(
FileNotFoundError: Prompt file not found: /workspace/os_moderation/prompt_v5.py
This pipeline never hardcodes policy/classification text — supply this file before running this stage.

[2026-09-24T18:29:08] [ERROR] rec_default_420147298_audio_1788380486702.mp3 chunk@112.0s failed: Prompt file not found: /workspace/os_moderation/prompt_v5.py
This pipeline never hardcodes policy/classification text — supply this file before running this stage.
Traceback (most recent call last):
  File "/workspace/os_moderation/gemma_local.py", line 633, in process_file
    answer_text, thinking_text, raw_response, token_infos = classify_chunk(model, processor, chunk_path, thinking, logger)
                                                            ^^^^^^^^^^^^^^^^^^^^^^^^^^^^^^^^^^^^^^^^^^^^^^^^^^^^^^^^^^^^^^
  File "/workspace/os_moderation/gemma_local.py", line 330, in classify_chunk
    prompt_text = prompt_loader.render_prompt(PROMPT_PATH, json_schema_str=RAW_SCHEMA_STR)
                  ^^^^^^^^^^^^^^^^^^^^^^^^^^^^^^^^^^^^^^^^^^^^^^^^^^^^^^^^^^^^^^^^^^^^^^^^
  File "/workspace/os_moderation/prompt_loader.py", line 80, in render_prompt
    text = load_raw_prompt(path)
           ^^^^^^^^^^^^^^^^^^^^^
  File "/workspace/os_moderation/prompt_loader.py", line 62, in load_raw_prompt
    raise FileNotFoundError(
FileNotFoundError: Prompt file not found: /workspace/os_moderation/prompt_v5.py
This pipeline never hardcodes policy/classification text — supply this file before running this stage.

[2026-09-24T18:29:08] [ERROR] rec_default_420147298_audio_1788380486702.mp3 chunk@140.0s failed: Prompt file not found: /workspace/os_moderation/prompt_v5.py
This pipeline never hardcodes policy/classification text — supply this file before running this stage.
Traceback (most recent call last):
  File "/workspace/os_moderation/gemma_local.py", line 633, in process_file
    answer_text, thinking_text, raw_response, token_infos = classify_chunk(model, processor, chunk_path, thinking, logger)
                                                            ^^^^^^^^^^^^^^^^^^^^^^^^^^^^^^^^^^^^^^^^^^^^^^^^^^^^^^^^^^^^^^
  File "/workspace/os_moderation/gemma_local.py", line 330, in classify_chunk
    prompt_text = prompt_loader.render_prompt(PROMPT_PATH, json_schema_str=RAW_SCHEMA_STR)
                  ^^^^^^^^^^^^^^^^^^^^^^^^^^^^^^^^^^^^^^^^^^^^^^^^^^^^^^^^^^^^^^^^^^^^^^^^
  File "/workspace/os_moderation/prompt_loader.py", line 80, in render_prompt
    text = load_raw_prompt(path)
           ^^^^^^^^^^^^^^^^^^^^^
  File "/workspace/os_moderation/prompt_loader.py", line 62, in load_raw_prompt
    raise FileNotFoundError(
FileNotFoundError: Prompt file not found: /workspace/os_moderation/prompt_v5.py
This pipeline never hardcodes policy/classification text — supply this file before running this stage.

[2026-09-24T18:29:08] [ERROR] rec_default_420147298_audio_1788380486702.mp3 chunk@168.0s failed: Prompt file not found: /workspace/os_moderation/prompt_v5.py
This pipeline never hardcodes policy/classification text — supply this file before running this stage.
Traceback (most recent call last):
  File "/workspace/os_moderation/gemma_local.py", line 633, in process_file
    answer_text, thinking_text, raw_response, token_infos = classify_chunk(model, processor, chunk_path, thinking, logger)
                                                            ^^^^^^^^^^^^^^^^^^^^^^^^^^^^^^^^^^^^^^^^^^^^^^^^^^^^^^^^^^^^^^
  File "/workspace/os_moderation/gemma_local.py", line 330, in classify_chunk
    prompt_text = prompt_loader.render_prompt(PROMPT_PATH, json_schema_str=RAW_SCHEMA_STR)
                  ^^^^^^^^^^^^^^^^^^^^^^^^^^^^^^^^^^^^^^^^^^^^^^^^^^^^^^^^^^^^^^^^^^^^^^^^
  File "/workspace/os_moderation/prompt_loader.py", line 80, in render_prompt
    text = load_raw_prompt(path)
           ^^^^^^^^^^^^^^^^^^^^^
  File "/workspace/os_moderation/prompt_loader.py", line 62, in load_raw_prompt
    raise FileNotFoundError(
FileNotFoundError: Prompt file not found: /workspace/os_moderation/prompt_v5.py
This pipeline never hardcodes policy/classification text — supply this file before running this stage.

[2026-09-24T18:29:08] [ERROR] rec_default_420147298_audio_1788380486702.mp3 chunk@196.0s failed: Prompt file not found: /workspace/os_moderation/prompt_v5.py
This pipeline never hardcodes policy/classification text — supply this file before running this stage.
Traceback (most recent call last):
  File "/workspace/os_moderation/gemma_local.py", line 633, in process_file
    answer_text, thinking_text, raw_response, token_infos = classify_chunk(model, processor, chunk_path, thinking, logger)
                                                            ^^^^^^^^^^^^^^^^^^^^^^^^^^^^^^^^^^^^^^^^^^^^^^^^^^^^^^^^^^^^^^
  File "/workspace/os_moderation/gemma_local.py", line 330, in classify_chunk
    prompt_text = prompt_loader.render_prompt(PROMPT_PATH, json_schema_str=RAW_SCHEMA_STR)
                  ^^^^^^^^^^^^^^^^^^^^^^^^^^^^^^^^^^^^^^^^^^^^^^^^^^^^^^^^^^^^^^^^^^^^^^^^
  File "/workspace/os_moderation/prompt_loader.py", line 80, in render_prompt
    text = load_raw_prompt(path)
           ^^^^^^^^^^^^^^^^^^^^^
  File "/workspace/os_moderation/prompt_loader.py", line 62, in load_raw_prompt
    raise FileNotFoundError(
FileNotFoundError: Prompt file not found: /workspace/os_moderation/prompt_v5.py
This pipeline never hardcodes policy/classification text — supply this file before running this stage.

[2026-09-24T18:29:08] [ERROR] rec_default_420147298_audio_1788380486702.mp3 chunk@224.0s failed: Prompt file not found: /workspace/os_moderation/prompt_v5.py
This pipeline never hardcodes policy/classification text — supply this file before running this stage.
Traceback (most recent call last):
  File "/workspace/os_moderation/gemma_local.py", line 633, in process_file
    answer_text, thinking_text, raw_response, token_infos = classify_chunk(model, processor, chunk_path, thinking, logger)
                                                            ^^^^^^^^^^^^^^^^^^^^^^^^^^^^^^^^^^^^^^^^^^^^^^^^^^^^^^^^^^^^^^
  File "/workspace/os_moderation/gemma_local.py", line 330, in classify_chunk
    prompt_text = prompt_loader.render_prompt(PROMPT_PATH, json_schema_str=RAW_SCHEMA_STR)
                  ^^^^^^^^^^^^^^^^^^^^^^^^^^^^^^^^^^^^^^^^^^^^^^^^^^^^^^^^^^^^^^^^^^^^^^^^
  File "/workspace/os_moderation/prompt_loader.py", line 80, in render_prompt
    text = load_raw_prompt(path)
           ^^^^^^^^^^^^^^^^^^^^^
  File "/workspace/os_moderation/prompt_loader.py", line 62, in load_raw_prompt
    raise FileNotFoundError(
FileNotFoundError: Prompt file not found: /workspace/os_moderation/prompt_v5.py
This pipeline never hardcodes policy/classification text — supply this file before running this stage.

[2026-09-24T18:29:08] [ERROR] rec_default_420147298_audio_1788380486702.mp3 chunk@252.0s failed: Prompt file not found: /workspace/os_moderation/prompt_v5.py
This pipeline never hardcodes policy/classification text — supply this file before running this stage.
Traceback (most recent call last):
  File "/workspace/os_moderation/gemma_local.py", line 633, in process_file
    answer_text, thinking_text, raw_response, token_infos = classify_chunk(model, processor, chunk_path, thinking, logger)
                                                            ^^^^^^^^^^^^^^^^^^^^^^^^^^^^^^^^^^^^^^^^^^^^^^^^^^^^^^^^^^^^^^
  File "/workspace/os_moderation/gemma_local.py", line 330, in classify_chunk
    prompt_text = prompt_loader.render_prompt(PROMPT_PATH, json_schema_str=RAW_SCHEMA_STR)
                  ^^^^^^^^^^^^^^^^^^^^^^^^^^^^^^^^^^^^^^^^^^^^^^^^^^^^^^^^^^^^^^^^^^^^^^^^
  File "/workspace/os_moderation/prompt_loader.py", line 80, in render_prompt
    text = load_raw_prompt(path)
           ^^^^^^^^^^^^^^^^^^^^^
  File "/workspace/os_moderation/prompt_loader.py", line 62, in load_raw_prompt
    raise FileNotFoundError(
FileNotFoundError: Prompt file not found: /workspace/os_moderation/prompt_v5.py
This pipeline never hardcodes policy/classification text — supply this file before running this stage.

[2026-09-24T18:29:08] [ERROR] rec_default_420147298_audio_1788380486702.mp3 chunk@280.0s failed: Prompt file not found: /workspace/os_moderation/prompt_v5.py
This pipeline never hardcodes policy/classification text — supply this file before running this stage.
Traceback (most recent call last):
  File "/workspace/os_moderation/gemma_local.py", line 633, in process_file
    answer_text, thinking_text, raw_response, token_infos = classify_chunk(model, processor, chunk_path, thinking, logger)
                                                            ^^^^^^^^^^^^^^^^^^^^^^^^^^^^^^^^^^^^^^^^^^^^^^^^^^^^^^^^^^^^^^
  File "/workspace/os_moderation/gemma_local.py", line 330, in classify_chunk
    prompt_text = prompt_loader.render_prompt(PROMPT_PATH, json_schema_str=RAW_SCHEMA_STR)
                  ^^^^^^^^^^^^^^^^^^^^^^^^^^^^^^^^^^^^^^^^^^^^^^^^^^^^^^^^^^^^^^^^^^^^^^^^
  File "/workspace/os_moderation/prompt_loader.py", line 80, in render_prompt
    text = load_raw_prompt(path)
           ^^^^^^^^^^^^^^^^^^^^^
  File "/workspace/os_moderation/prompt_loader.py", line 62, in load_raw_prompt
    raise FileNotFoundError(
FileNotFoundError: Prompt file not found: /workspace/os_moderation/prompt_v5.py
This pipeline never hardcodes policy/classification text — supply this file before running this stage.

[2026-09-24T18:29:08] [ERROR] rec_default_420147298_audio_1788380486702.mp3 chunk@308.0s failed: Prompt file not found: /workspace/os_moderation/prompt_v5.py
This pipeline never hardcodes policy/classification text — supply this file before running this stage.
Traceback (most recent call last):
  File "/workspace/os_moderation/gemma_local.py", line 633, in process_file
    answer_text, thinking_text, raw_response, token_infos = classify_chunk(model, processor, chunk_path, thinking, logger)
                                                            ^^^^^^^^^^^^^^^^^^^^^^^^^^^^^^^^^^^^^^^^^^^^^^^^^^^^^^^^^^^^^^
  File "/workspace/os_moderation/gemma_local.py", line 330, in classify_chunk
    prompt_text = prompt_loader.render_prompt(PROMPT_PATH, json_schema_str=RAW_SCHEMA_STR)
                  ^^^^^^^^^^^^^^^^^^^^^^^^^^^^^^^^^^^^^^^^^^^^^^^^^^^^^^^^^^^^^^^^^^^^^^^^
  File "/workspace/os_moderation/prompt_loader.py", line 80, in render_prompt
    text = load_raw_prompt(path)
           ^^^^^^^^^^^^^^^^^^^^^
  File "/workspace/os_moderation/prompt_loader.py", line 62, in load_raw_prompt
    raise FileNotFoundError(
FileNotFoundError: Prompt file not found: /workspace/os_moderation/prompt_v5.py
This pipeline never hardcodes policy/classification text — supply this file before running this stage.

[2026-09-24T18:29:08] [ERROR] rec_default_420147298_audio_1788380486702.mp3 chunk@336.0s failed: Prompt file not found: /workspace/os_moderation/prompt_v5.py
This pipeline never hardcodes policy/classification text — supply this file before running this stage.
Traceback (most recent call last):
  File "/workspace/os_moderation/gemma_local.py", line 633, in process_file
    answer_text, thinking_text, raw_response, token_infos = classify_chunk(model, processor, chunk_path, thinking, logger)
                                                            ^^^^^^^^^^^^^^^^^^^^^^^^^^^^^^^^^^^^^^^^^^^^^^^^^^^^^^^^^^^^^^
  File "/workspace/os_moderation/gemma_local.py", line 330, in classify_chunk
    prompt_text = prompt_loader.render_prompt(PROMPT_PATH, json_schema_str=RAW_SCHEMA_STR)
                  ^^^^^^^^^^^^^^^^^^^^^^^^^^^^^^^^^^^^^^^^^^^^^^^^^^^^^^^^^^^^^^^^^^^^^^^^
  File "/workspace/os_moderation/prompt_loader.py", line 80, in render_prompt
    text = load_raw_prompt(path)
           ^^^^^^^^^^^^^^^^^^^^^
  File "/workspace/os_moderation/prompt_loader.py", line 62, in load_raw_prompt
    raise FileNotFoundError(
FileNotFoundError: Prompt file not found: /workspace/os_moderation/prompt_v5.py
This pipeline never hardcodes policy/classification text — supply this file before running this stage.

[2026-09-24T18:29:08] [ERROR] rec_default_420147298_audio_1788380486702.mp3 chunk@364.0s failed: Prompt file not found: /workspace/os_moderation/prompt_v5.py
This pipeline never hardcodes policy/classification text — supply this file before running this stage.
Traceback (most recent call last):
  File "/workspace/os_moderation/gemma_local.py", line 633, in process_file
    answer_text, thinking_text, raw_response, token_infos = classify_chunk(model, processor, chunk_path, thinking, logger)
                                                            ^^^^^^^^^^^^^^^^^^^^^^^^^^^^^^^^^^^^^^^^^^^^^^^^^^^^^^^^^^^^^^
  File "/workspace/os_moderation/gemma_local.py", line 330, in classify_chunk
    prompt_text = prompt_loader.render_prompt(PROMPT_PATH, json_schema_str=RAW_SCHEMA_STR)
                  ^^^^^^^^^^^^^^^^^^^^^^^^^^^^^^^^^^^^^^^^^^^^^^^^^^^^^^^^^^^^^^^^^^^^^^^^
  File "/workspace/os_moderation/prompt_loader.py", line 80, in render_prompt
    text = load_raw_prompt(path)
           ^^^^^^^^^^^^^^^^^^^^^
  File "/workspace/os_moderation/prompt_loader.py", line 62, in load_raw_prompt
    raise FileNotFoundError(
FileNotFoundError: Prompt file not found: /workspace/os_moderation/prompt_v5.py
This pipeline never hardcodes policy/classification text — supply this file before running this stage.

[2026-09-24T18:29:08] [INFO] [3/50] rec_audio_call_425933838_audio_1788934868635.mp3
[2026-09-24T18:29:09] [ERROR] rec_audio_call_425933838_audio_1788934868635.mp3 chunk@0.0s failed: Prompt file not found: /workspace/os_moderation/prompt_v5.py
This pipeline never hardcodes policy/classification text — supply this file before running this stage.
Traceback (most recent call last):
  File "/workspace/os_moderation/gemma_local.py", line 633, in process_file
    answer_text, thinking_text, raw_response, token_infos = classify_chunk(model, processor, chunk_path, thinking, logger)
                                                            ^^^^^^^^^^^^^^^^^^^^^^^^^^^^^^^^^^^^^^^^^^^^^^^^^^^^^^^^^^^^^^
  File "/workspace/os_moderation/gemma_local.py", line 330, in classify_chunk
    prompt_text = prompt_loader.render_prompt(PROMPT_PATH, json_schema_str=RAW_SCHEMA_STR)
                  ^^^^^^^^^^^^^^^^^^^^^^^^^^^^^^^^^^^^^^^^^^^^^^^^^^^^^^^^^^^^^^^^^^^^^^^^
  File "/workspace/os_moderation/prompt_loader.py", line 80, in render_prompt
    text = load_raw_prompt(path)
           ^^^^^^^^^^^^^^^^^^^^^
  File "/workspace/os_moderation/prompt_loader.py", line 62, in load_raw_prompt
    raise FileNotFoundError(
FileNotFoundError: Prompt file not found: /workspace/os_moderation/prompt_v5.py
This pipeline never hardcodes policy/classification text — supply this file before running this stage.

[2026-09-24T18:29:09] [ERROR] rec_audio_call_425933838_audio_1788934868635.mp3 chunk@28.0s failed: Prompt file not found: /workspace/os_moderation/prompt_v5.py
This pipeline never hardcodes policy/classification text — supply this file before running this stage.
Traceback (most recent call last):
  File "/workspace/os_moderation/gemma_local.py", line 633, in process_file
    answer_text, thinking_text, raw_response, token_infos = classify_chunk(model, processor, chunk_path, thinking, logger)
                                                            ^^^^^^^^^^^^^^^^^^^^^^^^^^^^^^^^^^^^^^^^^^^^^^^^^^^^^^^^^^^^^^
  File "/workspace/os_moderation/gemma_local.py", line 330, in classify_chunk
    prompt_text = prompt_loader.render_prompt(PROMPT_PATH, json_schema_str=RAW_SCHEMA_STR)
                  ^^^^^^^^^^^^^^^^^^^^^^^^^^^^^^^^^^^^^^^^^^^^^^^^^^^^^^^^^^^^^^^^^^^^^^^^
  File "/workspace/os_moderation/prompt_loader.py", line 80, in render_prompt
    text = load_raw_prompt(path)
           ^^^^^^^^^^^^^^^^^^^^^
  File "/workspace/os_moderation/prompt_loader.py", line 62, in load_raw_prompt
    raise FileNotFoundError(
FileNotFoundError: Prompt file not found: /workspace/os_moderation/prompt_v5.py
This pipeline never hardcodes policy/classification text — supply this file before running this stage.

[2026-09-24T18:29:09] [ERROR] rec_audio_call_425933838_audio_1788934868635.mp3 chunk@56.0s failed: Prompt file not found: /workspace/os_moderation/prompt_v5.py
This pipeline never hardcodes policy/classification text — supply this file before running this stage.
Traceback (most recent call last):
  File "/workspace/os_moderation/gemma_local.py", line 633, in process_file
    answer_text, thinking_text, raw_response, token_infos = classify_chunk(model, processor, chunk_path, thinking, logger)
                                                            ^^^^^^^^^^^^^^^^^^^^^^^^^^^^^^^^^^^^^^^^^^^^^^^^^^^^^^^^^^^^^^
  File "/workspace/os_moderation/gemma_local.py", line 330, in classify_chunk
    prompt_text = prompt_loader.render_prompt(PROMPT_PATH, json_schema_str=RAW_SCHEMA_STR)
                  ^^^^^^^^^^^^^^^^^^^^^^^^^^^^^^^^^^^^^^^^^^^^^^^^^^^^^^^^^^^^^^^^^^^^^^^^
  File "/workspace/os_moderation/prompt_loader.py", line 80, in render_prompt
    text = load_raw_prompt(path)
           ^^^^^^^^^^^^^^^^^^^^^
  File "/workspace/os_moderation/prompt_loader.py", line 62, in load_raw_prompt
    raise FileNotFoundError(
FileNotFoundError: Prompt file not found: /workspace/os_moderation/prompt_v5.py
This pipeline never hardcodes policy/classification text — supply this file before running this stage.

[2026-09-24T18:29:09] [ERROR] rec_audio_call_425933838_audio_1788934868635.mp3 chunk@84.0s failed: Prompt file not found: /workspace/os_moderation/prompt_v5.py
This pipeline never hardcodes policy/classification text — supply this file before running this stage.
Traceback (most recent call last):
  File "/workspace/os_moderation/gemma_local.py", line 633, in process_file
    answer_text, thinking_text, raw_response, token_infos = classify_chunk(model, processor, chunk_path, thinking, logger)
                                                            ^^^^^^^^^^^^^^^^^^^^^^^^^^^^^^^^^^^^^^^^^^^^^^^^^^^^^^^^^^^^^^
  File "/workspace/os_moderation/gemma_local.py", line 330, in classify_chunk
    prompt_text = prompt_loader.render_prompt(PROMPT_PATH, json_schema_str=RAW_SCHEMA_STR)
                  ^^^^^^^^^^^^^^^^^^^^^^^^^^^^^^^^^^^^^^^^^^^^^^^^^^^^^^^^^^^^^^^^^^^^^^^^
  File "/workspace/os_moderation/prompt_loader.py", line 80, in render_prompt
    text = load_raw_prompt(path)
           ^^^^^^^^^^^^^^^^^^^^^
  File "/workspace/os_moderation/prompt_loader.py", line 62, in load_raw_prompt
    raise FileNotFoundError(
FileNotFoundError: Prompt file not found: /workspace/os_moderation/prompt_v5.py
This pipeline never hardcodes policy/classification text — supply this file before running this stage.

[2026-09-24T18:29:09] [ERROR] rec_audio_call_425933838_audio_1788934868635.mp3 chunk@112.0s failed: Prompt file not found: /workspace/os_moderation/prompt_v5.py
This pipeline never hardcodes policy/classification text — supply this file before running this stage.
Traceback (most recent call last):
  File "/workspace/os_moderation/gemma_local.py", line 633, in process_file
    answer_text, thinking_text, raw_response, token_infos = classify_chunk(model, processor, chunk_path, thinking, logger)
                                                            ^^^^^^^^^^^^^^^^^^^^^^^^^^^^^^^^^^^^^^^^^^^^^^^^^^^^^^^^^^^^^^
  File "/workspace/os_moderation/gemma_local.py", line 330, in classify_chunk
    prompt_text = prompt_loader.render_prompt(PROMPT_PATH, json_schema_str=RAW_SCHEMA_STR)
                  ^^^^^^^^^^^^^^^^^^^^^^^^^^^^^^^^^^^^^^^^^^^^^^^^^^^^^^^^^^^^^^^^^^^^^^^^
  File "/workspace/os_moderation/prompt_loader.py", line 80, in render_prompt
    text = load_raw_prompt(path)
           ^^^^^^^^^^^^^^^^^^^^^
  File "/workspace/os_moderation/prompt_loader.py", line 62, in load_raw_prompt
    raise FileNotFoundError(
FileNotFoundError: Prompt file not found: /workspace/os_moderation/prompt_v5.py
This pipeline never hardcodes policy/classification text — supply this file before running this stage.

[2026-09-24T18:29:09] [ERROR] rec_audio_call_425933838_audio_1788934868635.mp3 chunk@140.0s failed: Prompt file not found: /workspace/os_moderation/prompt_v5.py
This pipeline never hardcodes policy/classification text — supply this file before running this stage.
Traceback (most recent call last):
  File "/workspace/os_moderation/gemma_local.py", line 633, in process_file
    answer_text, thinking_text, raw_response, token_infos = classify_chunk(model, processor, chunk_path, thinking, logger)
                                                            ^^^^^^^^^^^^^^^^^^^^^^^^^^^^^^^^^^^^^^^^^^^^^^^^^^^^^^^^^^^^^^
  File "/workspace/os_moderation/gemma_local.py", line 330, in classify_chunk
    prompt_text = prompt_loader.render_prompt(PROMPT_PATH, json_schema_str=RAW_SCHEMA_STR)
                  ^^^^^^^^^^^^^^^^^^^^^^^^^^^^^^^^^^^^^^^^^^^^^^^^^^^^^^^^^^^^^^^^^^^^^^^^
  File "/workspace/os_moderation/prompt_loader.py", line 80, in render_prompt
    text = load_raw_prompt(path)
           ^^^^^^^^^^^^^^^^^^^^^
  File "/workspace/os_moderation/prompt_loader.py", line 62, in load_raw_prompt
    raise FileNotFoundError(
FileNotFoundError: Prompt file not found: /workspace/os_moderation/prompt_v5.py
This pipeline never hardcodes policy/classification text — supply this file before running this stage.

[2026-09-24T18:29:09] [ERROR] rec_audio_call_425933838_audio_1788934868635.mp3 chunk@168.0s failed: Prompt file not found: /workspace/os_moderation/prompt_v5.py
This pipeline never hardcodes policy/classification text — supply this file before running this stage.
Traceback (most recent call last):
  File "/workspace/os_moderation/gemma_local.py", line 633, in process_file
    answer_text, thinking_text, raw_response, token_infos = classify_chunk(model, processor, chunk_path, thinking, logger)
                                                            ^^^^^^^^^^^^^^^^^^^^^^^^^^^^^^^^^^^^^^^^^^^^^^^^^^^^^^^^^^^^^^
  File "/workspace/os_moderation/gemma_local.py", line 330, in classify_chunk
    prompt_text = prompt_loader.render_prompt(PROMPT_PATH, json_schema_str=RAW_SCHEMA_STR)
                  ^^^^^^^^^^^^^^^^^^^^^^^^^^^^^^^^^^^^^^^^^^^^^^^^^^^^^^^^^^^^^^^^^^^^^^^^
  File "/workspace/os_moderation/prompt_loader.py", line 80, in render_prompt
    text = load_raw_prompt(path)
           ^^^^^^^^^^^^^^^^^^^^^
  File "/workspace/os_moderation/prompt_loader.py", line 62, in load_raw_prompt
    raise FileNotFoundError(
FileNotFoundError: Prompt file not found: /workspace/os_moderation/prompt_v5.py
This pipeline never hardcodes policy/classification text — supply this file before running this stage.

[2026-09-24T18:29:09] [ERROR] rec_audio_call_425933838_audio_1788934868635.mp3 chunk@196.0s failed: Prompt file not found: /workspace/os_moderation/prompt_v5.py
This pipeline never hardcodes policy/classification text — supply this file before running this stage.
Traceback (most recent call last):
  File "/workspace/os_moderation/gemma_local.py", line 633, in process_file
    answer_text, thinking_text, raw_response, token_infos = classify_chunk(model, processor, chunk_path, thinking, logger)
                                                            ^^^^^^^^^^^^^^^^^^^^^^^^^^^^^^^^^^^^^^^^^^^^^^^^^^^^^^^^^^^^^^
  File "/workspace/os_moderation/gemma_local.py", line 330, in classify_chunk
    prompt_text = prompt_loader.render_prompt(PROMPT_PATH, json_schema_str=RAW_SCHEMA_STR)
                  ^^^^^^^^^^^^^^^^^^^^^^^^^^^^^^^^^^^^^^^^^^^^^^^^^^^^^^^^^^^^^^^^^^^^^^^^
  File "/workspace/os_moderation/prompt_loader.py", line 80, in render_prompt
    text = load_raw_prompt(path)
           ^^^^^^^^^^^^^^^^^^^^^
  File "/workspace/os_moderation/prompt_loader.py", line 62, in load_raw_prompt
    raise FileNotFoundError(
FileNotFoundError: Prompt file not found: /workspace/os_moderation/prompt_v5.py
This pipeline never hardcodes policy/classification text — supply this file before running this stage.

[2026-09-24T18:29:09] [ERROR] rec_audio_call_425933838_audio_1788934868635.mp3 chunk@224.0s failed: Prompt file not found: /workspace/os_moderation/prompt_v5.py
This pipeline never hardcodes policy/classification text — supply this file before running this stage.
Traceback (most recent call last):
  File "/workspace/os_moderation/gemma_local.py", line 633, in process_file
    answer_text, thinking_text, raw_response, token_infos = classify_chunk(model, processor, chunk_path, thinking, logger)
                                                            ^^^^^^^^^^^^^^^^^^^^^^^^^^^^^^^^^^^^^^^^^^^^^^^^^^^^^^^^^^^^^^
  File "/workspace/os_moderation/gemma_local.py", line 330, in classify_chunk
    prompt_text = prompt_loader.render_prompt(PROMPT_PATH, json_schema_str=RAW_SCHEMA_STR)
                  ^^^^^^^^^^^^^^^^^^^^^^^^^^^^^^^^^^^^^^^^^^^^^^^^^^^^^^^^^^^^^^^^^^^^^^^^
  File "/workspace/os_moderation/prompt_loader.py", line 80, in render_prompt
    text = load_raw_prompt(path)
           ^^^^^^^^^^^^^^^^^^^^^
  File "/workspace/os_moderation/prompt_loader.py", line 62, in load_raw_prompt
    raise FileNotFoundError(
FileNotFoundError: Prompt file not found: /workspace/os_moderation/prompt_v5.py
This pipeline never hardcodes policy/classification text — supply this file before running this stage.

[2026-09-24T18:29:09] [INFO] [4/50] rec_default_425778316_audio_1788916552817.mp3
[2026-09-24T18:29:09] [ERROR] rec_default_425778316_audio_1788916552817.mp3 chunk@0.0s failed: Prompt file not found: /workspace/os_moderation/prompt_v5.py
This pipeline never hardcodes policy/classification text — supply this file before running this stage.
Traceback (most recent call last):
  File "/workspace/os_moderation/gemma_local.py", line 633, in process_file
    answer_text, thinking_text, raw_response, token_infos = classify_chunk(model, processor, chunk_path, thinking, logger)
                                                            ^^^^^^^^^^^^^^^^^^^^^^^^^^^^^^^^^^^^^^^^^^^^^^^^^^^^^^^^^^^^^^
  File "/workspace/os_moderation/gemma_local.py", line 330, in classify_chunk
    prompt_text = prompt_loader.render_prompt(PROMPT_PATH, json_schema_str=RAW_SCHEMA_STR)
                  ^^^^^^^^^^^^^^^^^^^^^^^^^^^^^^^^^^^^^^^^^^^^^^^^^^^^^^^^^^^^^^^^^^^^^^^^
  File "/workspace/os_moderation/prompt_loader.py", line 80, in render_prompt
    text = load_raw_prompt(path)
           ^^^^^^^^^^^^^^^^^^^^^
  File "/workspace/os_moderation/prompt_loader.py", line 62, in load_raw_prompt
    raise FileNotFoundError(
FileNotFoundError: Prompt file not found: /workspace/os_moderation/prompt_v5.py
This pipeline never hardcodes policy/classification text — supply this file before running this stage.

[2026-09-24T18:29:09] [ERROR] rec_default_425778316_audio_1788916552817.mp3 chunk@28.0s failed: Prompt file not found: /workspace/os_moderation/prompt_v5.py
This pipeline never hardcodes policy/classification text — supply this file before running this stage.
Traceback (most recent call last):
  File "/workspace/os_moderation/gemma_local.py", line 633, in process_file
    answer_text, thinking_text, raw_response, token_infos = classify_chunk(model, processor, chunk_path, thinking, logger)
                                                            ^^^^^^^^^^^^^^^^^^^^^^^^^^^^^^^^^^^^^^^^^^^^^^^^^^^^^^^^^^^^^^
  File "/workspace/os_moderation/gemma_local.py", line 330, in classify_chunk
    prompt_text = prompt_loader.render_prompt(PROMPT_PATH, json_schema_str=RAW_SCHEMA_STR)
                  ^^^^^^^^^^^^^^^^^^^^^^^^^^^^^^^^^^^^^^^^^^^^^^^^^^^^^^^^^^^^^^^^^^^^^^^^
  File "/workspace/os_moderation/prompt_loader.py", line 80, in render_prompt
    text = load_raw_prompt(path)
           ^^^^^^^^^^^^^^^^^^^^^
  File "/workspace/os_moderation/prompt_loader.py", line 62, in load_raw_prompt
    raise FileNotFoundError(
FileNotFoundError: Prompt file not found: /workspace/os_moderation/prompt_v5.py
This pipeline never hardcodes policy/classification text — supply this file before running this stage.

[2026-09-24T18:29:09] [INFO] [5/50] rec_audio_call_423351802_audio_1788689747483.mp3
[2026-09-24T18:29:09] [ERROR] rec_audio_call_423351802_audio_1788689747483.mp3 chunk@0.0s failed: Prompt file not found: /workspace/os_moderation/prompt_v5.py
This pipeline never hardcodes policy/classification text — supply this file before running this stage.
Traceback (most recent call last):
  File "/workspace/os_moderation/gemma_local.py", line 633, in process_file
    answer_text, thinking_text, raw_response, token_infos = classify_chunk(model, processor, chunk_path, thinking, logger)
                                                            ^^^^^^^^^^^^^^^^^^^^^^^^^^^^^^^^^^^^^^^^^^^^^^^^^^^^^^^^^^^^^^
  File "/workspace/os_moderation/gemma_local.py", line 330, in classify_chunk
    prompt_text = prompt_loader.render_prompt(PROMPT_PATH, json_schema_str=RAW_SCHEMA_STR)
                  ^^^^^^^^^^^^^^^^^^^^^^^^^^^^^^^^^^^^^^^^^^^^^^^^^^^^^^^^^^^^^^^^^^^^^^^^
  File "/workspace/os_moderation/prompt_loader.py", line 80, in render_prompt
    text = load_raw_prompt(path)
           ^^^^^^^^^^^^^^^^^^^^^
  File "/workspace/os_moderation/prompt_loader.py", line 62, in load_raw_prompt
    raise FileNotFoundError(
FileNotFoundError: Prompt file not found: /workspace/os_moderation/prompt_v5.py
This pipeline never hardcodes policy/classification text — supply this file before running this stage.

[2026-09-24T18:29:09] [ERROR] rec_audio_call_423351802_audio_1788689747483.mp3 chunk@28.0s failed: Prompt file not found: /workspace/os_moderation/prompt_v5.py
This pipeline never hardcodes policy/classification text — supply this file before running this stage.
Traceback (most recent call last):
  File "/workspace/os_moderation/gemma_local.py", line 633, in process_file
    answer_text, thinking_text, raw_response, token_infos = classify_chunk(model, processor, chunk_path, thinking, logger)
                                                            ^^^^^^^^^^^^^^^^^^^^^^^^^^^^^^^^^^^^^^^^^^^^^^^^^^^^^^^^^^^^^^
  File "/workspace/os_moderation/gemma_local.py", line 330, in classify_chunk
    prompt_text = prompt_loader.render_prompt(PROMPT_PATH, json_schema_str=RAW_SCHEMA_STR)
                  ^^^^^^^^^^^^^^^^^^^^^^^^^^^^^^^^^^^^^^^^^^^^^^^^^^^^^^^^^^^^^^^^^^^^^^^^
  File "/workspace/os_moderation/prompt_loader.py", line 80, in render_prompt
    text = load_raw_prompt(path)
           ^^^^^^^^^^^^^^^^^^^^^
  File "/workspace/os_moderation/prompt_loader.py", line 62, in load_raw_prompt
    raise FileNotFoundError(
FileNotFoundError: Prompt file not found: /workspace/os_moderation/prompt_v5.py
This pipeline never hardcodes policy/classification text — supply this file before running this stage.

[2026-09-24T18:29:09] [ERROR] rec_audio_call_423351802_audio_1788689747483.mp3 chunk@56.0s failed: Prompt file not found: /workspace/os_moderation/prompt_v5.py
This pipeline never hardcodes policy/classification text — supply this file before running this stage.
Traceback (most recent call last):
  File "/workspace/os_moderation/gemma_local.py", line 633, in process_file
    answer_text, thinking_text, raw_response, token_infos = classify_chunk(model, processor, chunk_path, thinking, logger)
                                                            ^^^^^^^^^^^^^^^^^^^^^^^^^^^^^^^^^^^^^^^^^^^^^^^^^^^^^^^^^^^^^^
  File "/workspace/os_moderation/gemma_local.py", line 330, in classify_chunk
    prompt_text = prompt_loader.render_prompt(PROMPT_PATH, json_schema_str=RAW_SCHEMA_STR)
                  ^^^^^^^^^^^^^^^^^^^^^^^^^^^^^^^^^^^^^^^^^^^^^^^^^^^^^^^^^^^^^^^^^^^^^^^^
  File "/workspace/os_moderation/prompt_loader.py", line 80, in render_prompt
    text = load_raw_prompt(path)
           ^^^^^^^^^^^^^^^^^^^^^
  File "/workspace/os_moderation/prompt_loader.py", line 62, in load_raw_prompt
    raise FileNotFoundError(
FileNotFoundError: Prompt file not found: /workspace/os_moderation/prompt_v5.py
This pipeline never hardcodes policy/classification text — supply this file before running this stage.

[2026-09-24T18:29:09] [INFO] [6/50] rec_audio_call_423591955_audio_1788711572217.mp3
[2026-09-24T18:29:10] [INFO] [2/50] rec_default_420147298_audio_1788380486702.mp3
[2026-09-24T18:29:10] [ERROR] rec_audio_call_423591955_audio_1788711572217.mp3 chunk@0.0s failed: Prompt file not found: /workspace/os_moderation/prompt_v5.py
This pipeline never hardcodes policy/classification text — supply this file before running this stage.
Traceback (most recent call last):
  File "/workspace/os_moderation/gemma_local.py", line 633, in process_file
    answer_text, thinking_text, raw_response, token_infos = classify_chunk(model, processor, chunk_path, thinking, logger)
                                                            ^^^^^^^^^^^^^^^^^^^^^^^^^^^^^^^^^^^^^^^^^^^^^^^^^^^^^^^^^^^^^^
  File "/workspace/os_moderation/gemma_local.py", line 330, in classify_chunk
    prompt_text = prompt_loader.render_prompt(PROMPT_PATH, json_schema_str=RAW_SCHEMA_STR)
                  ^^^^^^^^^^^^^^^^^^^^^^^^^^^^^^^^^^^^^^^^^^^^^^^^^^^^^^^^^^^^^^^^^^^^^^^^
  File "/workspace/os_moderation/prompt_loader.py", line 80, in render_prompt
    text = load_raw_prompt(path)
           ^^^^^^^^^^^^^^^^^^^^^
  File "/workspace/os_moderation/prompt_loader.py", line 62, in load_raw_prompt
    raise FileNotFoundError(
FileNotFoundError: Prompt file not found: /workspace/os_moderation/prompt_v5.py
This pipeline never hardcodes policy/classification text — supply this file before running this stage.

[2026-09-24T18:29:10] [ERROR] rec_audio_call_423591955_audio_1788711572217.mp3 chunk@28.0s failed: Prompt file not found: /workspace/os_moderation/prompt_v5.py
This pipeline never hardcodes policy/classification text — supply this file before running this stage.
Traceback (most recent call last):
  File "/workspace/os_moderation/gemma_local.py", line 633, in process_file
    answer_text, thinking_text, raw_response, token_infos = classify_chunk(model, processor, chunk_path, thinking, logger)
                                                            ^^^^^^^^^^^^^^^^^^^^^^^^^^^^^^^^^^^^^^^^^^^^^^^^^^^^^^^^^^^^^^
  File "/workspace/os_moderation/gemma_local.py", line 330, in classify_chunk
    prompt_text = prompt_loader.render_prompt(PROMPT_PATH, json_schema_str=RAW_SCHEMA_STR)
                  ^^^^^^^^^^^^^^^^^^^^^^^^^^^^^^^^^^^^^^^^^^^^^^^^^^^^^^^^^^^^^^^^^^^^^^^^
  File "/workspace/os_moderation/prompt_loader.py", line 80, in render_prompt
    text = load_raw_prompt(path)
           ^^^^^^^^^^^^^^^^^^^^^
  File "/workspace/os_moderation/prompt_loader.py", line 62, in load_raw_prompt
    raise FileNotFoundError(
FileNotFoundError: Prompt file not found: /workspace/os_moderation/prompt_v5.py
This pipeline never hardcodes policy/classification text — supply this file before running this stage.

[2026-09-24T18:29:10] [ERROR] rec_audio_call_423591955_audio_1788711572217.mp3 chunk@56.0s failed: Prompt file not found: /workspace/os_moderation/prompt_v5.py
This pipeline never hardcodes policy/classification text — supply this file before running this stage.
Traceback (most recent call last):
  File "/workspace/os_moderation/gemma_local.py", line 633, in process_file
    answer_text, thinking_text, raw_response, token_infos = classify_chunk(model, processor, chunk_path, thinking, logger)
                                                            ^^^^^^^^^^^^^^^^^^^^^^^^^^^^^^^^^^^^^^^^^^^^^^^^^^^^^^^^^^^^^^
  File "/workspace/os_moderation/gemma_local.py", line 330, in classify_chunk
    prompt_text = prompt_loader.render_prompt(PROMPT_PATH, json_schema_str=RAW_SCHEMA_STR)
                  ^^^^^^^^^^^^^^^^^^^^^^^^^^^^^^^^^^^^^^^^^^^^^^^^^^^^^^^^^^^^^^^^^^^^^^^^
  File "/workspace/os_moderation/prompt_loader.py", line 80, in render_prompt
    text = load_raw_prompt(path)
           ^^^^^^^^^^^^^^^^^^^^^
  File "/workspace/os_moderation/prompt_loader.py", line 62, in load_raw_prompt
    raise FileNotFoundError(
FileNotFoundError: Prompt file not found: /workspace/os_moderation/prompt_v5.py
This pipeline never hardcodes policy/classification text — supply this file before running this stage.

[2026-09-24T18:29:10] [ERROR] rec_audio_call_423591955_audio_1788711572217.mp3 chunk@84.0s failed: Prompt file not found: /workspace/os_moderation/prompt_v5.py
This pipeline never hardcodes policy/classification text — supply this file before running this stage.
Traceback (most recent call last):
  File "/workspace/os_moderation/gemma_local.py", line 633, in process_file
    answer_text, thinking_text, raw_response, token_infos = classify_chunk(model, processor, chunk_path, thinking, logger)
                                                            ^^^^^^^^^^^^^^^^^^^^^^^^^^^^^^^^^^^^^^^^^^^^^^^^^^^^^^^^^^^^^^
  File "/workspace/os_moderation/gemma_local.py", line 330, in classify_chunk
    prompt_text = prompt_loader.render_prompt(PROMPT_PATH, json_schema_str=RAW_SCHEMA_STR)
                  ^^^^^^^^^^^^^^^^^^^^^^^^^^^^^^^^^^^^^^^^^^^^^^^^^^^^^^^^^^^^^^^^^^^^^^^^
  File "/workspace/os_moderation/prompt_loader.py", line 80, in render_prompt
    text = load_raw_prompt(path)
           ^^^^^^^^^^^^^^^^^^^^^
  File "/workspace/os_moderation/prompt_loader.py", line 62, in load_raw_prompt
    raise FileNotFoundError(
FileNotFoundError: Prompt file not found: /workspace/os_moderation/prompt_v5.py
This pipeline never hardcodes policy/classification text — supply this file before running this stage.

[2026-09-24T18:29:10] [INFO] [7/50] rec_audio_call_426101059_audio_1788947560284.mp3
[2026-09-24T18:29:11] [ERROR] rec_audio_call_426101059_audio_1788947560284.mp3 chunk@0.0s failed: Prompt file not found: /workspace/os_moderation/prompt_v5.py
This pipeline never hardcodes policy/classification text — supply this file before running this stage.
Traceback (most recent call last):
  File "/workspace/os_moderation/gemma_local.py", line 633, in process_file
    answer_text, thinking_text, raw_response, token_infos = classify_chunk(model, processor, chunk_path, thinking, logger)
                                                            ^^^^^^^^^^^^^^^^^^^^^^^^^^^^^^^^^^^^^^^^^^^^^^^^^^^^^^^^^^^^^^
  File "/workspace/os_moderation/gemma_local.py", line 330, in classify_chunk
    prompt_text = prompt_loader.render_prompt(PROMPT_PATH, json_schema_str=RAW_SCHEMA_STR)
                  ^^^^^^^^^^^^^^^^^^^^^^^^^^^^^^^^^^^^^^^^^^^^^^^^^^^^^^^^^^^^^^^^^^^^^^^^
  File "/workspace/os_moderation/prompt_loader.py", line 80, in render_prompt
    text = load_raw_prompt(path)
           ^^^^^^^^^^^^^^^^^^^^^
  File "/workspace/os_moderation/prompt_loader.py", line 62, in load_raw_prompt
    raise FileNotFoundError(
FileNotFoundError: Prompt file not found: /workspace/os_moderation/prompt_v5.py
This pipeline never hardcodes policy/classification text — supply this file before running this stage.

[2026-09-24T18:29:11] [ERROR] rec_audio_call_426101059_audio_1788947560284.mp3 chunk@28.0s failed: Prompt file not found: /workspace/os_moderation/prompt_v5.py
This pipeline never hardcodes policy/classification text — supply this file before running this stage.
Traceback (most recent call last):
  File "/workspace/os_moderation/gemma_local.py", line 633, in process_file
    answer_text, thinking_text, raw_response, token_infos = classify_chunk(model, processor, chunk_path, thinking, logger)
                                                            ^^^^^^^^^^^^^^^^^^^^^^^^^^^^^^^^^^^^^^^^^^^^^^^^^^^^^^^^^^^^^^
  File "/workspace/os_moderation/gemma_local.py", line 330, in classify_chunk
    prompt_text = prompt_loader.render_prompt(PROMPT_PATH, json_schema_str=RAW_SCHEMA_STR)
                  ^^^^^^^^^^^^^^^^^^^^^^^^^^^^^^^^^^^^^^^^^^^^^^^^^^^^^^^^^^^^^^^^^^^^^^^^
  File "/workspace/os_moderation/prompt_loader.py", line 80, in render_prompt
    text = load_raw_prompt(path)
           ^^^^^^^^^^^^^^^^^^^^^
  File "/workspace/os_moderation/prompt_loader.py", line 62, in load_raw_prompt
    raise FileNotFoundError(
FileNotFoundError: Prompt file not found: /workspace/os_moderation/prompt_v5.py
This pipeline never hardcodes policy/classification text — supply this file before running this stage.

[2026-09-24T18:29:11] [ERROR] rec_audio_call_426101059_audio_1788947560284.mp3 chunk@56.0s failed: Prompt file not found: /workspace/os_moderation/prompt_v5.py
This pipeline never hardcodes policy/classification text — supply this file before running this stage.
Traceback (most recent call last):
  File "/workspace/os_moderation/gemma_local.py", line 633, in process_file
    answer_text, thinking_text, raw_response, token_infos = classify_chunk(model, processor, chunk_path, thinking, logger)
                                                            ^^^^^^^^^^^^^^^^^^^^^^^^^^^^^^^^^^^^^^^^^^^^^^^^^^^^^^^^^^^^^^
  File "/workspace/os_moderation/gemma_local.py", line 330, in classify_chunk
    prompt_text = prompt_loader.render_prompt(PROMPT_PATH, json_schema_str=RAW_SCHEMA_STR)
                  ^^^^^^^^^^^^^^^^^^^^^^^^^^^^^^^^^^^^^^^^^^^^^^^^^^^^^^^^^^^^^^^^^^^^^^^^
  File "/workspace/os_moderation/prompt_loader.py", line 80, in render_prompt
    text = load_raw_prompt(path)
           ^^^^^^^^^^^^^^^^^^^^^
  File "/workspace/os_moderation/prompt_loader.py", line 62, in load_raw_prompt
    raise FileNotFoundError(
FileNotFoundError: Prompt file not found: /workspace/os_moderation/prompt_v5.py
This pipeline never hardcodes policy/classification text — supply this file before running this stage.

[2026-09-24T18:29:11] [ERROR] rec_audio_call_426101059_audio_1788947560284.mp3 chunk@84.0s failed: Prompt file not found: /workspace/os_moderation/prompt_v5.py
This pipeline never hardcodes policy/classification text — supply this file before running this stage.
Traceback (most recent call last):
  File "/workspace/os_moderation/gemma_local.py", line 633, in process_file
    answer_text, thinking_text, raw_response, token_infos = classify_chunk(model, processor, chunk_path, thinking, logger)
                                                            ^^^^^^^^^^^^^^^^^^^^^^^^^^^^^^^^^^^^^^^^^^^^^^^^^^^^^^^^^^^^^^
  File "/workspace/os_moderation/gemma_local.py", line 330, in classify_chunk
    prompt_text = prompt_loader.render_prompt(PROMPT_PATH, json_schema_str=RAW_SCHEMA_STR)
                  ^^^^^^^^^^^^^^^^^^^^^^^^^^^^^^^^^^^^^^^^^^^^^^^^^^^^^^^^^^^^^^^^^^^^^^^^
  File "/workspace/os_moderation/prompt_loader.py", line 80, in render_prompt
    text = load_raw_prompt(path)
           ^^^^^^^^^^^^^^^^^^^^^
  File "/workspace/os_moderation/prompt_loader.py", line 62, in load_raw_prompt
    raise FileNotFoundError(
FileNotFoundError: Prompt file not found: /workspace/os_moderation/prompt_v5.py
This pipeline never hardcodes policy/classification text — supply this file before running this stage.

[2026-09-24T18:29:11] [ERROR] rec_audio_call_426101059_audio_1788947560284.mp3 chunk@112.0s failed: Prompt file not found: /workspace/os_moderation/prompt_v5.py
This pipeline never hardcodes policy/classification text — supply this file before running this stage.
Traceback (most recent call last):
  File "/workspace/os_moderation/gemma_local.py", line 633, in process_file
    answer_text, thinking_text, raw_response, token_infos = classify_chunk(model, processor, chunk_path, thinking, logger)
                                                            ^^^^^^^^^^^^^^^^^^^^^^^^^^^^^^^^^^^^^^^^^^^^^^^^^^^^^^^^^^^^^^
  File "/workspace/os_moderation/gemma_local.py", line 330, in classify_chunk
    prompt_text = prompt_loader.render_prompt(PROMPT_PATH, json_schema_str=RAW_SCHEMA_STR)
                  ^^^^^^^^^^^^^^^^^^^^^^^^^^^^^^^^^^^^^^^^^^^^^^^^^^^^^^^^^^^^^^^^^^^^^^^^
  File "/workspace/os_moderation/prompt_loader.py", line 80, in render_prompt
    text = load_raw_prompt(path)
           ^^^^^^^^^^^^^^^^^^^^^
  File "/workspace/os_moderation/prompt_loader.py", line 62, in load_raw_prompt
    raise FileNotFoundError(
FileNotFoundError: Prompt file not found: /workspace/os_moderation/prompt_v5.py
This pipeline never hardcodes policy/classification text — supply this file before running this stage.

[2026-09-24T18:29:11] [ERROR] rec_audio_call_426101059_audio_1788947560284.mp3 chunk@140.0s failed: Prompt file not found: /workspace/os_moderation/prompt_v5.py
This pipeline never hardcodes policy/classification text — supply this file before running this stage.
Traceback (most recent call last):
  File "/workspace/os_moderation/gemma_local.py", line 633, in process_file
    answer_text, thinking_text, raw_response, token_infos = classify_chunk(model, processor, chunk_path, thinking, logger)
                                                            ^^^^^^^^^^^^^^^^^^^^^^^^^^^^^^^^^^^^^^^^^^^^^^^^^^^^^^^^^^^^^^
  File "/workspace/os_moderation/gemma_local.py", line 330, in classify_chunk
    prompt_text = prompt_loader.render_prompt(PROMPT_PATH, json_schema_str=RAW_SCHEMA_STR)
                  ^^^^^^^^^^^^^^^^^^^^^^^^^^^^^^^^^^^^^^^^^^^^^^^^^^^^^^^^^^^^^^^^^^^^^^^^
  File "/workspace/os_moderation/prompt_loader.py", line 80, in render_prompt
    text = load_raw_prompt(path)
           ^^^^^^^^^^^^^^^^^^^^^
  File "/workspace/os_moderation/prompt_loader.py", line 62, in load_raw_prompt
    raise FileNotFoundError(
FileNotFoundError: Prompt file not found: /workspace/os_moderation/prompt_v5.py
This pipeline never hardcodes policy/classification text — supply this file before running this stage.

[2026-09-24T18:29:11] [ERROR] rec_audio_call_426101059_audio_1788947560284.mp3 chunk@168.0s failed: Prompt file not found: /workspace/os_moderation/prompt_v5.py
This pipeline never hardcodes policy/classification text — supply this file before running this stage.
Traceback (most recent call last):
  File "/workspace/os_moderation/gemma_local.py", line 633, in process_file
    answer_text, thinking_text, raw_response, token_infos = classify_chunk(model, processor, chunk_path, thinking, logger)
                                                            ^^^^^^^^^^^^^^^^^^^^^^^^^^^^^^^^^^^^^^^^^^^^^^^^^^^^^^^^^^^^^^
  File "/workspace/os_moderation/gemma_local.py", line 330, in classify_chunk
    prompt_text = prompt_loader.render_prompt(PROMPT_PATH, json_schema_str=RAW_SCHEMA_STR)
                  ^^^^^^^^^^^^^^^^^^^^^^^^^^^^^^^^^^^^^^^^^^^^^^^^^^^^^^^^^^^^^^^^^^^^^^^^
  File "/workspace/os_moderation/prompt_loader.py", line 80, in render_prompt
    text = load_raw_prompt(path)
           ^^^^^^^^^^^^^^^^^^^^^
  File "/workspace/os_moderation/prompt_loader.py", line 62, in load_raw_prompt
    raise FileNotFoundError(
FileNotFoundError: Prompt file not found: /workspace/os_moderation/prompt_v5.py
This pipeline never hardcodes policy/classification text — supply this file before running this stage.

[2026-09-24T18:29:11] [ERROR] rec_audio_call_426101059_audio_1788947560284.mp3 chunk@196.0s failed: Prompt file not found: /workspace/os_moderation/prompt_v5.py
This pipeline never hardcodes policy/classification text — supply this file before running this stage.
Traceback (most recent call last):
  File "/workspace/os_moderation/gemma_local.py", line 633, in process_file
    answer_text, thinking_text, raw_response, token_infos = classify_chunk(model, processor, chunk_path, thinking, logger)
                                                            ^^^^^^^^^^^^^^^^^^^^^^^^^^^^^^^^^^^^^^^^^^^^^^^^^^^^^^^^^^^^^^
  File "/workspace/os_moderation/gemma_local.py", line 330, in classify_chunk
    prompt_text = prompt_loader.render_prompt(PROMPT_PATH, json_schema_str=RAW_SCHEMA_STR)
                  ^^^^^^^^^^^^^^^^^^^^^^^^^^^^^^^^^^^^^^^^^^^^^^^^^^^^^^^^^^^^^^^^^^^^^^^^
  File "/workspace/os_moderation/prompt_loader.py", line 80, in render_prompt
    text = load_raw_prompt(path)
           ^^^^^^^^^^^^^^^^^^^^^
  File "/workspace/os_moderation/prompt_loader.py", line 62, in load_raw_prompt
    raise FileNotFoundError(
FileNotFoundError: Prompt file not found: /workspace/os_moderation/prompt_v5.py
This pipeline never hardcodes policy/classification text — supply this file before running this stage.

[2026-09-24T18:29:11] [ERROR] rec_audio_call_426101059_audio_1788947560284.mp3 chunk@224.0s failed: Prompt file not found: /workspace/os_moderation/prompt_v5.py
This pipeline never hardcodes policy/classification text — supply this file before running this stage.
Traceback (most recent call last):
  File "/workspace/os_moderation/gemma_local.py", line 633, in process_file
    answer_text, thinking_text, raw_response, token_infos = classify_chunk(model, processor, chunk_path, thinking, logger)
                                                            ^^^^^^^^^^^^^^^^^^^^^^^^^^^^^^^^^^^^^^^^^^^^^^^^^^^^^^^^^^^^^^
  File "/workspace/os_moderation/gemma_local.py", line 330, in classify_chunk
    prompt_text = prompt_loader.render_prompt(PROMPT_PATH, json_schema_str=RAW_SCHEMA_STR)
                  ^^^^^^^^^^^^^^^^^^^^^^^^^^^^^^^^^^^^^^^^^^^^^^^^^^^^^^^^^^^^^^^^^^^^^^^^
  File "/workspace/os_moderation/prompt_loader.py", line 80, in render_prompt
    text = load_raw_prompt(path)
           ^^^^^^^^^^^^^^^^^^^^^
  File "/workspace/os_moderation/prompt_loader.py", line 62, in load_raw_prompt
    raise FileNotFoundError(
FileNotFoundError: Prompt file not found: /workspace/os_moderation/prompt_v5.py
This pipeline never hardcodes policy/classification text — supply this file before running this stage.

[2026-09-24T18:29:11] [ERROR] rec_audio_call_426101059_audio_1788947560284.mp3 chunk@252.0s failed: Prompt file not found: /workspace/os_moderation/prompt_v5.py
This pipeline never hardcodes policy/classification text — supply this file before running this stage.
Traceback (most recent call last):
  File "/workspace/os_moderation/gemma_local.py", line 633, in process_file
    answer_text, thinking_text, raw_response, token_infos = classify_chunk(model, processor, chunk_path, thinking, logger)
                                                            ^^^^^^^^^^^^^^^^^^^^^^^^^^^^^^^^^^^^^^^^^^^^^^^^^^^^^^^^^^^^^^
  File "/workspace/os_moderation/gemma_local.py", line 330, in classify_chunk
    prompt_text = prompt_loader.render_prompt(PROMPT_PATH, json_schema_str=RAW_SCHEMA_STR)
                  ^^^^^^^^^^^^^^^^^^^^^^^^^^^^^^^^^^^^^^^^^^^^^^^^^^^^^^^^^^^^^^^^^^^^^^^^
  File "/workspace/os_moderation/prompt_loader.py", line 80, in render_prompt
    text = load_raw_prompt(path)
           ^^^^^^^^^^^^^^^^^^^^^
  File "/workspace/os_moderation/prompt_loader.py", line 62, in load_raw_prompt
    raise FileNotFoundError(
FileNotFoundError: Prompt file not found: /workspace/os_moderation/prompt_v5.py
This pipeline never hardcodes policy/classification text — supply this file before running this stage.

[2026-09-24T18:29:11] [ERROR] rec_audio_call_426101059_audio_1788947560284.mp3 chunk@280.0s failed: Prompt file not found: /workspace/os_moderation/prompt_v5.py
This pipeline never hardcodes policy/classification text — supply this file before running this stage.
Traceback (most recent call last):
  File "/workspace/os_moderation/gemma_local.py", line 633, in process_file
    answer_text, thinking_text, raw_response, token_infos = classify_chunk(model, processor, chunk_path, thinking, logger)
                                                            ^^^^^^^^^^^^^^^^^^^^^^^^^^^^^^^^^^^^^^^^^^^^^^^^^^^^^^^^^^^^^^
  File "/workspace/os_moderation/gemma_local.py", line 330, in classify_chunk
    prompt_text = prompt_loader.render_prompt(PROMPT_PATH, json_schema_str=RAW_SCHEMA_STR)
                  ^^^^^^^^^^^^^^^^^^^^^^^^^^^^^^^^^^^^^^^^^^^^^^^^^^^^^^^^^^^^^^^^^^^^^^^^
  File "/workspace/os_moderation/prompt_loader.py", line 80, in render_prompt
    text = load_raw_prompt(path)
           ^^^^^^^^^^^^^^^^^^^^^
  File "/workspace/os_moderation/prompt_loader.py", line 62, in load_raw_prompt
    raise FileNotFoundError(
FileNotFoundError: Prompt file not found: /workspace/os_moderation/prompt_v5.py
This pipeline never hardcodes policy/classification text — supply this file before running this stage.

[2026-09-24T18:29:11] [ERROR] rec_audio_call_426101059_audio_1788947560284.mp3 chunk@308.0s failed: Prompt file not found: /workspace/os_moderation/prompt_v5.py
This pipeline never hardcodes policy/classification text — supply this file before running this stage.
Traceback (most recent call last):
  File "/workspace/os_moderation/gemma_local.py", line 633, in process_file
    answer_text, thinking_text, raw_response, token_infos = classify_chunk(model, processor, chunk_path, thinking, logger)
                                                            ^^^^^^^^^^^^^^^^^^^^^^^^^^^^^^^^^^^^^^^^^^^^^^^^^^^^^^^^^^^^^^
  File "/workspace/os_moderation/gemma_local.py", line 330, in classify_chunk
    prompt_text = prompt_loader.render_prompt(PROMPT_PATH, json_schema_str=RAW_SCHEMA_STR)
                  ^^^^^^^^^^^^^^^^^^^^^^^^^^^^^^^^^^^^^^^^^^^^^^^^^^^^^^^^^^^^^^^^^^^^^^^^
  File "/workspace/os_moderation/prompt_loader.py", line 80, in render_prompt
    text = load_raw_prompt(path)
           ^^^^^^^^^^^^^^^^^^^^^
  File "/workspace/os_moderation/prompt_loader.py", line 62, in load_raw_prompt
    raise FileNotFoundError(
FileNotFoundError: Prompt file not found: /workspace/os_moderation/prompt_v5.py
This pipeline never hardcodes policy/classification text — supply this file before running this stage.

[2026-09-24T18:29:11] [ERROR] rec_audio_call_426101059_audio_1788947560284.mp3 chunk@336.0s failed: Prompt file not found: /workspace/os_moderation/prompt_v5.py
This pipeline never hardcodes policy/classification text — supply this file before running this stage.
Traceback (most recent call last):
  File "/workspace/os_moderation/gemma_local.py", line 633, in process_file
    answer_text, thinking_text, raw_response, token_infos = classify_chunk(model, processor, chunk_path, thinking, logger)
                                                            ^^^^^^^^^^^^^^^^^^^^^^^^^^^^^^^^^^^^^^^^^^^^^^^^^^^^^^^^^^^^^^
  File "/workspace/os_moderation/gemma_local.py", line 330, in classify_chunk
    prompt_text = prompt_loader.render_prompt(PROMPT_PATH, json_schema_str=RAW_SCHEMA_STR)
                  ^^^^^^^^^^^^^^^^^^^^^^^^^^^^^^^^^^^^^^^^^^^^^^^^^^^^^^^^^^^^^^^^^^^^^^^^
  File "/workspace/os_moderation/prompt_loader.py", line 80, in render_prompt
    text = load_raw_prompt(path)
           ^^^^^^^^^^^^^^^^^^^^^
  File "/workspace/os_moderation/prompt_loader.py", line 62, in load_raw_prompt
    raise FileNotFoundError(
FileNotFoundError: Prompt file not found: /workspace/os_moderation/prompt_v5.py
This pipeline never hardcodes policy/classification text — supply this file before running this stage.

[2026-09-24T18:29:11] [ERROR] rec_audio_call_426101059_audio_1788947560284.mp3 chunk@364.0s failed: Prompt file not found: /workspace/os_moderation/prompt_v5.py
This pipeline never hardcodes policy/classification text — supply this file before running this stage.
Traceback (most recent call last):
  File "/workspace/os_moderation/gemma_local.py", line 633, in process_file
    answer_text, thinking_text, raw_response, token_infos = classify_chunk(model, processor, chunk_path, thinking, logger)
                                                            ^^^^^^^^^^^^^^^^^^^^^^^^^^^^^^^^^^^^^^^^^^^^^^^^^^^^^^^^^^^^^^
  File "/workspace/os_moderation/gemma_local.py", line 330, in classify_chunk
    prompt_text = prompt_loader.render_prompt(PROMPT_PATH, json_schema_str=RAW_SCHEMA_STR)
                  ^^^^^^^^^^^^^^^^^^^^^^^^^^^^^^^^^^^^^^^^^^^^^^^^^^^^^^^^^^^^^^^^^^^^^^^^
  File "/workspace/os_moderation/prompt_loader.py", line 80, in render_prompt
    text = load_raw_prompt(path)
           ^^^^^^^^^^^^^^^^^^^^^
  File "/workspace/os_moderation/prompt_loader.py", line 62, in load_raw_prompt
    raise FileNotFoundError(
FileNotFoundError: Prompt file not found: /workspace/os_moderation/prompt_v5.py
This pipeline never hardcodes policy/classification text — supply this file before running this stage.

[2026-09-24T18:29:11] [ERROR] rec_audio_call_426101059_audio_1788947560284.mp3 chunk@392.0s failed: Prompt file not found: /workspace/os_moderation/prompt_v5.py
This pipeline never hardcodes policy/classification text — supply this file before running this stage.
Traceback (most recent call last):
  File "/workspace/os_moderation/gemma_local.py", line 633, in process_file
    answer_text, thinking_text, raw_response, token_infos = classify_chunk(model, processor, chunk_path, thinking, logger)
                                                            ^^^^^^^^^^^^^^^^^^^^^^^^^^^^^^^^^^^^^^^^^^^^^^^^^^^^^^^^^^^^^^
  File "/workspace/os_moderation/gemma_local.py", line 330, in classify_chunk
    prompt_text = prompt_loader.render_prompt(PROMPT_PATH, json_schema_str=RAW_SCHEMA_STR)
                  ^^^^^^^^^^^^^^^^^^^^^^^^^^^^^^^^^^^^^^^^^^^^^^^^^^^^^^^^^^^^^^^^^^^^^^^^
  File "/workspace/os_moderation/prompt_loader.py", line 80, in render_prompt
    text = load_raw_prompt(path)
           ^^^^^^^^^^^^^^^^^^^^^
  File "/workspace/os_moderation/prompt_loader.py", line 62, in load_raw_prompt
    raise FileNotFoundError(
FileNotFoundError: Prompt file not found: /workspace/os_moderation/prompt_v5.py
This pipeline never hardcodes policy/classification text — supply this file before running this stage.

[2026-09-24T18:29:11] [INFO] [8/50] rec_audio_call_426108129_audio_1788948057694.mp3
[2026-09-24T18:29:12] [ERROR] rec_audio_call_426108129_audio_1788948057694.mp3 chunk@0.0s failed: Prompt file not found: /workspace/os_moderation/prompt_v5.py
This pipeline never hardcodes policy/classification text — supply this file before running this stage.
Traceback (most recent call last):
  File "/workspace/os_moderation/gemma_local.py", line 633, in process_file
    answer_text, thinking_text, raw_response, token_infos = classify_chunk(model, processor, chunk_path, thinking, logger)
                                                            ^^^^^^^^^^^^^^^^^^^^^^^^^^^^^^^^^^^^^^^^^^^^^^^^^^^^^^^^^^^^^^
  File "/workspace/os_moderation/gemma_local.py", line 330, in classify_chunk
    prompt_text = prompt_loader.render_prompt(PROMPT_PATH, json_schema_str=RAW_SCHEMA_STR)
                  ^^^^^^^^^^^^^^^^^^^^^^^^^^^^^^^^^^^^^^^^^^^^^^^^^^^^^^^^^^^^^^^^^^^^^^^^
  File "/workspace/os_moderation/prompt_loader.py", line 80, in render_prompt
    text = load_raw_prompt(path)
           ^^^^^^^^^^^^^^^^^^^^^
  File "/workspace/os_moderation/prompt_loader.py", line 62, in load_raw_prompt
    raise FileNotFoundError(
FileNotFoundError: Prompt file not found: /workspace/os_moderation/prompt_v5.py
This pipeline never hardcodes policy/classification text — supply this file before running this stage.

[2026-09-24T18:29:12] [ERROR] rec_audio_call_426108129_audio_1788948057694.mp3 chunk@28.0s failed: Prompt file not found: /workspace/os_moderation/prompt_v5.py
This pipeline never hardcodes policy/classification text — supply this file before running this stage.
Traceback (most recent call last):
  File "/workspace/os_moderation/gemma_local.py", line 633, in process_file
    answer_text, thinking_text, raw_response, token_infos = classify_chunk(model, processor, chunk_path, thinking, logger)
                                                            ^^^^^^^^^^^^^^^^^^^^^^^^^^^^^^^^^^^^^^^^^^^^^^^^^^^^^^^^^^^^^^
  File "/workspace/os_moderation/gemma_local.py", line 330, in classify_chunk
    prompt_text = prompt_loader.render_prompt(PROMPT_PATH, json_schema_str=RAW_SCHEMA_STR)
                  ^^^^^^^^^^^^^^^^^^^^^^^^^^^^^^^^^^^^^^^^^^^^^^^^^^^^^^^^^^^^^^^^^^^^^^^^
  File "/workspace/os_moderation/prompt_loader.py", line 80, in render_prompt
    text = load_raw_prompt(path)
           ^^^^^^^^^^^^^^^^^^^^^
  File "/workspace/os_moderation/prompt_loader.py", line 62, in load_raw_prompt
    raise FileNotFoundError(
FileNotFoundError: Prompt file not found: /workspace/os_moderation/prompt_v5.py
This pipeline never hardcodes policy/classification text — supply this file before running this stage.

[2026-09-24T18:29:12] [ERROR] rec_audio_call_426108129_audio_1788948057694.mp3 chunk@56.0s failed: Prompt file not found: /workspace/os_moderation/prompt_v5.py
This pipeline never hardcodes policy/classification text — supply this file before running this stage.
Traceback (most recent call last):
  File "/workspace/os_moderation/gemma_local.py", line 633, in process_file
    answer_text, thinking_text, raw_response, token_infos = classify_chunk(model, processor, chunk_path, thinking, logger)
                                                            ^^^^^^^^^^^^^^^^^^^^^^^^^^^^^^^^^^^^^^^^^^^^^^^^^^^^^^^^^^^^^^
  File "/workspace/os_moderation/gemma_local.py", line 330, in classify_chunk
    prompt_text = prompt_loader.render_prompt(PROMPT_PATH, json_schema_str=RAW_SCHEMA_STR)
                  ^^^^^^^^^^^^^^^^^^^^^^^^^^^^^^^^^^^^^^^^^^^^^^^^^^^^^^^^^^^^^^^^^^^^^^^^
  File "/workspace/os_moderation/prompt_loader.py", line 80, in render_prompt
    text = load_raw_prompt(path)
           ^^^^^^^^^^^^^^^^^^^^^
  File "/workspace/os_moderation/prompt_loader.py", line 62, in load_raw_prompt
    raise FileNotFoundError(
FileNotFoundError: Prompt file not found: /workspace/os_moderation/prompt_v5.py
This pipeline never hardcodes policy/classification text — supply this file before running this stage.

[2026-09-24T18:29:12] [INFO] [9/50] rec_audio_call_426194933_audio_1788954682604.mp3
[2026-09-24T18:29:13] [ERROR] rec_audio_call_426194933_audio_1788954682604.mp3 chunk@0.0s failed: Prompt file not found: /workspace/os_moderation/prompt_v5.py
This pipeline never hardcodes policy/classification text — supply this file before running this stage.
Traceback (most recent call last):
  File "/workspace/os_moderation/gemma_local.py", line 633, in process_file
    answer_text, thinking_text, raw_response, token_infos = classify_chunk(model, processor, chunk_path, thinking, logger)
                                                            ^^^^^^^^^^^^^^^^^^^^^^^^^^^^^^^^^^^^^^^^^^^^^^^^^^^^^^^^^^^^^^
  File "/workspace/os_moderation/gemma_local.py", line 330, in classify_chunk
    prompt_text = prompt_loader.render_prompt(PROMPT_PATH, json_schema_str=RAW_SCHEMA_STR)
                  ^^^^^^^^^^^^^^^^^^^^^^^^^^^^^^^^^^^^^^^^^^^^^^^^^^^^^^^^^^^^^^^^^^^^^^^^
  File "/workspace/os_moderation/prompt_loader.py", line 80, in render_prompt
    text = load_raw_prompt(path)
           ^^^^^^^^^^^^^^^^^^^^^
  File "/workspace/os_moderation/prompt_loader.py", line 62, in load_raw_prompt
    raise FileNotFoundError(
FileNotFoundError: Prompt file not found: /workspace/os_moderation/prompt_v5.py
This pipeline never hardcodes policy/classification text — supply this file before running this stage.

[2026-09-24T18:29:13] [ERROR] rec_audio_call_426194933_audio_1788954682604.mp3 chunk@28.0s failed: Prompt file not found: /workspace/os_moderation/prompt_v5.py
This pipeline never hardcodes policy/classification text — supply this file before running this stage.
Traceback (most recent call last):
  File "/workspace/os_moderation/gemma_local.py", line 633, in process_file
    answer_text, thinking_text, raw_response, token_infos = classify_chunk(model, processor, chunk_path, thinking, logger)
                                                            ^^^^^^^^^^^^^^^^^^^^^^^^^^^^^^^^^^^^^^^^^^^^^^^^^^^^^^^^^^^^^^
  File "/workspace/os_moderation/gemma_local.py", line 330, in classify_chunk
    prompt_text = prompt_loader.render_prompt(PROMPT_PATH, json_schema_str=RAW_SCHEMA_STR)
                  ^^^^^^^^^^^^^^^^^^^^^^^^^^^^^^^^^^^^^^^^^^^^^^^^^^^^^^^^^^^^^^^^^^^^^^^^
  File "/workspace/os_moderation/prompt_loader.py", line 80, in render_prompt
    text = load_raw_prompt(path)
           ^^^^^^^^^^^^^^^^^^^^^
  File "/workspace/os_moderation/prompt_loader.py", line 62, in load_raw_prompt
    raise FileNotFoundError(
FileNotFoundError: Prompt file not found: /workspace/os_moderation/prompt_v5.py
This pipeline never hardcodes policy/classification text — supply this file before running this stage.

[2026-09-24T18:29:13] [ERROR] rec_audio_call_426194933_audio_1788954682604.mp3 chunk@56.0s failed: Prompt file not found: /workspace/os_moderation/prompt_v5.py
This pipeline never hardcodes policy/classification text — supply this file before running this stage.
Traceback (most recent call last):
  File "/workspace/os_moderation/gemma_local.py", line 633, in process_file
    answer_text, thinking_text, raw_response, token_infos = classify_chunk(model, processor, chunk_path, thinking, logger)
                                                            ^^^^^^^^^^^^^^^^^^^^^^^^^^^^^^^^^^^^^^^^^^^^^^^^^^^^^^^^^^^^^^
  File "/workspace/os_moderation/gemma_local.py", line 330, in classify_chunk
    prompt_text = prompt_loader.render_prompt(PROMPT_PATH, json_schema_str=RAW_SCHEMA_STR)
                  ^^^^^^^^^^^^^^^^^^^^^^^^^^^^^^^^^^^^^^^^^^^^^^^^^^^^^^^^^^^^^^^^^^^^^^^^
  File "/workspace/os_moderation/prompt_loader.py", line 80, in render_prompt
    text = load_raw_prompt(path)
           ^^^^^^^^^^^^^^^^^^^^^
  File "/workspace/os_moderation/prompt_loader.py", line 62, in load_raw_prompt
    raise FileNotFoundError(
FileNotFoundError: Prompt file not found: /workspace/os_moderation/prompt_v5.py
This pipeline never hardcodes policy/classification text — supply this file before running this stage.

[2026-09-24T18:29:13] [ERROR] rec_audio_call_426194933_audio_1788954682604.mp3 chunk@84.0s failed: Prompt file not found: /workspace/os_moderation/prompt_v5.py
This pipeline never hardcodes policy/classification text — supply this file before running this stage.
Traceback (most recent call last):
  File "/workspace/os_moderation/gemma_local.py", line 633, in process_file
    answer_text, thinking_text, raw_response, token_infos = classify_chunk(model, processor, chunk_path, thinking, logger)
                                                            ^^^^^^^^^^^^^^^^^^^^^^^^^^^^^^^^^^^^^^^^^^^^^^^^^^^^^^^^^^^^^^
  File "/workspace/os_moderation/gemma_local.py", line 330, in classify_chunk
    prompt_text = prompt_loader.render_prompt(PROMPT_PATH, json_schema_str=RAW_SCHEMA_STR)
                  ^^^^^^^^^^^^^^^^^^^^^^^^^^^^^^^^^^^^^^^^^^^^^^^^^^^^^^^^^^^^^^^^^^^^^^^^
  File "/workspace/os_moderation/prompt_loader.py", line 80, in render_prompt
    text = load_raw_prompt(path)
           ^^^^^^^^^^^^^^^^^^^^^
  File "/workspace/os_moderation/prompt_loader.py", line 62, in load_raw_prompt
    raise FileNotFoundError(
FileNotFoundError: Prompt file not found: /workspace/os_moderation/prompt_v5.py
This pipeline never hardcodes policy/classification text — supply this file before running this stage.

[2026-09-24T18:29:13] [ERROR] rec_audio_call_426194933_audio_1788954682604.mp3 chunk@112.0s failed: Prompt file not found: /workspace/os_moderation/prompt_v5.py
This pipeline never hardcodes policy/classification text — supply this file before running this stage.
Traceback (most recent call last):
  File "/workspace/os_moderation/gemma_local.py", line 633, in process_file
    answer_text, thinking_text, raw_response, token_infos = classify_chunk(model, processor, chunk_path, thinking, logger)
                                                            ^^^^^^^^^^^^^^^^^^^^^^^^^^^^^^^^^^^^^^^^^^^^^^^^^^^^^^^^^^^^^^
  File "/workspace/os_moderation/gemma_local.py", line 330, in classify_chunk
    prompt_text = prompt_loader.render_prompt(PROMPT_PATH, json_schema_str=RAW_SCHEMA_STR)
                  ^^^^^^^^^^^^^^^^^^^^^^^^^^^^^^^^^^^^^^^^^^^^^^^^^^^^^^^^^^^^^^^^^^^^^^^^
  File "/workspace/os_moderation/prompt_loader.py", line 80, in render_prompt
    text = load_raw_prompt(path)
           ^^^^^^^^^^^^^^^^^^^^^
  File "/workspace/os_moderation/prompt_loader.py", line 62, in load_raw_prompt
    raise FileNotFoundError(
FileNotFoundError: Prompt file not found: /workspace/os_moderation/prompt_v5.py
This pipeline never hardcodes policy/classification text — supply this file before running this stage.

[2026-09-24T18:29:13] [ERROR] rec_audio_call_426194933_audio_1788954682604.mp3 chunk@140.0s failed: Prompt file not found: /workspace/os_moderation/prompt_v5.py
This pipeline never hardcodes policy/classification text — supply this file before running this stage.
Traceback (most recent call last):
  File "/workspace/os_moderation/gemma_local.py", line 633, in process_file
    answer_text, thinking_text, raw_response, token_infos = classify_chunk(model, processor, chunk_path, thinking, logger)
                                                            ^^^^^^^^^^^^^^^^^^^^^^^^^^^^^^^^^^^^^^^^^^^^^^^^^^^^^^^^^^^^^^
  File "/workspace/os_moderation/gemma_local.py", line 330, in classify_chunk
    prompt_text = prompt_loader.render_prompt(PROMPT_PATH, json_schema_str=RAW_SCHEMA_STR)
                  ^^^^^^^^^^^^^^^^^^^^^^^^^^^^^^^^^^^^^^^^^^^^^^^^^^^^^^^^^^^^^^^^^^^^^^^^
  File "/workspace/os_moderation/prompt_loader.py", line 80, in render_prompt
    text = load_raw_prompt(path)
           ^^^^^^^^^^^^^^^^^^^^^
  File "/workspace/os_moderation/prompt_loader.py", line 62, in load_raw_prompt
    raise FileNotFoundError(
FileNotFoundError: Prompt file not found: /workspace/os_moderation/prompt_v5.py
This pipeline never hardcodes policy/classification text — supply this file before running this stage.

[2026-09-24T18:29:13] [ERROR] rec_audio_call_426194933_audio_1788954682604.mp3 chunk@168.0s failed: Prompt file not found: /workspace/os_moderation/prompt_v5.py
This pipeline never hardcodes policy/classification text — supply this file before running this stage.
Traceback (most recent call last):
  File "/workspace/os_moderation/gemma_local.py", line 633, in process_file
    answer_text, thinking_text, raw_response, token_infos = classify_chunk(model, processor, chunk_path, thinking, logger)
                                                            ^^^^^^^^^^^^^^^^^^^^^^^^^^^^^^^^^^^^^^^^^^^^^^^^^^^^^^^^^^^^^^
  File "/workspace/os_moderation/gemma_local.py", line 330, in classify_chunk
    prompt_text = prompt_loader.render_prompt(PROMPT_PATH, json_schema_str=RAW_SCHEMA_STR)
                  ^^^^^^^^^^^^^^^^^^^^^^^^^^^^^^^^^^^^^^^^^^^^^^^^^^^^^^^^^^^^^^^^^^^^^^^^
  File "/workspace/os_moderation/prompt_loader.py", line 80, in render_prompt
    text = load_raw_prompt(path)
           ^^^^^^^^^^^^^^^^^^^^^
  File "/workspace/os_moderation/prompt_loader.py", line 62, in load_raw_prompt
    raise FileNotFoundError(
FileNotFoundError: Prompt file not found: /workspace/os_moderation/prompt_v5.py
This pipeline never hardcodes policy/classification text — supply this file before running this stage.

[2026-09-24T18:29:13] [ERROR] rec_audio_call_426194933_audio_1788954682604.mp3 chunk@196.0s failed: Prompt file not found: /workspace/os_moderation/prompt_v5.py
This pipeline never hardcodes policy/classification text — supply this file before running this stage.
Traceback (most recent call last):
  File "/workspace/os_moderation/gemma_local.py", line 633, in process_file
    answer_text, thinking_text, raw_response, token_infos = classify_chunk(model, processor, chunk_path, thinking, logger)
                                                            ^^^^^^^^^^^^^^^^^^^^^^^^^^^^^^^^^^^^^^^^^^^^^^^^^^^^^^^^^^^^^^
  File "/workspace/os_moderation/gemma_local.py", line 330, in classify_chunk
    prompt_text = prompt_loader.render_prompt(PROMPT_PATH, json_schema_str=RAW_SCHEMA_STR)
                  ^^^^^^^^^^^^^^^^^^^^^^^^^^^^^^^^^^^^^^^^^^^^^^^^^^^^^^^^^^^^^^^^^^^^^^^^
  File "/workspace/os_moderation/prompt_loader.py", line 80, in render_prompt
    text = load_raw_prompt(path)
           ^^^^^^^^^^^^^^^^^^^^^
  File "/workspace/os_moderation/prompt_loader.py", line 62, in load_raw_prompt
    raise FileNotFoundError(
FileNotFoundError: Prompt file not found: /workspace/os_moderation/prompt_v5.py
This pipeline never hardcodes policy/classification text — supply this file before running this stage.

[2026-09-24T18:29:13] [ERROR] rec_audio_call_426194933_audio_1788954682604.mp3 chunk@224.0s failed: Prompt file not found: /workspace/os_moderation/prompt_v5.py
This pipeline never hardcodes policy/classification text — supply this file before running this stage.
Traceback (most recent call last):
  File "/workspace/os_moderation/gemma_local.py", line 633, in process_file
    answer_text, thinking_text, raw_response, token_infos = classify_chunk(model, processor, chunk_path, thinking, logger)
                                                            ^^^^^^^^^^^^^^^^^^^^^^^^^^^^^^^^^^^^^^^^^^^^^^^^^^^^^^^^^^^^^^
  File "/workspace/os_moderation/gemma_local.py", line 330, in classify_chunk
    prompt_text = prompt_loader.render_prompt(PROMPT_PATH, json_schema_str=RAW_SCHEMA_STR)
                  ^^^^^^^^^^^^^^^^^^^^^^^^^^^^^^^^^^^^^^^^^^^^^^^^^^^^^^^^^^^^^^^^^^^^^^^^
  File "/workspace/os_moderation/prompt_loader.py", line 80, in render_prompt
    text = load_raw_prompt(path)
           ^^^^^^^^^^^^^^^^^^^^^
  File "/workspace/os_moderation/prompt_loader.py", line 62, in load_raw_prompt
    raise FileNotFoundError(
FileNotFoundError: Prompt file not found: /workspace/os_moderation/prompt_v5.py
This pipeline never hardcodes policy/classification text — supply this file before running this stage.

[2026-09-24T18:29:13] [INFO] [10/50] rec_audio_call_426851772_audio_1789020879921.mp3
[2026-09-24T18:29:13] [ERROR] rec_audio_call_426851772_audio_1789020879921.mp3 chunk@0.0s failed: Prompt file not found: /workspace/os_moderation/prompt_v5.py
This pipeline never hardcodes policy/classification text — supply this file before running this stage.
Traceback (most recent call last):
  File "/workspace/os_moderation/gemma_local.py", line 633, in process_file
    answer_text, thinking_text, raw_response, token_infos = classify_chunk(model, processor, chunk_path, thinking, logger)
                                                            ^^^^^^^^^^^^^^^^^^^^^^^^^^^^^^^^^^^^^^^^^^^^^^^^^^^^^^^^^^^^^^
  File "/workspace/os_moderation/gemma_local.py", line 330, in classify_chunk
    prompt_text = prompt_loader.render_prompt(PROMPT_PATH, json_schema_str=RAW_SCHEMA_STR)
                  ^^^^^^^^^^^^^^^^^^^^^^^^^^^^^^^^^^^^^^^^^^^^^^^^^^^^^^^^^^^^^^^^^^^^^^^^
  File "/workspace/os_moderation/prompt_loader.py", line 80, in render_prompt
    text = load_raw_prompt(path)
           ^^^^^^^^^^^^^^^^^^^^^
  File "/workspace/os_moderation/prompt_loader.py", line 62, in load_raw_prompt
    raise FileNotFoundError(
FileNotFoundError: Prompt file not found: /workspace/os_moderation/prompt_v5.py
This pipeline never hardcodes policy/classification text — supply this file before running this stage.

[2026-09-24T18:29:13] [ERROR] rec_audio_call_426851772_audio_1789020879921.mp3 chunk@28.0s failed: Prompt file not found: /workspace/os_moderation/prompt_v5.py
This pipeline never hardcodes policy/classification text — supply this file before running this stage.
Traceback (most recent call last):
  File "/workspace/os_moderation/gemma_local.py", line 633, in process_file
    answer_text, thinking_text, raw_response, token_infos = classify_chunk(model, processor, chunk_path, thinking, logger)
                                                            ^^^^^^^^^^^^^^^^^^^^^^^^^^^^^^^^^^^^^^^^^^^^^^^^^^^^^^^^^^^^^^
  File "/workspace/os_moderation/gemma_local.py", line 330, in classify_chunk
    prompt_text = prompt_loader.render_prompt(PROMPT_PATH, json_schema_str=RAW_SCHEMA_STR)
                  ^^^^^^^^^^^^^^^^^^^^^^^^^^^^^^^^^^^^^^^^^^^^^^^^^^^^^^^^^^^^^^^^^^^^^^^^
  File "/workspace/os_moderation/prompt_loader.py", line 80, in render_prompt
    text = load_raw_prompt(path)
           ^^^^^^^^^^^^^^^^^^^^^
  File "/workspace/os_moderation/prompt_loader.py", line 62, in load_raw_prompt
    raise FileNotFoundError(
FileNotFoundError: Prompt file not found: /workspace/os_moderation/prompt_v5.py
This pipeline never hardcodes policy/classification text — supply this file before running this stage.

[2026-09-24T18:29:13] [ERROR] rec_audio_call_426851772_audio_1789020879921.mp3 chunk@56.0s failed: Prompt file not found: /workspace/os_moderation/prompt_v5.py
This pipeline never hardcodes policy/classification text — supply this file before running this stage.
Traceback (most recent call last):
  File "/workspace/os_moderation/gemma_local.py", line 633, in process_file
    answer_text, thinking_text, raw_response, token_infos = classify_chunk(model, processor, chunk_path, thinking, logger)
                                                            ^^^^^^^^^^^^^^^^^^^^^^^^^^^^^^^^^^^^^^^^^^^^^^^^^^^^^^^^^^^^^^
  File "/workspace/os_moderation/gemma_local.py", line 330, in classify_chunk
    prompt_text = prompt_loader.render_prompt(PROMPT_PATH, json_schema_str=RAW_SCHEMA_STR)
                  ^^^^^^^^^^^^^^^^^^^^^^^^^^^^^^^^^^^^^^^^^^^^^^^^^^^^^^^^^^^^^^^^^^^^^^^^
  File "/workspace/os_moderation/prompt_loader.py", line 80, in render_prompt
    text = load_raw_prompt(path)
           ^^^^^^^^^^^^^^^^^^^^^
  File "/workspace/os_moderation/prompt_loader.py", line 62, in load_raw_prompt
    raise FileNotFoundError(
FileNotFoundError: Prompt file not found: /workspace/os_moderation/prompt_v5.py
This pipeline never hardcodes policy/classification text — supply this file before running this stage.

[2026-09-24T18:29:13] [ERROR] rec_audio_call_426851772_audio_1789020879921.mp3 chunk@84.0s failed: Prompt file not found: /workspace/os_moderation/prompt_v5.py
This pipeline never hardcodes policy/classification text — supply this file before running this stage.
Traceback (most recent call last):
  File "/workspace/os_moderation/gemma_local.py", line 633, in process_file
    answer_text, thinking_text, raw_response, token_infos = classify_chunk(model, processor, chunk_path, thinking, logger)
                                                            ^^^^^^^^^^^^^^^^^^^^^^^^^^^^^^^^^^^^^^^^^^^^^^^^^^^^^^^^^^^^^^
  File "/workspace/os_moderation/gemma_local.py", line 330, in classify_chunk
    prompt_text = prompt_loader.render_prompt(PROMPT_PATH, json_schema_str=RAW_SCHEMA_STR)
                  ^^^^^^^^^^^^^^^^^^^^^^^^^^^^^^^^^^^^^^^^^^^^^^^^^^^^^^^^^^^^^^^^^^^^^^^^
  File "/workspace/os_moderation/prompt_loader.py", line 80, in render_prompt
    text = load_raw_prompt(path)
           ^^^^^^^^^^^^^^^^^^^^^
  File "/workspace/os_moderation/prompt_loader.py", line 62, in load_raw_prompt
    raise FileNotFoundError(
FileNotFoundError: Prompt file not found: /workspace/os_moderation/prompt_v5.py
This pipeline never hardcodes policy/classification text — supply this file before running this stage.

[2026-09-24T18:29:13] [ERROR] rec_audio_call_426851772_audio_1789020879921.mp3 chunk@112.0s failed: Prompt file not found: /workspace/os_moderation/prompt_v5.py
This pipeline never hardcodes policy/classification text — supply this file before running this stage.
Traceback (most recent call last):
  File "/workspace/os_moderation/gemma_local.py", line 633, in process_file
    answer_text, thinking_text, raw_response, token_infos = classify_chunk(model, processor, chunk_path, thinking, logger)
                                                            ^^^^^^^^^^^^^^^^^^^^^^^^^^^^^^^^^^^^^^^^^^^^^^^^^^^^^^^^^^^^^^
  File "/workspace/os_moderation/gemma_local.py", line 330, in classify_chunk
    prompt_text = prompt_loader.render_prompt(PROMPT_PATH, json_schema_str=RAW_SCHEMA_STR)
                  ^^^^^^^^^^^^^^^^^^^^^^^^^^^^^^^^^^^^^^^^^^^^^^^^^^^^^^^^^^^^^^^^^^^^^^^^
  File "/workspace/os_moderation/prompt_loader.py", line 80, in render_prompt
    text = load_raw_prompt(path)
           ^^^^^^^^^^^^^^^^^^^^^
  File "/workspace/os_moderation/prompt_loader.py", line 62, in load_raw_prompt
    raise FileNotFoundError(
FileNotFoundError: Prompt file not found: /workspace/os_moderation/prompt_v5.py
This pipeline never hardcodes policy/classification text — supply this file before running this stage.

[2026-09-24T18:29:13] [ERROR] rec_audio_call_426851772_audio_1789020879921.mp3 chunk@140.0s failed: Prompt file not found: /workspace/os_moderation/prompt_v5.py
This pipeline never hardcodes policy/classification text — supply this file before running this stage.
Traceback (most recent call last):
  File "/workspace/os_moderation/gemma_local.py", line 633, in process_file
    answer_text, thinking_text, raw_response, token_infos = classify_chunk(model, processor, chunk_path, thinking, logger)
                                                            ^^^^^^^^^^^^^^^^^^^^^^^^^^^^^^^^^^^^^^^^^^^^^^^^^^^^^^^^^^^^^^
  File "/workspace/os_moderation/gemma_local.py", line 330, in classify_chunk
    prompt_text = prompt_loader.render_prompt(PROMPT_PATH, json_schema_str=RAW_SCHEMA_STR)
                  ^^^^^^^^^^^^^^^^^^^^^^^^^^^^^^^^^^^^^^^^^^^^^^^^^^^^^^^^^^^^^^^^^^^^^^^^
  File "/workspace/os_moderation/prompt_loader.py", line 80, in render_prompt
    text = load_raw_prompt(path)
           ^^^^^^^^^^^^^^^^^^^^^
  File "/workspace/os_moderation/prompt_loader.py", line 62, in load_raw_prompt
    raise FileNotFoundError(
FileNotFoundError: Prompt file not found: /workspace/os_moderation/prompt_v5.py
This pipeline never hardcodes policy/classification text — supply this file before running this stage.

[2026-09-24T18:29:13] [INFO] [11/50] rec_default_426634262_audio_1788988662985.mp3
[2026-09-24T18:29:14] [ERROR] rec_default_426634262_audio_1788988662985.mp3 chunk@0.0s failed: Prompt file not found: /workspace/os_moderation/prompt_v5.py
This pipeline never hardcodes policy/classification text — supply this file before running this stage.
Traceback (most recent call last):
  File "/workspace/os_moderation/gemma_local.py", line 633, in process_file
    answer_text, thinking_text, raw_response, token_infos = classify_chunk(model, processor, chunk_path, thinking, logger)
                                                            ^^^^^^^^^^^^^^^^^^^^^^^^^^^^^^^^^^^^^^^^^^^^^^^^^^^^^^^^^^^^^^
  File "/workspace/os_moderation/gemma_local.py", line 330, in classify_chunk
    prompt_text = prompt_loader.render_prompt(PROMPT_PATH, json_schema_str=RAW_SCHEMA_STR)
                  ^^^^^^^^^^^^^^^^^^^^^^^^^^^^^^^^^^^^^^^^^^^^^^^^^^^^^^^^^^^^^^^^^^^^^^^^
  File "/workspace/os_moderation/prompt_loader.py", line 80, in render_prompt
    text = load_raw_prompt(path)
           ^^^^^^^^^^^^^^^^^^^^^
  File "/workspace/os_moderation/prompt_loader.py", line 62, in load_raw_prompt
    raise FileNotFoundError(
FileNotFoundError: Prompt file not found: /workspace/os_moderation/prompt_v5.py
This pipeline never hardcodes policy/classification text — supply this file before running this stage.

[2026-09-24T18:29:14] [ERROR] rec_default_426634262_audio_1788988662985.mp3 chunk@28.0s failed: Prompt file not found: /workspace/os_moderation/prompt_v5.py
This pipeline never hardcodes policy/classification text — supply this file before running this stage.
Traceback (most recent call last):
  File "/workspace/os_moderation/gemma_local.py", line 633, in process_file
    answer_text, thinking_text, raw_response, token_infos = classify_chunk(model, processor, chunk_path, thinking, logger)
                                                            ^^^^^^^^^^^^^^^^^^^^^^^^^^^^^^^^^^^^^^^^^^^^^^^^^^^^^^^^^^^^^^
  File "/workspace/os_moderation/gemma_local.py", line 330, in classify_chunk
    prompt_text = prompt_loader.render_prompt(PROMPT_PATH, json_schema_str=RAW_SCHEMA_STR)
                  ^^^^^^^^^^^^^^^^^^^^^^^^^^^^^^^^^^^^^^^^^^^^^^^^^^^^^^^^^^^^^^^^^^^^^^^^
  File "/workspace/os_moderation/prompt_loader.py", line 80, in render_prompt
    text = load_raw_prompt(path)
           ^^^^^^^^^^^^^^^^^^^^^
  File "/workspace/os_moderation/prompt_loader.py", line 62, in load_raw_prompt
    raise FileNotFoundError(
FileNotFoundError: Prompt file not found: /workspace/os_moderation/prompt_v5.py
This pipeline never hardcodes policy/classification text — supply this file before running this stage.

[2026-09-24T18:29:14] [INFO] [12/50] rec_audio_call_424416192_audio_1788788125311.mp3
[2026-09-24T18:29:14] [ERROR] rec_audio_call_424416192_audio_1788788125311.mp3 chunk@0.0s failed: Prompt file not found: /workspace/os_moderation/prompt_v5.py
This pipeline never hardcodes policy/classification text — supply this file before running this stage.
Traceback (most recent call last):
  File "/workspace/os_moderation/gemma_local.py", line 633, in process_file
    answer_text, thinking_text, raw_response, token_infos = classify_chunk(model, processor, chunk_path, thinking, logger)
                                                            ^^^^^^^^^^^^^^^^^^^^^^^^^^^^^^^^^^^^^^^^^^^^^^^^^^^^^^^^^^^^^^
  File "/workspace/os_moderation/gemma_local.py", line 330, in classify_chunk
    prompt_text = prompt_loader.render_prompt(PROMPT_PATH, json_schema_str=RAW_SCHEMA_STR)
                  ^^^^^^^^^^^^^^^^^^^^^^^^^^^^^^^^^^^^^^^^^^^^^^^^^^^^^^^^^^^^^^^^^^^^^^^^
  File "/workspace/os_moderation/prompt_loader.py", line 80, in render_prompt
    text = load_raw_prompt(path)
           ^^^^^^^^^^^^^^^^^^^^^
  File "/workspace/os_moderation/prompt_loader.py", line 62, in load_raw_prompt
    raise FileNotFoundError(
FileNotFoundError: Prompt file not found: /workspace/os_moderation/prompt_v5.py
This pipeline never hardcodes policy/classification text — supply this file before running this stage.

[2026-09-24T18:29:14] [ERROR] rec_audio_call_424416192_audio_1788788125311.mp3 chunk@28.0s failed: Prompt file not found: /workspace/os_moderation/prompt_v5.py
This pipeline never hardcodes policy/classification text — supply this file before running this stage.
Traceback (most recent call last):
  File "/workspace/os_moderation/gemma_local.py", line 633, in process_file
    answer_text, thinking_text, raw_response, token_infos = classify_chunk(model, processor, chunk_path, thinking, logger)
                                                            ^^^^^^^^^^^^^^^^^^^^^^^^^^^^^^^^^^^^^^^^^^^^^^^^^^^^^^^^^^^^^^
  File "/workspace/os_moderation/gemma_local.py", line 330, in classify_chunk
    prompt_text = prompt_loader.render_prompt(PROMPT_PATH, json_schema_str=RAW_SCHEMA_STR)
                  ^^^^^^^^^^^^^^^^^^^^^^^^^^^^^^^^^^^^^^^^^^^^^^^^^^^^^^^^^^^^^^^^^^^^^^^^
  File "/workspace/os_moderation/prompt_loader.py", line 80, in render_prompt
    text = load_raw_prompt(path)
           ^^^^^^^^^^^^^^^^^^^^^
  File "/workspace/os_moderation/prompt_loader.py", line 62, in load_raw_prompt
    raise FileNotFoundError(
FileNotFoundError: Prompt file not found: /workspace/os_moderation/prompt_v5.py
This pipeline never hardcodes policy/classification text — supply this file before running this stage.

[2026-09-24T18:29:14] [ERROR] rec_audio_call_424416192_audio_1788788125311.mp3 chunk@56.0s failed: Prompt file not found: /workspace/os_moderation/prompt_v5.py
This pipeline never hardcodes policy/classification text — supply this file before running this stage.
Traceback (most recent call last):
  File "/workspace/os_moderation/gemma_local.py", line 633, in process_file
    answer_text, thinking_text, raw_response, token_infos = classify_chunk(model, processor, chunk_path, thinking, logger)
                                                            ^^^^^^^^^^^^^^^^^^^^^^^^^^^^^^^^^^^^^^^^^^^^^^^^^^^^^^^^^^^^^^
  File "/workspace/os_moderation/gemma_local.py", line 330, in classify_chunk
    prompt_text = prompt_loader.render_prompt(PROMPT_PATH, json_schema_str=RAW_SCHEMA_STR)
                  ^^^^^^^^^^^^^^^^^^^^^^^^^^^^^^^^^^^^^^^^^^^^^^^^^^^^^^^^^^^^^^^^^^^^^^^^
  File "/workspace/os_moderation/prompt_loader.py", line 80, in render_prompt
    text = load_raw_prompt(path)
           ^^^^^^^^^^^^^^^^^^^^^
  File "/workspace/os_moderation/prompt_loader.py", line 62, in load_raw_prompt
    raise FileNotFoundError(
FileNotFoundError: Prompt file not found: /workspace/os_moderation/prompt_v5.py
This pipeline never hardcodes policy/classification text — supply this file before running this stage.

[2026-09-24T18:29:14] [ERROR] rec_audio_call_424416192_audio_1788788125311.mp3 chunk@84.0s failed: Prompt file not found: /workspace/os_moderation/prompt_v5.py
This pipeline never hardcodes policy/classification text — supply this file before running this stage.
Traceback (most recent call last):
  File "/workspace/os_moderation/gemma_local.py", line 633, in process_file
    answer_text, thinking_text, raw_response, token_infos = classify_chunk(model, processor, chunk_path, thinking, logger)
                                                            ^^^^^^^^^^^^^^^^^^^^^^^^^^^^^^^^^^^^^^^^^^^^^^^^^^^^^^^^^^^^^^
  File "/workspace/os_moderation/gemma_local.py", line 330, in classify_chunk
    prompt_text = prompt_loader.render_prompt(PROMPT_PATH, json_schema_str=RAW_SCHEMA_STR)
                  ^^^^^^^^^^^^^^^^^^^^^^^^^^^^^^^^^^^^^^^^^^^^^^^^^^^^^^^^^^^^^^^^^^^^^^^^
  File "/workspace/os_moderation/prompt_loader.py", line 80, in render_prompt
    text = load_raw_prompt(path)
           ^^^^^^^^^^^^^^^^^^^^^
  File "/workspace/os_moderation/prompt_loader.py", line 62, in load_raw_prompt
    raise FileNotFoundError(
FileNotFoundError: Prompt file not found: /workspace/os_moderation/prompt_v5.py
This pipeline never hardcodes policy/classification text — supply this file before running this stage.

[2026-09-24T18:29:14] [ERROR] rec_audio_call_424416192_audio_1788788125311.mp3 chunk@112.0s failed: Prompt file not found: /workspace/os_moderation/prompt_v5.py
This pipeline never hardcodes policy/classification text — supply this file before running this stage.
Traceback (most recent call last):
  File "/workspace/os_moderation/gemma_local.py", line 633, in process_file
    answer_text, thinking_text, raw_response, token_infos = classify_chunk(model, processor, chunk_path, thinking, logger)
                                                            ^^^^^^^^^^^^^^^^^^^^^^^^^^^^^^^^^^^^^^^^^^^^^^^^^^^^^^^^^^^^^^
  File "/workspace/os_moderation/gemma_local.py", line 330, in classify_chunk
    prompt_text = prompt_loader.render_prompt(PROMPT_PATH, json_schema_str=RAW_SCHEMA_STR)
                  ^^^^^^^^^^^^^^^^^^^^^^^^^^^^^^^^^^^^^^^^^^^^^^^^^^^^^^^^^^^^^^^^^^^^^^^^
  File "/workspace/os_moderation/prompt_loader.py", line 80, in render_prompt
    text = load_raw_prompt(path)
           ^^^^^^^^^^^^^^^^^^^^^
  File "/workspace/os_moderation/prompt_loader.py", line 62, in load_raw_prompt
    raise FileNotFoundError(
FileNotFoundError: Prompt file not found: /workspace/os_moderation/prompt_v5.py
This pipeline never hardcodes policy/classification text — supply this file before running this stage.

[2026-09-24T18:29:14] [ERROR] rec_audio_call_424416192_audio_1788788125311.mp3 chunk@140.0s failed: Prompt file not found: /workspace/os_moderation/prompt_v5.py
This pipeline never hardcodes policy/classification text — supply this file before running this stage.
Traceback (most recent call last):
  File "/workspace/os_moderation/gemma_local.py", line 633, in process_file
    answer_text, thinking_text, raw_response, token_infos = classify_chunk(model, processor, chunk_path, thinking, logger)
                                                            ^^^^^^^^^^^^^^^^^^^^^^^^^^^^^^^^^^^^^^^^^^^^^^^^^^^^^^^^^^^^^^
  File "/workspace/os_moderation/gemma_local.py", line 330, in classify_chunk
    prompt_text = prompt_loader.render_prompt(PROMPT_PATH, json_schema_str=RAW_SCHEMA_STR)
                  ^^^^^^^^^^^^^^^^^^^^^^^^^^^^^^^^^^^^^^^^^^^^^^^^^^^^^^^^^^^^^^^^^^^^^^^^
  File "/workspace/os_moderation/prompt_loader.py", line 80, in render_prompt
    text = load_raw_prompt(path)
           ^^^^^^^^^^^^^^^^^^^^^
  File "/workspace/os_moderation/prompt_loader.py", line 62, in load_raw_prompt
    raise FileNotFoundError(
FileNotFoundError: Prompt file not found: /workspace/os_moderation/prompt_v5.py
This pipeline never hardcodes policy/classification text — supply this file before running this stage.

[2026-09-24T18:29:14] [INFO] [13/50] rec_default_426593601_audio_1788984536403.mp3
[2026-09-24T18:29:15] [ERROR] rec_default_426593601_audio_1788984536403.mp3 chunk@0.0s failed: Prompt file not found: /workspace/os_moderation/prompt_v5.py
This pipeline never hardcodes policy/classification text — supply this file before running this stage.
Traceback (most recent call last):
  File "/workspace/os_moderation/gemma_local.py", line 633, in process_file
    answer_text, thinking_text, raw_response, token_infos = classify_chunk(model, processor, chunk_path, thinking, logger)
                                                            ^^^^^^^^^^^^^^^^^^^^^^^^^^^^^^^^^^^^^^^^^^^^^^^^^^^^^^^^^^^^^^
  File "/workspace/os_moderation/gemma_local.py", line 330, in classify_chunk
    prompt_text = prompt_loader.render_prompt(PROMPT_PATH, json_schema_str=RAW_SCHEMA_STR)
                  ^^^^^^^^^^^^^^^^^^^^^^^^^^^^^^^^^^^^^^^^^^^^^^^^^^^^^^^^^^^^^^^^^^^^^^^^
  File "/workspace/os_moderation/prompt_loader.py", line 80, in render_prompt
    text = load_raw_prompt(path)
           ^^^^^^^^^^^^^^^^^^^^^
  File "/workspace/os_moderation/prompt_loader.py", line 62, in load_raw_prompt
    raise FileNotFoundError(
FileNotFoundError: Prompt file not found: /workspace/os_moderation/prompt_v5.py
This pipeline never hardcodes policy/classification text — supply this file before running this stage.

[2026-09-24T18:29:15] [ERROR] rec_default_426593601_audio_1788984536403.mp3 chunk@28.0s failed: Prompt file not found: /workspace/os_moderation/prompt_v5.py
This pipeline never hardcodes policy/classification text — supply this file before running this stage.
Traceback (most recent call last):
  File "/workspace/os_moderation/gemma_local.py", line 633, in process_file
    answer_text, thinking_text, raw_response, token_infos = classify_chunk(model, processor, chunk_path, thinking, logger)
                                                            ^^^^^^^^^^^^^^^^^^^^^^^^^^^^^^^^^^^^^^^^^^^^^^^^^^^^^^^^^^^^^^
  File "/workspace/os_moderation/gemma_local.py", line 330, in classify_chunk
    prompt_text = prompt_loader.render_prompt(PROMPT_PATH, json_schema_str=RAW_SCHEMA_STR)
                  ^^^^^^^^^^^^^^^^^^^^^^^^^^^^^^^^^^^^^^^^^^^^^^^^^^^^^^^^^^^^^^^^^^^^^^^^
  File "/workspace/os_moderation/prompt_loader.py", line 80, in render_prompt
    text = load_raw_prompt(path)
           ^^^^^^^^^^^^^^^^^^^^^
  File "/workspace/os_moderation/prompt_loader.py", line 62, in load_raw_prompt
    raise FileNotFoundError(
FileNotFoundError: Prompt file not found: /workspace/os_moderation/prompt_v5.py
This pipeline never hardcodes policy/classification text — supply this file before running this stage.

[2026-09-24T18:29:15] [ERROR] rec_default_426593601_audio_1788984536403.mp3 chunk@56.0s failed: Prompt file not found: /workspace/os_moderation/prompt_v5.py
This pipeline never hardcodes policy/classification text — supply this file before running this stage.
Traceback (most recent call last):
  File "/workspace/os_moderation/gemma_local.py", line 633, in process_file
    answer_text, thinking_text, raw_response, token_infos = classify_chunk(model, processor, chunk_path, thinking, logger)
                                                            ^^^^^^^^^^^^^^^^^^^^^^^^^^^^^^^^^^^^^^^^^^^^^^^^^^^^^^^^^^^^^^
  File "/workspace/os_moderation/gemma_local.py", line 330, in classify_chunk
    prompt_text = prompt_loader.render_prompt(PROMPT_PATH, json_schema_str=RAW_SCHEMA_STR)
                  ^^^^^^^^^^^^^^^^^^^^^^^^^^^^^^^^^^^^^^^^^^^^^^^^^^^^^^^^^^^^^^^^^^^^^^^^
  File "/workspace/os_moderation/prompt_loader.py", line 80, in render_prompt
    text = load_raw_prompt(path)
           ^^^^^^^^^^^^^^^^^^^^^
  File "/workspace/os_moderation/prompt_loader.py", line 62, in load_raw_prompt
    raise FileNotFoundError(
FileNotFoundError: Prompt file not found: /workspace/os_moderation/prompt_v5.py
This pipeline never hardcodes policy/classification text — supply this file before running this stage.

[2026-09-24T18:29:15] [ERROR] rec_default_426593601_audio_1788984536403.mp3 chunk@84.0s failed: Prompt file not found: /workspace/os_moderation/prompt_v5.py
This pipeline never hardcodes policy/classification text — supply this file before running this stage.
Traceback (most recent call last):
  File "/workspace/os_moderation/gemma_local.py", line 633, in process_file
    answer_text, thinking_text, raw_response, token_infos = classify_chunk(model, processor, chunk_path, thinking, logger)
                                                            ^^^^^^^^^^^^^^^^^^^^^^^^^^^^^^^^^^^^^^^^^^^^^^^^^^^^^^^^^^^^^^
  File "/workspace/os_moderation/gemma_local.py", line 330, in classify_chunk
    prompt_text = prompt_loader.render_prompt(PROMPT_PATH, json_schema_str=RAW_SCHEMA_STR)
                  ^^^^^^^^^^^^^^^^^^^^^^^^^^^^^^^^^^^^^^^^^^^^^^^^^^^^^^^^^^^^^^^^^^^^^^^^
  File "/workspace/os_moderation/prompt_loader.py", line 80, in render_prompt
    text = load_raw_prompt(path)
           ^^^^^^^^^^^^^^^^^^^^^
  File "/workspace/os_moderation/prompt_loader.py", line 62, in load_raw_prompt
    raise FileNotFoundError(
FileNotFoundError: Prompt file not found: /workspace/os_moderation/prompt_v5.py
This pipeline never hardcodes policy/classification text — supply this file before running this stage.

[2026-09-24T18:29:15] [ERROR] rec_default_426593601_audio_1788984536403.mp3 chunk@112.0s failed: Prompt file not found: /workspace/os_moderation/prompt_v5.py
This pipeline never hardcodes policy/classification text — supply this file before running this stage.
Traceback (most recent call last):
  File "/workspace/os_moderation/gemma_local.py", line 633, in process_file
    answer_text, thinking_text, raw_response, token_infos = classify_chunk(model, processor, chunk_path, thinking, logger)
                                                            ^^^^^^^^^^^^^^^^^^^^^^^^^^^^^^^^^^^^^^^^^^^^^^^^^^^^^^^^^^^^^^
  File "/workspace/os_moderation/gemma_local.py", line 330, in classify_chunk
    prompt_text = prompt_loader.render_prompt(PROMPT_PATH, json_schema_str=RAW_SCHEMA_STR)
                  ^^^^^^^^^^^^^^^^^^^^^^^^^^^^^^^^^^^^^^^^^^^^^^^^^^^^^^^^^^^^^^^^^^^^^^^^
  File "/workspace/os_moderation/prompt_loader.py", line 80, in render_prompt
    text = load_raw_prompt(path)
           ^^^^^^^^^^^^^^^^^^^^^
  File "/workspace/os_moderation/prompt_loader.py", line 62, in load_raw_prompt
    raise FileNotFoundError(
FileNotFoundError: Prompt file not found: /workspace/os_moderation/prompt_v5.py
This pipeline never hardcodes policy/classification text — supply this file before running this stage.

[2026-09-24T18:29:15] [ERROR] rec_default_426593601_audio_1788984536403.mp3 chunk@140.0s failed: Prompt file not found: /workspace/os_moderation/prompt_v5.py
This pipeline never hardcodes policy/classification text — supply this file before running this stage.
Traceback (most recent call last):
  File "/workspace/os_moderation/gemma_local.py", line 633, in process_file
    answer_text, thinking_text, raw_response, token_infos = classify_chunk(model, processor, chunk_path, thinking, logger)
                                                            ^^^^^^^^^^^^^^^^^^^^^^^^^^^^^^^^^^^^^^^^^^^^^^^^^^^^^^^^^^^^^^
  File "/workspace/os_moderation/gemma_local.py", line 330, in classify_chunk
    prompt_text = prompt_loader.render_prompt(PROMPT_PATH, json_schema_str=RAW_SCHEMA_STR)
                  ^^^^^^^^^^^^^^^^^^^^^^^^^^^^^^^^^^^^^^^^^^^^^^^^^^^^^^^^^^^^^^^^^^^^^^^^
  File "/workspace/os_moderation/prompt_loader.py", line 80, in render_prompt
    text = load_raw_prompt(path)
           ^^^^^^^^^^^^^^^^^^^^^
  File "/workspace/os_moderation/prompt_loader.py", line 62, in load_raw_prompt
    raise FileNotFoundError(
FileNotFoundError: Prompt file not found: /workspace/os_moderation/prompt_v5.py
This pipeline never hardcodes policy/classification text — supply this file before running this stage.

[2026-09-24T18:29:15] [INFO] [14/50] rec_default_426620137_audio_1788986984372.mp3
[2026-09-24T18:29:15] [ERROR] rec_default_426620137_audio_1788986984372.mp3 chunk@0.0s failed: Prompt file not found: /workspace/os_moderation/prompt_v5.py
This pipeline never hardcodes policy/classification text — supply this file before running this stage.
Traceback (most recent call last):
  File "/workspace/os_moderation/gemma_local.py", line 633, in process_file
    answer_text, thinking_text, raw_response, token_infos = classify_chunk(model, processor, chunk_path, thinking, logger)
                                                            ^^^^^^^^^^^^^^^^^^^^^^^^^^^^^^^^^^^^^^^^^^^^^^^^^^^^^^^^^^^^^^
  File "/workspace/os_moderation/gemma_local.py", line 330, in classify_chunk
    prompt_text = prompt_loader.render_prompt(PROMPT_PATH, json_schema_str=RAW_SCHEMA_STR)
                  ^^^^^^^^^^^^^^^^^^^^^^^^^^^^^^^^^^^^^^^^^^^^^^^^^^^^^^^^^^^^^^^^^^^^^^^^
  File "/workspace/os_moderation/prompt_loader.py", line 80, in render_prompt
    text = load_raw_prompt(path)
           ^^^^^^^^^^^^^^^^^^^^^
  File "/workspace/os_moderation/prompt_loader.py", line 62, in load_raw_prompt
    raise FileNotFoundError(
FileNotFoundError: Prompt file not found: /workspace/os_moderation/prompt_v5.py
This pipeline never hardcodes policy/classification text — supply this file before running this stage.

[2026-09-24T18:29:15] [ERROR] rec_default_426620137_audio_1788986984372.mp3 chunk@28.0s failed: Prompt file not found: /workspace/os_moderation/prompt_v5.py
This pipeline never hardcodes policy/classification text — supply this file before running this stage.
Traceback (most recent call last):
  File "/workspace/os_moderation/gemma_local.py", line 633, in process_file
    answer_text, thinking_text, raw_response, token_infos = classify_chunk(model, processor, chunk_path, thinking, logger)
                                                            ^^^^^^^^^^^^^^^^^^^^^^^^^^^^^^^^^^^^^^^^^^^^^^^^^^^^^^^^^^^^^^
  File "/workspace/os_moderation/gemma_local.py", line 330, in classify_chunk
    prompt_text = prompt_loader.render_prompt(PROMPT_PATH, json_schema_str=RAW_SCHEMA_STR)
                  ^^^^^^^^^^^^^^^^^^^^^^^^^^^^^^^^^^^^^^^^^^^^^^^^^^^^^^^^^^^^^^^^^^^^^^^^
  File "/workspace/os_moderation/prompt_loader.py", line 80, in render_prompt
    text = load_raw_prompt(path)
           ^^^^^^^^^^^^^^^^^^^^^
  File "/workspace/os_moderation/prompt_loader.py", line 62, in load_raw_prompt
    raise FileNotFoundError(
FileNotFoundError: Prompt file not found: /workspace/os_moderation/prompt_v5.py
This pipeline never hardcodes policy/classification text — supply this file before running this stage.

[2026-09-24T18:29:15] [ERROR] rec_default_426620137_audio_1788986984372.mp3 chunk@56.0s failed: Prompt file not found: /workspace/os_moderation/prompt_v5.py
This pipeline never hardcodes policy/classification text — supply this file before running this stage.
Traceback (most recent call last):
  File "/workspace/os_moderation/gemma_local.py", line 633, in process_file
    answer_text, thinking_text, raw_response, token_infos = classify_chunk(model, processor, chunk_path, thinking, logger)
                                                            ^^^^^^^^^^^^^^^^^^^^^^^^^^^^^^^^^^^^^^^^^^^^^^^^^^^^^^^^^^^^^^
  File "/workspace/os_moderation/gemma_local.py", line 330, in classify_chunk
    prompt_text = prompt_loader.render_prompt(PROMPT_PATH, json_schema_str=RAW_SCHEMA_STR)
                  ^^^^^^^^^^^^^^^^^^^^^^^^^^^^^^^^^^^^^^^^^^^^^^^^^^^^^^^^^^^^^^^^^^^^^^^^
  File "/workspace/os_moderation/prompt_loader.py", line 80, in render_prompt
    text = load_raw_prompt(path)
           ^^^^^^^^^^^^^^^^^^^^^
  File "/workspace/os_moderation/prompt_loader.py", line 62, in load_raw_prompt
    raise FileNotFoundError(
FileNotFoundError: Prompt file not found: /workspace/os_moderation/prompt_v5.py
This pipeline never hardcodes policy/classification text — supply this file before running this stage.

[2026-09-24T18:29:15] [ERROR] rec_default_426620137_audio_1788986984372.mp3 chunk@84.0s failed: Prompt file not found: /workspace/os_moderation/prompt_v5.py
This pipeline never hardcodes policy/classification text — supply this file before running this stage.
Traceback (most recent call last):
  File "/workspace/os_moderation/gemma_local.py", line 633, in process_file
    answer_text, thinking_text, raw_response, token_infos = classify_chunk(model, processor, chunk_path, thinking, logger)
                                                            ^^^^^^^^^^^^^^^^^^^^^^^^^^^^^^^^^^^^^^^^^^^^^^^^^^^^^^^^^^^^^^
  File "/workspace/os_moderation/gemma_local.py", line 330, in classify_chunk
    prompt_text = prompt_loader.render_prompt(PROMPT_PATH, json_schema_str=RAW_SCHEMA_STR)
                  ^^^^^^^^^^^^^^^^^^^^^^^^^^^^^^^^^^^^^^^^^^^^^^^^^^^^^^^^^^^^^^^^^^^^^^^^
  File "/workspace/os_moderation/prompt_loader.py", line 80, in render_prompt
    text = load_raw_prompt(path)
           ^^^^^^^^^^^^^^^^^^^^^
  File "/workspace/os_moderation/prompt_loader.py", line 62, in load_raw_prompt
    raise FileNotFoundError(
FileNotFoundError: Prompt file not found: /workspace/os_moderation/prompt_v5.py
This pipeline never hardcodes policy/classification text — supply this file before running this stage.

[2026-09-24T18:29:15] [ERROR] rec_default_426620137_audio_1788986984372.mp3 chunk@112.0s failed: Prompt file not found: /workspace/os_moderation/prompt_v5.py
This pipeline never hardcodes policy/classification text — supply this file before running this stage.
Traceback (most recent call last):
  File "/workspace/os_moderation/gemma_local.py", line 633, in process_file
    answer_text, thinking_text, raw_response, token_infos = classify_chunk(model, processor, chunk_path, thinking, logger)
                                                            ^^^^^^^^^^^^^^^^^^^^^^^^^^^^^^^^^^^^^^^^^^^^^^^^^^^^^^^^^^^^^^
  File "/workspace/os_moderation/gemma_local.py", line 330, in classify_chunk
    prompt_text = prompt_loader.render_prompt(PROMPT_PATH, json_schema_str=RAW_SCHEMA_STR)
                  ^^^^^^^^^^^^^^^^^^^^^^^^^^^^^^^^^^^^^^^^^^^^^^^^^^^^^^^^^^^^^^^^^^^^^^^^
  File "/workspace/os_moderation/prompt_loader.py", line 80, in render_prompt
    text = load_raw_prompt(path)
           ^^^^^^^^^^^^^^^^^^^^^
  File "/workspace/os_moderation/prompt_loader.py", line 62, in load_raw_prompt
    raise FileNotFoundError(
FileNotFoundError: Prompt file not found: /workspace/os_moderation/prompt_v5.py
This pipeline never hardcodes policy/classification text — supply this file before running this stage.

[2026-09-24T18:29:15] [ERROR] rec_default_426620137_audio_1788986984372.mp3 chunk@140.0s failed: Prompt file not found: /workspace/os_moderation/prompt_v5.py
This pipeline never hardcodes policy/classification text — supply this file before running this stage.
Traceback (most recent call last):
  File "/workspace/os_moderation/gemma_local.py", line 633, in process_file
    answer_text, thinking_text, raw_response, token_infos = classify_chunk(model, processor, chunk_path, thinking, logger)
                                                            ^^^^^^^^^^^^^^^^^^^^^^^^^^^^^^^^^^^^^^^^^^^^^^^^^^^^^^^^^^^^^^
  File "/workspace/os_moderation/gemma_local.py", line 330, in classify_chunk
    prompt_text = prompt_loader.render_prompt(PROMPT_PATH, json_schema_str=RAW_SCHEMA_STR)
                  ^^^^^^^^^^^^^^^^^^^^^^^^^^^^^^^^^^^^^^^^^^^^^^^^^^^^^^^^^^^^^^^^^^^^^^^^
  File "/workspace/os_moderation/prompt_loader.py", line 80, in render_prompt
    text = load_raw_prompt(path)
           ^^^^^^^^^^^^^^^^^^^^^
  File "/workspace/os_moderation/prompt_loader.py", line 62, in load_raw_prompt
    raise FileNotFoundError(
FileNotFoundError: Prompt file not found: /workspace/os_moderation/prompt_v5.py
This pipeline never hardcodes policy/classification text — supply this file before running this stage.

[2026-09-24T18:29:15] [ERROR] rec_default_426620137_audio_1788986984372.mp3 chunk@168.0s failed: Prompt file not found: /workspace/os_moderation/prompt_v5.py
This pipeline never hardcodes policy/classification text — supply this file before running this stage.
Traceback (most recent call last):
  File "/workspace/os_moderation/gemma_local.py", line 633, in process_file
    answer_text, thinking_text, raw_response, token_infos = classify_chunk(model, processor, chunk_path, thinking, logger)
                                                            ^^^^^^^^^^^^^^^^^^^^^^^^^^^^^^^^^^^^^^^^^^^^^^^^^^^^^^^^^^^^^^
  File "/workspace/os_moderation/gemma_local.py", line 330, in classify_chunk
    prompt_text = prompt_loader.render_prompt(PROMPT_PATH, json_schema_str=RAW_SCHEMA_STR)
                  ^^^^^^^^^^^^^^^^^^^^^^^^^^^^^^^^^^^^^^^^^^^^^^^^^^^^^^^^^^^^^^^^^^^^^^^^
  File "/workspace/os_moderation/prompt_loader.py", line 80, in render_prompt
    text = load_raw_prompt(path)
           ^^^^^^^^^^^^^^^^^^^^^
  File "/workspace/os_moderation/prompt_loader.py", line 62, in load_raw_prompt
    raise FileNotFoundError(
FileNotFoundError: Prompt file not found: /workspace/os_moderation/prompt_v5.py
This pipeline never hardcodes policy/classification text — supply this file before running this stage.

[2026-09-24T18:29:15] [ERROR] rec_default_426620137_audio_1788986984372.mp3 chunk@196.0s failed: Prompt file not found: /workspace/os_moderation/prompt_v5.py
This pipeline never hardcodes policy/classification text — supply this file before running this stage.
Traceback (most recent call last):
  File "/workspace/os_moderation/gemma_local.py", line 633, in process_file
    answer_text, thinking_text, raw_response, token_infos = classify_chunk(model, processor, chunk_path, thinking, logger)
                                                            ^^^^^^^^^^^^^^^^^^^^^^^^^^^^^^^^^^^^^^^^^^^^^^^^^^^^^^^^^^^^^^
  File "/workspace/os_moderation/gemma_local.py", line 330, in classify_chunk
    prompt_text = prompt_loader.render_prompt(PROMPT_PATH, json_schema_str=RAW_SCHEMA_STR)
                  ^^^^^^^^^^^^^^^^^^^^^^^^^^^^^^^^^^^^^^^^^^^^^^^^^^^^^^^^^^^^^^^^^^^^^^^^
  File "/workspace/os_moderation/prompt_loader.py", line 80, in render_prompt
    text = load_raw_prompt(path)
           ^^^^^^^^^^^^^^^^^^^^^
  File "/workspace/os_moderation/prompt_loader.py", line 62, in load_raw_prompt
    raise FileNotFoundError(
FileNotFoundError: Prompt file not found: /workspace/os_moderation/prompt_v5.py
This pipeline never hardcodes policy/classification text — supply this file before running this stage.

[2026-09-24T18:29:15] [INFO] [15/50] rec_default_426633368_audio_1788988531170.mp3
[2026-09-24T18:29:16] [ERROR] rec_default_426633368_audio_1788988531170.mp3 chunk@0.0s failed: Prompt file not found: /workspace/os_moderation/prompt_v5.py
This pipeline never hardcodes policy/classification text — supply this file before running this stage.
Traceback (most recent call last):
  File "/workspace/os_moderation/gemma_local.py", line 633, in process_file
    answer_text, thinking_text, raw_response, token_infos = classify_chunk(model, processor, chunk_path, thinking, logger)
                                                            ^^^^^^^^^^^^^^^^^^^^^^^^^^^^^^^^^^^^^^^^^^^^^^^^^^^^^^^^^^^^^^
  File "/workspace/os_moderation/gemma_local.py", line 330, in classify_chunk
    prompt_text = prompt_loader.render_prompt(PROMPT_PATH, json_schema_str=RAW_SCHEMA_STR)
                  ^^^^^^^^^^^^^^^^^^^^^^^^^^^^^^^^^^^^^^^^^^^^^^^^^^^^^^^^^^^^^^^^^^^^^^^^
  File "/workspace/os_moderation/prompt_loader.py", line 80, in render_prompt
    text = load_raw_prompt(path)
           ^^^^^^^^^^^^^^^^^^^^^
  File "/workspace/os_moderation/prompt_loader.py", line 62, in load_raw_prompt
    raise FileNotFoundError(
FileNotFoundError: Prompt file not found: /workspace/os_moderation/prompt_v5.py
This pipeline never hardcodes policy/classification text — supply this file before running this stage.

[2026-09-24T18:29:16] [ERROR] rec_default_426633368_audio_1788988531170.mp3 chunk@28.0s failed: Prompt file not found: /workspace/os_moderation/prompt_v5.py
This pipeline never hardcodes policy/classification text — supply this file before running this stage.
Traceback (most recent call last):
  File "/workspace/os_moderation/gemma_local.py", line 633, in process_file
    answer_text, thinking_text, raw_response, token_infos = classify_chunk(model, processor, chunk_path, thinking, logger)
                                                            ^^^^^^^^^^^^^^^^^^^^^^^^^^^^^^^^^^^^^^^^^^^^^^^^^^^^^^^^^^^^^^
  File "/workspace/os_moderation/gemma_local.py", line 330, in classify_chunk
    prompt_text = prompt_loader.render_prompt(PROMPT_PATH, json_schema_str=RAW_SCHEMA_STR)
                  ^^^^^^^^^^^^^^^^^^^^^^^^^^^^^^^^^^^^^^^^^^^^^^^^^^^^^^^^^^^^^^^^^^^^^^^^
  File "/workspace/os_moderation/prompt_loader.py", line 80, in render_prompt
    text = load_raw_prompt(path)
           ^^^^^^^^^^^^^^^^^^^^^
  File "/workspace/os_moderation/prompt_loader.py", line 62, in load_raw_prompt
    raise FileNotFoundError(
FileNotFoundError: Prompt file not found: /workspace/os_moderation/prompt_v5.py
This pipeline never hardcodes policy/classification text — supply this file before running this stage.

[2026-09-24T18:29:16] [ERROR] rec_default_426633368_audio_1788988531170.mp3 chunk@56.0s failed: Prompt file not found: /workspace/os_moderation/prompt_v5.py
This pipeline never hardcodes policy/classification text — supply this file before running this stage.
Traceback (most recent call last):
  File "/workspace/os_moderation/gemma_local.py", line 633, in process_file
    answer_text, thinking_text, raw_response, token_infos = classify_chunk(model, processor, chunk_path, thinking, logger)
                                                            ^^^^^^^^^^^^^^^^^^^^^^^^^^^^^^^^^^^^^^^^^^^^^^^^^^^^^^^^^^^^^^
  File "/workspace/os_moderation/gemma_local.py", line 330, in classify_chunk
    prompt_text = prompt_loader.render_prompt(PROMPT_PATH, json_schema_str=RAW_SCHEMA_STR)
                  ^^^^^^^^^^^^^^^^^^^^^^^^^^^^^^^^^^^^^^^^^^^^^^^^^^^^^^^^^^^^^^^^^^^^^^^^
  File "/workspace/os_moderation/prompt_loader.py", line 80, in render_prompt
    text = load_raw_prompt(path)
           ^^^^^^^^^^^^^^^^^^^^^
  File "/workspace/os_moderation/prompt_loader.py", line 62, in load_raw_prompt
    raise FileNotFoundError(
FileNotFoundError: Prompt file not found: /workspace/os_moderation/prompt_v5.py
This pipeline never hardcodes policy/classification text — supply this file before running this stage.

[2026-09-24T18:29:16] [ERROR] rec_default_426633368_audio_1788988531170.mp3 chunk@84.0s failed: Prompt file not found: /workspace/os_moderation/prompt_v5.py
This pipeline never hardcodes policy/classification text — supply this file before running this stage.
Traceback (most recent call last):
  File "/workspace/os_moderation/gemma_local.py", line 633, in process_file
    answer_text, thinking_text, raw_response, token_infos = classify_chunk(model, processor, chunk_path, thinking, logger)
                                                            ^^^^^^^^^^^^^^^^^^^^^^^^^^^^^^^^^^^^^^^^^^^^^^^^^^^^^^^^^^^^^^
  File "/workspace/os_moderation/gemma_local.py", line 330, in classify_chunk
    prompt_text = prompt_loader.render_prompt(PROMPT_PATH, json_schema_str=RAW_SCHEMA_STR)
                  ^^^^^^^^^^^^^^^^^^^^^^^^^^^^^^^^^^^^^^^^^^^^^^^^^^^^^^^^^^^^^^^^^^^^^^^^
  File "/workspace/os_moderation/prompt_loader.py", line 80, in render_prompt
    text = load_raw_prompt(path)
           ^^^^^^^^^^^^^^^^^^^^^
  File "/workspace/os_moderation/prompt_loader.py", line 62, in load_raw_prompt
    raise FileNotFoundError(
FileNotFoundError: Prompt file not found: /workspace/os_moderation/prompt_v5.py
This pipeline never hardcodes policy/classification text — supply this file before running this stage.

[2026-09-24T18:29:16] [ERROR] rec_default_426633368_audio_1788988531170.mp3 chunk@112.0s failed: Prompt file not found: /workspace/os_moderation/prompt_v5.py
This pipeline never hardcodes policy/classification text — supply this file before running this stage.
Traceback (most recent call last):
  File "/workspace/os_moderation/gemma_local.py", line 633, in process_file
    answer_text, thinking_text, raw_response, token_infos = classify_chunk(model, processor, chunk_path, thinking, logger)
                                                            ^^^^^^^^^^^^^^^^^^^^^^^^^^^^^^^^^^^^^^^^^^^^^^^^^^^^^^^^^^^^^^
  File "/workspace/os_moderation/gemma_local.py", line 330, in classify_chunk
    prompt_text = prompt_loader.render_prompt(PROMPT_PATH, json_schema_str=RAW_SCHEMA_STR)
                  ^^^^^^^^^^^^^^^^^^^^^^^^^^^^^^^^^^^^^^^^^^^^^^^^^^^^^^^^^^^^^^^^^^^^^^^^
  File "/workspace/os_moderation/prompt_loader.py", line 80, in render_prompt
    text = load_raw_prompt(path)
           ^^^^^^^^^^^^^^^^^^^^^
  File "/workspace/os_moderation/prompt_loader.py", line 62, in load_raw_prompt
    raise FileNotFoundError(
FileNotFoundError: Prompt file not found: /workspace/os_moderation/prompt_v5.py
This pipeline never hardcodes policy/classification text — supply this file before running this stage.

[2026-09-24T18:29:16] [ERROR] rec_default_426633368_audio_1788988531170.mp3 chunk@140.0s failed: Prompt file not found: /workspace/os_moderation/prompt_v5.py
This pipeline never hardcodes policy/classification text — supply this file before running this stage.
Traceback (most recent call last):
  File "/workspace/os_moderation/gemma_local.py", line 633, in process_file
    answer_text, thinking_text, raw_response, token_infos = classify_chunk(model, processor, chunk_path, thinking, logger)
                                                            ^^^^^^^^^^^^^^^^^^^^^^^^^^^^^^^^^^^^^^^^^^^^^^^^^^^^^^^^^^^^^^
  File "/workspace/os_moderation/gemma_local.py", line 330, in classify_chunk
    prompt_text = prompt_loader.render_prompt(PROMPT_PATH, json_schema_str=RAW_SCHEMA_STR)
                  ^^^^^^^^^^^^^^^^^^^^^^^^^^^^^^^^^^^^^^^^^^^^^^^^^^^^^^^^^^^^^^^^^^^^^^^^
  File "/workspace/os_moderation/prompt_loader.py", line 80, in render_prompt
    text = load_raw_prompt(path)
           ^^^^^^^^^^^^^^^^^^^^^
  File "/workspace/os_moderation/prompt_loader.py", line 62, in load_raw_prompt
    raise FileNotFoundError(
FileNotFoundError: Prompt file not found: /workspace/os_moderation/prompt_v5.py
This pipeline never hardcodes policy/classification text — supply this file before running this stage.

[2026-09-24T18:29:16] [INFO] [16/50] rec_audio_call_426416419_audio_1788974369340.mp3
[2026-09-24T18:29:17] [ERROR] rec_audio_call_426416419_audio_1788974369340.mp3 chunk@0.0s failed: Prompt file not found: /workspace/os_moderation/prompt_v5.py
This pipeline never hardcodes policy/classification text — supply this file before running this stage.
Traceback (most recent call last):
  File "/workspace/os_moderation/gemma_local.py", line 633, in process_file
    answer_text, thinking_text, raw_response, token_infos = classify_chunk(model, processor, chunk_path, thinking, logger)
                                                            ^^^^^^^^^^^^^^^^^^^^^^^^^^^^^^^^^^^^^^^^^^^^^^^^^^^^^^^^^^^^^^
  File "/workspace/os_moderation/gemma_local.py", line 330, in classify_chunk
    prompt_text = prompt_loader.render_prompt(PROMPT_PATH, json_schema_str=RAW_SCHEMA_STR)
                  ^^^^^^^^^^^^^^^^^^^^^^^^^^^^^^^^^^^^^^^^^^^^^^^^^^^^^^^^^^^^^^^^^^^^^^^^
  File "/workspace/os_moderation/prompt_loader.py", line 80, in render_prompt
    text = load_raw_prompt(path)
           ^^^^^^^^^^^^^^^^^^^^^
  File "/workspace/os_moderation/prompt_loader.py", line 62, in load_raw_prompt
    raise FileNotFoundError(
FileNotFoundError: Prompt file not found: /workspace/os_moderation/prompt_v5.py
This pipeline never hardcodes policy/classification text — supply this file before running this stage.

[2026-09-24T18:29:17] [ERROR] rec_audio_call_426416419_audio_1788974369340.mp3 chunk@28.0s failed: Prompt file not found: /workspace/os_moderation/prompt_v5.py
This pipeline never hardcodes policy/classification text — supply this file before running this stage.
Traceback (most recent call last):
  File "/workspace/os_moderation/gemma_local.py", line 633, in process_file
    answer_text, thinking_text, raw_response, token_infos = classify_chunk(model, processor, chunk_path, thinking, logger)
                                                            ^^^^^^^^^^^^^^^^^^^^^^^^^^^^^^^^^^^^^^^^^^^^^^^^^^^^^^^^^^^^^^
  File "/workspace/os_moderation/gemma_local.py", line 330, in classify_chunk
    prompt_text = prompt_loader.render_prompt(PROMPT_PATH, json_schema_str=RAW_SCHEMA_STR)
                  ^^^^^^^^^^^^^^^^^^^^^^^^^^^^^^^^^^^^^^^^^^^^^^^^^^^^^^^^^^^^^^^^^^^^^^^^
  File "/workspace/os_moderation/prompt_loader.py", line 80, in render_prompt
    text = load_raw_prompt(path)
           ^^^^^^^^^^^^^^^^^^^^^
  File "/workspace/os_moderation/prompt_loader.py", line 62, in load_raw_prompt
    raise FileNotFoundError(
FileNotFoundError: Prompt file not found: /workspace/os_moderation/prompt_v5.py
This pipeline never hardcodes policy/classification text — supply this file before running this stage.

[2026-09-24T18:29:17] [ERROR] rec_audio_call_426416419_audio_1788974369340.mp3 chunk@56.0s failed: Prompt file not found: /workspace/os_moderation/prompt_v5.py
This pipeline never hardcodes policy/classification text — supply this file before running this stage.
Traceback (most recent call last):
  File "/workspace/os_moderation/gemma_local.py", line 633, in process_file
    answer_text, thinking_text, raw_response, token_infos = classify_chunk(model, processor, chunk_path, thinking, logger)
                                                            ^^^^^^^^^^^^^^^^^^^^^^^^^^^^^^^^^^^^^^^^^^^^^^^^^^^^^^^^^^^^^^
  File "/workspace/os_moderation/gemma_local.py", line 330, in classify_chunk
    prompt_text = prompt_loader.render_prompt(PROMPT_PATH, json_schema_str=RAW_SCHEMA_STR)
                  ^^^^^^^^^^^^^^^^^^^^^^^^^^^^^^^^^^^^^^^^^^^^^^^^^^^^^^^^^^^^^^^^^^^^^^^^
  File "/workspace/os_moderation/prompt_loader.py", line 80, in render_prompt
    text = load_raw_prompt(path)
           ^^^^^^^^^^^^^^^^^^^^^
  File "/workspace/os_moderation/prompt_loader.py", line 62, in load_raw_prompt
    raise FileNotFoundError(
FileNotFoundError: Prompt file not found: /workspace/os_moderation/prompt_v5.py
This pipeline never hardcodes policy/classification text — supply this file before running this stage.

[2026-09-24T18:29:17] [ERROR] rec_audio_call_426416419_audio_1788974369340.mp3 chunk@84.0s failed: Prompt file not found: /workspace/os_moderation/prompt_v5.py
This pipeline never hardcodes policy/classification text — supply this file before running this stage.
Traceback (most recent call last):
  File "/workspace/os_moderation/gemma_local.py", line 633, in process_file
    answer_text, thinking_text, raw_response, token_infos = classify_chunk(model, processor, chunk_path, thinking, logger)
                                                            ^^^^^^^^^^^^^^^^^^^^^^^^^^^^^^^^^^^^^^^^^^^^^^^^^^^^^^^^^^^^^^
  File "/workspace/os_moderation/gemma_local.py", line 330, in classify_chunk
    prompt_text = prompt_loader.render_prompt(PROMPT_PATH, json_schema_str=RAW_SCHEMA_STR)
                  ^^^^^^^^^^^^^^^^^^^^^^^^^^^^^^^^^^^^^^^^^^^^^^^^^^^^^^^^^^^^^^^^^^^^^^^^
  File "/workspace/os_moderation/prompt_loader.py", line 80, in render_prompt
    text = load_raw_prompt(path)
           ^^^^^^^^^^^^^^^^^^^^^
  File "/workspace/os_moderation/prompt_loader.py", line 62, in load_raw_prompt
    raise FileNotFoundError(
FileNotFoundError: Prompt file not found: /workspace/os_moderation/prompt_v5.py
This pipeline never hardcodes policy/classification text — supply this file before running this stage.

[2026-09-24T18:29:17] [INFO] [17/50] rec_audio_call_420511856_audio_1788424457087.mp3
[2026-09-24T18:29:17] [ERROR] rec_audio_call_420511856_audio_1788424457087.mp3 chunk@0.0s failed: Prompt file not found: /workspace/os_moderation/prompt_v5.py
This pipeline never hardcodes policy/classification text — supply this file before running this stage.
Traceback (most recent call last):
  File "/workspace/os_moderation/gemma_local.py", line 633, in process_file
    answer_text, thinking_text, raw_response, token_infos = classify_chunk(model, processor, chunk_path, thinking, logger)
                                                            ^^^^^^^^^^^^^^^^^^^^^^^^^^^^^^^^^^^^^^^^^^^^^^^^^^^^^^^^^^^^^^
  File "/workspace/os_moderation/gemma_local.py", line 330, in classify_chunk
    prompt_text = prompt_loader.render_prompt(PROMPT_PATH, json_schema_str=RAW_SCHEMA_STR)
                  ^^^^^^^^^^^^^^^^^^^^^^^^^^^^^^^^^^^^^^^^^^^^^^^^^^^^^^^^^^^^^^^^^^^^^^^^
  File "/workspace/os_moderation/prompt_loader.py", line 80, in render_prompt
    text = load_raw_prompt(path)
           ^^^^^^^^^^^^^^^^^^^^^
  File "/workspace/os_moderation/prompt_loader.py", line 62, in load_raw_prompt
    raise FileNotFoundError(
FileNotFoundError: Prompt file not found: /workspace/os_moderation/prompt_v5.py
This pipeline never hardcodes policy/classification text — supply this file before running this stage.

[2026-09-24T18:29:17] [ERROR] rec_audio_call_420511856_audio_1788424457087.mp3 chunk@28.0s failed: Prompt file not found: /workspace/os_moderation/prompt_v5.py
This pipeline never hardcodes policy/classification text — supply this file before running this stage.
Traceback (most recent call last):
  File "/workspace/os_moderation/gemma_local.py", line 633, in process_file
    answer_text, thinking_text, raw_response, token_infos = classify_chunk(model, processor, chunk_path, thinking, logger)
                                                            ^^^^^^^^^^^^^^^^^^^^^^^^^^^^^^^^^^^^^^^^^^^^^^^^^^^^^^^^^^^^^^
  File "/workspace/os_moderation/gemma_local.py", line 330, in classify_chunk
    prompt_text = prompt_loader.render_prompt(PROMPT_PATH, json_schema_str=RAW_SCHEMA_STR)
                  ^^^^^^^^^^^^^^^^^^^^^^^^^^^^^^^^^^^^^^^^^^^^^^^^^^^^^^^^^^^^^^^^^^^^^^^^
  File "/workspace/os_moderation/prompt_loader.py", line 80, in render_prompt
    text = load_raw_prompt(path)
           ^^^^^^^^^^^^^^^^^^^^^
  File "/workspace/os_moderation/prompt_loader.py", line 62, in load_raw_prompt
    raise FileNotFoundError(
FileNotFoundError: Prompt file not found: /workspace/os_moderation/prompt_v5.py
This pipeline never hardcodes policy/classification text — supply this file before running this stage.

[2026-09-24T18:29:17] [ERROR] rec_audio_call_420511856_audio_1788424457087.mp3 chunk@56.0s failed: Prompt file not found: /workspace/os_moderation/prompt_v5.py
This pipeline never hardcodes policy/classification text — supply this file before running this stage.
Traceback (most recent call last):
  File "/workspace/os_moderation/gemma_local.py", line 633, in process_file
    answer_text, thinking_text, raw_response, token_infos = classify_chunk(model, processor, chunk_path, thinking, logger)
                                                            ^^^^^^^^^^^^^^^^^^^^^^^^^^^^^^^^^^^^^^^^^^^^^^^^^^^^^^^^^^^^^^
  File "/workspace/os_moderation/gemma_local.py", line 330, in classify_chunk
    prompt_text = prompt_loader.render_prompt(PROMPT_PATH, json_schema_str=RAW_SCHEMA_STR)
                  ^^^^^^^^^^^^^^^^^^^^^^^^^^^^^^^^^^^^^^^^^^^^^^^^^^^^^^^^^^^^^^^^^^^^^^^^
  File "/workspace/os_moderation/prompt_loader.py", line 80, in render_prompt
    text = load_raw_prompt(path)
           ^^^^^^^^^^^^^^^^^^^^^
  File "/workspace/os_moderation/prompt_loader.py", line 62, in load_raw_prompt
    raise FileNotFoundError(
FileNotFoundError: Prompt file not found: /workspace/os_moderation/prompt_v5.py
This pipeline never hardcodes policy/classification text — supply this file before running this stage.

[2026-09-24T18:29:17] [ERROR] rec_audio_call_420511856_audio_1788424457087.mp3 chunk@84.0s failed: Prompt file not found: /workspace/os_moderation/prompt_v5.py
This pipeline never hardcodes policy/classification text — supply this file before running this stage.
Traceback (most recent call last):
  File "/workspace/os_moderation/gemma_local.py", line 633, in process_file
    answer_text, thinking_text, raw_response, token_infos = classify_chunk(model, processor, chunk_path, thinking, logger)
                                                            ^^^^^^^^^^^^^^^^^^^^^^^^^^^^^^^^^^^^^^^^^^^^^^^^^^^^^^^^^^^^^^
  File "/workspace/os_moderation/gemma_local.py", line 330, in classify_chunk
    prompt_text = prompt_loader.render_prompt(PROMPT_PATH, json_schema_str=RAW_SCHEMA_STR)
                  ^^^^^^^^^^^^^^^^^^^^^^^^^^^^^^^^^^^^^^^^^^^^^^^^^^^^^^^^^^^^^^^^^^^^^^^^
  File "/workspace/os_moderation/prompt_loader.py", line 80, in render_prompt
    text = load_raw_prompt(path)
           ^^^^^^^^^^^^^^^^^^^^^
  File "/workspace/os_moderation/prompt_loader.py", line 62, in load_raw_prompt
    raise FileNotFoundError(
FileNotFoundError: Prompt file not found: /workspace/os_moderation/prompt_v5.py
This pipeline never hardcodes policy/classification text — supply this file before running this stage.

[2026-09-24T18:29:17] [ERROR] rec_audio_call_420511856_audio_1788424457087.mp3 chunk@112.0s failed: Prompt file not found: /workspace/os_moderation/prompt_v5.py
This pipeline never hardcodes policy/classification text — supply this file before running this stage.
Traceback (most recent call last):
  File "/workspace/os_moderation/gemma_local.py", line 633, in process_file
    answer_text, thinking_text, raw_response, token_infos = classify_chunk(model, processor, chunk_path, thinking, logger)
                                                            ^^^^^^^^^^^^^^^^^^^^^^^^^^^^^^^^^^^^^^^^^^^^^^^^^^^^^^^^^^^^^^
  File "/workspace/os_moderation/gemma_local.py", line 330, in classify_chunk
    prompt_text = prompt_loader.render_prompt(PROMPT_PATH, json_schema_str=RAW_SCHEMA_STR)
                  ^^^^^^^^^^^^^^^^^^^^^^^^^^^^^^^^^^^^^^^^^^^^^^^^^^^^^^^^^^^^^^^^^^^^^^^^
  File "/workspace/os_moderation/prompt_loader.py", line 80, in render_prompt
    text = load_raw_prompt(path)
           ^^^^^^^^^^^^^^^^^^^^^
  File "/workspace/os_moderation/prompt_loader.py", line 62, in load_raw_prompt
    raise FileNotFoundError(
FileNotFoundError: Prompt file not found: /workspace/os_moderation/prompt_v5.py
This pipeline never hardcodes policy/classification text — supply this file before running this stage.

[2026-09-24T18:29:17] [ERROR] rec_audio_call_420511856_audio_1788424457087.mp3 chunk@140.0s failed: Prompt file not found: /workspace/os_moderation/prompt_v5.py
This pipeline never hardcodes policy/classification text — supply this file before running this stage.
Traceback (most recent call last):
  File "/workspace/os_moderation/gemma_local.py", line 633, in process_file
    answer_text, thinking_text, raw_response, token_infos = classify_chunk(model, processor, chunk_path, thinking, logger)
                                                            ^^^^^^^^^^^^^^^^^^^^^^^^^^^^^^^^^^^^^^^^^^^^^^^^^^^^^^^^^^^^^^
  File "/workspace/os_moderation/gemma_local.py", line 330, in classify_chunk
    prompt_text = prompt_loader.render_prompt(PROMPT_PATH, json_schema_str=RAW_SCHEMA_STR)
                  ^^^^^^^^^^^^^^^^^^^^^^^^^^^^^^^^^^^^^^^^^^^^^^^^^^^^^^^^^^^^^^^^^^^^^^^^
  File "/workspace/os_moderation/prompt_loader.py", line 80, in render_prompt
    text = load_raw_prompt(path)
           ^^^^^^^^^^^^^^^^^^^^^
  File "/workspace/os_moderation/prompt_loader.py", line 62, in load_raw_prompt
    raise FileNotFoundError(
FileNotFoundError: Prompt file not found: /workspace/os_moderation/prompt_v5.py
This pipeline never hardcodes policy/classification text — supply this file before running this stage.

[2026-09-24T18:29:17] [ERROR] rec_audio_call_420511856_audio_1788424457087.mp3 chunk@168.0s failed: Prompt file not found: /workspace/os_moderation/prompt_v5.py
This pipeline never hardcodes policy/classification text — supply this file before running this stage.
Traceback (most recent call last):
  File "/workspace/os_moderation/gemma_local.py", line 633, in process_file
    answer_text, thinking_text, raw_response, token_infos = classify_chunk(model, processor, chunk_path, thinking, logger)
                                                            ^^^^^^^^^^^^^^^^^^^^^^^^^^^^^^^^^^^^^^^^^^^^^^^^^^^^^^^^^^^^^^
  File "/workspace/os_moderation/gemma_local.py", line 330, in classify_chunk
    prompt_text = prompt_loader.render_prompt(PROMPT_PATH, json_schema_str=RAW_SCHEMA_STR)
                  ^^^^^^^^^^^^^^^^^^^^^^^^^^^^^^^^^^^^^^^^^^^^^^^^^^^^^^^^^^^^^^^^^^^^^^^^
  File "/workspace/os_moderation/prompt_loader.py", line 80, in render_prompt
    text = load_raw_prompt(path)
           ^^^^^^^^^^^^^^^^^^^^^
  File "/workspace/os_moderation/prompt_loader.py", line 62, in load_raw_prompt
    raise FileNotFoundError(
FileNotFoundError: Prompt file not found: /workspace/os_moderation/prompt_v5.py
This pipeline never hardcodes policy/classification text — supply this file before running this stage.

[2026-09-24T18:29:17] [INFO] [18/50] rec_audio_call_427305578_audio_1789058200155.mp3
[2026-09-24T18:29:17] [ERROR] rec_audio_call_427305578_audio_1789058200155.mp3 chunk@0.0s failed: Prompt file not found: /workspace/os_moderation/prompt_v5.py
This pipeline never hardcodes policy/classification text — supply this file before running this stage.
Traceback (most recent call last):
  File "/workspace/os_moderation/gemma_local.py", line 633, in process_file
    answer_text, thinking_text, raw_response, token_infos = classify_chunk(model, processor, chunk_path, thinking, logger)
                                                            ^^^^^^^^^^^^^^^^^^^^^^^^^^^^^^^^^^^^^^^^^^^^^^^^^^^^^^^^^^^^^^
  File "/workspace/os_moderation/gemma_local.py", line 330, in classify_chunk
    prompt_text = prompt_loader.render_prompt(PROMPT_PATH, json_schema_str=RAW_SCHEMA_STR)
                  ^^^^^^^^^^^^^^^^^^^^^^^^^^^^^^^^^^^^^^^^^^^^^^^^^^^^^^^^^^^^^^^^^^^^^^^^
  File "/workspace/os_moderation/prompt_loader.py", line 80, in render_prompt
    text = load_raw_prompt(path)
           ^^^^^^^^^^^^^^^^^^^^^
  File "/workspace/os_moderation/prompt_loader.py", line 62, in load_raw_prompt
    raise FileNotFoundError(
FileNotFoundError: Prompt file not found: /workspace/os_moderation/prompt_v5.py
This pipeline never hardcodes policy/classification text — supply this file before running this stage.

[2026-09-24T18:29:17] [INFO] [19/50] rec_default_427308167_audio_1789058388570.mp3
[2026-09-24T18:29:19] [ERROR] rec_default_427308167_audio_1789058388570.mp3 chunk@0.0s failed: Prompt file not found: /workspace/os_moderation/prompt_v5.py
This pipeline never hardcodes policy/classification text — supply this file before running this stage.
Traceback (most recent call last):
  File "/workspace/os_moderation/gemma_local.py", line 633, in process_file
    answer_text, thinking_text, raw_response, token_infos = classify_chunk(model, processor, chunk_path, thinking, logger)
                                                            ^^^^^^^^^^^^^^^^^^^^^^^^^^^^^^^^^^^^^^^^^^^^^^^^^^^^^^^^^^^^^^
  File "/workspace/os_moderation/gemma_local.py", line 330, in classify_chunk
    prompt_text = prompt_loader.render_prompt(PROMPT_PATH, json_schema_str=RAW_SCHEMA_STR)
                  ^^^^^^^^^^^^^^^^^^^^^^^^^^^^^^^^^^^^^^^^^^^^^^^^^^^^^^^^^^^^^^^^^^^^^^^^
  File "/workspace/os_moderation/prompt_loader.py", line 80, in render_prompt
    text = load_raw_prompt(path)
           ^^^^^^^^^^^^^^^^^^^^^
  File "/workspace/os_moderation/prompt_loader.py", line 62, in load_raw_prompt
    raise FileNotFoundError(
FileNotFoundError: Prompt file not found: /workspace/os_moderation/prompt_v5.py
This pipeline never hardcodes policy/classification text — supply this file before running this stage.

[2026-09-24T18:29:19] [ERROR] rec_default_427308167_audio_1789058388570.mp3 chunk@28.0s failed: Prompt file not found: /workspace/os_moderation/prompt_v5.py
This pipeline never hardcodes policy/classification text — supply this file before running this stage.
Traceback (most recent call last):
  File "/workspace/os_moderation/gemma_local.py", line 633, in process_file
    answer_text, thinking_text, raw_response, token_infos = classify_chunk(model, processor, chunk_path, thinking, logger)
                                                            ^^^^^^^^^^^^^^^^^^^^^^^^^^^^^^^^^^^^^^^^^^^^^^^^^^^^^^^^^^^^^^
  File "/workspace/os_moderation/gemma_local.py", line 330, in classify_chunk
    prompt_text = prompt_loader.render_prompt(PROMPT_PATH, json_schema_str=RAW_SCHEMA_STR)
                  ^^^^^^^^^^^^^^^^^^^^^^^^^^^^^^^^^^^^^^^^^^^^^^^^^^^^^^^^^^^^^^^^^^^^^^^^
  File "/workspace/os_moderation/prompt_loader.py", line 80, in render_prompt
    text = load_raw_prompt(path)
           ^^^^^^^^^^^^^^^^^^^^^
  File "/workspace/os_moderation/prompt_loader.py", line 62, in load_raw_prompt
    raise FileNotFoundError(
FileNotFoundError: Prompt file not found: /workspace/os_moderation/prompt_v5.py
This pipeline never hardcodes policy/classification text — supply this file before running this stage.

[2026-09-24T18:29:19] [ERROR] rec_default_427308167_audio_1789058388570.mp3 chunk@56.0s failed: Prompt file not found: /workspace/os_moderation/prompt_v5.py
This pipeline never hardcodes policy/classification text — supply this file before running this stage.
Traceback (most recent call last):
  File "/workspace/os_moderation/gemma_local.py", line 633, in process_file
    answer_text, thinking_text, raw_response, token_infos = classify_chunk(model, processor, chunk_path, thinking, logger)
                                                            ^^^^^^^^^^^^^^^^^^^^^^^^^^^^^^^^^^^^^^^^^^^^^^^^^^^^^^^^^^^^^^
  File "/workspace/os_moderation/gemma_local.py", line 330, in classify_chunk
    prompt_text = prompt_loader.render_prompt(PROMPT_PATH, json_schema_str=RAW_SCHEMA_STR)
                  ^^^^^^^^^^^^^^^^^^^^^^^^^^^^^^^^^^^^^^^^^^^^^^^^^^^^^^^^^^^^^^^^^^^^^^^^
  File "/workspace/os_moderation/prompt_loader.py", line 80, in render_prompt
    text = load_raw_prompt(path)
           ^^^^^^^^^^^^^^^^^^^^^
  File "/workspace/os_moderation/prompt_loader.py", line 62, in load_raw_prompt
    raise FileNotFoundError(
FileNotFoundError: Prompt file not found: /workspace/os_moderation/prompt_v5.py
This pipeline never hardcodes policy/classification text — supply this file before running this stage.

[2026-09-24T18:29:19] [ERROR] rec_default_427308167_audio_1789058388570.mp3 chunk@84.0s failed: Prompt file not found: /workspace/os_moderation/prompt_v5.py
This pipeline never hardcodes policy/classification text — supply this file before running this stage.
Traceback (most recent call last):
  File "/workspace/os_moderation/gemma_local.py", line 633, in process_file
    answer_text, thinking_text, raw_response, token_infos = classify_chunk(model, processor, chunk_path, thinking, logger)
                                                            ^^^^^^^^^^^^^^^^^^^^^^^^^^^^^^^^^^^^^^^^^^^^^^^^^^^^^^^^^^^^^^
  File "/workspace/os_moderation/gemma_local.py", line 330, in classify_chunk
    prompt_text = prompt_loader.render_prompt(PROMPT_PATH, json_schema_str=RAW_SCHEMA_STR)
                  ^^^^^^^^^^^^^^^^^^^^^^^^^^^^^^^^^^^^^^^^^^^^^^^^^^^^^^^^^^^^^^^^^^^^^^^^
  File "/workspace/os_moderation/prompt_loader.py", line 80, in render_prompt
    text = load_raw_prompt(path)
           ^^^^^^^^^^^^^^^^^^^^^
  File "/workspace/os_moderation/prompt_loader.py", line 62, in load_raw_prompt
    raise FileNotFoundError(
FileNotFoundError: Prompt file not found: /workspace/os_moderation/prompt_v5.py
This pipeline never hardcodes policy/classification text — supply this file before running this stage.

[2026-09-24T18:29:19] [ERROR] rec_default_427308167_audio_1789058388570.mp3 chunk@112.0s failed: Prompt file not found: /workspace/os_moderation/prompt_v5.py
This pipeline never hardcodes policy/classification text — supply this file before running this stage.
Traceback (most recent call last):
  File "/workspace/os_moderation/gemma_local.py", line 633, in process_file
    answer_text, thinking_text, raw_response, token_infos = classify_chunk(model, processor, chunk_path, thinking, logger)
                                                            ^^^^^^^^^^^^^^^^^^^^^^^^^^^^^^^^^^^^^^^^^^^^^^^^^^^^^^^^^^^^^^
  File "/workspace/os_moderation/gemma_local.py", line 330, in classify_chunk
    prompt_text = prompt_loader.render_prompt(PROMPT_PATH, json_schema_str=RAW_SCHEMA_STR)
                  ^^^^^^^^^^^^^^^^^^^^^^^^^^^^^^^^^^^^^^^^^^^^^^^^^^^^^^^^^^^^^^^^^^^^^^^^
  File "/workspace/os_moderation/prompt_loader.py", line 80, in render_prompt
    text = load_raw_prompt(path)
           ^^^^^^^^^^^^^^^^^^^^^
  File "/workspace/os_moderation/prompt_loader.py", line 62, in load_raw_prompt
    raise FileNotFoundError(
FileNotFoundError: Prompt file not found: /workspace/os_moderation/prompt_v5.py
This pipeline never hardcodes policy/classification text — supply this file before running this stage.

[2026-09-24T18:29:19] [ERROR] rec_default_427308167_audio_1789058388570.mp3 chunk@140.0s failed: Prompt file not found: /workspace/os_moderation/prompt_v5.py
This pipeline never hardcodes policy/classification text — supply this file before running this stage.
Traceback (most recent call last):
  File "/workspace/os_moderation/gemma_local.py", line 633, in process_file
    answer_text, thinking_text, raw_response, token_infos = classify_chunk(model, processor, chunk_path, thinking, logger)
                                                            ^^^^^^^^^^^^^^^^^^^^^^^^^^^^^^^^^^^^^^^^^^^^^^^^^^^^^^^^^^^^^^
  File "/workspace/os_moderation/gemma_local.py", line 330, in classify_chunk
    prompt_text = prompt_loader.render_prompt(PROMPT_PATH, json_schema_str=RAW_SCHEMA_STR)
                  ^^^^^^^^^^^^^^^^^^^^^^^^^^^^^^^^^^^^^^^^^^^^^^^^^^^^^^^^^^^^^^^^^^^^^^^^
  File "/workspace/os_moderation/prompt_loader.py", line 80, in render_prompt
    text = load_raw_prompt(path)
           ^^^^^^^^^^^^^^^^^^^^^
  File "/workspace/os_moderation/prompt_loader.py", line 62, in load_raw_prompt
    raise FileNotFoundError(
FileNotFoundError: Prompt file not found: /workspace/os_moderation/prompt_v5.py
This pipeline never hardcodes policy/classification text — supply this file before running this stage.

[2026-09-24T18:29:19] [ERROR] rec_default_427308167_audio_1789058388570.mp3 chunk@168.0s failed: Prompt file not found: /workspace/os_moderation/prompt_v5.py
This pipeline never hardcodes policy/classification text — supply this file before running this stage.
Traceback (most recent call last):
  File "/workspace/os_moderation/gemma_local.py", line 633, in process_file
    answer_text, thinking_text, raw_response, token_infos = classify_chunk(model, processor, chunk_path, thinking, logger)
                                                            ^^^^^^^^^^^^^^^^^^^^^^^^^^^^^^^^^^^^^^^^^^^^^^^^^^^^^^^^^^^^^^
  File "/workspace/os_moderation/gemma_local.py", line 330, in classify_chunk
    prompt_text = prompt_loader.render_prompt(PROMPT_PATH, json_schema_str=RAW_SCHEMA_STR)
                  ^^^^^^^^^^^^^^^^^^^^^^^^^^^^^^^^^^^^^^^^^^^^^^^^^^^^^^^^^^^^^^^^^^^^^^^^
  File "/workspace/os_moderation/prompt_loader.py", line 80, in render_prompt
    text = load_raw_prompt(path)
           ^^^^^^^^^^^^^^^^^^^^^
  File "/workspace/os_moderation/prompt_loader.py", line 62, in load_raw_prompt
    raise FileNotFoundError(
FileNotFoundError: Prompt file not found: /workspace/os_moderation/prompt_v5.py
This pipeline never hardcodes policy/classification text — supply this file before running this stage.

[2026-09-24T18:29:19] [ERROR] rec_default_427308167_audio_1789058388570.mp3 chunk@196.0s failed: Prompt file not found: /workspace/os_moderation/prompt_v5.py
This pipeline never hardcodes policy/classification text — supply this file before running this stage.
Traceback (most recent call last):
  File "/workspace/os_moderation/gemma_local.py", line 633, in process_file
    answer_text, thinking_text, raw_response, token_infos = classify_chunk(model, processor, chunk_path, thinking, logger)
                                                            ^^^^^^^^^^^^^^^^^^^^^^^^^^^^^^^^^^^^^^^^^^^^^^^^^^^^^^^^^^^^^^
  File "/workspace/os_moderation/gemma_local.py", line 330, in classify_chunk
    prompt_text = prompt_loader.render_prompt(PROMPT_PATH, json_schema_str=RAW_SCHEMA_STR)
                  ^^^^^^^^^^^^^^^^^^^^^^^^^^^^^^^^^^^^^^^^^^^^^^^^^^^^^^^^^^^^^^^^^^^^^^^^
  File "/workspace/os_moderation/prompt_loader.py", line 80, in render_prompt
    text = load_raw_prompt(path)
           ^^^^^^^^^^^^^^^^^^^^^
  File "/workspace/os_moderation/prompt_loader.py", line 62, in load_raw_prompt
    raise FileNotFoundError(
FileNotFoundError: Prompt file not found: /workspace/os_moderation/prompt_v5.py
This pipeline never hardcodes policy/classification text — supply this file before running this stage.

[2026-09-24T18:29:19] [ERROR] rec_default_427308167_audio_1789058388570.mp3 chunk@224.0s failed: Prompt file not found: /workspace/os_moderation/prompt_v5.py
This pipeline never hardcodes policy/classification text — supply this file before running this stage.
Traceback (most recent call last):
  File "/workspace/os_moderation/gemma_local.py", line 633, in process_file
    answer_text, thinking_text, raw_response, token_infos = classify_chunk(model, processor, chunk_path, thinking, logger)
                                                            ^^^^^^^^^^^^^^^^^^^^^^^^^^^^^^^^^^^^^^^^^^^^^^^^^^^^^^^^^^^^^^
  File "/workspace/os_moderation/gemma_local.py", line 330, in classify_chunk
    prompt_text = prompt_loader.render_prompt(PROMPT_PATH, json_schema_str=RAW_SCHEMA_STR)
                  ^^^^^^^^^^^^^^^^^^^^^^^^^^^^^^^^^^^^^^^^^^^^^^^^^^^^^^^^^^^^^^^^^^^^^^^^
  File "/workspace/os_moderation/prompt_loader.py", line 80, in render_prompt
    text = load_raw_prompt(path)
           ^^^^^^^^^^^^^^^^^^^^^
  File "/workspace/os_moderation/prompt_loader.py", line 62, in load_raw_prompt
    raise FileNotFoundError(
FileNotFoundError: Prompt file not found: /workspace/os_moderation/prompt_v5.py
This pipeline never hardcodes policy/classification text — supply this file before running this stage.

[2026-09-24T18:29:19] [ERROR] rec_default_427308167_audio_1789058388570.mp3 chunk@252.0s failed: Prompt file not found: /workspace/os_moderation/prompt_v5.py
This pipeline never hardcodes policy/classification text — supply this file before running this stage.
Traceback (most recent call last):
  File "/workspace/os_moderation/gemma_local.py", line 633, in process_file
    answer_text, thinking_text, raw_response, token_infos = classify_chunk(model, processor, chunk_path, thinking, logger)
                                                            ^^^^^^^^^^^^^^^^^^^^^^^^^^^^^^^^^^^^^^^^^^^^^^^^^^^^^^^^^^^^^^
  File "/workspace/os_moderation/gemma_local.py", line 330, in classify_chunk
    prompt_text = prompt_loader.render_prompt(PROMPT_PATH, json_schema_str=RAW_SCHEMA_STR)
                  ^^^^^^^^^^^^^^^^^^^^^^^^^^^^^^^^^^^^^^^^^^^^^^^^^^^^^^^^^^^^^^^^^^^^^^^^
  File "/workspace/os_moderation/prompt_loader.py", line 80, in render_prompt
    text = load_raw_prompt(path)
           ^^^^^^^^^^^^^^^^^^^^^
  File "/workspace/os_moderation/prompt_loader.py", line 62, in load_raw_prompt
    raise FileNotFoundError(
FileNotFoundError: Prompt file not found: /workspace/os_moderation/prompt_v5.py
This pipeline never hardcodes policy/classification text — supply this file before running this stage.

[2026-09-24T18:29:19] [ERROR] rec_default_427308167_audio_1789058388570.mp3 chunk@280.0s failed: Prompt file not found: /workspace/os_moderation/prompt_v5.py
This pipeline never hardcodes policy/classification text — supply this file before running this stage.
Traceback (most recent call last):
  File "/workspace/os_moderation/gemma_local.py", line 633, in process_file
    answer_text, thinking_text, raw_response, token_infos = classify_chunk(model, processor, chunk_path, thinking, logger)
                                                            ^^^^^^^^^^^^^^^^^^^^^^^^^^^^^^^^^^^^^^^^^^^^^^^^^^^^^^^^^^^^^^
  File "/workspace/os_moderation/gemma_local.py", line 330, in classify_chunk
    prompt_text = prompt_loader.render_prompt(PROMPT_PATH, json_schema_str=RAW_SCHEMA_STR)
                  ^^^^^^^^^^^^^^^^^^^^^^^^^^^^^^^^^^^^^^^^^^^^^^^^^^^^^^^^^^^^^^^^^^^^^^^^
  File "/workspace/os_moderation/prompt_loader.py", line 80, in render_prompt
    text = load_raw_prompt(path)
           ^^^^^^^^^^^^^^^^^^^^^
  File "/workspace/os_moderation/prompt_loader.py", line 62, in load_raw_prompt
    raise FileNotFoundError(
FileNotFoundError: Prompt file not found: /workspace/os_moderation/prompt_v5.py
This pipeline never hardcodes policy/classification text — supply this file before running this stage.

[2026-09-24T18:29:19] [ERROR] rec_default_427308167_audio_1789058388570.mp3 chunk@308.0s failed: Prompt file not found: /workspace/os_moderation/prompt_v5.py
This pipeline never hardcodes policy/classification text — supply this file before running this stage.
Traceback (most recent call last):
  File "/workspace/os_moderation/gemma_local.py", line 633, in process_file
    answer_text, thinking_text, raw_response, token_infos = classify_chunk(model, processor, chunk_path, thinking, logger)
                                                            ^^^^^^^^^^^^^^^^^^^^^^^^^^^^^^^^^^^^^^^^^^^^^^^^^^^^^^^^^^^^^^
  File "/workspace/os_moderation/gemma_local.py", line 330, in classify_chunk
    prompt_text = prompt_loader.render_prompt(PROMPT_PATH, json_schema_str=RAW_SCHEMA_STR)
                  ^^^^^^^^^^^^^^^^^^^^^^^^^^^^^^^^^^^^^^^^^^^^^^^^^^^^^^^^^^^^^^^^^^^^^^^^
  File "/workspace/os_moderation/prompt_loader.py", line 80, in render_prompt
    text = load_raw_prompt(path)
           ^^^^^^^^^^^^^^^^^^^^^
  File "/workspace/os_moderation/prompt_loader.py", line 62, in load_raw_prompt
    raise FileNotFoundError(
FileNotFoundError: Prompt file not found: /workspace/os_moderation/prompt_v5.py
This pipeline never hardcodes policy/classification text — supply this file before running this stage.

[2026-09-24T18:29:19] [ERROR] rec_default_427308167_audio_1789058388570.mp3 chunk@336.0s failed: Prompt file not found: /workspace/os_moderation/prompt_v5.py
This pipeline never hardcodes policy/classification text — supply this file before running this stage.
Traceback (most recent call last):
  File "/workspace/os_moderation/gemma_local.py", line 633, in process_file
    answer_text, thinking_text, raw_response, token_infos = classify_chunk(model, processor, chunk_path, thinking, logger)
                                                            ^^^^^^^^^^^^^^^^^^^^^^^^^^^^^^^^^^^^^^^^^^^^^^^^^^^^^^^^^^^^^^
  File "/workspace/os_moderation/gemma_local.py", line 330, in classify_chunk
    prompt_text = prompt_loader.render_prompt(PROMPT_PATH, json_schema_str=RAW_SCHEMA_STR)
                  ^^^^^^^^^^^^^^^^^^^^^^^^^^^^^^^^^^^^^^^^^^^^^^^^^^^^^^^^^^^^^^^^^^^^^^^^
  File "/workspace/os_moderation/prompt_loader.py", line 80, in render_prompt
    text = load_raw_prompt(path)
           ^^^^^^^^^^^^^^^^^^^^^
  File "/workspace/os_moderation/prompt_loader.py", line 62, in load_raw_prompt
    raise FileNotFoundError(
FileNotFoundError: Prompt file not found: /workspace/os_moderation/prompt_v5.py
This pipeline never hardcodes policy/classification text — supply this file before running this stage.

[2026-09-24T18:29:19] [INFO] [20/50] rec_default_427314573_audio_1789058813038.mp3
[2026-09-24T18:29:19] [ERROR] rec_default_427314573_audio_1789058813038.mp3 chunk@0.0s failed: Prompt file not found: /workspace/os_moderation/prompt_v5.py
This pipeline never hardcodes policy/classification text — supply this file before running this stage.
Traceback (most recent call last):
  File "/workspace/os_moderation/gemma_local.py", line 633, in process_file
    answer_text, thinking_text, raw_response, token_infos = classify_chunk(model, processor, chunk_path, thinking, logger)
                                                            ^^^^^^^^^^^^^^^^^^^^^^^^^^^^^^^^^^^^^^^^^^^^^^^^^^^^^^^^^^^^^^
  File "/workspace/os_moderation/gemma_local.py", line 330, in classify_chunk
    prompt_text = prompt_loader.render_prompt(PROMPT_PATH, json_schema_str=RAW_SCHEMA_STR)
                  ^^^^^^^^^^^^^^^^^^^^^^^^^^^^^^^^^^^^^^^^^^^^^^^^^^^^^^^^^^^^^^^^^^^^^^^^
  File "/workspace/os_moderation/prompt_loader.py", line 80, in render_prompt
    text = load_raw_prompt(path)
           ^^^^^^^^^^^^^^^^^^^^^
  File "/workspace/os_moderation/prompt_loader.py", line 62, in load_raw_prompt
    raise FileNotFoundError(
FileNotFoundError: Prompt file not found: /workspace/os_moderation/prompt_v5.py
This pipeline never hardcodes policy/classification text — supply this file before running this stage.

[2026-09-24T18:29:19] [ERROR] rec_default_427314573_audio_1789058813038.mp3 chunk@28.0s failed: Prompt file not found: /workspace/os_moderation/prompt_v5.py
This pipeline never hardcodes policy/classification text — supply this file before running this stage.
Traceback (most recent call last):
  File "/workspace/os_moderation/gemma_local.py", line 633, in process_file
    answer_text, thinking_text, raw_response, token_infos = classify_chunk(model, processor, chunk_path, thinking, logger)
                                                            ^^^^^^^^^^^^^^^^^^^^^^^^^^^^^^^^^^^^^^^^^^^^^^^^^^^^^^^^^^^^^^
  File "/workspace/os_moderation/gemma_local.py", line 330, in classify_chunk
    prompt_text = prompt_loader.render_prompt(PROMPT_PATH, json_schema_str=RAW_SCHEMA_STR)
                  ^^^^^^^^^^^^^^^^^^^^^^^^^^^^^^^^^^^^^^^^^^^^^^^^^^^^^^^^^^^^^^^^^^^^^^^^
  File "/workspace/os_moderation/prompt_loader.py", line 80, in render_prompt
    text = load_raw_prompt(path)
           ^^^^^^^^^^^^^^^^^^^^^
  File "/workspace/os_moderation/prompt_loader.py", line 62, in load_raw_prompt
    raise FileNotFoundError(
FileNotFoundError: Prompt file not found: /workspace/os_moderation/prompt_v5.py
This pipeline never hardcodes policy/classification text — supply this file before running this stage.

[2026-09-24T18:29:19] [ERROR] rec_default_427314573_audio_1789058813038.mp3 chunk@56.0s failed: Prompt file not found: /workspace/os_moderation/prompt_v5.py
This pipeline never hardcodes policy/classification text — supply this file before running this stage.
Traceback (most recent call last):
  File "/workspace/os_moderation/gemma_local.py", line 633, in process_file
    answer_text, thinking_text, raw_response, token_infos = classify_chunk(model, processor, chunk_path, thinking, logger)
                                                            ^^^^^^^^^^^^^^^^^^^^^^^^^^^^^^^^^^^^^^^^^^^^^^^^^^^^^^^^^^^^^^
  File "/workspace/os_moderation/gemma_local.py", line 330, in classify_chunk
    prompt_text = prompt_loader.render_prompt(PROMPT_PATH, json_schema_str=RAW_SCHEMA_STR)
                  ^^^^^^^^^^^^^^^^^^^^^^^^^^^^^^^^^^^^^^^^^^^^^^^^^^^^^^^^^^^^^^^^^^^^^^^^
  File "/workspace/os_moderation/prompt_loader.py", line 80, in render_prompt
    text = load_raw_prompt(path)
           ^^^^^^^^^^^^^^^^^^^^^
  File "/workspace/os_moderation/prompt_loader.py", line 62, in load_raw_prompt
    raise FileNotFoundError(
FileNotFoundError: Prompt file not found: /workspace/os_moderation/prompt_v5.py
This pipeline never hardcodes policy/classification text — supply this file before running this stage.

[2026-09-24T18:29:19] [ERROR] rec_default_427314573_audio_1789058813038.mp3 chunk@84.0s failed: Prompt file not found: /workspace/os_moderation/prompt_v5.py
This pipeline never hardcodes policy/classification text — supply this file before running this stage.
Traceback (most recent call last):
  File "/workspace/os_moderation/gemma_local.py", line 633, in process_file
    answer_text, thinking_text, raw_response, token_infos = classify_chunk(model, processor, chunk_path, thinking, logger)
                                                            ^^^^^^^^^^^^^^^^^^^^^^^^^^^^^^^^^^^^^^^^^^^^^^^^^^^^^^^^^^^^^^
  File "/workspace/os_moderation/gemma_local.py", line 330, in classify_chunk
    prompt_text = prompt_loader.render_prompt(PROMPT_PATH, json_schema_str=RAW_SCHEMA_STR)
                  ^^^^^^^^^^^^^^^^^^^^^^^^^^^^^^^^^^^^^^^^^^^^^^^^^^^^^^^^^^^^^^^^^^^^^^^^
  File "/workspace/os_moderation/prompt_loader.py", line 80, in render_prompt
    text = load_raw_prompt(path)
           ^^^^^^^^^^^^^^^^^^^^^
  File "/workspace/os_moderation/prompt_loader.py", line 62, in load_raw_prompt
    raise FileNotFoundError(
FileNotFoundError: Prompt file not found: /workspace/os_moderation/prompt_v5.py
This pipeline never hardcodes policy/classification text — supply this file before running this stage.

[2026-09-24T18:29:19] [ERROR] rec_default_427314573_audio_1789058813038.mp3 chunk@112.0s failed: Prompt file not found: /workspace/os_moderation/prompt_v5.py
This pipeline never hardcodes policy/classification text — supply this file before running this stage.
Traceback (most recent call last):
  File "/workspace/os_moderation/gemma_local.py", line 633, in process_file
    answer_text, thinking_text, raw_response, token_infos = classify_chunk(model, processor, chunk_path, thinking, logger)
                                                            ^^^^^^^^^^^^^^^^^^^^^^^^^^^^^^^^^^^^^^^^^^^^^^^^^^^^^^^^^^^^^^
  File "/workspace/os_moderation/gemma_local.py", line 330, in classify_chunk
    prompt_text = prompt_loader.render_prompt(PROMPT_PATH, json_schema_str=RAW_SCHEMA_STR)
                  ^^^^^^^^^^^^^^^^^^^^^^^^^^^^^^^^^^^^^^^^^^^^^^^^^^^^^^^^^^^^^^^^^^^^^^^^
  File "/workspace/os_moderation/prompt_loader.py", line 80, in render_prompt
    text = load_raw_prompt(path)
           ^^^^^^^^^^^^^^^^^^^^^
  File "/workspace/os_moderation/prompt_loader.py", line 62, in load_raw_prompt
    raise FileNotFoundError(
FileNotFoundError: Prompt file not found: /workspace/os_moderation/prompt_v5.py
This pipeline never hardcodes policy/classification text — supply this file before running this stage.

[2026-09-24T18:29:19] [INFO] [21/50] rec_default_426645015_audio_1788990433927.mp3
[2026-09-24T18:29:20] [ERROR] rec_default_426645015_audio_1788990433927.mp3 chunk@0.0s failed: Prompt file not found: /workspace/os_moderation/prompt_v5.py
This pipeline never hardcodes policy/classification text — supply this file before running this stage.
Traceback (most recent call last):
  File "/workspace/os_moderation/gemma_local.py", line 633, in process_file
    answer_text, thinking_text, raw_response, token_infos = classify_chunk(model, processor, chunk_path, thinking, logger)
                                                            ^^^^^^^^^^^^^^^^^^^^^^^^^^^^^^^^^^^^^^^^^^^^^^^^^^^^^^^^^^^^^^
  File "/workspace/os_moderation/gemma_local.py", line 330, in classify_chunk
    prompt_text = prompt_loader.render_prompt(PROMPT_PATH, json_schema_str=RAW_SCHEMA_STR)
                  ^^^^^^^^^^^^^^^^^^^^^^^^^^^^^^^^^^^^^^^^^^^^^^^^^^^^^^^^^^^^^^^^^^^^^^^^
  File "/workspace/os_moderation/prompt_loader.py", line 80, in render_prompt
    text = load_raw_prompt(path)
           ^^^^^^^^^^^^^^^^^^^^^
  File "/workspace/os_moderation/prompt_loader.py", line 62, in load_raw_prompt
    raise FileNotFoundError(
FileNotFoundError: Prompt file not found: /workspace/os_moderation/prompt_v5.py
This pipeline never hardcodes policy/classification text — supply this file before running this stage.

[2026-09-24T18:29:20] [ERROR] rec_default_426645015_audio_1788990433927.mp3 chunk@28.0s failed: Prompt file not found: /workspace/os_moderation/prompt_v5.py
This pipeline never hardcodes policy/classification text — supply this file before running this stage.
Traceback (most recent call last):
  File "/workspace/os_moderation/gemma_local.py", line 633, in process_file
    answer_text, thinking_text, raw_response, token_infos = classify_chunk(model, processor, chunk_path, thinking, logger)
                                                            ^^^^^^^^^^^^^^^^^^^^^^^^^^^^^^^^^^^^^^^^^^^^^^^^^^^^^^^^^^^^^^
  File "/workspace/os_moderation/gemma_local.py", line 330, in classify_chunk
    prompt_text = prompt_loader.render_prompt(PROMPT_PATH, json_schema_str=RAW_SCHEMA_STR)
                  ^^^^^^^^^^^^^^^^^^^^^^^^^^^^^^^^^^^^^^^^^^^^^^^^^^^^^^^^^^^^^^^^^^^^^^^^
  File "/workspace/os_moderation/prompt_loader.py", line 80, in render_prompt
    text = load_raw_prompt(path)
           ^^^^^^^^^^^^^^^^^^^^^
  File "/workspace/os_moderation/prompt_loader.py", line 62, in load_raw_prompt
    raise FileNotFoundError(
FileNotFoundError: Prompt file not found: /workspace/os_moderation/prompt_v5.py
This pipeline never hardcodes policy/classification text — supply this file before running this stage.

[2026-09-24T18:29:20] [ERROR] rec_default_426645015_audio_1788990433927.mp3 chunk@56.0s failed: Prompt file not found: /workspace/os_moderation/prompt_v5.py
This pipeline never hardcodes policy/classification text — supply this file before running this stage.
Traceback (most recent call last):
  File "/workspace/os_moderation/gemma_local.py", line 633, in process_file
    answer_text, thinking_text, raw_response, token_infos = classify_chunk(model, processor, chunk_path, thinking, logger)
                                                            ^^^^^^^^^^^^^^^^^^^^^^^^^^^^^^^^^^^^^^^^^^^^^^^^^^^^^^^^^^^^^^
  File "/workspace/os_moderation/gemma_local.py", line 330, in classify_chunk
    prompt_text = prompt_loader.render_prompt(PROMPT_PATH, json_schema_str=RAW_SCHEMA_STR)
                  ^^^^^^^^^^^^^^^^^^^^^^^^^^^^^^^^^^^^^^^^^^^^^^^^^^^^^^^^^^^^^^^^^^^^^^^^
  File "/workspace/os_moderation/prompt_loader.py", line 80, in render_prompt
    text = load_raw_prompt(path)
           ^^^^^^^^^^^^^^^^^^^^^
  File "/workspace/os_moderation/prompt_loader.py", line 62, in load_raw_prompt
    raise FileNotFoundError(
FileNotFoundError: Prompt file not found: /workspace/os_moderation/prompt_v5.py
This pipeline never hardcodes policy/classification text — supply this file before running this stage.

[2026-09-24T18:29:20] [ERROR] rec_default_426645015_audio_1788990433927.mp3 chunk@84.0s failed: Prompt file not found: /workspace/os_moderation/prompt_v5.py
This pipeline never hardcodes policy/classification text — supply this file before running this stage.
Traceback (most recent call last):
  File "/workspace/os_moderation/gemma_local.py", line 633, in process_file
    answer_text, thinking_text, raw_response, token_infos = classify_chunk(model, processor, chunk_path, thinking, logger)
                                                            ^^^^^^^^^^^^^^^^^^^^^^^^^^^^^^^^^^^^^^^^^^^^^^^^^^^^^^^^^^^^^^
  File "/workspace/os_moderation/gemma_local.py", line 330, in classify_chunk
    prompt_text = prompt_loader.render_prompt(PROMPT_PATH, json_schema_str=RAW_SCHEMA_STR)
                  ^^^^^^^^^^^^^^^^^^^^^^^^^^^^^^^^^^^^^^^^^^^^^^^^^^^^^^^^^^^^^^^^^^^^^^^^
  File "/workspace/os_moderation/prompt_loader.py", line 80, in render_prompt
    text = load_raw_prompt(path)
           ^^^^^^^^^^^^^^^^^^^^^
  File "/workspace/os_moderation/prompt_loader.py", line 62, in load_raw_prompt
    raise FileNotFoundError(
FileNotFoundError: Prompt file not found: /workspace/os_moderation/prompt_v5.py
This pipeline never hardcodes policy/classification text — supply this file before running this stage.

[2026-09-24T18:29:20] [ERROR] rec_default_426645015_audio_1788990433927.mp3 chunk@112.0s failed: Prompt file not found: /workspace/os_moderation/prompt_v5.py
This pipeline never hardcodes policy/classification text — supply this file before running this stage.
Traceback (most recent call last):
  File "/workspace/os_moderation/gemma_local.py", line 633, in process_file
    answer_text, thinking_text, raw_response, token_infos = classify_chunk(model, processor, chunk_path, thinking, logger)
                                                            ^^^^^^^^^^^^^^^^^^^^^^^^^^^^^^^^^^^^^^^^^^^^^^^^^^^^^^^^^^^^^^
  File "/workspace/os_moderation/gemma_local.py", line 330, in classify_chunk
    prompt_text = prompt_loader.render_prompt(PROMPT_PATH, json_schema_str=RAW_SCHEMA_STR)
                  ^^^^^^^^^^^^^^^^^^^^^^^^^^^^^^^^^^^^^^^^^^^^^^^^^^^^^^^^^^^^^^^^^^^^^^^^
  File "/workspace/os_moderation/prompt_loader.py", line 80, in render_prompt
    text = load_raw_prompt(path)
           ^^^^^^^^^^^^^^^^^^^^^
  File "/workspace/os_moderation/prompt_loader.py", line 62, in load_raw_prompt
    raise FileNotFoundError(
FileNotFoundError: Prompt file not found: /workspace/os_moderation/prompt_v5.py
This pipeline never hardcodes policy/classification text — supply this file before running this stage.

[2026-09-24T18:29:20] [ERROR] rec_default_426645015_audio_1788990433927.mp3 chunk@140.0s failed: Prompt file not found: /workspace/os_moderation/prompt_v5.py
This pipeline never hardcodes policy/classification text — supply this file before running this stage.
Traceback (most recent call last):
  File "/workspace/os_moderation/gemma_local.py", line 633, in process_file
    answer_text, thinking_text, raw_response, token_infos = classify_chunk(model, processor, chunk_path, thinking, logger)
                                                            ^^^^^^^^^^^^^^^^^^^^^^^^^^^^^^^^^^^^^^^^^^^^^^^^^^^^^^^^^^^^^^
  File "/workspace/os_moderation/gemma_local.py", line 330, in classify_chunk
    prompt_text = prompt_loader.render_prompt(PROMPT_PATH, json_schema_str=RAW_SCHEMA_STR)
                  ^^^^^^^^^^^^^^^^^^^^^^^^^^^^^^^^^^^^^^^^^^^^^^^^^^^^^^^^^^^^^^^^^^^^^^^^
  File "/workspace/os_moderation/prompt_loader.py", line 80, in render_prompt
    text = load_raw_prompt(path)
           ^^^^^^^^^^^^^^^^^^^^^
  File "/workspace/os_moderation/prompt_loader.py", line 62, in load_raw_prompt
    raise FileNotFoundError(
FileNotFoundError: Prompt file not found: /workspace/os_moderation/prompt_v5.py
This pipeline never hardcodes policy/classification text — supply this file before running this stage.

[2026-09-24T18:29:20] [ERROR] rec_default_426645015_audio_1788990433927.mp3 chunk@168.0s failed: Prompt file not found: /workspace/os_moderation/prompt_v5.py
This pipeline never hardcodes policy/classification text — supply this file before running this stage.
Traceback (most recent call last):
  File "/workspace/os_moderation/gemma_local.py", line 633, in process_file
    answer_text, thinking_text, raw_response, token_infos = classify_chunk(model, processor, chunk_path, thinking, logger)
                                                            ^^^^^^^^^^^^^^^^^^^^^^^^^^^^^^^^^^^^^^^^^^^^^^^^^^^^^^^^^^^^^^
  File "/workspace/os_moderation/gemma_local.py", line 330, in classify_chunk
    prompt_text = prompt_loader.render_prompt(PROMPT_PATH, json_schema_str=RAW_SCHEMA_STR)
                  ^^^^^^^^^^^^^^^^^^^^^^^^^^^^^^^^^^^^^^^^^^^^^^^^^^^^^^^^^^^^^^^^^^^^^^^^
  File "/workspace/os_moderation/prompt_loader.py", line 80, in render_prompt
    text = load_raw_prompt(path)
           ^^^^^^^^^^^^^^^^^^^^^
  File "/workspace/os_moderation/prompt_loader.py", line 62, in load_raw_prompt
    raise FileNotFoundError(
FileNotFoundError: Prompt file not found: /workspace/os_moderation/prompt_v5.py
This pipeline never hardcodes policy/classification text — supply this file before running this stage.

[2026-09-24T18:29:20] [ERROR] rec_default_426645015_audio_1788990433927.mp3 chunk@196.0s failed: Prompt file not found: /workspace/os_moderation/prompt_v5.py
This pipeline never hardcodes policy/classification text — supply this file before running this stage.
Traceback (most recent call last):
  File "/workspace/os_moderation/gemma_local.py", line 633, in process_file
    answer_text, thinking_text, raw_response, token_infos = classify_chunk(model, processor, chunk_path, thinking, logger)
                                                            ^^^^^^^^^^^^^^^^^^^^^^^^^^^^^^^^^^^^^^^^^^^^^^^^^^^^^^^^^^^^^^
  File "/workspace/os_moderation/gemma_local.py", line 330, in classify_chunk
    prompt_text = prompt_loader.render_prompt(PROMPT_PATH, json_schema_str=RAW_SCHEMA_STR)
                  ^^^^^^^^^^^^^^^^^^^^^^^^^^^^^^^^^^^^^^^^^^^^^^^^^^^^^^^^^^^^^^^^^^^^^^^^
  File "/workspace/os_moderation/prompt_loader.py", line 80, in render_prompt
    text = load_raw_prompt(path)
           ^^^^^^^^^^^^^^^^^^^^^
  File "/workspace/os_moderation/prompt_loader.py", line 62, in load_raw_prompt
    raise FileNotFoundError(
FileNotFoundError: Prompt file not found: /workspace/os_moderation/prompt_v5.py
This pipeline never hardcodes policy/classification text — supply this file before running this stage.

[2026-09-24T18:29:20] [ERROR] rec_default_426645015_audio_1788990433927.mp3 chunk@224.0s failed: Prompt file not found: /workspace/os_moderation/prompt_v5.py
This pipeline never hardcodes policy/classification text — supply this file before running this stage.
Traceback (most recent call last):
  File "/workspace/os_moderation/gemma_local.py", line 633, in process_file
    answer_text, thinking_text, raw_response, token_infos = classify_chunk(model, processor, chunk_path, thinking, logger)
                                                            ^^^^^^^^^^^^^^^^^^^^^^^^^^^^^^^^^^^^^^^^^^^^^^^^^^^^^^^^^^^^^^
  File "/workspace/os_moderation/gemma_local.py", line 330, in classify_chunk
    prompt_text = prompt_loader.render_prompt(PROMPT_PATH, json_schema_str=RAW_SCHEMA_STR)
                  ^^^^^^^^^^^^^^^^^^^^^^^^^^^^^^^^^^^^^^^^^^^^^^^^^^^^^^^^^^^^^^^^^^^^^^^^
  File "/workspace/os_moderation/prompt_loader.py", line 80, in render_prompt
    text = load_raw_prompt(path)
           ^^^^^^^^^^^^^^^^^^^^^
  File "/workspace/os_moderation/prompt_loader.py", line 62, in load_raw_prompt
    raise FileNotFoundError(
FileNotFoundError: Prompt file not found: /workspace/os_moderation/prompt_v5.py
This pipeline never hardcodes policy/classification text — supply this file before running this stage.

[2026-09-24T18:29:20] [ERROR] rec_default_426645015_audio_1788990433927.mp3 chunk@252.0s failed: Prompt file not found: /workspace/os_moderation/prompt_v5.py
This pipeline never hardcodes policy/classification text — supply this file before running this stage.
Traceback (most recent call last):
  File "/workspace/os_moderation/gemma_local.py", line 633, in process_file
    answer_text, thinking_text, raw_response, token_infos = classify_chunk(model, processor, chunk_path, thinking, logger)
                                                            ^^^^^^^^^^^^^^^^^^^^^^^^^^^^^^^^^^^^^^^^^^^^^^^^^^^^^^^^^^^^^^
  File "/workspace/os_moderation/gemma_local.py", line 330, in classify_chunk
    prompt_text = prompt_loader.render_prompt(PROMPT_PATH, json_schema_str=RAW_SCHEMA_STR)
                  ^^^^^^^^^^^^^^^^^^^^^^^^^^^^^^^^^^^^^^^^^^^^^^^^^^^^^^^^^^^^^^^^^^^^^^^^
  File "/workspace/os_moderation/prompt_loader.py", line 80, in render_prompt
    text = load_raw_prompt(path)
           ^^^^^^^^^^^^^^^^^^^^^
  File "/workspace/os_moderation/prompt_loader.py", line 62, in load_raw_prompt
    raise FileNotFoundError(
FileNotFoundError: Prompt file not found: /workspace/os_moderation/prompt_v5.py
This pipeline never hardcodes policy/classification text — supply this file before running this stage.

[2026-09-24T18:29:20] [INFO] [22/50] rec_audio_call_425877181_audio_1788930106387.mp3
[2026-09-24T18:29:20] [ERROR] rec_audio_call_425877181_audio_1788930106387.mp3 chunk@0.0s failed: Prompt file not found: /workspace/os_moderation/prompt_v5.py
This pipeline never hardcodes policy/classification text — supply this file before running this stage.
Traceback (most recent call last):
  File "/workspace/os_moderation/gemma_local.py", line 633, in process_file
    answer_text, thinking_text, raw_response, token_infos = classify_chunk(model, processor, chunk_path, thinking, logger)
                                                            ^^^^^^^^^^^^^^^^^^^^^^^^^^^^^^^^^^^^^^^^^^^^^^^^^^^^^^^^^^^^^^
  File "/workspace/os_moderation/gemma_local.py", line 330, in classify_chunk
    prompt_text = prompt_loader.render_prompt(PROMPT_PATH, json_schema_str=RAW_SCHEMA_STR)
                  ^^^^^^^^^^^^^^^^^^^^^^^^^^^^^^^^^^^^^^^^^^^^^^^^^^^^^^^^^^^^^^^^^^^^^^^^
  File "/workspace/os_moderation/prompt_loader.py", line 80, in render_prompt
    text = load_raw_prompt(path)
           ^^^^^^^^^^^^^^^^^^^^^
  File "/workspace/os_moderation/prompt_loader.py", line 62, in load_raw_prompt
    raise FileNotFoundError(
FileNotFoundError: Prompt file not found: /workspace/os_moderation/prompt_v5.py
This pipeline never hardcodes policy/classification text — supply this file before running this stage.

[2026-09-24T18:29:20] [ERROR] rec_audio_call_425877181_audio_1788930106387.mp3 chunk@28.0s failed: Prompt file not found: /workspace/os_moderation/prompt_v5.py
This pipeline never hardcodes policy/classification text — supply this file before running this stage.
Traceback (most recent call last):
  File "/workspace/os_moderation/gemma_local.py", line 633, in process_file
    answer_text, thinking_text, raw_response, token_infos = classify_chunk(model, processor, chunk_path, thinking, logger)
                                                            ^^^^^^^^^^^^^^^^^^^^^^^^^^^^^^^^^^^^^^^^^^^^^^^^^^^^^^^^^^^^^^
  File "/workspace/os_moderation/gemma_local.py", line 330, in classify_chunk
    prompt_text = prompt_loader.render_prompt(PROMPT_PATH, json_schema_str=RAW_SCHEMA_STR)
                  ^^^^^^^^^^^^^^^^^^^^^^^^^^^^^^^^^^^^^^^^^^^^^^^^^^^^^^^^^^^^^^^^^^^^^^^^
  File "/workspace/os_moderation/prompt_loader.py", line 80, in render_prompt
    text = load_raw_prompt(path)
           ^^^^^^^^^^^^^^^^^^^^^
  File "/workspace/os_moderation/prompt_loader.py", line 62, in load_raw_prompt
    raise FileNotFoundError(
FileNotFoundError: Prompt file not found: /workspace/os_moderation/prompt_v5.py
This pipeline never hardcodes policy/classification text — supply this file before running this stage.

[2026-09-24T18:29:20] [ERROR] rec_audio_call_425877181_audio_1788930106387.mp3 chunk@56.0s failed: Prompt file not found: /workspace/os_moderation/prompt_v5.py
This pipeline never hardcodes policy/classification text — supply this file before running this stage.
Traceback (most recent call last):
  File "/workspace/os_moderation/gemma_local.py", line 633, in process_file
    answer_text, thinking_text, raw_response, token_infos = classify_chunk(model, processor, chunk_path, thinking, logger)
                                                            ^^^^^^^^^^^^^^^^^^^^^^^^^^^^^^^^^^^^^^^^^^^^^^^^^^^^^^^^^^^^^^
  File "/workspace/os_moderation/gemma_local.py", line 330, in classify_chunk
    prompt_text = prompt_loader.render_prompt(PROMPT_PATH, json_schema_str=RAW_SCHEMA_STR)
                  ^^^^^^^^^^^^^^^^^^^^^^^^^^^^^^^^^^^^^^^^^^^^^^^^^^^^^^^^^^^^^^^^^^^^^^^^
  File "/workspace/os_moderation/prompt_loader.py", line 80, in render_prompt
    text = load_raw_prompt(path)
           ^^^^^^^^^^^^^^^^^^^^^
  File "/workspace/os_moderation/prompt_loader.py", line 62, in load_raw_prompt
    raise FileNotFoundError(
FileNotFoundError: Prompt file not found: /workspace/os_moderation/prompt_v5.py
This pipeline never hardcodes policy/classification text — supply this file before running this stage.

[2026-09-24T18:29:20] [INFO] [23/50] rec_audio_call_426035272_audio_1788942782972.mp3
[2026-09-24T18:29:21] [ERROR] rec_audio_call_426035272_audio_1788942782972.mp3 chunk@0.0s failed: Prompt file not found: /workspace/os_moderation/prompt_v5.py
This pipeline never hardcodes policy/classification text — supply this file before running this stage.
Traceback (most recent call last):
  File "/workspace/os_moderation/gemma_local.py", line 633, in process_file
    answer_text, thinking_text, raw_response, token_infos = classify_chunk(model, processor, chunk_path, thinking, logger)
                                                            ^^^^^^^^^^^^^^^^^^^^^^^^^^^^^^^^^^^^^^^^^^^^^^^^^^^^^^^^^^^^^^
  File "/workspace/os_moderation/gemma_local.py", line 330, in classify_chunk
    prompt_text = prompt_loader.render_prompt(PROMPT_PATH, json_schema_str=RAW_SCHEMA_STR)
                  ^^^^^^^^^^^^^^^^^^^^^^^^^^^^^^^^^^^^^^^^^^^^^^^^^^^^^^^^^^^^^^^^^^^^^^^^
  File "/workspace/os_moderation/prompt_loader.py", line 80, in render_prompt
    text = load_raw_prompt(path)
           ^^^^^^^^^^^^^^^^^^^^^
  File "/workspace/os_moderation/prompt_loader.py", line 62, in load_raw_prompt
    raise FileNotFoundError(
FileNotFoundError: Prompt file not found: /workspace/os_moderation/prompt_v5.py
This pipeline never hardcodes policy/classification text — supply this file before running this stage.

[2026-09-24T18:29:21] [ERROR] rec_audio_call_426035272_audio_1788942782972.mp3 chunk@28.0s failed: Prompt file not found: /workspace/os_moderation/prompt_v5.py
This pipeline never hardcodes policy/classification text — supply this file before running this stage.
Traceback (most recent call last):
  File "/workspace/os_moderation/gemma_local.py", line 633, in process_file
    answer_text, thinking_text, raw_response, token_infos = classify_chunk(model, processor, chunk_path, thinking, logger)
                                                            ^^^^^^^^^^^^^^^^^^^^^^^^^^^^^^^^^^^^^^^^^^^^^^^^^^^^^^^^^^^^^^
  File "/workspace/os_moderation/gemma_local.py", line 330, in classify_chunk
    prompt_text = prompt_loader.render_prompt(PROMPT_PATH, json_schema_str=RAW_SCHEMA_STR)
                  ^^^^^^^^^^^^^^^^^^^^^^^^^^^^^^^^^^^^^^^^^^^^^^^^^^^^^^^^^^^^^^^^^^^^^^^^
  File "/workspace/os_moderation/prompt_loader.py", line 80, in render_prompt
    text = load_raw_prompt(path)
           ^^^^^^^^^^^^^^^^^^^^^
  File "/workspace/os_moderation/prompt_loader.py", line 62, in load_raw_prompt
    raise FileNotFoundError(
FileNotFoundError: Prompt file not found: /workspace/os_moderation/prompt_v5.py
This pipeline never hardcodes policy/classification text — supply this file before running this stage.

[2026-09-24T18:29:21] [ERROR] rec_audio_call_426035272_audio_1788942782972.mp3 chunk@56.0s failed: Prompt file not found: /workspace/os_moderation/prompt_v5.py
This pipeline never hardcodes policy/classification text — supply this file before running this stage.
Traceback (most recent call last):
  File "/workspace/os_moderation/gemma_local.py", line 633, in process_file
    answer_text, thinking_text, raw_response, token_infos = classify_chunk(model, processor, chunk_path, thinking, logger)
                                                            ^^^^^^^^^^^^^^^^^^^^^^^^^^^^^^^^^^^^^^^^^^^^^^^^^^^^^^^^^^^^^^
  File "/workspace/os_moderation/gemma_local.py", line 330, in classify_chunk
    prompt_text = prompt_loader.render_prompt(PROMPT_PATH, json_schema_str=RAW_SCHEMA_STR)
                  ^^^^^^^^^^^^^^^^^^^^^^^^^^^^^^^^^^^^^^^^^^^^^^^^^^^^^^^^^^^^^^^^^^^^^^^^
  File "/workspace/os_moderation/prompt_loader.py", line 80, in render_prompt
    text = load_raw_prompt(path)
           ^^^^^^^^^^^^^^^^^^^^^
  File "/workspace/os_moderation/prompt_loader.py", line 62, in load_raw_prompt
    raise FileNotFoundError(
FileNotFoundError: Prompt file not found: /workspace/os_moderation/prompt_v5.py
This pipeline never hardcodes policy/classification text — supply this file before running this stage.

[2026-09-24T18:29:21] [INFO] [24/50] rec_default_426534420_audio_1788980458455.mp3
[2026-09-24T18:29:21] [ERROR] rec_default_426534420_audio_1788980458455.mp3 chunk@0.0s failed: Prompt file not found: /workspace/os_moderation/prompt_v5.py
This pipeline never hardcodes policy/classification text — supply this file before running this stage.
Traceback (most recent call last):
  File "/workspace/os_moderation/gemma_local.py", line 633, in process_file
    answer_text, thinking_text, raw_response, token_infos = classify_chunk(model, processor, chunk_path, thinking, logger)
                                                            ^^^^^^^^^^^^^^^^^^^^^^^^^^^^^^^^^^^^^^^^^^^^^^^^^^^^^^^^^^^^^^
  File "/workspace/os_moderation/gemma_local.py", line 330, in classify_chunk
    prompt_text = prompt_loader.render_prompt(PROMPT_PATH, json_schema_str=RAW_SCHEMA_STR)
                  ^^^^^^^^^^^^^^^^^^^^^^^^^^^^^^^^^^^^^^^^^^^^^^^^^^^^^^^^^^^^^^^^^^^^^^^^
  File "/workspace/os_moderation/prompt_loader.py", line 80, in render_prompt
    text = load_raw_prompt(path)
           ^^^^^^^^^^^^^^^^^^^^^
  File "/workspace/os_moderation/prompt_loader.py", line 62, in load_raw_prompt
    raise FileNotFoundError(
FileNotFoundError: Prompt file not found: /workspace/os_moderation/prompt_v5.py
This pipeline never hardcodes policy/classification text — supply this file before running this stage.

[2026-09-24T18:29:21] [ERROR] rec_default_426534420_audio_1788980458455.mp3 chunk@28.0s failed: Prompt file not found: /workspace/os_moderation/prompt_v5.py
This pipeline never hardcodes policy/classification text — supply this file before running this stage.
Traceback (most recent call last):
  File "/workspace/os_moderation/gemma_local.py", line 633, in process_file
    answer_text, thinking_text, raw_response, token_infos = classify_chunk(model, processor, chunk_path, thinking, logger)
                                                            ^^^^^^^^^^^^^^^^^^^^^^^^^^^^^^^^^^^^^^^^^^^^^^^^^^^^^^^^^^^^^^
  File "/workspace/os_moderation/gemma_local.py", line 330, in classify_chunk
    prompt_text = prompt_loader.render_prompt(PROMPT_PATH, json_schema_str=RAW_SCHEMA_STR)
                  ^^^^^^^^^^^^^^^^^^^^^^^^^^^^^^^^^^^^^^^^^^^^^^^^^^^^^^^^^^^^^^^^^^^^^^^^
  File "/workspace/os_moderation/prompt_loader.py", line 80, in render_prompt
    text = load_raw_prompt(path)
           ^^^^^^^^^^^^^^^^^^^^^
  File "/workspace/os_moderation/prompt_loader.py", line 62, in load_raw_prompt
    raise FileNotFoundError(
FileNotFoundError: Prompt file not found: /workspace/os_moderation/prompt_v5.py
This pipeline never hardcodes policy/classification text — supply this file before running this stage.

[2026-09-24T18:29:21] [INFO] [25/50] rec_default_425912424_audio_1788933213081.mp3
[2026-09-24T18:29:22] [ERROR] rec_default_425912424_audio_1788933213081.mp3 chunk@0.0s failed: Prompt file not found: /workspace/os_moderation/prompt_v5.py
This pipeline never hardcodes policy/classification text — supply this file before running this stage.
Traceback (most recent call last):
  File "/workspace/os_moderation/gemma_local.py", line 633, in process_file
    answer_text, thinking_text, raw_response, token_infos = classify_chunk(model, processor, chunk_path, thinking, logger)
                                                            ^^^^^^^^^^^^^^^^^^^^^^^^^^^^^^^^^^^^^^^^^^^^^^^^^^^^^^^^^^^^^^
  File "/workspace/os_moderation/gemma_local.py", line 330, in classify_chunk
    prompt_text = prompt_loader.render_prompt(PROMPT_PATH, json_schema_str=RAW_SCHEMA_STR)
                  ^^^^^^^^^^^^^^^^^^^^^^^^^^^^^^^^^^^^^^^^^^^^^^^^^^^^^^^^^^^^^^^^^^^^^^^^
  File "/workspace/os_moderation/prompt_loader.py", line 80, in render_prompt
    text = load_raw_prompt(path)
           ^^^^^^^^^^^^^^^^^^^^^
  File "/workspace/os_moderation/prompt_loader.py", line 62, in load_raw_prompt
    raise FileNotFoundError(
FileNotFoundError: Prompt file not found: /workspace/os_moderation/prompt_v5.py
This pipeline never hardcodes policy/classification text — supply this file before running this stage.

[2026-09-24T18:29:22] [ERROR] rec_default_425912424_audio_1788933213081.mp3 chunk@28.0s failed: Prompt file not found: /workspace/os_moderation/prompt_v5.py
This pipeline never hardcodes policy/classification text — supply this file before running this stage.
Traceback (most recent call last):
  File "/workspace/os_moderation/gemma_local.py", line 633, in process_file
    answer_text, thinking_text, raw_response, token_infos = classify_chunk(model, processor, chunk_path, thinking, logger)
                                                            ^^^^^^^^^^^^^^^^^^^^^^^^^^^^^^^^^^^^^^^^^^^^^^^^^^^^^^^^^^^^^^
  File "/workspace/os_moderation/gemma_local.py", line 330, in classify_chunk
    prompt_text = prompt_loader.render_prompt(PROMPT_PATH, json_schema_str=RAW_SCHEMA_STR)
                  ^^^^^^^^^^^^^^^^^^^^^^^^^^^^^^^^^^^^^^^^^^^^^^^^^^^^^^^^^^^^^^^^^^^^^^^^
  File "/workspace/os_moderation/prompt_loader.py", line 80, in render_prompt
    text = load_raw_prompt(path)
           ^^^^^^^^^^^^^^^^^^^^^
  File "/workspace/os_moderation/prompt_loader.py", line 62, in load_raw_prompt
    raise FileNotFoundError(
FileNotFoundError: Prompt file not found: /workspace/os_moderation/prompt_v5.py
This pipeline never hardcodes policy/classification text — supply this file before running this stage.

[2026-09-24T18:29:22] [ERROR] rec_default_425912424_audio_1788933213081.mp3 chunk@56.0s failed: Prompt file not found: /workspace/os_moderation/prompt_v5.py
This pipeline never hardcodes policy/classification text — supply this file before running this stage.
Traceback (most recent call last):
  File "/workspace/os_moderation/gemma_local.py", line 633, in process_file
    answer_text, thinking_text, raw_response, token_infos = classify_chunk(model, processor, chunk_path, thinking, logger)
                                                            ^^^^^^^^^^^^^^^^^^^^^^^^^^^^^^^^^^^^^^^^^^^^^^^^^^^^^^^^^^^^^^
  File "/workspace/os_moderation/gemma_local.py", line 330, in classify_chunk
    prompt_text = prompt_loader.render_prompt(PROMPT_PATH, json_schema_str=RAW_SCHEMA_STR)
                  ^^^^^^^^^^^^^^^^^^^^^^^^^^^^^^^^^^^^^^^^^^^^^^^^^^^^^^^^^^^^^^^^^^^^^^^^
  File "/workspace/os_moderation/prompt_loader.py", line 80, in render_prompt
    text = load_raw_prompt(path)
           ^^^^^^^^^^^^^^^^^^^^^
  File "/workspace/os_moderation/prompt_loader.py", line 62, in load_raw_prompt
    raise FileNotFoundError(
FileNotFoundError: Prompt file not found: /workspace/os_moderation/prompt_v5.py
This pipeline never hardcodes policy/classification text — supply this file before running this stage.

[2026-09-24T18:29:22] [ERROR] rec_default_425912424_audio_1788933213081.mp3 chunk@84.0s failed: Prompt file not found: /workspace/os_moderation/prompt_v5.py
This pipeline never hardcodes policy/classification text — supply this file before running this stage.
Traceback (most recent call last):
  File "/workspace/os_moderation/gemma_local.py", line 633, in process_file
    answer_text, thinking_text, raw_response, token_infos = classify_chunk(model, processor, chunk_path, thinking, logger)
                                                            ^^^^^^^^^^^^^^^^^^^^^^^^^^^^^^^^^^^^^^^^^^^^^^^^^^^^^^^^^^^^^^
  File "/workspace/os_moderation/gemma_local.py", line 330, in classify_chunk
    prompt_text = prompt_loader.render_prompt(PROMPT_PATH, json_schema_str=RAW_SCHEMA_STR)
                  ^^^^^^^^^^^^^^^^^^^^^^^^^^^^^^^^^^^^^^^^^^^^^^^^^^^^^^^^^^^^^^^^^^^^^^^^
  File "/workspace/os_moderation/prompt_loader.py", line 80, in render_prompt
    text = load_raw_prompt(path)
           ^^^^^^^^^^^^^^^^^^^^^
  File "/workspace/os_moderation/prompt_loader.py", line 62, in load_raw_prompt
    raise FileNotFoundError(
FileNotFoundError: Prompt file not found: /workspace/os_moderation/prompt_v5.py
This pipeline never hardcodes policy/classification text — supply this file before running this stage.

[2026-09-24T18:29:22] [ERROR] rec_default_425912424_audio_1788933213081.mp3 chunk@112.0s failed: Prompt file not found: /workspace/os_moderation/prompt_v5.py
This pipeline never hardcodes policy/classification text — supply this file before running this stage.
Traceback (most recent call last):
  File "/workspace/os_moderation/gemma_local.py", line 633, in process_file
    answer_text, thinking_text, raw_response, token_infos = classify_chunk(model, processor, chunk_path, thinking, logger)
                                                            ^^^^^^^^^^^^^^^^^^^^^^^^^^^^^^^^^^^^^^^^^^^^^^^^^^^^^^^^^^^^^^
  File "/workspace/os_moderation/gemma_local.py", line 330, in classify_chunk
    prompt_text = prompt_loader.render_prompt(PROMPT_PATH, json_schema_str=RAW_SCHEMA_STR)
                  ^^^^^^^^^^^^^^^^^^^^^^^^^^^^^^^^^^^^^^^^^^^^^^^^^^^^^^^^^^^^^^^^^^^^^^^^
  File "/workspace/os_moderation/prompt_loader.py", line 80, in render_prompt
    text = load_raw_prompt(path)
           ^^^^^^^^^^^^^^^^^^^^^
  File "/workspace/os_moderation/prompt_loader.py", line 62, in load_raw_prompt
    raise FileNotFoundError(
FileNotFoundError: Prompt file not found: /workspace/os_moderation/prompt_v5.py
This pipeline never hardcodes policy/classification text — supply this file before running this stage.

[2026-09-24T18:29:22] [ERROR] rec_default_425912424_audio_1788933213081.mp3 chunk@140.0s failed: Prompt file not found: /workspace/os_moderation/prompt_v5.py
This pipeline never hardcodes policy/classification text — supply this file before running this stage.
Traceback (most recent call last):
  File "/workspace/os_moderation/gemma_local.py", line 633, in process_file
    answer_text, thinking_text, raw_response, token_infos = classify_chunk(model, processor, chunk_path, thinking, logger)
                                                            ^^^^^^^^^^^^^^^^^^^^^^^^^^^^^^^^^^^^^^^^^^^^^^^^^^^^^^^^^^^^^^
  File "/workspace/os_moderation/gemma_local.py", line 330, in classify_chunk
    prompt_text = prompt_loader.render_prompt(PROMPT_PATH, json_schema_str=RAW_SCHEMA_STR)
                  ^^^^^^^^^^^^^^^^^^^^^^^^^^^^^^^^^^^^^^^^^^^^^^^^^^^^^^^^^^^^^^^^^^^^^^^^
  File "/workspace/os_moderation/prompt_loader.py", line 80, in render_prompt
    text = load_raw_prompt(path)
           ^^^^^^^^^^^^^^^^^^^^^
  File "/workspace/os_moderation/prompt_loader.py", line 62, in load_raw_prompt
    raise FileNotFoundError(
FileNotFoundError: Prompt file not found: /workspace/os_moderation/prompt_v5.py
This pipeline never hardcodes policy/classification text — supply this file before running this stage.

[2026-09-24T18:29:22] [ERROR] rec_default_425912424_audio_1788933213081.mp3 chunk@168.0s failed: Prompt file not found: /workspace/os_moderation/prompt_v5.py
This pipeline never hardcodes policy/classification text — supply this file before running this stage.
Traceback (most recent call last):
  File "/workspace/os_moderation/gemma_local.py", line 633, in process_file
    answer_text, thinking_text, raw_response, token_infos = classify_chunk(model, processor, chunk_path, thinking, logger)
                                                            ^^^^^^^^^^^^^^^^^^^^^^^^^^^^^^^^^^^^^^^^^^^^^^^^^^^^^^^^^^^^^^
  File "/workspace/os_moderation/gemma_local.py", line 330, in classify_chunk
    prompt_text = prompt_loader.render_prompt(PROMPT_PATH, json_schema_str=RAW_SCHEMA_STR)
                  ^^^^^^^^^^^^^^^^^^^^^^^^^^^^^^^^^^^^^^^^^^^^^^^^^^^^^^^^^^^^^^^^^^^^^^^^
  File "/workspace/os_moderation/prompt_loader.py", line 80, in render_prompt
    text = load_raw_prompt(path)
           ^^^^^^^^^^^^^^^^^^^^^
  File "/workspace/os_moderation/prompt_loader.py", line 62, in load_raw_prompt
    raise FileNotFoundError(
FileNotFoundError: Prompt file not found: /workspace/os_moderation/prompt_v5.py
This pipeline never hardcodes policy/classification text — supply this file before running this stage.

[2026-09-24T18:29:22] [ERROR] rec_default_425912424_audio_1788933213081.mp3 chunk@196.0s failed: Prompt file not found: /workspace/os_moderation/prompt_v5.py
This pipeline never hardcodes policy/classification text — supply this file before running this stage.
Traceback (most recent call last):
  File "/workspace/os_moderation/gemma_local.py", line 633, in process_file
    answer_text, thinking_text, raw_response, token_infos = classify_chunk(model, processor, chunk_path, thinking, logger)
                                                            ^^^^^^^^^^^^^^^^^^^^^^^^^^^^^^^^^^^^^^^^^^^^^^^^^^^^^^^^^^^^^^
  File "/workspace/os_moderation/gemma_local.py", line 330, in classify_chunk
    prompt_text = prompt_loader.render_prompt(PROMPT_PATH, json_schema_str=RAW_SCHEMA_STR)
                  ^^^^^^^^^^^^^^^^^^^^^^^^^^^^^^^^^^^^^^^^^^^^^^^^^^^^^^^^^^^^^^^^^^^^^^^^
  File "/workspace/os_moderation/prompt_loader.py", line 80, in render_prompt
    text = load_raw_prompt(path)
           ^^^^^^^^^^^^^^^^^^^^^
  File "/workspace/os_moderation/prompt_loader.py", line 62, in load_raw_prompt
    raise FileNotFoundError(
FileNotFoundError: Prompt file not found: /workspace/os_moderation/prompt_v5.py
This pipeline never hardcodes policy/classification text — supply this file before running this stage.

[2026-09-24T18:29:22] [INFO] [26/50] rec_audio_call_427306773_audio_1789058284652.mp3
[2026-09-24T18:29:22] [ERROR] rec_audio_call_427306773_audio_1789058284652.mp3 chunk@0.0s failed: Prompt file not found: /workspace/os_moderation/prompt_v5.py
This pipeline never hardcodes policy/classification text — supply this file before running this stage.
Traceback (most recent call last):
  File "/workspace/os_moderation/gemma_local.py", line 633, in process_file
    answer_text, thinking_text, raw_response, token_infos = classify_chunk(model, processor, chunk_path, thinking, logger)
                                                            ^^^^^^^^^^^^^^^^^^^^^^^^^^^^^^^^^^^^^^^^^^^^^^^^^^^^^^^^^^^^^^
  File "/workspace/os_moderation/gemma_local.py", line 330, in classify_chunk
    prompt_text = prompt_loader.render_prompt(PROMPT_PATH, json_schema_str=RAW_SCHEMA_STR)
                  ^^^^^^^^^^^^^^^^^^^^^^^^^^^^^^^^^^^^^^^^^^^^^^^^^^^^^^^^^^^^^^^^^^^^^^^^
  File "/workspace/os_moderation/prompt_loader.py", line 80, in render_prompt
    text = load_raw_prompt(path)
           ^^^^^^^^^^^^^^^^^^^^^
  File "/workspace/os_moderation/prompt_loader.py", line 62, in load_raw_prompt
    raise FileNotFoundError(
FileNotFoundError: Prompt file not found: /workspace/os_moderation/prompt_v5.py
This pipeline never hardcodes policy/classification text — supply this file before running this stage.

[2026-09-24T18:29:22] [ERROR] rec_audio_call_427306773_audio_1789058284652.mp3 chunk@28.0s failed: Prompt file not found: /workspace/os_moderation/prompt_v5.py
This pipeline never hardcodes policy/classification text — supply this file before running this stage.
Traceback (most recent call last):
  File "/workspace/os_moderation/gemma_local.py", line 633, in process_file
    answer_text, thinking_text, raw_response, token_infos = classify_chunk(model, processor, chunk_path, thinking, logger)
                                                            ^^^^^^^^^^^^^^^^^^^^^^^^^^^^^^^^^^^^^^^^^^^^^^^^^^^^^^^^^^^^^^
  File "/workspace/os_moderation/gemma_local.py", line 330, in classify_chunk
    prompt_text = prompt_loader.render_prompt(PROMPT_PATH, json_schema_str=RAW_SCHEMA_STR)
                  ^^^^^^^^^^^^^^^^^^^^^^^^^^^^^^^^^^^^^^^^^^^^^^^^^^^^^^^^^^^^^^^^^^^^^^^^
  File "/workspace/os_moderation/prompt_loader.py", line 80, in render_prompt
    text = load_raw_prompt(path)
           ^^^^^^^^^^^^^^^^^^^^^
  File "/workspace/os_moderation/prompt_loader.py", line 62, in load_raw_prompt
    raise FileNotFoundError(
FileNotFoundError: Prompt file not found: /workspace/os_moderation/prompt_v5.py
This pipeline never hardcodes policy/classification text — supply this file before running this stage.

[2026-09-24T18:29:22] [INFO] [27/50] rec_audio_call_427306864_audio_1789058288911.mp3
[2026-09-24T18:29:23] [ERROR] rec_audio_call_427306864_audio_1789058288911.mp3 chunk@0.0s failed: Prompt file not found: /workspace/os_moderation/prompt_v5.py
This pipeline never hardcodes policy/classification text — supply this file before running this stage.
Traceback (most recent call last):
  File "/workspace/os_moderation/gemma_local.py", line 633, in process_file
    answer_text, thinking_text, raw_response, token_infos = classify_chunk(model, processor, chunk_path, thinking, logger)
                                                            ^^^^^^^^^^^^^^^^^^^^^^^^^^^^^^^^^^^^^^^^^^^^^^^^^^^^^^^^^^^^^^
  File "/workspace/os_moderation/gemma_local.py", line 330, in classify_chunk
    prompt_text = prompt_loader.render_prompt(PROMPT_PATH, json_schema_str=RAW_SCHEMA_STR)
                  ^^^^^^^^^^^^^^^^^^^^^^^^^^^^^^^^^^^^^^^^^^^^^^^^^^^^^^^^^^^^^^^^^^^^^^^^
  File "/workspace/os_moderation/prompt_loader.py", line 80, in render_prompt
    text = load_raw_prompt(path)
           ^^^^^^^^^^^^^^^^^^^^^
  File "/workspace/os_moderation/prompt_loader.py", line 62, in load_raw_prompt
    raise FileNotFoundError(
FileNotFoundError: Prompt file not found: /workspace/os_moderation/prompt_v5.py
This pipeline never hardcodes policy/classification text — supply this file before running this stage.

[2026-09-24T18:29:23] [ERROR] rec_audio_call_427306864_audio_1789058288911.mp3 chunk@28.0s failed: Prompt file not found: /workspace/os_moderation/prompt_v5.py
This pipeline never hardcodes policy/classification text — supply this file before running this stage.
Traceback (most recent call last):
  File "/workspace/os_moderation/gemma_local.py", line 633, in process_file
    answer_text, thinking_text, raw_response, token_infos = classify_chunk(model, processor, chunk_path, thinking, logger)
                                                            ^^^^^^^^^^^^^^^^^^^^^^^^^^^^^^^^^^^^^^^^^^^^^^^^^^^^^^^^^^^^^^
  File "/workspace/os_moderation/gemma_local.py", line 330, in classify_chunk
    prompt_text = prompt_loader.render_prompt(PROMPT_PATH, json_schema_str=RAW_SCHEMA_STR)
                  ^^^^^^^^^^^^^^^^^^^^^^^^^^^^^^^^^^^^^^^^^^^^^^^^^^^^^^^^^^^^^^^^^^^^^^^^
  File "/workspace/os_moderation/prompt_loader.py", line 80, in render_prompt
    text = load_raw_prompt(path)
           ^^^^^^^^^^^^^^^^^^^^^
  File "/workspace/os_moderation/prompt_loader.py", line 62, in load_raw_prompt
    raise FileNotFoundError(
FileNotFoundError: Prompt file not found: /workspace/os_moderation/prompt_v5.py
This pipeline never hardcodes policy/classification text — supply this file before running this stage.

[2026-09-24T18:29:23] [ERROR] rec_audio_call_427306864_audio_1789058288911.mp3 chunk@56.0s failed: Prompt file not found: /workspace/os_moderation/prompt_v5.py
This pipeline never hardcodes policy/classification text — supply this file before running this stage.
Traceback (most recent call last):
  File "/workspace/os_moderation/gemma_local.py", line 633, in process_file
    answer_text, thinking_text, raw_response, token_infos = classify_chunk(model, processor, chunk_path, thinking, logger)
                                                            ^^^^^^^^^^^^^^^^^^^^^^^^^^^^^^^^^^^^^^^^^^^^^^^^^^^^^^^^^^^^^^
  File "/workspace/os_moderation/gemma_local.py", line 330, in classify_chunk
    prompt_text = prompt_loader.render_prompt(PROMPT_PATH, json_schema_str=RAW_SCHEMA_STR)
                  ^^^^^^^^^^^^^^^^^^^^^^^^^^^^^^^^^^^^^^^^^^^^^^^^^^^^^^^^^^^^^^^^^^^^^^^^
  File "/workspace/os_moderation/prompt_loader.py", line 80, in render_prompt
    text = load_raw_prompt(path)
           ^^^^^^^^^^^^^^^^^^^^^
  File "/workspace/os_moderation/prompt_loader.py", line 62, in load_raw_prompt
    raise FileNotFoundError(
FileNotFoundError: Prompt file not found: /workspace/os_moderation/prompt_v5.py
This pipeline never hardcodes policy/classification text — supply this file before running this stage.

[2026-09-24T18:29:23] [ERROR] rec_audio_call_427306864_audio_1789058288911.mp3 chunk@84.0s failed: Prompt file not found: /workspace/os_moderation/prompt_v5.py
This pipeline never hardcodes policy/classification text — supply this file before running this stage.
Traceback (most recent call last):
  File "/workspace/os_moderation/gemma_local.py", line 633, in process_file
    answer_text, thinking_text, raw_response, token_infos = classify_chunk(model, processor, chunk_path, thinking, logger)
                                                            ^^^^^^^^^^^^^^^^^^^^^^^^^^^^^^^^^^^^^^^^^^^^^^^^^^^^^^^^^^^^^^
  File "/workspace/os_moderation/gemma_local.py", line 330, in classify_chunk
    prompt_text = prompt_loader.render_prompt(PROMPT_PATH, json_schema_str=RAW_SCHEMA_STR)
                  ^^^^^^^^^^^^^^^^^^^^^^^^^^^^^^^^^^^^^^^^^^^^^^^^^^^^^^^^^^^^^^^^^^^^^^^^
  File "/workspace/os_moderation/prompt_loader.py", line 80, in render_prompt
    text = load_raw_prompt(path)
           ^^^^^^^^^^^^^^^^^^^^^
  File "/workspace/os_moderation/prompt_loader.py", line 62, in load_raw_prompt
    raise FileNotFoundError(
FileNotFoundError: Prompt file not found: /workspace/os_moderation/prompt_v5.py
This pipeline never hardcodes policy/classification text — supply this file before running this stage.

[2026-09-24T18:29:23] [ERROR] rec_audio_call_427306864_audio_1789058288911.mp3 chunk@112.0s failed: Prompt file not found: /workspace/os_moderation/prompt_v5.py
This pipeline never hardcodes policy/classification text — supply this file before running this stage.
Traceback (most recent call last):
  File "/workspace/os_moderation/gemma_local.py", line 633, in process_file
    answer_text, thinking_text, raw_response, token_infos = classify_chunk(model, processor, chunk_path, thinking, logger)
                                                            ^^^^^^^^^^^^^^^^^^^^^^^^^^^^^^^^^^^^^^^^^^^^^^^^^^^^^^^^^^^^^^
  File "/workspace/os_moderation/gemma_local.py", line 330, in classify_chunk
    prompt_text = prompt_loader.render_prompt(PROMPT_PATH, json_schema_str=RAW_SCHEMA_STR)
                  ^^^^^^^^^^^^^^^^^^^^^^^^^^^^^^^^^^^^^^^^^^^^^^^^^^^^^^^^^^^^^^^^^^^^^^^^
  File "/workspace/os_moderation/prompt_loader.py", line 80, in render_prompt
    text = load_raw_prompt(path)
           ^^^^^^^^^^^^^^^^^^^^^
  File "/workspace/os_moderation/prompt_loader.py", line 62, in load_raw_prompt
    raise FileNotFoundError(
FileNotFoundError: Prompt file not found: /workspace/os_moderation/prompt_v5.py
This pipeline never hardcodes policy/classification text — supply this file before running this stage.

[2026-09-24T18:29:23] [INFO] [28/50] rec_default_427305885_audio_1789058218067.mp3
[2026-09-24T18:29:23] [ERROR] rec_default_427305885_audio_1789058218067.mp3 chunk@0.0s failed: Prompt file not found: /workspace/os_moderation/prompt_v5.py
This pipeline never hardcodes policy/classification text — supply this file before running this stage.
Traceback (most recent call last):
  File "/workspace/os_moderation/gemma_local.py", line 633, in process_file
    answer_text, thinking_text, raw_response, token_infos = classify_chunk(model, processor, chunk_path, thinking, logger)
                                                            ^^^^^^^^^^^^^^^^^^^^^^^^^^^^^^^^^^^^^^^^^^^^^^^^^^^^^^^^^^^^^^
  File "/workspace/os_moderation/gemma_local.py", line 330, in classify_chunk
    prompt_text = prompt_loader.render_prompt(PROMPT_PATH, json_schema_str=RAW_SCHEMA_STR)
                  ^^^^^^^^^^^^^^^^^^^^^^^^^^^^^^^^^^^^^^^^^^^^^^^^^^^^^^^^^^^^^^^^^^^^^^^^
  File "/workspace/os_moderation/prompt_loader.py", line 80, in render_prompt
    text = load_raw_prompt(path)
           ^^^^^^^^^^^^^^^^^^^^^
  File "/workspace/os_moderation/prompt_loader.py", line 62, in load_raw_prompt
    raise FileNotFoundError(
FileNotFoundError: Prompt file not found: /workspace/os_moderation/prompt_v5.py
This pipeline never hardcodes policy/classification text — supply this file before running this stage.

[2026-09-24T18:29:23] [ERROR] rec_default_427305885_audio_1789058218067.mp3 chunk@28.0s failed: Prompt file not found: /workspace/os_moderation/prompt_v5.py
This pipeline never hardcodes policy/classification text — supply this file before running this stage.
Traceback (most recent call last):
  File "/workspace/os_moderation/gemma_local.py", line 633, in process_file
    answer_text, thinking_text, raw_response, token_infos = classify_chunk(model, processor, chunk_path, thinking, logger)
                                                            ^^^^^^^^^^^^^^^^^^^^^^^^^^^^^^^^^^^^^^^^^^^^^^^^^^^^^^^^^^^^^^
  File "/workspace/os_moderation/gemma_local.py", line 330, in classify_chunk
    prompt_text = prompt_loader.render_prompt(PROMPT_PATH, json_schema_str=RAW_SCHEMA_STR)
                  ^^^^^^^^^^^^^^^^^^^^^^^^^^^^^^^^^^^^^^^^^^^^^^^^^^^^^^^^^^^^^^^^^^^^^^^^
  File "/workspace/os_moderation/prompt_loader.py", line 80, in render_prompt
    text = load_raw_prompt(path)
           ^^^^^^^^^^^^^^^^^^^^^
  File "/workspace/os_moderation/prompt_loader.py", line 62, in load_raw_prompt
    raise FileNotFoundError(
FileNotFoundError: Prompt file not found: /workspace/os_moderation/prompt_v5.py
This pipeline never hardcodes policy/classification text — supply this file before running this stage.

[2026-09-24T18:29:23] [ERROR] rec_default_427305885_audio_1789058218067.mp3 chunk@56.0s failed: Prompt file not found: /workspace/os_moderation/prompt_v5.py
This pipeline never hardcodes policy/classification text — supply this file before running this stage.
Traceback (most recent call last):
  File "/workspace/os_moderation/gemma_local.py", line 633, in process_file
    answer_text, thinking_text, raw_response, token_infos = classify_chunk(model, processor, chunk_path, thinking, logger)
                                                            ^^^^^^^^^^^^^^^^^^^^^^^^^^^^^^^^^^^^^^^^^^^^^^^^^^^^^^^^^^^^^^
  File "/workspace/os_moderation/gemma_local.py", line 330, in classify_chunk
    prompt_text = prompt_loader.render_prompt(PROMPT_PATH, json_schema_str=RAW_SCHEMA_STR)
                  ^^^^^^^^^^^^^^^^^^^^^^^^^^^^^^^^^^^^^^^^^^^^^^^^^^^^^^^^^^^^^^^^^^^^^^^^
  File "/workspace/os_moderation/prompt_loader.py", line 80, in render_prompt
    text = load_raw_prompt(path)
           ^^^^^^^^^^^^^^^^^^^^^
  File "/workspace/os_moderation/prompt_loader.py", line 62, in load_raw_prompt
    raise FileNotFoundError(
FileNotFoundError: Prompt file not found: /workspace/os_moderation/prompt_v5.py
This pipeline never hardcodes policy/classification text — supply this file before running this stage.

[2026-09-24T18:29:23] [ERROR] rec_default_427305885_audio_1789058218067.mp3 chunk@84.0s failed: Prompt file not found: /workspace/os_moderation/prompt_v5.py
This pipeline never hardcodes policy/classification text — supply this file before running this stage.
Traceback (most recent call last):
  File "/workspace/os_moderation/gemma_local.py", line 633, in process_file
    answer_text, thinking_text, raw_response, token_infos = classify_chunk(model, processor, chunk_path, thinking, logger)
                                                            ^^^^^^^^^^^^^^^^^^^^^^^^^^^^^^^^^^^^^^^^^^^^^^^^^^^^^^^^^^^^^^
  File "/workspace/os_moderation/gemma_local.py", line 330, in classify_chunk
    prompt_text = prompt_loader.render_prompt(PROMPT_PATH, json_schema_str=RAW_SCHEMA_STR)
                  ^^^^^^^^^^^^^^^^^^^^^^^^^^^^^^^^^^^^^^^^^^^^^^^^^^^^^^^^^^^^^^^^^^^^^^^^
  File "/workspace/os_moderation/prompt_loader.py", line 80, in render_prompt
    text = load_raw_prompt(path)
           ^^^^^^^^^^^^^^^^^^^^^
  File "/workspace/os_moderation/prompt_loader.py", line 62, in load_raw_prompt
    raise FileNotFoundError(
FileNotFoundError: Prompt file not found: /workspace/os_moderation/prompt_v5.py
This pipeline never hardcodes policy/classification text — supply this file before running this stage.

[2026-09-24T18:29:23] [ERROR] rec_default_427305885_audio_1789058218067.mp3 chunk@112.0s failed: Prompt file not found: /workspace/os_moderation/prompt_v5.py
This pipeline never hardcodes policy/classification text — supply this file before running this stage.
Traceback (most recent call last):
  File "/workspace/os_moderation/gemma_local.py", line 633, in process_file
    answer_text, thinking_text, raw_response, token_infos = classify_chunk(model, processor, chunk_path, thinking, logger)
                                                            ^^^^^^^^^^^^^^^^^^^^^^^^^^^^^^^^^^^^^^^^^^^^^^^^^^^^^^^^^^^^^^
  File "/workspace/os_moderation/gemma_local.py", line 330, in classify_chunk
    prompt_text = prompt_loader.render_prompt(PROMPT_PATH, json_schema_str=RAW_SCHEMA_STR)
                  ^^^^^^^^^^^^^^^^^^^^^^^^^^^^^^^^^^^^^^^^^^^^^^^^^^^^^^^^^^^^^^^^^^^^^^^^
  File "/workspace/os_moderation/prompt_loader.py", line 80, in render_prompt
    text = load_raw_prompt(path)
           ^^^^^^^^^^^^^^^^^^^^^
  File "/workspace/os_moderation/prompt_loader.py", line 62, in load_raw_prompt
    raise FileNotFoundError(
FileNotFoundError: Prompt file not found: /workspace/os_moderation/prompt_v5.py
This pipeline never hardcodes policy/classification text — supply this file before running this stage.

[2026-09-24T18:29:23] [ERROR] rec_default_427305885_audio_1789058218067.mp3 chunk@140.0s failed: Prompt file not found: /workspace/os_moderation/prompt_v5.py
This pipeline never hardcodes policy/classification text — supply this file before running this stage.
Traceback (most recent call last):
  File "/workspace/os_moderation/gemma_local.py", line 633, in process_file
    answer_text, thinking_text, raw_response, token_infos = classify_chunk(model, processor, chunk_path, thinking, logger)
                                                            ^^^^^^^^^^^^^^^^^^^^^^^^^^^^^^^^^^^^^^^^^^^^^^^^^^^^^^^^^^^^^^
  File "/workspace/os_moderation/gemma_local.py", line 330, in classify_chunk
    prompt_text = prompt_loader.render_prompt(PROMPT_PATH, json_schema_str=RAW_SCHEMA_STR)
                  ^^^^^^^^^^^^^^^^^^^^^^^^^^^^^^^^^^^^^^^^^^^^^^^^^^^^^^^^^^^^^^^^^^^^^^^^
  File "/workspace/os_moderation/prompt_loader.py", line 80, in render_prompt
    text = load_raw_prompt(path)
           ^^^^^^^^^^^^^^^^^^^^^
  File "/workspace/os_moderation/prompt_loader.py", line 62, in load_raw_prompt
    raise FileNotFoundError(
FileNotFoundError: Prompt file not found: /workspace/os_moderation/prompt_v5.py
This pipeline never hardcodes policy/classification text — supply this file before running this stage.

[2026-09-24T18:29:23] [ERROR] rec_default_427305885_audio_1789058218067.mp3 chunk@168.0s failed: Prompt file not found: /workspace/os_moderation/prompt_v5.py
This pipeline never hardcodes policy/classification text — supply this file before running this stage.
Traceback (most recent call last):
  File "/workspace/os_moderation/gemma_local.py", line 633, in process_file
    answer_text, thinking_text, raw_response, token_infos = classify_chunk(model, processor, chunk_path, thinking, logger)
                                                            ^^^^^^^^^^^^^^^^^^^^^^^^^^^^^^^^^^^^^^^^^^^^^^^^^^^^^^^^^^^^^^
  File "/workspace/os_moderation/gemma_local.py", line 330, in classify_chunk
    prompt_text = prompt_loader.render_prompt(PROMPT_PATH, json_schema_str=RAW_SCHEMA_STR)
                  ^^^^^^^^^^^^^^^^^^^^^^^^^^^^^^^^^^^^^^^^^^^^^^^^^^^^^^^^^^^^^^^^^^^^^^^^
  File "/workspace/os_moderation/prompt_loader.py", line 80, in render_prompt
    text = load_raw_prompt(path)
           ^^^^^^^^^^^^^^^^^^^^^
  File "/workspace/os_moderation/prompt_loader.py", line 62, in load_raw_prompt
    raise FileNotFoundError(
FileNotFoundError: Prompt file not found: /workspace/os_moderation/prompt_v5.py
This pipeline never hardcodes policy/classification text — supply this file before running this stage.

[2026-09-24T18:29:23] [INFO] [29/50] rec_default_427307149_audio_1789058314884.mp3
[2026-09-24T18:29:24] [ERROR] rec_default_427307149_audio_1789058314884.mp3 chunk@0.0s failed: Prompt file not found: /workspace/os_moderation/prompt_v5.py
This pipeline never hardcodes policy/classification text — supply this file before running this stage.
Traceback (most recent call last):
  File "/workspace/os_moderation/gemma_local.py", line 633, in process_file
    answer_text, thinking_text, raw_response, token_infos = classify_chunk(model, processor, chunk_path, thinking, logger)
                                                            ^^^^^^^^^^^^^^^^^^^^^^^^^^^^^^^^^^^^^^^^^^^^^^^^^^^^^^^^^^^^^^
  File "/workspace/os_moderation/gemma_local.py", line 330, in classify_chunk
    prompt_text = prompt_loader.render_prompt(PROMPT_PATH, json_schema_str=RAW_SCHEMA_STR)
                  ^^^^^^^^^^^^^^^^^^^^^^^^^^^^^^^^^^^^^^^^^^^^^^^^^^^^^^^^^^^^^^^^^^^^^^^^
  File "/workspace/os_moderation/prompt_loader.py", line 80, in render_prompt
    text = load_raw_prompt(path)
           ^^^^^^^^^^^^^^^^^^^^^
  File "/workspace/os_moderation/prompt_loader.py", line 62, in load_raw_prompt
    raise FileNotFoundError(
FileNotFoundError: Prompt file not found: /workspace/os_moderation/prompt_v5.py
This pipeline never hardcodes policy/classification text — supply this file before running this stage.

[2026-09-24T18:29:24] [ERROR] rec_default_427307149_audio_1789058314884.mp3 chunk@28.0s failed: Prompt file not found: /workspace/os_moderation/prompt_v5.py
This pipeline never hardcodes policy/classification text — supply this file before running this stage.
Traceback (most recent call last):
  File "/workspace/os_moderation/gemma_local.py", line 633, in process_file
    answer_text, thinking_text, raw_response, token_infos = classify_chunk(model, processor, chunk_path, thinking, logger)
                                                            ^^^^^^^^^^^^^^^^^^^^^^^^^^^^^^^^^^^^^^^^^^^^^^^^^^^^^^^^^^^^^^
  File "/workspace/os_moderation/gemma_local.py", line 330, in classify_chunk
    prompt_text = prompt_loader.render_prompt(PROMPT_PATH, json_schema_str=RAW_SCHEMA_STR)
                  ^^^^^^^^^^^^^^^^^^^^^^^^^^^^^^^^^^^^^^^^^^^^^^^^^^^^^^^^^^^^^^^^^^^^^^^^
  File "/workspace/os_moderation/prompt_loader.py", line 80, in render_prompt
    text = load_raw_prompt(path)
           ^^^^^^^^^^^^^^^^^^^^^
  File "/workspace/os_moderation/prompt_loader.py", line 62, in load_raw_prompt
    raise FileNotFoundError(
FileNotFoundError: Prompt file not found: /workspace/os_moderation/prompt_v5.py
This pipeline never hardcodes policy/classification text — supply this file before running this stage.

[2026-09-24T18:29:24] [ERROR] rec_default_427307149_audio_1789058314884.mp3 chunk@56.0s failed: Prompt file not found: /workspace/os_moderation/prompt_v5.py
This pipeline never hardcodes policy/classification text — supply this file before running this stage.
Traceback (most recent call last):
  File "/workspace/os_moderation/gemma_local.py", line 633, in process_file
    answer_text, thinking_text, raw_response, token_infos = classify_chunk(model, processor, chunk_path, thinking, logger)
                                                            ^^^^^^^^^^^^^^^^^^^^^^^^^^^^^^^^^^^^^^^^^^^^^^^^^^^^^^^^^^^^^^
  File "/workspace/os_moderation/gemma_local.py", line 330, in classify_chunk
    prompt_text = prompt_loader.render_prompt(PROMPT_PATH, json_schema_str=RAW_SCHEMA_STR)
                  ^^^^^^^^^^^^^^^^^^^^^^^^^^^^^^^^^^^^^^^^^^^^^^^^^^^^^^^^^^^^^^^^^^^^^^^^
  File "/workspace/os_moderation/prompt_loader.py", line 80, in render_prompt
    text = load_raw_prompt(path)
           ^^^^^^^^^^^^^^^^^^^^^
  File "/workspace/os_moderation/prompt_loader.py", line 62, in load_raw_prompt
    raise FileNotFoundError(
FileNotFoundError: Prompt file not found: /workspace/os_moderation/prompt_v5.py
This pipeline never hardcodes policy/classification text — supply this file before running this stage.

[2026-09-24T18:29:24] [ERROR] rec_default_427307149_audio_1789058314884.mp3 chunk@84.0s failed: Prompt file not found: /workspace/os_moderation/prompt_v5.py
This pipeline never hardcodes policy/classification text — supply this file before running this stage.
Traceback (most recent call last):
  File "/workspace/os_moderation/gemma_local.py", line 633, in process_file
    answer_text, thinking_text, raw_response, token_infos = classify_chunk(model, processor, chunk_path, thinking, logger)
                                                            ^^^^^^^^^^^^^^^^^^^^^^^^^^^^^^^^^^^^^^^^^^^^^^^^^^^^^^^^^^^^^^
  File "/workspace/os_moderation/gemma_local.py", line 330, in classify_chunk
    prompt_text = prompt_loader.render_prompt(PROMPT_PATH, json_schema_str=RAW_SCHEMA_STR)
                  ^^^^^^^^^^^^^^^^^^^^^^^^^^^^^^^^^^^^^^^^^^^^^^^^^^^^^^^^^^^^^^^^^^^^^^^^
  File "/workspace/os_moderation/prompt_loader.py", line 80, in render_prompt
    text = load_raw_prompt(path)
           ^^^^^^^^^^^^^^^^^^^^^
  File "/workspace/os_moderation/prompt_loader.py", line 62, in load_raw_prompt
    raise FileNotFoundError(
FileNotFoundError: Prompt file not found: /workspace/os_moderation/prompt_v5.py
This pipeline never hardcodes policy/classification text — supply this file before running this stage.

[2026-09-24T18:29:24] [ERROR] rec_default_427307149_audio_1789058314884.mp3 chunk@112.0s failed: Prompt file not found: /workspace/os_moderation/prompt_v5.py
This pipeline never hardcodes policy/classification text — supply this file before running this stage.
Traceback (most recent call last):
  File "/workspace/os_moderation/gemma_local.py", line 633, in process_file
    answer_text, thinking_text, raw_response, token_infos = classify_chunk(model, processor, chunk_path, thinking, logger)
                                                            ^^^^^^^^^^^^^^^^^^^^^^^^^^^^^^^^^^^^^^^^^^^^^^^^^^^^^^^^^^^^^^
  File "/workspace/os_moderation/gemma_local.py", line 330, in classify_chunk
    prompt_text = prompt_loader.render_prompt(PROMPT_PATH, json_schema_str=RAW_SCHEMA_STR)
                  ^^^^^^^^^^^^^^^^^^^^^^^^^^^^^^^^^^^^^^^^^^^^^^^^^^^^^^^^^^^^^^^^^^^^^^^^
  File "/workspace/os_moderation/prompt_loader.py", line 80, in render_prompt
    text = load_raw_prompt(path)
           ^^^^^^^^^^^^^^^^^^^^^
  File "/workspace/os_moderation/prompt_loader.py", line 62, in load_raw_prompt
    raise FileNotFoundError(
FileNotFoundError: Prompt file not found: /workspace/os_moderation/prompt_v5.py
This pipeline never hardcodes policy/classification text — supply this file before running this stage.

[2026-09-24T18:29:24] [ERROR] rec_default_427307149_audio_1789058314884.mp3 chunk@140.0s failed: Prompt file not found: /workspace/os_moderation/prompt_v5.py
This pipeline never hardcodes policy/classification text — supply this file before running this stage.
Traceback (most recent call last):
  File "/workspace/os_moderation/gemma_local.py", line 633, in process_file
    answer_text, thinking_text, raw_response, token_infos = classify_chunk(model, processor, chunk_path, thinking, logger)
                                                            ^^^^^^^^^^^^^^^^^^^^^^^^^^^^^^^^^^^^^^^^^^^^^^^^^^^^^^^^^^^^^^
  File "/workspace/os_moderation/gemma_local.py", line 330, in classify_chunk
    prompt_text = prompt_loader.render_prompt(PROMPT_PATH, json_schema_str=RAW_SCHEMA_STR)
                  ^^^^^^^^^^^^^^^^^^^^^^^^^^^^^^^^^^^^^^^^^^^^^^^^^^^^^^^^^^^^^^^^^^^^^^^^
  File "/workspace/os_moderation/prompt_loader.py", line 80, in render_prompt
    text = load_raw_prompt(path)
           ^^^^^^^^^^^^^^^^^^^^^
  File "/workspace/os_moderation/prompt_loader.py", line 62, in load_raw_prompt
    raise FileNotFoundError(
FileNotFoundError: Prompt file not found: /workspace/os_moderation/prompt_v5.py
This pipeline never hardcodes policy/classification text — supply this file before running this stage.

[2026-09-24T18:29:24] [ERROR] rec_default_427307149_audio_1789058314884.mp3 chunk@168.0s failed: Prompt file not found: /workspace/os_moderation/prompt_v5.py
This pipeline never hardcodes policy/classification text — supply this file before running this stage.
Traceback (most recent call last):
  File "/workspace/os_moderation/gemma_local.py", line 633, in process_file
    answer_text, thinking_text, raw_response, token_infos = classify_chunk(model, processor, chunk_path, thinking, logger)
                                                            ^^^^^^^^^^^^^^^^^^^^^^^^^^^^^^^^^^^^^^^^^^^^^^^^^^^^^^^^^^^^^^
  File "/workspace/os_moderation/gemma_local.py", line 330, in classify_chunk
    prompt_text = prompt_loader.render_prompt(PROMPT_PATH, json_schema_str=RAW_SCHEMA_STR)
                  ^^^^^^^^^^^^^^^^^^^^^^^^^^^^^^^^^^^^^^^^^^^^^^^^^^^^^^^^^^^^^^^^^^^^^^^^
  File "/workspace/os_moderation/prompt_loader.py", line 80, in render_prompt
    text = load_raw_prompt(path)
           ^^^^^^^^^^^^^^^^^^^^^
  File "/workspace/os_moderation/prompt_loader.py", line 62, in load_raw_prompt
    raise FileNotFoundError(
FileNotFoundError: Prompt file not found: /workspace/os_moderation/prompt_v5.py
This pipeline never hardcodes policy/classification text — supply this file before running this stage.

[2026-09-24T18:29:24] [INFO] [30/50] rec_default_427307153_audio_1789058314255.mp3
[2026-09-24T18:29:25] [ERROR] rec_default_427307153_audio_1789058314255.mp3 chunk@0.0s failed: Prompt file not found: /workspace/os_moderation/prompt_v5.py
This pipeline never hardcodes policy/classification text — supply this file before running this stage.
Traceback (most recent call last):
  File "/workspace/os_moderation/gemma_local.py", line 633, in process_file
    answer_text, thinking_text, raw_response, token_infos = classify_chunk(model, processor, chunk_path, thinking, logger)
                                                            ^^^^^^^^^^^^^^^^^^^^^^^^^^^^^^^^^^^^^^^^^^^^^^^^^^^^^^^^^^^^^^
  File "/workspace/os_moderation/gemma_local.py", line 330, in classify_chunk
    prompt_text = prompt_loader.render_prompt(PROMPT_PATH, json_schema_str=RAW_SCHEMA_STR)
                  ^^^^^^^^^^^^^^^^^^^^^^^^^^^^^^^^^^^^^^^^^^^^^^^^^^^^^^^^^^^^^^^^^^^^^^^^
  File "/workspace/os_moderation/prompt_loader.py", line 80, in render_prompt
    text = load_raw_prompt(path)
           ^^^^^^^^^^^^^^^^^^^^^
  File "/workspace/os_moderation/prompt_loader.py", line 62, in load_raw_prompt
    raise FileNotFoundError(
FileNotFoundError: Prompt file not found: /workspace/os_moderation/prompt_v5.py
This pipeline never hardcodes policy/classification text — supply this file before running this stage.

[2026-09-24T18:29:25] [ERROR] rec_default_427307153_audio_1789058314255.mp3 chunk@28.0s failed: Prompt file not found: /workspace/os_moderation/prompt_v5.py
This pipeline never hardcodes policy/classification text — supply this file before running this stage.
Traceback (most recent call last):
  File "/workspace/os_moderation/gemma_local.py", line 633, in process_file
    answer_text, thinking_text, raw_response, token_infos = classify_chunk(model, processor, chunk_path, thinking, logger)
                                                            ^^^^^^^^^^^^^^^^^^^^^^^^^^^^^^^^^^^^^^^^^^^^^^^^^^^^^^^^^^^^^^
  File "/workspace/os_moderation/gemma_local.py", line 330, in classify_chunk
    prompt_text = prompt_loader.render_prompt(PROMPT_PATH, json_schema_str=RAW_SCHEMA_STR)
                  ^^^^^^^^^^^^^^^^^^^^^^^^^^^^^^^^^^^^^^^^^^^^^^^^^^^^^^^^^^^^^^^^^^^^^^^^
  File "/workspace/os_moderation/prompt_loader.py", line 80, in render_prompt
    text = load_raw_prompt(path)
           ^^^^^^^^^^^^^^^^^^^^^
  File "/workspace/os_moderation/prompt_loader.py", line 62, in load_raw_prompt
    raise FileNotFoundError(
FileNotFoundError: Prompt file not found: /workspace/os_moderation/prompt_v5.py
This pipeline never hardcodes policy/classification text — supply this file before running this stage.

[2026-09-24T18:29:25] [ERROR] rec_default_427307153_audio_1789058314255.mp3 chunk@56.0s failed: Prompt file not found: /workspace/os_moderation/prompt_v5.py
This pipeline never hardcodes policy/classification text — supply this file before running this stage.
Traceback (most recent call last):
  File "/workspace/os_moderation/gemma_local.py", line 633, in process_file
    answer_text, thinking_text, raw_response, token_infos = classify_chunk(model, processor, chunk_path, thinking, logger)
                                                            ^^^^^^^^^^^^^^^^^^^^^^^^^^^^^^^^^^^^^^^^^^^^^^^^^^^^^^^^^^^^^^
  File "/workspace/os_moderation/gemma_local.py", line 330, in classify_chunk
    prompt_text = prompt_loader.render_prompt(PROMPT_PATH, json_schema_str=RAW_SCHEMA_STR)
                  ^^^^^^^^^^^^^^^^^^^^^^^^^^^^^^^^^^^^^^^^^^^^^^^^^^^^^^^^^^^^^^^^^^^^^^^^
  File "/workspace/os_moderation/prompt_loader.py", line 80, in render_prompt
    text = load_raw_prompt(path)
           ^^^^^^^^^^^^^^^^^^^^^
  File "/workspace/os_moderation/prompt_loader.py", line 62, in load_raw_prompt
    raise FileNotFoundError(
FileNotFoundError: Prompt file not found: /workspace/os_moderation/prompt_v5.py
This pipeline never hardcodes policy/classification text — supply this file before running this stage.

[2026-09-24T18:29:25] [ERROR] rec_default_427307153_audio_1789058314255.mp3 chunk@84.0s failed: Prompt file not found: /workspace/os_moderation/prompt_v5.py
This pipeline never hardcodes policy/classification text — supply this file before running this stage.
Traceback (most recent call last):
  File "/workspace/os_moderation/gemma_local.py", line 633, in process_file
    answer_text, thinking_text, raw_response, token_infos = classify_chunk(model, processor, chunk_path, thinking, logger)
                                                            ^^^^^^^^^^^^^^^^^^^^^^^^^^^^^^^^^^^^^^^^^^^^^^^^^^^^^^^^^^^^^^
  File "/workspace/os_moderation/gemma_local.py", line 330, in classify_chunk
    prompt_text = prompt_loader.render_prompt(PROMPT_PATH, json_schema_str=RAW_SCHEMA_STR)
                  ^^^^^^^^^^^^^^^^^^^^^^^^^^^^^^^^^^^^^^^^^^^^^^^^^^^^^^^^^^^^^^^^^^^^^^^^
  File "/workspace/os_moderation/prompt_loader.py", line 80, in render_prompt
    text = load_raw_prompt(path)
           ^^^^^^^^^^^^^^^^^^^^^
  File "/workspace/os_moderation/prompt_loader.py", line 62, in load_raw_prompt
    raise FileNotFoundError(
FileNotFoundError: Prompt file not found: /workspace/os_moderation/prompt_v5.py
This pipeline never hardcodes policy/classification text — supply this file before running this stage.

[2026-09-24T18:29:25] [ERROR] rec_default_427307153_audio_1789058314255.mp3 chunk@112.0s failed: Prompt file not found: /workspace/os_moderation/prompt_v5.py
This pipeline never hardcodes policy/classification text — supply this file before running this stage.
Traceback (most recent call last):
  File "/workspace/os_moderation/gemma_local.py", line 633, in process_file
    answer_text, thinking_text, raw_response, token_infos = classify_chunk(model, processor, chunk_path, thinking, logger)
                                                            ^^^^^^^^^^^^^^^^^^^^^^^^^^^^^^^^^^^^^^^^^^^^^^^^^^^^^^^^^^^^^^
  File "/workspace/os_moderation/gemma_local.py", line 330, in classify_chunk
    prompt_text = prompt_loader.render_prompt(PROMPT_PATH, json_schema_str=RAW_SCHEMA_STR)
                  ^^^^^^^^^^^^^^^^^^^^^^^^^^^^^^^^^^^^^^^^^^^^^^^^^^^^^^^^^^^^^^^^^^^^^^^^
  File "/workspace/os_moderation/prompt_loader.py", line 80, in render_prompt
    text = load_raw_prompt(path)
           ^^^^^^^^^^^^^^^^^^^^^
  File "/workspace/os_moderation/prompt_loader.py", line 62, in load_raw_prompt
    raise FileNotFoundError(
FileNotFoundError: Prompt file not found: /workspace/os_moderation/prompt_v5.py
This pipeline never hardcodes policy/classification text — supply this file before running this stage.

[2026-09-24T18:29:25] [ERROR] rec_default_427307153_audio_1789058314255.mp3 chunk@140.0s failed: Prompt file not found: /workspace/os_moderation/prompt_v5.py
This pipeline never hardcodes policy/classification text — supply this file before running this stage.
Traceback (most recent call last):
  File "/workspace/os_moderation/gemma_local.py", line 633, in process_file
    answer_text, thinking_text, raw_response, token_infos = classify_chunk(model, processor, chunk_path, thinking, logger)
                                                            ^^^^^^^^^^^^^^^^^^^^^^^^^^^^^^^^^^^^^^^^^^^^^^^^^^^^^^^^^^^^^^
  File "/workspace/os_moderation/gemma_local.py", line 330, in classify_chunk
    prompt_text = prompt_loader.render_prompt(PROMPT_PATH, json_schema_str=RAW_SCHEMA_STR)
                  ^^^^^^^^^^^^^^^^^^^^^^^^^^^^^^^^^^^^^^^^^^^^^^^^^^^^^^^^^^^^^^^^^^^^^^^^
  File "/workspace/os_moderation/prompt_loader.py", line 80, in render_prompt
    text = load_raw_prompt(path)
           ^^^^^^^^^^^^^^^^^^^^^
  File "/workspace/os_moderation/prompt_loader.py", line 62, in load_raw_prompt
    raise FileNotFoundError(
FileNotFoundError: Prompt file not found: /workspace/os_moderation/prompt_v5.py
This pipeline never hardcodes policy/classification text — supply this file before running this stage.

[2026-09-24T18:29:25] [ERROR] rec_default_427307153_audio_1789058314255.mp3 chunk@168.0s failed: Prompt file not found: /workspace/os_moderation/prompt_v5.py
This pipeline never hardcodes policy/classification text — supply this file before running this stage.
Traceback (most recent call last):
  File "/workspace/os_moderation/gemma_local.py", line 633, in process_file
    answer_text, thinking_text, raw_response, token_infos = classify_chunk(model, processor, chunk_path, thinking, logger)
                                                            ^^^^^^^^^^^^^^^^^^^^^^^^^^^^^^^^^^^^^^^^^^^^^^^^^^^^^^^^^^^^^^
  File "/workspace/os_moderation/gemma_local.py", line 330, in classify_chunk
    prompt_text = prompt_loader.render_prompt(PROMPT_PATH, json_schema_str=RAW_SCHEMA_STR)
                  ^^^^^^^^^^^^^^^^^^^^^^^^^^^^^^^^^^^^^^^^^^^^^^^^^^^^^^^^^^^^^^^^^^^^^^^^
  File "/workspace/os_moderation/prompt_loader.py", line 80, in render_prompt
    text = load_raw_prompt(path)
           ^^^^^^^^^^^^^^^^^^^^^
  File "/workspace/os_moderation/prompt_loader.py", line 62, in load_raw_prompt
    raise FileNotFoundError(
FileNotFoundError: Prompt file not found: /workspace/os_moderation/prompt_v5.py
This pipeline never hardcodes policy/classification text — supply this file before running this stage.

[2026-09-24T18:29:25] [INFO] [31/50] rec_default_426603278_audio_1788985350942.mp3
[2026-09-24T18:29:26] [ERROR] rec_default_426603278_audio_1788985350942.mp3 chunk@0.0s failed: Prompt file not found: /workspace/os_moderation/prompt_v5.py
This pipeline never hardcodes policy/classification text — supply this file before running this stage.
Traceback (most recent call last):
  File "/workspace/os_moderation/gemma_local.py", line 633, in process_file
    answer_text, thinking_text, raw_response, token_infos = classify_chunk(model, processor, chunk_path, thinking, logger)
                                                            ^^^^^^^^^^^^^^^^^^^^^^^^^^^^^^^^^^^^^^^^^^^^^^^^^^^^^^^^^^^^^^
  File "/workspace/os_moderation/gemma_local.py", line 330, in classify_chunk
    prompt_text = prompt_loader.render_prompt(PROMPT_PATH, json_schema_str=RAW_SCHEMA_STR)
                  ^^^^^^^^^^^^^^^^^^^^^^^^^^^^^^^^^^^^^^^^^^^^^^^^^^^^^^^^^^^^^^^^^^^^^^^^
  File "/workspace/os_moderation/prompt_loader.py", line 80, in render_prompt
    text = load_raw_prompt(path)
           ^^^^^^^^^^^^^^^^^^^^^
  File "/workspace/os_moderation/prompt_loader.py", line 62, in load_raw_prompt
    raise FileNotFoundError(
FileNotFoundError: Prompt file not found: /workspace/os_moderation/prompt_v5.py
This pipeline never hardcodes policy/classification text — supply this file before running this stage.

[2026-09-24T18:29:26] [ERROR] rec_default_426603278_audio_1788985350942.mp3 chunk@28.0s failed: Prompt file not found: /workspace/os_moderation/prompt_v5.py
This pipeline never hardcodes policy/classification text — supply this file before running this stage.
Traceback (most recent call last):
  File "/workspace/os_moderation/gemma_local.py", line 633, in process_file
    answer_text, thinking_text, raw_response, token_infos = classify_chunk(model, processor, chunk_path, thinking, logger)
                                                            ^^^^^^^^^^^^^^^^^^^^^^^^^^^^^^^^^^^^^^^^^^^^^^^^^^^^^^^^^^^^^^
  File "/workspace/os_moderation/gemma_local.py", line 330, in classify_chunk
    prompt_text = prompt_loader.render_prompt(PROMPT_PATH, json_schema_str=RAW_SCHEMA_STR)
                  ^^^^^^^^^^^^^^^^^^^^^^^^^^^^^^^^^^^^^^^^^^^^^^^^^^^^^^^^^^^^^^^^^^^^^^^^
  File "/workspace/os_moderation/prompt_loader.py", line 80, in render_prompt
    text = load_raw_prompt(path)
           ^^^^^^^^^^^^^^^^^^^^^
  File "/workspace/os_moderation/prompt_loader.py", line 62, in load_raw_prompt
    raise FileNotFoundError(
FileNotFoundError: Prompt file not found: /workspace/os_moderation/prompt_v5.py
This pipeline never hardcodes policy/classification text — supply this file before running this stage.

[2026-09-24T18:29:26] [ERROR] rec_default_426603278_audio_1788985350942.mp3 chunk@56.0s failed: Prompt file not found: /workspace/os_moderation/prompt_v5.py
This pipeline never hardcodes policy/classification text — supply this file before running this stage.
Traceback (most recent call last):
  File "/workspace/os_moderation/gemma_local.py", line 633, in process_file
    answer_text, thinking_text, raw_response, token_infos = classify_chunk(model, processor, chunk_path, thinking, logger)
                                                            ^^^^^^^^^^^^^^^^^^^^^^^^^^^^^^^^^^^^^^^^^^^^^^^^^^^^^^^^^^^^^^
  File "/workspace/os_moderation/gemma_local.py", line 330, in classify_chunk
    prompt_text = prompt_loader.render_prompt(PROMPT_PATH, json_schema_str=RAW_SCHEMA_STR)
                  ^^^^^^^^^^^^^^^^^^^^^^^^^^^^^^^^^^^^^^^^^^^^^^^^^^^^^^^^^^^^^^^^^^^^^^^^
  File "/workspace/os_moderation/prompt_loader.py", line 80, in render_prompt
    text = load_raw_prompt(path)
           ^^^^^^^^^^^^^^^^^^^^^
  File "/workspace/os_moderation/prompt_loader.py", line 62, in load_raw_prompt
    raise FileNotFoundError(
FileNotFoundError: Prompt file not found: /workspace/os_moderation/prompt_v5.py
This pipeline never hardcodes policy/classification text — supply this file before running this stage.

[2026-09-24T18:29:26] [ERROR] rec_default_426603278_audio_1788985350942.mp3 chunk@84.0s failed: Prompt file not found: /workspace/os_moderation/prompt_v5.py
This pipeline never hardcodes policy/classification text — supply this file before running this stage.
Traceback (most recent call last):
  File "/workspace/os_moderation/gemma_local.py", line 633, in process_file
    answer_text, thinking_text, raw_response, token_infos = classify_chunk(model, processor, chunk_path, thinking, logger)
                                                            ^^^^^^^^^^^^^^^^^^^^^^^^^^^^^^^^^^^^^^^^^^^^^^^^^^^^^^^^^^^^^^
  File "/workspace/os_moderation/gemma_local.py", line 330, in classify_chunk
    prompt_text = prompt_loader.render_prompt(PROMPT_PATH, json_schema_str=RAW_SCHEMA_STR)
                  ^^^^^^^^^^^^^^^^^^^^^^^^^^^^^^^^^^^^^^^^^^^^^^^^^^^^^^^^^^^^^^^^^^^^^^^^
  File "/workspace/os_moderation/prompt_loader.py", line 80, in render_prompt
    text = load_raw_prompt(path)
           ^^^^^^^^^^^^^^^^^^^^^
  File "/workspace/os_moderation/prompt_loader.py", line 62, in load_raw_prompt
    raise FileNotFoundError(
FileNotFoundError: Prompt file not found: /workspace/os_moderation/prompt_v5.py
This pipeline never hardcodes policy/classification text — supply this file before running this stage.

[2026-09-24T18:29:26] [ERROR] rec_default_426603278_audio_1788985350942.mp3 chunk@112.0s failed: Prompt file not found: /workspace/os_moderation/prompt_v5.py
This pipeline never hardcodes policy/classification text — supply this file before running this stage.
Traceback (most recent call last):
  File "/workspace/os_moderation/gemma_local.py", line 633, in process_file
    answer_text, thinking_text, raw_response, token_infos = classify_chunk(model, processor, chunk_path, thinking, logger)
                                                            ^^^^^^^^^^^^^^^^^^^^^^^^^^^^^^^^^^^^^^^^^^^^^^^^^^^^^^^^^^^^^^
  File "/workspace/os_moderation/gemma_local.py", line 330, in classify_chunk
    prompt_text = prompt_loader.render_prompt(PROMPT_PATH, json_schema_str=RAW_SCHEMA_STR)
                  ^^^^^^^^^^^^^^^^^^^^^^^^^^^^^^^^^^^^^^^^^^^^^^^^^^^^^^^^^^^^^^^^^^^^^^^^
  File "/workspace/os_moderation/prompt_loader.py", line 80, in render_prompt
    text = load_raw_prompt(path)
           ^^^^^^^^^^^^^^^^^^^^^
  File "/workspace/os_moderation/prompt_loader.py", line 62, in load_raw_prompt
    raise FileNotFoundError(
FileNotFoundError: Prompt file not found: /workspace/os_moderation/prompt_v5.py
This pipeline never hardcodes policy/classification text — supply this file before running this stage.

[2026-09-24T18:29:26] [ERROR] rec_default_426603278_audio_1788985350942.mp3 chunk@140.0s failed: Prompt file not found: /workspace/os_moderation/prompt_v5.py
This pipeline never hardcodes policy/classification text — supply this file before running this stage.
Traceback (most recent call last):
  File "/workspace/os_moderation/gemma_local.py", line 633, in process_file
    answer_text, thinking_text, raw_response, token_infos = classify_chunk(model, processor, chunk_path, thinking, logger)
                                                            ^^^^^^^^^^^^^^^^^^^^^^^^^^^^^^^^^^^^^^^^^^^^^^^^^^^^^^^^^^^^^^
  File "/workspace/os_moderation/gemma_local.py", line 330, in classify_chunk
    prompt_text = prompt_loader.render_prompt(PROMPT_PATH, json_schema_str=RAW_SCHEMA_STR)
                  ^^^^^^^^^^^^^^^^^^^^^^^^^^^^^^^^^^^^^^^^^^^^^^^^^^^^^^^^^^^^^^^^^^^^^^^^
  File "/workspace/os_moderation/prompt_loader.py", line 80, in render_prompt
    text = load_raw_prompt(path)
           ^^^^^^^^^^^^^^^^^^^^^
  File "/workspace/os_moderation/prompt_loader.py", line 62, in load_raw_prompt
    raise FileNotFoundError(
FileNotFoundError: Prompt file not found: /workspace/os_moderation/prompt_v5.py
This pipeline never hardcodes policy/classification text — supply this file before running this stage.

[2026-09-24T18:29:26] [ERROR] rec_default_426603278_audio_1788985350942.mp3 chunk@168.0s failed: Prompt file not found: /workspace/os_moderation/prompt_v5.py
This pipeline never hardcodes policy/classification text — supply this file before running this stage.
Traceback (most recent call last):
  File "/workspace/os_moderation/gemma_local.py", line 633, in process_file
    answer_text, thinking_text, raw_response, token_infos = classify_chunk(model, processor, chunk_path, thinking, logger)
                                                            ^^^^^^^^^^^^^^^^^^^^^^^^^^^^^^^^^^^^^^^^^^^^^^^^^^^^^^^^^^^^^^
  File "/workspace/os_moderation/gemma_local.py", line 330, in classify_chunk
    prompt_text = prompt_loader.render_prompt(PROMPT_PATH, json_schema_str=RAW_SCHEMA_STR)
                  ^^^^^^^^^^^^^^^^^^^^^^^^^^^^^^^^^^^^^^^^^^^^^^^^^^^^^^^^^^^^^^^^^^^^^^^^
  File "/workspace/os_moderation/prompt_loader.py", line 80, in render_prompt
    text = load_raw_prompt(path)
           ^^^^^^^^^^^^^^^^^^^^^
  File "/workspace/os_moderation/prompt_loader.py", line 62, in load_raw_prompt
    raise FileNotFoundError(
FileNotFoundError: Prompt file not found: /workspace/os_moderation/prompt_v5.py
This pipeline never hardcodes policy/classification text — supply this file before running this stage.

[2026-09-24T18:29:26] [ERROR] rec_default_426603278_audio_1788985350942.mp3 chunk@196.0s failed: Prompt file not found: /workspace/os_moderation/prompt_v5.py
This pipeline never hardcodes policy/classification text — supply this file before running this stage.
Traceback (most recent call last):
  File "/workspace/os_moderation/gemma_local.py", line 633, in process_file
    answer_text, thinking_text, raw_response, token_infos = classify_chunk(model, processor, chunk_path, thinking, logger)
                                                            ^^^^^^^^^^^^^^^^^^^^^^^^^^^^^^^^^^^^^^^^^^^^^^^^^^^^^^^^^^^^^^
  File "/workspace/os_moderation/gemma_local.py", line 330, in classify_chunk
    prompt_text = prompt_loader.render_prompt(PROMPT_PATH, json_schema_str=RAW_SCHEMA_STR)
                  ^^^^^^^^^^^^^^^^^^^^^^^^^^^^^^^^^^^^^^^^^^^^^^^^^^^^^^^^^^^^^^^^^^^^^^^^
  File "/workspace/os_moderation/prompt_loader.py", line 80, in render_prompt
    text = load_raw_prompt(path)
           ^^^^^^^^^^^^^^^^^^^^^
  File "/workspace/os_moderation/prompt_loader.py", line 62, in load_raw_prompt
    raise FileNotFoundError(
FileNotFoundError: Prompt file not found: /workspace/os_moderation/prompt_v5.py
This pipeline never hardcodes policy/classification text — supply this file before running this stage.

[2026-09-24T18:29:26] [ERROR] rec_default_426603278_audio_1788985350942.mp3 chunk@224.0s failed: Prompt file not found: /workspace/os_moderation/prompt_v5.py
This pipeline never hardcodes policy/classification text — supply this file before running this stage.
Traceback (most recent call last):
  File "/workspace/os_moderation/gemma_local.py", line 633, in process_file
    answer_text, thinking_text, raw_response, token_infos = classify_chunk(model, processor, chunk_path, thinking, logger)
                                                            ^^^^^^^^^^^^^^^^^^^^^^^^^^^^^^^^^^^^^^^^^^^^^^^^^^^^^^^^^^^^^^
  File "/workspace/os_moderation/gemma_local.py", line 330, in classify_chunk
    prompt_text = prompt_loader.render_prompt(PROMPT_PATH, json_schema_str=RAW_SCHEMA_STR)
                  ^^^^^^^^^^^^^^^^^^^^^^^^^^^^^^^^^^^^^^^^^^^^^^^^^^^^^^^^^^^^^^^^^^^^^^^^
  File "/workspace/os_moderation/prompt_loader.py", line 80, in render_prompt
    text = load_raw_prompt(path)
           ^^^^^^^^^^^^^^^^^^^^^
  File "/workspace/os_moderation/prompt_loader.py", line 62, in load_raw_prompt
    raise FileNotFoundError(
FileNotFoundError: Prompt file not found: /workspace/os_moderation/prompt_v5.py
This pipeline never hardcodes policy/classification text — supply this file before running this stage.

[2026-09-24T18:29:26] [ERROR] rec_default_426603278_audio_1788985350942.mp3 chunk@252.0s failed: Prompt file not found: /workspace/os_moderation/prompt_v5.py
This pipeline never hardcodes policy/classification text — supply this file before running this stage.
Traceback (most recent call last):
  File "/workspace/os_moderation/gemma_local.py", line 633, in process_file
    answer_text, thinking_text, raw_response, token_infos = classify_chunk(model, processor, chunk_path, thinking, logger)
                                                            ^^^^^^^^^^^^^^^^^^^^^^^^^^^^^^^^^^^^^^^^^^^^^^^^^^^^^^^^^^^^^^
  File "/workspace/os_moderation/gemma_local.py", line 330, in classify_chunk
    prompt_text = prompt_loader.render_prompt(PROMPT_PATH, json_schema_str=RAW_SCHEMA_STR)
                  ^^^^^^^^^^^^^^^^^^^^^^^^^^^^^^^^^^^^^^^^^^^^^^^^^^^^^^^^^^^^^^^^^^^^^^^^
  File "/workspace/os_moderation/prompt_loader.py", line 80, in render_prompt
    text = load_raw_prompt(path)
           ^^^^^^^^^^^^^^^^^^^^^
  File "/workspace/os_moderation/prompt_loader.py", line 62, in load_raw_prompt
    raise FileNotFoundError(
FileNotFoundError: Prompt file not found: /workspace/os_moderation/prompt_v5.py
This pipeline never hardcodes policy/classification text — supply this file before running this stage.

[2026-09-24T18:29:26] [ERROR] rec_default_426603278_audio_1788985350942.mp3 chunk@280.0s failed: Prompt file not found: /workspace/os_moderation/prompt_v5.py
This pipeline never hardcodes policy/classification text — supply this file before running this stage.
Traceback (most recent call last):
  File "/workspace/os_moderation/gemma_local.py", line 633, in process_file
    answer_text, thinking_text, raw_response, token_infos = classify_chunk(model, processor, chunk_path, thinking, logger)
                                                            ^^^^^^^^^^^^^^^^^^^^^^^^^^^^^^^^^^^^^^^^^^^^^^^^^^^^^^^^^^^^^^
  File "/workspace/os_moderation/gemma_local.py", line 330, in classify_chunk
    prompt_text = prompt_loader.render_prompt(PROMPT_PATH, json_schema_str=RAW_SCHEMA_STR)
                  ^^^^^^^^^^^^^^^^^^^^^^^^^^^^^^^^^^^^^^^^^^^^^^^^^^^^^^^^^^^^^^^^^^^^^^^^
  File "/workspace/os_moderation/prompt_loader.py", line 80, in render_prompt
    text = load_raw_prompt(path)
           ^^^^^^^^^^^^^^^^^^^^^
  File "/workspace/os_moderation/prompt_loader.py", line 62, in load_raw_prompt
    raise FileNotFoundError(
FileNotFoundError: Prompt file not found: /workspace/os_moderation/prompt_v5.py
This pipeline never hardcodes policy/classification text — supply this file before running this stage.

[2026-09-24T18:29:26] [ERROR] rec_default_426603278_audio_1788985350942.mp3 chunk@308.0s failed: Prompt file not found: /workspace/os_moderation/prompt_v5.py
This pipeline never hardcodes policy/classification text — supply this file before running this stage.
Traceback (most recent call last):
  File "/workspace/os_moderation/gemma_local.py", line 633, in process_file
    answer_text, thinking_text, raw_response, token_infos = classify_chunk(model, processor, chunk_path, thinking, logger)
                                                            ^^^^^^^^^^^^^^^^^^^^^^^^^^^^^^^^^^^^^^^^^^^^^^^^^^^^^^^^^^^^^^
  File "/workspace/os_moderation/gemma_local.py", line 330, in classify_chunk
    prompt_text = prompt_loader.render_prompt(PROMPT_PATH, json_schema_str=RAW_SCHEMA_STR)
                  ^^^^^^^^^^^^^^^^^^^^^^^^^^^^^^^^^^^^^^^^^^^^^^^^^^^^^^^^^^^^^^^^^^^^^^^^
  File "/workspace/os_moderation/prompt_loader.py", line 80, in render_prompt
    text = load_raw_prompt(path)
           ^^^^^^^^^^^^^^^^^^^^^
  File "/workspace/os_moderation/prompt_loader.py", line 62, in load_raw_prompt
    raise FileNotFoundError(
FileNotFoundError: Prompt file not found: /workspace/os_moderation/prompt_v5.py
This pipeline never hardcodes policy/classification text — supply this file before running this stage.

[2026-09-24T18:29:26] [INFO] [32/50] rec_audio_call_426659403_audio_1788993755666.mp3
[2026-09-24T18:29:26] [ERROR] rec_audio_call_426659403_audio_1788993755666.mp3 chunk@0.0s failed: Prompt file not found: /workspace/os_moderation/prompt_v5.py
This pipeline never hardcodes policy/classification text — supply this file before running this stage.
Traceback (most recent call last):
  File "/workspace/os_moderation/gemma_local.py", line 633, in process_file
    answer_text, thinking_text, raw_response, token_infos = classify_chunk(model, processor, chunk_path, thinking, logger)
                                                            ^^^^^^^^^^^^^^^^^^^^^^^^^^^^^^^^^^^^^^^^^^^^^^^^^^^^^^^^^^^^^^
  File "/workspace/os_moderation/gemma_local.py", line 330, in classify_chunk
    prompt_text = prompt_loader.render_prompt(PROMPT_PATH, json_schema_str=RAW_SCHEMA_STR)
                  ^^^^^^^^^^^^^^^^^^^^^^^^^^^^^^^^^^^^^^^^^^^^^^^^^^^^^^^^^^^^^^^^^^^^^^^^
  File "/workspace/os_moderation/prompt_loader.py", line 80, in render_prompt
    text = load_raw_prompt(path)
           ^^^^^^^^^^^^^^^^^^^^^
  File "/workspace/os_moderation/prompt_loader.py", line 62, in load_raw_prompt
    raise FileNotFoundError(
FileNotFoundError: Prompt file not found: /workspace/os_moderation/prompt_v5.py
This pipeline never hardcodes policy/classification text — supply this file before running this stage.

[2026-09-24T18:29:26] [ERROR] rec_audio_call_426659403_audio_1788993755666.mp3 chunk@28.0s failed: Prompt file not found: /workspace/os_moderation/prompt_v5.py
This pipeline never hardcodes policy/classification text — supply this file before running this stage.
Traceback (most recent call last):
  File "/workspace/os_moderation/gemma_local.py", line 633, in process_file
    answer_text, thinking_text, raw_response, token_infos = classify_chunk(model, processor, chunk_path, thinking, logger)
                                                            ^^^^^^^^^^^^^^^^^^^^^^^^^^^^^^^^^^^^^^^^^^^^^^^^^^^^^^^^^^^^^^
  File "/workspace/os_moderation/gemma_local.py", line 330, in classify_chunk
    prompt_text = prompt_loader.render_prompt(PROMPT_PATH, json_schema_str=RAW_SCHEMA_STR)
                  ^^^^^^^^^^^^^^^^^^^^^^^^^^^^^^^^^^^^^^^^^^^^^^^^^^^^^^^^^^^^^^^^^^^^^^^^
  File "/workspace/os_moderation/prompt_loader.py", line 80, in render_prompt
    text = load_raw_prompt(path)
           ^^^^^^^^^^^^^^^^^^^^^
  File "/workspace/os_moderation/prompt_loader.py", line 62, in load_raw_prompt
    raise FileNotFoundError(
FileNotFoundError: Prompt file not found: /workspace/os_moderation/prompt_v5.py
This pipeline never hardcodes policy/classification text — supply this file before running this stage.

[2026-09-24T18:29:26] [INFO] [33/50] rec_default_426594432_audio_1788984607250.mp3
[2026-09-24T18:29:26] [ERROR] rec_default_426594432_audio_1788984607250.mp3 chunk@0.0s failed: Prompt file not found: /workspace/os_moderation/prompt_v5.py
This pipeline never hardcodes policy/classification text — supply this file before running this stage.
Traceback (most recent call last):
  File "/workspace/os_moderation/gemma_local.py", line 633, in process_file
    answer_text, thinking_text, raw_response, token_infos = classify_chunk(model, processor, chunk_path, thinking, logger)
                                                            ^^^^^^^^^^^^^^^^^^^^^^^^^^^^^^^^^^^^^^^^^^^^^^^^^^^^^^^^^^^^^^
  File "/workspace/os_moderation/gemma_local.py", line 330, in classify_chunk
    prompt_text = prompt_loader.render_prompt(PROMPT_PATH, json_schema_str=RAW_SCHEMA_STR)
                  ^^^^^^^^^^^^^^^^^^^^^^^^^^^^^^^^^^^^^^^^^^^^^^^^^^^^^^^^^^^^^^^^^^^^^^^^
  File "/workspace/os_moderation/prompt_loader.py", line 80, in render_prompt
    text = load_raw_prompt(path)
           ^^^^^^^^^^^^^^^^^^^^^
  File "/workspace/os_moderation/prompt_loader.py", line 62, in load_raw_prompt
    raise FileNotFoundError(
FileNotFoundError: Prompt file not found: /workspace/os_moderation/prompt_v5.py
This pipeline never hardcodes policy/classification text — supply this file before running this stage.

[2026-09-24T18:29:26] [ERROR] rec_default_426594432_audio_1788984607250.mp3 chunk@28.0s failed: Prompt file not found: /workspace/os_moderation/prompt_v5.py
This pipeline never hardcodes policy/classification text — supply this file before running this stage.
Traceback (most recent call last):
  File "/workspace/os_moderation/gemma_local.py", line 633, in process_file
    answer_text, thinking_text, raw_response, token_infos = classify_chunk(model, processor, chunk_path, thinking, logger)
                                                            ^^^^^^^^^^^^^^^^^^^^^^^^^^^^^^^^^^^^^^^^^^^^^^^^^^^^^^^^^^^^^^
  File "/workspace/os_moderation/gemma_local.py", line 330, in classify_chunk
    prompt_text = prompt_loader.render_prompt(PROMPT_PATH, json_schema_str=RAW_SCHEMA_STR)
                  ^^^^^^^^^^^^^^^^^^^^^^^^^^^^^^^^^^^^^^^^^^^^^^^^^^^^^^^^^^^^^^^^^^^^^^^^
  File "/workspace/os_moderation/prompt_loader.py", line 80, in render_prompt
    text = load_raw_prompt(path)
           ^^^^^^^^^^^^^^^^^^^^^
  File "/workspace/os_moderation/prompt_loader.py", line 62, in load_raw_prompt
    raise FileNotFoundError(
FileNotFoundError: Prompt file not found: /workspace/os_moderation/prompt_v5.py
This pipeline never hardcodes policy/classification text — supply this file before running this stage.

[2026-09-24T18:29:26] [INFO] [34/50] rec_default_425476935_audio_1788886067609.mp3
[2026-09-24T18:29:27] [ERROR] rec_default_425476935_audio_1788886067609.mp3 chunk@0.0s failed: Prompt file not found: /workspace/os_moderation/prompt_v5.py
This pipeline never hardcodes policy/classification text — supply this file before running this stage.
Traceback (most recent call last):
  File "/workspace/os_moderation/gemma_local.py", line 633, in process_file
    answer_text, thinking_text, raw_response, token_infos = classify_chunk(model, processor, chunk_path, thinking, logger)
                                                            ^^^^^^^^^^^^^^^^^^^^^^^^^^^^^^^^^^^^^^^^^^^^^^^^^^^^^^^^^^^^^^
  File "/workspace/os_moderation/gemma_local.py", line 330, in classify_chunk
    prompt_text = prompt_loader.render_prompt(PROMPT_PATH, json_schema_str=RAW_SCHEMA_STR)
                  ^^^^^^^^^^^^^^^^^^^^^^^^^^^^^^^^^^^^^^^^^^^^^^^^^^^^^^^^^^^^^^^^^^^^^^^^
  File "/workspace/os_moderation/prompt_loader.py", line 80, in render_prompt
    text = load_raw_prompt(path)
           ^^^^^^^^^^^^^^^^^^^^^
  File "/workspace/os_moderation/prompt_loader.py", line 62, in load_raw_prompt
    raise FileNotFoundError(
FileNotFoundError: Prompt file not found: /workspace/os_moderation/prompt_v5.py
This pipeline never hardcodes policy/classification text — supply this file before running this stage.

[2026-09-24T18:29:27] [ERROR] rec_default_425476935_audio_1788886067609.mp3 chunk@28.0s failed: Prompt file not found: /workspace/os_moderation/prompt_v5.py
This pipeline never hardcodes policy/classification text — supply this file before running this stage.
Traceback (most recent call last):
  File "/workspace/os_moderation/gemma_local.py", line 633, in process_file
    answer_text, thinking_text, raw_response, token_infos = classify_chunk(model, processor, chunk_path, thinking, logger)
                                                            ^^^^^^^^^^^^^^^^^^^^^^^^^^^^^^^^^^^^^^^^^^^^^^^^^^^^^^^^^^^^^^
  File "/workspace/os_moderation/gemma_local.py", line 330, in classify_chunk
    prompt_text = prompt_loader.render_prompt(PROMPT_PATH, json_schema_str=RAW_SCHEMA_STR)
                  ^^^^^^^^^^^^^^^^^^^^^^^^^^^^^^^^^^^^^^^^^^^^^^^^^^^^^^^^^^^^^^^^^^^^^^^^
  File "/workspace/os_moderation/prompt_loader.py", line 80, in render_prompt
    text = load_raw_prompt(path)
           ^^^^^^^^^^^^^^^^^^^^^
  File "/workspace/os_moderation/prompt_loader.py", line 62, in load_raw_prompt
    raise FileNotFoundError(
FileNotFoundError: Prompt file not found: /workspace/os_moderation/prompt_v5.py
This pipeline never hardcodes policy/classification text — supply this file before running this stage.

[2026-09-24T18:29:27] [INFO] [35/50] rec_default_425942168_audio_1788935504071.mp3
[2026-09-24T18:29:28] [ERROR] rec_default_425942168_audio_1788935504071.mp3 chunk@0.0s failed: Prompt file not found: /workspace/os_moderation/prompt_v5.py
This pipeline never hardcodes policy/classification text — supply this file before running this stage.
Traceback (most recent call last):
  File "/workspace/os_moderation/gemma_local.py", line 633, in process_file
    answer_text, thinking_text, raw_response, token_infos = classify_chunk(model, processor, chunk_path, thinking, logger)
                                                            ^^^^^^^^^^^^^^^^^^^^^^^^^^^^^^^^^^^^^^^^^^^^^^^^^^^^^^^^^^^^^^
  File "/workspace/os_moderation/gemma_local.py", line 330, in classify_chunk
    prompt_text = prompt_loader.render_prompt(PROMPT_PATH, json_schema_str=RAW_SCHEMA_STR)
                  ^^^^^^^^^^^^^^^^^^^^^^^^^^^^^^^^^^^^^^^^^^^^^^^^^^^^^^^^^^^^^^^^^^^^^^^^
  File "/workspace/os_moderation/prompt_loader.py", line 80, in render_prompt
    text = load_raw_prompt(path)
           ^^^^^^^^^^^^^^^^^^^^^
  File "/workspace/os_moderation/prompt_loader.py", line 62, in load_raw_prompt
    raise FileNotFoundError(
FileNotFoundError: Prompt file not found: /workspace/os_moderation/prompt_v5.py
This pipeline never hardcodes policy/classification text — supply this file before running this stage.

[2026-09-24T18:29:28] [ERROR] rec_default_425942168_audio_1788935504071.mp3 chunk@28.0s failed: Prompt file not found: /workspace/os_moderation/prompt_v5.py
This pipeline never hardcodes policy/classification text — supply this file before running this stage.
Traceback (most recent call last):
  File "/workspace/os_moderation/gemma_local.py", line 633, in process_file
    answer_text, thinking_text, raw_response, token_infos = classify_chunk(model, processor, chunk_path, thinking, logger)
                                                            ^^^^^^^^^^^^^^^^^^^^^^^^^^^^^^^^^^^^^^^^^^^^^^^^^^^^^^^^^^^^^^
  File "/workspace/os_moderation/gemma_local.py", line 330, in classify_chunk
    prompt_text = prompt_loader.render_prompt(PROMPT_PATH, json_schema_str=RAW_SCHEMA_STR)
                  ^^^^^^^^^^^^^^^^^^^^^^^^^^^^^^^^^^^^^^^^^^^^^^^^^^^^^^^^^^^^^^^^^^^^^^^^
  File "/workspace/os_moderation/prompt_loader.py", line 80, in render_prompt
    text = load_raw_prompt(path)
           ^^^^^^^^^^^^^^^^^^^^^
  File "/workspace/os_moderation/prompt_loader.py", line 62, in load_raw_prompt
    raise FileNotFoundError(
FileNotFoundError: Prompt file not found: /workspace/os_moderation/prompt_v5.py
This pipeline never hardcodes policy/classification text — supply this file before running this stage.

[2026-09-24T18:29:28] [ERROR] rec_default_425942168_audio_1788935504071.mp3 chunk@56.0s failed: Prompt file not found: /workspace/os_moderation/prompt_v5.py
This pipeline never hardcodes policy/classification text — supply this file before running this stage.
Traceback (most recent call last):
  File "/workspace/os_moderation/gemma_local.py", line 633, in process_file
    answer_text, thinking_text, raw_response, token_infos = classify_chunk(model, processor, chunk_path, thinking, logger)
                                                            ^^^^^^^^^^^^^^^^^^^^^^^^^^^^^^^^^^^^^^^^^^^^^^^^^^^^^^^^^^^^^^
  File "/workspace/os_moderation/gemma_local.py", line 330, in classify_chunk
    prompt_text = prompt_loader.render_prompt(PROMPT_PATH, json_schema_str=RAW_SCHEMA_STR)
                  ^^^^^^^^^^^^^^^^^^^^^^^^^^^^^^^^^^^^^^^^^^^^^^^^^^^^^^^^^^^^^^^^^^^^^^^^
  File "/workspace/os_moderation/prompt_loader.py", line 80, in render_prompt
    text = load_raw_prompt(path)
           ^^^^^^^^^^^^^^^^^^^^^
  File "/workspace/os_moderation/prompt_loader.py", line 62, in load_raw_prompt
    raise FileNotFoundError(
FileNotFoundError: Prompt file not found: /workspace/os_moderation/prompt_v5.py
This pipeline never hardcodes policy/classification text — supply this file before running this stage.

[2026-09-24T18:29:28] [ERROR] rec_default_425942168_audio_1788935504071.mp3 chunk@84.0s failed: Prompt file not found: /workspace/os_moderation/prompt_v5.py
This pipeline never hardcodes policy/classification text — supply this file before running this stage.
Traceback (most recent call last):
  File "/workspace/os_moderation/gemma_local.py", line 633, in process_file
    answer_text, thinking_text, raw_response, token_infos = classify_chunk(model, processor, chunk_path, thinking, logger)
                                                            ^^^^^^^^^^^^^^^^^^^^^^^^^^^^^^^^^^^^^^^^^^^^^^^^^^^^^^^^^^^^^^
  File "/workspace/os_moderation/gemma_local.py", line 330, in classify_chunk
    prompt_text = prompt_loader.render_prompt(PROMPT_PATH, json_schema_str=RAW_SCHEMA_STR)
                  ^^^^^^^^^^^^^^^^^^^^^^^^^^^^^^^^^^^^^^^^^^^^^^^^^^^^^^^^^^^^^^^^^^^^^^^^
  File "/workspace/os_moderation/prompt_loader.py", line 80, in render_prompt
    text = load_raw_prompt(path)
           ^^^^^^^^^^^^^^^^^^^^^
  File "/workspace/os_moderation/prompt_loader.py", line 62, in load_raw_prompt
    raise FileNotFoundError(
FileNotFoundError: Prompt file not found: /workspace/os_moderation/prompt_v5.py
This pipeline never hardcodes policy/classification text — supply this file before running this stage.

[2026-09-24T18:29:28] [ERROR] rec_default_425942168_audio_1788935504071.mp3 chunk@112.0s failed: Prompt file not found: /workspace/os_moderation/prompt_v5.py
This pipeline never hardcodes policy/classification text — supply this file before running this stage.
Traceback (most recent call last):
  File "/workspace/os_moderation/gemma_local.py", line 633, in process_file
    answer_text, thinking_text, raw_response, token_infos = classify_chunk(model, processor, chunk_path, thinking, logger)
                                                            ^^^^^^^^^^^^^^^^^^^^^^^^^^^^^^^^^^^^^^^^^^^^^^^^^^^^^^^^^^^^^^
  File "/workspace/os_moderation/gemma_local.py", line 330, in classify_chunk
    prompt_text = prompt_loader.render_prompt(PROMPT_PATH, json_schema_str=RAW_SCHEMA_STR)
                  ^^^^^^^^^^^^^^^^^^^^^^^^^^^^^^^^^^^^^^^^^^^^^^^^^^^^^^^^^^^^^^^^^^^^^^^^
  File "/workspace/os_moderation/prompt_loader.py", line 80, in render_prompt
    text = load_raw_prompt(path)
           ^^^^^^^^^^^^^^^^^^^^^
  File "/workspace/os_moderation/prompt_loader.py", line 62, in load_raw_prompt
    raise FileNotFoundError(
FileNotFoundError: Prompt file not found: /workspace/os_moderation/prompt_v5.py
This pipeline never hardcodes policy/classification text — supply this file before running this stage.

[2026-09-24T18:29:28] [ERROR] rec_default_425942168_audio_1788935504071.mp3 chunk@140.0s failed: Prompt file not found: /workspace/os_moderation/prompt_v5.py
This pipeline never hardcodes policy/classification text — supply this file before running this stage.
Traceback (most recent call last):
  File "/workspace/os_moderation/gemma_local.py", line 633, in process_file
    answer_text, thinking_text, raw_response, token_infos = classify_chunk(model, processor, chunk_path, thinking, logger)
                                                            ^^^^^^^^^^^^^^^^^^^^^^^^^^^^^^^^^^^^^^^^^^^^^^^^^^^^^^^^^^^^^^
  File "/workspace/os_moderation/gemma_local.py", line 330, in classify_chunk
    prompt_text = prompt_loader.render_prompt(PROMPT_PATH, json_schema_str=RAW_SCHEMA_STR)
                  ^^^^^^^^^^^^^^^^^^^^^^^^^^^^^^^^^^^^^^^^^^^^^^^^^^^^^^^^^^^^^^^^^^^^^^^^
  File "/workspace/os_moderation/prompt_loader.py", line 80, in render_prompt
    text = load_raw_prompt(path)
           ^^^^^^^^^^^^^^^^^^^^^
  File "/workspace/os_moderation/prompt_loader.py", line 62, in load_raw_prompt
    raise FileNotFoundError(
FileNotFoundError: Prompt file not found: /workspace/os_moderation/prompt_v5.py
This pipeline never hardcodes policy/classification text — supply this file before running this stage.

[2026-09-24T18:29:28] [ERROR] rec_default_425942168_audio_1788935504071.mp3 chunk@168.0s failed: Prompt file not found: /workspace/os_moderation/prompt_v5.py
This pipeline never hardcodes policy/classification text — supply this file before running this stage.
Traceback (most recent call last):
  File "/workspace/os_moderation/gemma_local.py", line 633, in process_file
    answer_text, thinking_text, raw_response, token_infos = classify_chunk(model, processor, chunk_path, thinking, logger)
                                                            ^^^^^^^^^^^^^^^^^^^^^^^^^^^^^^^^^^^^^^^^^^^^^^^^^^^^^^^^^^^^^^
  File "/workspace/os_moderation/gemma_local.py", line 330, in classify_chunk
    prompt_text = prompt_loader.render_prompt(PROMPT_PATH, json_schema_str=RAW_SCHEMA_STR)
                  ^^^^^^^^^^^^^^^^^^^^^^^^^^^^^^^^^^^^^^^^^^^^^^^^^^^^^^^^^^^^^^^^^^^^^^^^
  File "/workspace/os_moderation/prompt_loader.py", line 80, in render_prompt
    text = load_raw_prompt(path)
           ^^^^^^^^^^^^^^^^^^^^^
  File "/workspace/os_moderation/prompt_loader.py", line 62, in load_raw_prompt
    raise FileNotFoundError(
FileNotFoundError: Prompt file not found: /workspace/os_moderation/prompt_v5.py
This pipeline never hardcodes policy/classification text — supply this file before running this stage.

[2026-09-24T18:29:28] [ERROR] rec_default_425942168_audio_1788935504071.mp3 chunk@196.0s failed: Prompt file not found: /workspace/os_moderation/prompt_v5.py
This pipeline never hardcodes policy/classification text — supply this file before running this stage.
Traceback (most recent call last):
  File "/workspace/os_moderation/gemma_local.py", line 633, in process_file
    answer_text, thinking_text, raw_response, token_infos = classify_chunk(model, processor, chunk_path, thinking, logger)
                                                            ^^^^^^^^^^^^^^^^^^^^^^^^^^^^^^^^^^^^^^^^^^^^^^^^^^^^^^^^^^^^^^
  File "/workspace/os_moderation/gemma_local.py", line 330, in classify_chunk
    prompt_text = prompt_loader.render_prompt(PROMPT_PATH, json_schema_str=RAW_SCHEMA_STR)
                  ^^^^^^^^^^^^^^^^^^^^^^^^^^^^^^^^^^^^^^^^^^^^^^^^^^^^^^^^^^^^^^^^^^^^^^^^
  File "/workspace/os_moderation/prompt_loader.py", line 80, in render_prompt
    text = load_raw_prompt(path)
           ^^^^^^^^^^^^^^^^^^^^^
  File "/workspace/os_moderation/prompt_loader.py", line 62, in load_raw_prompt
    raise FileNotFoundError(
FileNotFoundError: Prompt file not found: /workspace/os_moderation/prompt_v5.py
This pipeline never hardcodes policy/classification text — supply this file before running this stage.

[2026-09-24T18:29:28] [ERROR] rec_default_425942168_audio_1788935504071.mp3 chunk@224.0s failed: Prompt file not found: /workspace/os_moderation/prompt_v5.py
This pipeline never hardcodes policy/classification text — supply this file before running this stage.
Traceback (most recent call last):
  File "/workspace/os_moderation/gemma_local.py", line 633, in process_file
    answer_text, thinking_text, raw_response, token_infos = classify_chunk(model, processor, chunk_path, thinking, logger)
                                                            ^^^^^^^^^^^^^^^^^^^^^^^^^^^^^^^^^^^^^^^^^^^^^^^^^^^^^^^^^^^^^^
  File "/workspace/os_moderation/gemma_local.py", line 330, in classify_chunk
    prompt_text = prompt_loader.render_prompt(PROMPT_PATH, json_schema_str=RAW_SCHEMA_STR)
                  ^^^^^^^^^^^^^^^^^^^^^^^^^^^^^^^^^^^^^^^^^^^^^^^^^^^^^^^^^^^^^^^^^^^^^^^^
  File "/workspace/os_moderation/prompt_loader.py", line 80, in render_prompt
    text = load_raw_prompt(path)
           ^^^^^^^^^^^^^^^^^^^^^
  File "/workspace/os_moderation/prompt_loader.py", line 62, in load_raw_prompt
    raise FileNotFoundError(
FileNotFoundError: Prompt file not found: /workspace/os_moderation/prompt_v5.py
This pipeline never hardcodes policy/classification text — supply this file before running this stage.

[2026-09-24T18:29:28] [ERROR] rec_default_425942168_audio_1788935504071.mp3 chunk@252.0s failed: Prompt file not found: /workspace/os_moderation/prompt_v5.py
This pipeline never hardcodes policy/classification text — supply this file before running this stage.
Traceback (most recent call last):
  File "/workspace/os_moderation/gemma_local.py", line 633, in process_file
    answer_text, thinking_text, raw_response, token_infos = classify_chunk(model, processor, chunk_path, thinking, logger)
                                                            ^^^^^^^^^^^^^^^^^^^^^^^^^^^^^^^^^^^^^^^^^^^^^^^^^^^^^^^^^^^^^^
  File "/workspace/os_moderation/gemma_local.py", line 330, in classify_chunk
    prompt_text = prompt_loader.render_prompt(PROMPT_PATH, json_schema_str=RAW_SCHEMA_STR)
                  ^^^^^^^^^^^^^^^^^^^^^^^^^^^^^^^^^^^^^^^^^^^^^^^^^^^^^^^^^^^^^^^^^^^^^^^^
  File "/workspace/os_moderation/prompt_loader.py", line 80, in render_prompt
    text = load_raw_prompt(path)
           ^^^^^^^^^^^^^^^^^^^^^
  File "/workspace/os_moderation/prompt_loader.py", line 62, in load_raw_prompt
    raise FileNotFoundError(
FileNotFoundError: Prompt file not found: /workspace/os_moderation/prompt_v5.py
This pipeline never hardcodes policy/classification text — supply this file before running this stage.

[2026-09-24T18:29:28] [ERROR] rec_default_425942168_audio_1788935504071.mp3 chunk@280.0s failed: Prompt file not found: /workspace/os_moderation/prompt_v5.py
This pipeline never hardcodes policy/classification text — supply this file before running this stage.
Traceback (most recent call last):
  File "/workspace/os_moderation/gemma_local.py", line 633, in process_file
    answer_text, thinking_text, raw_response, token_infos = classify_chunk(model, processor, chunk_path, thinking, logger)
                                                            ^^^^^^^^^^^^^^^^^^^^^^^^^^^^^^^^^^^^^^^^^^^^^^^^^^^^^^^^^^^^^^
  File "/workspace/os_moderation/gemma_local.py", line 330, in classify_chunk
    prompt_text = prompt_loader.render_prompt(PROMPT_PATH, json_schema_str=RAW_SCHEMA_STR)
                  ^^^^^^^^^^^^^^^^^^^^^^^^^^^^^^^^^^^^^^^^^^^^^^^^^^^^^^^^^^^^^^^^^^^^^^^^
  File "/workspace/os_moderation/prompt_loader.py", line 80, in render_prompt
    text = load_raw_prompt(path)
           ^^^^^^^^^^^^^^^^^^^^^
  File "/workspace/os_moderation/prompt_loader.py", line 62, in load_raw_prompt
    raise FileNotFoundError(
FileNotFoundError: Prompt file not found: /workspace/os_moderation/prompt_v5.py
This pipeline never hardcodes policy/classification text — supply this file before running this stage.

[2026-09-24T18:29:28] [INFO] [36/50] rec_audio_call_425591249_audio_1788892319841.mp3
[2026-09-24T18:29:28] [ERROR] rec_audio_call_425591249_audio_1788892319841.mp3 chunk@0.0s failed: Prompt file not found: /workspace/os_moderation/prompt_v5.py
This pipeline never hardcodes policy/classification text — supply this file before running this stage.
Traceback (most recent call last):
  File "/workspace/os_moderation/gemma_local.py", line 633, in process_file
    answer_text, thinking_text, raw_response, token_infos = classify_chunk(model, processor, chunk_path, thinking, logger)
                                                            ^^^^^^^^^^^^^^^^^^^^^^^^^^^^^^^^^^^^^^^^^^^^^^^^^^^^^^^^^^^^^^
  File "/workspace/os_moderation/gemma_local.py", line 330, in classify_chunk
    prompt_text = prompt_loader.render_prompt(PROMPT_PATH, json_schema_str=RAW_SCHEMA_STR)
                  ^^^^^^^^^^^^^^^^^^^^^^^^^^^^^^^^^^^^^^^^^^^^^^^^^^^^^^^^^^^^^^^^^^^^^^^^
  File "/workspace/os_moderation/prompt_loader.py", line 80, in render_prompt
    text = load_raw_prompt(path)
           ^^^^^^^^^^^^^^^^^^^^^
  File "/workspace/os_moderation/prompt_loader.py", line 62, in load_raw_prompt
    raise FileNotFoundError(
FileNotFoundError: Prompt file not found: /workspace/os_moderation/prompt_v5.py
This pipeline never hardcodes policy/classification text — supply this file before running this stage.

[2026-09-24T18:29:28] [ERROR] rec_audio_call_425591249_audio_1788892319841.mp3 chunk@28.0s failed: Prompt file not found: /workspace/os_moderation/prompt_v5.py
This pipeline never hardcodes policy/classification text — supply this file before running this stage.
Traceback (most recent call last):
  File "/workspace/os_moderation/gemma_local.py", line 633, in process_file
    answer_text, thinking_text, raw_response, token_infos = classify_chunk(model, processor, chunk_path, thinking, logger)
                                                            ^^^^^^^^^^^^^^^^^^^^^^^^^^^^^^^^^^^^^^^^^^^^^^^^^^^^^^^^^^^^^^
  File "/workspace/os_moderation/gemma_local.py", line 330, in classify_chunk
    prompt_text = prompt_loader.render_prompt(PROMPT_PATH, json_schema_str=RAW_SCHEMA_STR)
                  ^^^^^^^^^^^^^^^^^^^^^^^^^^^^^^^^^^^^^^^^^^^^^^^^^^^^^^^^^^^^^^^^^^^^^^^^
  File "/workspace/os_moderation/prompt_loader.py", line 80, in render_prompt
    text = load_raw_prompt(path)
           ^^^^^^^^^^^^^^^^^^^^^
  File "/workspace/os_moderation/prompt_loader.py", line 62, in load_raw_prompt
    raise FileNotFoundError(
FileNotFoundError: Prompt file not found: /workspace/os_moderation/prompt_v5.py
This pipeline never hardcodes policy/classification text — supply this file before running this stage.

[2026-09-24T18:29:28] [ERROR] rec_audio_call_425591249_audio_1788892319841.mp3 chunk@56.0s failed: Prompt file not found: /workspace/os_moderation/prompt_v5.py
This pipeline never hardcodes policy/classification text — supply this file before running this stage.
Traceback (most recent call last):
  File "/workspace/os_moderation/gemma_local.py", line 633, in process_file
    answer_text, thinking_text, raw_response, token_infos = classify_chunk(model, processor, chunk_path, thinking, logger)
                                                            ^^^^^^^^^^^^^^^^^^^^^^^^^^^^^^^^^^^^^^^^^^^^^^^^^^^^^^^^^^^^^^
  File "/workspace/os_moderation/gemma_local.py", line 330, in classify_chunk
    prompt_text = prompt_loader.render_prompt(PROMPT_PATH, json_schema_str=RAW_SCHEMA_STR)
                  ^^^^^^^^^^^^^^^^^^^^^^^^^^^^^^^^^^^^^^^^^^^^^^^^^^^^^^^^^^^^^^^^^^^^^^^^
  File "/workspace/os_moderation/prompt_loader.py", line 80, in render_prompt
    text = load_raw_prompt(path)
           ^^^^^^^^^^^^^^^^^^^^^
  File "/workspace/os_moderation/prompt_loader.py", line 62, in load_raw_prompt
    raise FileNotFoundError(
FileNotFoundError: Prompt file not found: /workspace/os_moderation/prompt_v5.py
This pipeline never hardcodes policy/classification text — supply this file before running this stage.

[2026-09-24T18:29:28] [ERROR] rec_audio_call_425591249_audio_1788892319841.mp3 chunk@84.0s failed: Prompt file not found: /workspace/os_moderation/prompt_v5.py
This pipeline never hardcodes policy/classification text — supply this file before running this stage.
Traceback (most recent call last):
  File "/workspace/os_moderation/gemma_local.py", line 633, in process_file
    answer_text, thinking_text, raw_response, token_infos = classify_chunk(model, processor, chunk_path, thinking, logger)
                                                            ^^^^^^^^^^^^^^^^^^^^^^^^^^^^^^^^^^^^^^^^^^^^^^^^^^^^^^^^^^^^^^
  File "/workspace/os_moderation/gemma_local.py", line 330, in classify_chunk
    prompt_text = prompt_loader.render_prompt(PROMPT_PATH, json_schema_str=RAW_SCHEMA_STR)
                  ^^^^^^^^^^^^^^^^^^^^^^^^^^^^^^^^^^^^^^^^^^^^^^^^^^^^^^^^^^^^^^^^^^^^^^^^
  File "/workspace/os_moderation/prompt_loader.py", line 80, in render_prompt
    text = load_raw_prompt(path)
           ^^^^^^^^^^^^^^^^^^^^^
  File "/workspace/os_moderation/prompt_loader.py", line 62, in load_raw_prompt
    raise FileNotFoundError(
FileNotFoundError: Prompt file not found: /workspace/os_moderation/prompt_v5.py
This pipeline never hardcodes policy/classification text — supply this file before running this stage.

[2026-09-24T18:29:28] [ERROR] rec_audio_call_425591249_audio_1788892319841.mp3 chunk@112.0s failed: Prompt file not found: /workspace/os_moderation/prompt_v5.py
This pipeline never hardcodes policy/classification text — supply this file before running this stage.
Traceback (most recent call last):
  File "/workspace/os_moderation/gemma_local.py", line 633, in process_file
    answer_text, thinking_text, raw_response, token_infos = classify_chunk(model, processor, chunk_path, thinking, logger)
                                                            ^^^^^^^^^^^^^^^^^^^^^^^^^^^^^^^^^^^^^^^^^^^^^^^^^^^^^^^^^^^^^^
  File "/workspace/os_moderation/gemma_local.py", line 330, in classify_chunk
    prompt_text = prompt_loader.render_prompt(PROMPT_PATH, json_schema_str=RAW_SCHEMA_STR)
                  ^^^^^^^^^^^^^^^^^^^^^^^^^^^^^^^^^^^^^^^^^^^^^^^^^^^^^^^^^^^^^^^^^^^^^^^^
  File "/workspace/os_moderation/prompt_loader.py", line 80, in render_prompt
    text = load_raw_prompt(path)
           ^^^^^^^^^^^^^^^^^^^^^
  File "/workspace/os_moderation/prompt_loader.py", line 62, in load_raw_prompt
    raise FileNotFoundError(
FileNotFoundError: Prompt file not found: /workspace/os_moderation/prompt_v5.py
This pipeline never hardcodes policy/classification text — supply this file before running this stage.

[2026-09-24T18:29:28] [ERROR] rec_audio_call_425591249_audio_1788892319841.mp3 chunk@140.0s failed: Prompt file not found: /workspace/os_moderation/prompt_v5.py
This pipeline never hardcodes policy/classification text — supply this file before running this stage.
Traceback (most recent call last):
  File "/workspace/os_moderation/gemma_local.py", line 633, in process_file
    answer_text, thinking_text, raw_response, token_infos = classify_chunk(model, processor, chunk_path, thinking, logger)
                                                            ^^^^^^^^^^^^^^^^^^^^^^^^^^^^^^^^^^^^^^^^^^^^^^^^^^^^^^^^^^^^^^
  File "/workspace/os_moderation/gemma_local.py", line 330, in classify_chunk
    prompt_text = prompt_loader.render_prompt(PROMPT_PATH, json_schema_str=RAW_SCHEMA_STR)
                  ^^^^^^^^^^^^^^^^^^^^^^^^^^^^^^^^^^^^^^^^^^^^^^^^^^^^^^^^^^^^^^^^^^^^^^^^
  File "/workspace/os_moderation/prompt_loader.py", line 80, in render_prompt
    text = load_raw_prompt(path)
           ^^^^^^^^^^^^^^^^^^^^^
  File "/workspace/os_moderation/prompt_loader.py", line 62, in load_raw_prompt
    raise FileNotFoundError(
FileNotFoundError: Prompt file not found: /workspace/os_moderation/prompt_v5.py
This pipeline never hardcodes policy/classification text — supply this file before running this stage.

[2026-09-24T18:29:28] [ERROR] rec_audio_call_425591249_audio_1788892319841.mp3 chunk@168.0s failed: Prompt file not found: /workspace/os_moderation/prompt_v5.py
This pipeline never hardcodes policy/classification text — supply this file before running this stage.
Traceback (most recent call last):
  File "/workspace/os_moderation/gemma_local.py", line 633, in process_file
    answer_text, thinking_text, raw_response, token_infos = classify_chunk(model, processor, chunk_path, thinking, logger)
                                                            ^^^^^^^^^^^^^^^^^^^^^^^^^^^^^^^^^^^^^^^^^^^^^^^^^^^^^^^^^^^^^^
  File "/workspace/os_moderation/gemma_local.py", line 330, in classify_chunk
    prompt_text = prompt_loader.render_prompt(PROMPT_PATH, json_schema_str=RAW_SCHEMA_STR)
                  ^^^^^^^^^^^^^^^^^^^^^^^^^^^^^^^^^^^^^^^^^^^^^^^^^^^^^^^^^^^^^^^^^^^^^^^^
  File "/workspace/os_moderation/prompt_loader.py", line 80, in render_prompt
    text = load_raw_prompt(path)
           ^^^^^^^^^^^^^^^^^^^^^
  File "/workspace/os_moderation/prompt_loader.py", line 62, in load_raw_prompt
    raise FileNotFoundError(
FileNotFoundError: Prompt file not found: /workspace/os_moderation/prompt_v5.py
This pipeline never hardcodes policy/classification text — supply this file before running this stage.

[2026-09-24T18:29:28] [INFO] [37/50] rec_audio_call_426864490_audio_1789021845136.mp3
[2026-09-24T18:29:30] [ERROR] rec_audio_call_426864490_audio_1789021845136.mp3 chunk@0.0s failed: Prompt file not found: /workspace/os_moderation/prompt_v5.py
This pipeline never hardcodes policy/classification text — supply this file before running this stage.
Traceback (most recent call last):
  File "/workspace/os_moderation/gemma_local.py", line 633, in process_file
    answer_text, thinking_text, raw_response, token_infos = classify_chunk(model, processor, chunk_path, thinking, logger)
                                                            ^^^^^^^^^^^^^^^^^^^^^^^^^^^^^^^^^^^^^^^^^^^^^^^^^^^^^^^^^^^^^^
  File "/workspace/os_moderation/gemma_local.py", line 330, in classify_chunk
    prompt_text = prompt_loader.render_prompt(PROMPT_PATH, json_schema_str=RAW_SCHEMA_STR)
                  ^^^^^^^^^^^^^^^^^^^^^^^^^^^^^^^^^^^^^^^^^^^^^^^^^^^^^^^^^^^^^^^^^^^^^^^^
  File "/workspace/os_moderation/prompt_loader.py", line 80, in render_prompt
    text = load_raw_prompt(path)
           ^^^^^^^^^^^^^^^^^^^^^
  File "/workspace/os_moderation/prompt_loader.py", line 62, in load_raw_prompt
    raise FileNotFoundError(
FileNotFoundError: Prompt file not found: /workspace/os_moderation/prompt_v5.py
This pipeline never hardcodes policy/classification text — supply this file before running this stage.

[2026-09-24T18:29:30] [ERROR] rec_audio_call_426864490_audio_1789021845136.mp3 chunk@28.0s failed: Prompt file not found: /workspace/os_moderation/prompt_v5.py
This pipeline never hardcodes policy/classification text — supply this file before running this stage.
Traceback (most recent call last):
  File "/workspace/os_moderation/gemma_local.py", line 633, in process_file
    answer_text, thinking_text, raw_response, token_infos = classify_chunk(model, processor, chunk_path, thinking, logger)
                                                            ^^^^^^^^^^^^^^^^^^^^^^^^^^^^^^^^^^^^^^^^^^^^^^^^^^^^^^^^^^^^^^
  File "/workspace/os_moderation/gemma_local.py", line 330, in classify_chunk
    prompt_text = prompt_loader.render_prompt(PROMPT_PATH, json_schema_str=RAW_SCHEMA_STR)
                  ^^^^^^^^^^^^^^^^^^^^^^^^^^^^^^^^^^^^^^^^^^^^^^^^^^^^^^^^^^^^^^^^^^^^^^^^
  File "/workspace/os_moderation/prompt_loader.py", line 80, in render_prompt
    text = load_raw_prompt(path)
           ^^^^^^^^^^^^^^^^^^^^^
  File "/workspace/os_moderation/prompt_loader.py", line 62, in load_raw_prompt
    raise FileNotFoundError(
FileNotFoundError: Prompt file not found: /workspace/os_moderation/prompt_v5.py
This pipeline never hardcodes policy/classification text — supply this file before running this stage.

[2026-09-24T18:29:30] [ERROR] rec_audio_call_426864490_audio_1789021845136.mp3 chunk@56.0s failed: Prompt file not found: /workspace/os_moderation/prompt_v5.py
This pipeline never hardcodes policy/classification text — supply this file before running this stage.
Traceback (most recent call last):
  File "/workspace/os_moderation/gemma_local.py", line 633, in process_file
    answer_text, thinking_text, raw_response, token_infos = classify_chunk(model, processor, chunk_path, thinking, logger)
                                                            ^^^^^^^^^^^^^^^^^^^^^^^^^^^^^^^^^^^^^^^^^^^^^^^^^^^^^^^^^^^^^^
  File "/workspace/os_moderation/gemma_local.py", line 330, in classify_chunk
    prompt_text = prompt_loader.render_prompt(PROMPT_PATH, json_schema_str=RAW_SCHEMA_STR)
                  ^^^^^^^^^^^^^^^^^^^^^^^^^^^^^^^^^^^^^^^^^^^^^^^^^^^^^^^^^^^^^^^^^^^^^^^^
  File "/workspace/os_moderation/prompt_loader.py", line 80, in render_prompt
    text = load_raw_prompt(path)
           ^^^^^^^^^^^^^^^^^^^^^
  File "/workspace/os_moderation/prompt_loader.py", line 62, in load_raw_prompt
    raise FileNotFoundError(
FileNotFoundError: Prompt file not found: /workspace/os_moderation/prompt_v5.py
This pipeline never hardcodes policy/classification text — supply this file before running this stage.

[2026-09-24T18:29:30] [ERROR] rec_audio_call_426864490_audio_1789021845136.mp3 chunk@84.0s failed: Prompt file not found: /workspace/os_moderation/prompt_v5.py
This pipeline never hardcodes policy/classification text — supply this file before running this stage.
Traceback (most recent call last):
  File "/workspace/os_moderation/gemma_local.py", line 633, in process_file
    answer_text, thinking_text, raw_response, token_infos = classify_chunk(model, processor, chunk_path, thinking, logger)
                                                            ^^^^^^^^^^^^^^^^^^^^^^^^^^^^^^^^^^^^^^^^^^^^^^^^^^^^^^^^^^^^^^
  File "/workspace/os_moderation/gemma_local.py", line 330, in classify_chunk
    prompt_text = prompt_loader.render_prompt(PROMPT_PATH, json_schema_str=RAW_SCHEMA_STR)
                  ^^^^^^^^^^^^^^^^^^^^^^^^^^^^^^^^^^^^^^^^^^^^^^^^^^^^^^^^^^^^^^^^^^^^^^^^
  File "/workspace/os_moderation/prompt_loader.py", line 80, in render_prompt
    text = load_raw_prompt(path)
           ^^^^^^^^^^^^^^^^^^^^^
  File "/workspace/os_moderation/prompt_loader.py", line 62, in load_raw_prompt
    raise FileNotFoundError(
FileNotFoundError: Prompt file not found: /workspace/os_moderation/prompt_v5.py
This pipeline never hardcodes policy/classification text — supply this file before running this stage.

[2026-09-24T18:29:30] [ERROR] rec_audio_call_426864490_audio_1789021845136.mp3 chunk@112.0s failed: Prompt file not found: /workspace/os_moderation/prompt_v5.py
This pipeline never hardcodes policy/classification text — supply this file before running this stage.
Traceback (most recent call last):
  File "/workspace/os_moderation/gemma_local.py", line 633, in process_file
    answer_text, thinking_text, raw_response, token_infos = classify_chunk(model, processor, chunk_path, thinking, logger)
                                                            ^^^^^^^^^^^^^^^^^^^^^^^^^^^^^^^^^^^^^^^^^^^^^^^^^^^^^^^^^^^^^^
  File "/workspace/os_moderation/gemma_local.py", line 330, in classify_chunk
    prompt_text = prompt_loader.render_prompt(PROMPT_PATH, json_schema_str=RAW_SCHEMA_STR)
                  ^^^^^^^^^^^^^^^^^^^^^^^^^^^^^^^^^^^^^^^^^^^^^^^^^^^^^^^^^^^^^^^^^^^^^^^^
  File "/workspace/os_moderation/prompt_loader.py", line 80, in render_prompt
    text = load_raw_prompt(path)
           ^^^^^^^^^^^^^^^^^^^^^
  File "/workspace/os_moderation/prompt_loader.py", line 62, in load_raw_prompt
    raise FileNotFoundError(
FileNotFoundError: Prompt file not found: /workspace/os_moderation/prompt_v5.py
This pipeline never hardcodes policy/classification text — supply this file before running this stage.

[2026-09-24T18:29:30] [ERROR] rec_audio_call_426864490_audio_1789021845136.mp3 chunk@140.0s failed: Prompt file not found: /workspace/os_moderation/prompt_v5.py
This pipeline never hardcodes policy/classification text — supply this file before running this stage.
Traceback (most recent call last):
  File "/workspace/os_moderation/gemma_local.py", line 633, in process_file
    answer_text, thinking_text, raw_response, token_infos = classify_chunk(model, processor, chunk_path, thinking, logger)
                                                            ^^^^^^^^^^^^^^^^^^^^^^^^^^^^^^^^^^^^^^^^^^^^^^^^^^^^^^^^^^^^^^
  File "/workspace/os_moderation/gemma_local.py", line 330, in classify_chunk
    prompt_text = prompt_loader.render_prompt(PROMPT_PATH, json_schema_str=RAW_SCHEMA_STR)
                  ^^^^^^^^^^^^^^^^^^^^^^^^^^^^^^^^^^^^^^^^^^^^^^^^^^^^^^^^^^^^^^^^^^^^^^^^
  File "/workspace/os_moderation/prompt_loader.py", line 80, in render_prompt
    text = load_raw_prompt(path)
           ^^^^^^^^^^^^^^^^^^^^^
  File "/workspace/os_moderation/prompt_loader.py", line 62, in load_raw_prompt
    raise FileNotFoundError(
FileNotFoundError: Prompt file not found: /workspace/os_moderation/prompt_v5.py
This pipeline never hardcodes policy/classification text — supply this file before running this stage.

[2026-09-24T18:29:30] [ERROR] rec_audio_call_426864490_audio_1789021845136.mp3 chunk@168.0s failed: Prompt file not found: /workspace/os_moderation/prompt_v5.py
This pipeline never hardcodes policy/classification text — supply this file before running this stage.
Traceback (most recent call last):
  File "/workspace/os_moderation/gemma_local.py", line 633, in process_file
    answer_text, thinking_text, raw_response, token_infos = classify_chunk(model, processor, chunk_path, thinking, logger)
                                                            ^^^^^^^^^^^^^^^^^^^^^^^^^^^^^^^^^^^^^^^^^^^^^^^^^^^^^^^^^^^^^^
  File "/workspace/os_moderation/gemma_local.py", line 330, in classify_chunk
    prompt_text = prompt_loader.render_prompt(PROMPT_PATH, json_schema_str=RAW_SCHEMA_STR)
                  ^^^^^^^^^^^^^^^^^^^^^^^^^^^^^^^^^^^^^^^^^^^^^^^^^^^^^^^^^^^^^^^^^^^^^^^^
  File "/workspace/os_moderation/prompt_loader.py", line 80, in render_prompt
    text = load_raw_prompt(path)
           ^^^^^^^^^^^^^^^^^^^^^
  File "/workspace/os_moderation/prompt_loader.py", line 62, in load_raw_prompt
    raise FileNotFoundError(
FileNotFoundError: Prompt file not found: /workspace/os_moderation/prompt_v5.py
This pipeline never hardcodes policy/classification text — supply this file before running this stage.

[2026-09-24T18:29:30] [ERROR] rec_audio_call_426864490_audio_1789021845136.mp3 chunk@196.0s failed: Prompt file not found: /workspace/os_moderation/prompt_v5.py
This pipeline never hardcodes policy/classification text — supply this file before running this stage.
Traceback (most recent call last):
  File "/workspace/os_moderation/gemma_local.py", line 633, in process_file
    answer_text, thinking_text, raw_response, token_infos = classify_chunk(model, processor, chunk_path, thinking, logger)
                                                            ^^^^^^^^^^^^^^^^^^^^^^^^^^^^^^^^^^^^^^^^^^^^^^^^^^^^^^^^^^^^^^
  File "/workspace/os_moderation/gemma_local.py", line 330, in classify_chunk
    prompt_text = prompt_loader.render_prompt(PROMPT_PATH, json_schema_str=RAW_SCHEMA_STR)
                  ^^^^^^^^^^^^^^^^^^^^^^^^^^^^^^^^^^^^^^^^^^^^^^^^^^^^^^^^^^^^^^^^^^^^^^^^
  File "/workspace/os_moderation/prompt_loader.py", line 80, in render_prompt
    text = load_raw_prompt(path)
           ^^^^^^^^^^^^^^^^^^^^^
  File "/workspace/os_moderation/prompt_loader.py", line 62, in load_raw_prompt
    raise FileNotFoundError(
FileNotFoundError: Prompt file not found: /workspace/os_moderation/prompt_v5.py
This pipeline never hardcodes policy/classification text — supply this file before running this stage.

[2026-09-24T18:29:30] [ERROR] rec_audio_call_426864490_audio_1789021845136.mp3 chunk@224.0s failed: Prompt file not found: /workspace/os_moderation/prompt_v5.py
This pipeline never hardcodes policy/classification text — supply this file before running this stage.
Traceback (most recent call last):
  File "/workspace/os_moderation/gemma_local.py", line 633, in process_file
    answer_text, thinking_text, raw_response, token_infos = classify_chunk(model, processor, chunk_path, thinking, logger)
                                                            ^^^^^^^^^^^^^^^^^^^^^^^^^^^^^^^^^^^^^^^^^^^^^^^^^^^^^^^^^^^^^^
  File "/workspace/os_moderation/gemma_local.py", line 330, in classify_chunk
    prompt_text = prompt_loader.render_prompt(PROMPT_PATH, json_schema_str=RAW_SCHEMA_STR)
                  ^^^^^^^^^^^^^^^^^^^^^^^^^^^^^^^^^^^^^^^^^^^^^^^^^^^^^^^^^^^^^^^^^^^^^^^^
  File "/workspace/os_moderation/prompt_loader.py", line 80, in render_prompt
    text = load_raw_prompt(path)
           ^^^^^^^^^^^^^^^^^^^^^
  File "/workspace/os_moderation/prompt_loader.py", line 62, in load_raw_prompt
    raise FileNotFoundError(
FileNotFoundError: Prompt file not found: /workspace/os_moderation/prompt_v5.py
This pipeline never hardcodes policy/classification text — supply this file before running this stage.

[2026-09-24T18:29:30] [ERROR] rec_audio_call_426864490_audio_1789021845136.mp3 chunk@252.0s failed: Prompt file not found: /workspace/os_moderation/prompt_v5.py
This pipeline never hardcodes policy/classification text — supply this file before running this stage.
Traceback (most recent call last):
  File "/workspace/os_moderation/gemma_local.py", line 633, in process_file
    answer_text, thinking_text, raw_response, token_infos = classify_chunk(model, processor, chunk_path, thinking, logger)
                                                            ^^^^^^^^^^^^^^^^^^^^^^^^^^^^^^^^^^^^^^^^^^^^^^^^^^^^^^^^^^^^^^
  File "/workspace/os_moderation/gemma_local.py", line 330, in classify_chunk
    prompt_text = prompt_loader.render_prompt(PROMPT_PATH, json_schema_str=RAW_SCHEMA_STR)
                  ^^^^^^^^^^^^^^^^^^^^^^^^^^^^^^^^^^^^^^^^^^^^^^^^^^^^^^^^^^^^^^^^^^^^^^^^
  File "/workspace/os_moderation/prompt_loader.py", line 80, in render_prompt
    text = load_raw_prompt(path)
           ^^^^^^^^^^^^^^^^^^^^^
  File "/workspace/os_moderation/prompt_loader.py", line 62, in load_raw_prompt
    raise FileNotFoundError(
FileNotFoundError: Prompt file not found: /workspace/os_moderation/prompt_v5.py
This pipeline never hardcodes policy/classification text — supply this file before running this stage.

[2026-09-24T18:29:30] [ERROR] rec_audio_call_426864490_audio_1789021845136.mp3 chunk@280.0s failed: Prompt file not found: /workspace/os_moderation/prompt_v5.py
This pipeline never hardcodes policy/classification text — supply this file before running this stage.
Traceback (most recent call last):
  File "/workspace/os_moderation/gemma_local.py", line 633, in process_file
    answer_text, thinking_text, raw_response, token_infos = classify_chunk(model, processor, chunk_path, thinking, logger)
                                                            ^^^^^^^^^^^^^^^^^^^^^^^^^^^^^^^^^^^^^^^^^^^^^^^^^^^^^^^^^^^^^^
  File "/workspace/os_moderation/gemma_local.py", line 330, in classify_chunk
    prompt_text = prompt_loader.render_prompt(PROMPT_PATH, json_schema_str=RAW_SCHEMA_STR)
                  ^^^^^^^^^^^^^^^^^^^^^^^^^^^^^^^^^^^^^^^^^^^^^^^^^^^^^^^^^^^^^^^^^^^^^^^^
  File "/workspace/os_moderation/prompt_loader.py", line 80, in render_prompt
    text = load_raw_prompt(path)
           ^^^^^^^^^^^^^^^^^^^^^
  File "/workspace/os_moderation/prompt_loader.py", line 62, in load_raw_prompt
    raise FileNotFoundError(
FileNotFoundError: Prompt file not found: /workspace/os_moderation/prompt_v5.py
This pipeline never hardcodes policy/classification text — supply this file before running this stage.

[2026-09-24T18:29:30] [ERROR] rec_audio_call_426864490_audio_1789021845136.mp3 chunk@308.0s failed: Prompt file not found: /workspace/os_moderation/prompt_v5.py
This pipeline never hardcodes policy/classification text — supply this file before running this stage.
Traceback (most recent call last):
  File "/workspace/os_moderation/gemma_local.py", line 633, in process_file
    answer_text, thinking_text, raw_response, token_infos = classify_chunk(model, processor, chunk_path, thinking, logger)
                                                            ^^^^^^^^^^^^^^^^^^^^^^^^^^^^^^^^^^^^^^^^^^^^^^^^^^^^^^^^^^^^^^
  File "/workspace/os_moderation/gemma_local.py", line 330, in classify_chunk
    prompt_text = prompt_loader.render_prompt(PROMPT_PATH, json_schema_str=RAW_SCHEMA_STR)
                  ^^^^^^^^^^^^^^^^^^^^^^^^^^^^^^^^^^^^^^^^^^^^^^^^^^^^^^^^^^^^^^^^^^^^^^^^
  File "/workspace/os_moderation/prompt_loader.py", line 80, in render_prompt
    text = load_raw_prompt(path)
           ^^^^^^^^^^^^^^^^^^^^^
  File "/workspace/os_moderation/prompt_loader.py", line 62, in load_raw_prompt
    raise FileNotFoundError(
FileNotFoundError: Prompt file not found: /workspace/os_moderation/prompt_v5.py
This pipeline never hardcodes policy/classification text — supply this file before running this stage.

[2026-09-24T18:29:30] [ERROR] rec_audio_call_426864490_audio_1789021845136.mp3 chunk@336.0s failed: Prompt file not found: /workspace/os_moderation/prompt_v5.py
This pipeline never hardcodes policy/classification text — supply this file before running this stage.
Traceback (most recent call last):
  File "/workspace/os_moderation/gemma_local.py", line 633, in process_file
    answer_text, thinking_text, raw_response, token_infos = classify_chunk(model, processor, chunk_path, thinking, logger)
                                                            ^^^^^^^^^^^^^^^^^^^^^^^^^^^^^^^^^^^^^^^^^^^^^^^^^^^^^^^^^^^^^^
  File "/workspace/os_moderation/gemma_local.py", line 330, in classify_chunk
    prompt_text = prompt_loader.render_prompt(PROMPT_PATH, json_schema_str=RAW_SCHEMA_STR)
                  ^^^^^^^^^^^^^^^^^^^^^^^^^^^^^^^^^^^^^^^^^^^^^^^^^^^^^^^^^^^^^^^^^^^^^^^^
  File "/workspace/os_moderation/prompt_loader.py", line 80, in render_prompt
    text = load_raw_prompt(path)
           ^^^^^^^^^^^^^^^^^^^^^
  File "/workspace/os_moderation/prompt_loader.py", line 62, in load_raw_prompt
    raise FileNotFoundError(
FileNotFoundError: Prompt file not found: /workspace/os_moderation/prompt_v5.py
This pipeline never hardcodes policy/classification text — supply this file before running this stage.

[2026-09-24T18:29:30] [ERROR] rec_audio_call_426864490_audio_1789021845136.mp3 chunk@364.0s failed: Prompt file not found: /workspace/os_moderation/prompt_v5.py
This pipeline never hardcodes policy/classification text — supply this file before running this stage.
Traceback (most recent call last):
  File "/workspace/os_moderation/gemma_local.py", line 633, in process_file
    answer_text, thinking_text, raw_response, token_infos = classify_chunk(model, processor, chunk_path, thinking, logger)
                                                            ^^^^^^^^^^^^^^^^^^^^^^^^^^^^^^^^^^^^^^^^^^^^^^^^^^^^^^^^^^^^^^
  File "/workspace/os_moderation/gemma_local.py", line 330, in classify_chunk
    prompt_text = prompt_loader.render_prompt(PROMPT_PATH, json_schema_str=RAW_SCHEMA_STR)
                  ^^^^^^^^^^^^^^^^^^^^^^^^^^^^^^^^^^^^^^^^^^^^^^^^^^^^^^^^^^^^^^^^^^^^^^^^
  File "/workspace/os_moderation/prompt_loader.py", line 80, in render_prompt
    text = load_raw_prompt(path)
           ^^^^^^^^^^^^^^^^^^^^^
  File "/workspace/os_moderation/prompt_loader.py", line 62, in load_raw_prompt
    raise FileNotFoundError(
FileNotFoundError: Prompt file not found: /workspace/os_moderation/prompt_v5.py
This pipeline never hardcodes policy/classification text — supply this file before running this stage.

[2026-09-24T18:29:30] [ERROR] rec_audio_call_426864490_audio_1789021845136.mp3 chunk@392.0s failed: Prompt file not found: /workspace/os_moderation/prompt_v5.py
This pipeline never hardcodes policy/classification text — supply this file before running this stage.
Traceback (most recent call last):
  File "/workspace/os_moderation/gemma_local.py", line 633, in process_file
    answer_text, thinking_text, raw_response, token_infos = classify_chunk(model, processor, chunk_path, thinking, logger)
                                                            ^^^^^^^^^^^^^^^^^^^^^^^^^^^^^^^^^^^^^^^^^^^^^^^^^^^^^^^^^^^^^^
  File "/workspace/os_moderation/gemma_local.py", line 330, in classify_chunk
    prompt_text = prompt_loader.render_prompt(PROMPT_PATH, json_schema_str=RAW_SCHEMA_STR)
                  ^^^^^^^^^^^^^^^^^^^^^^^^^^^^^^^^^^^^^^^^^^^^^^^^^^^^^^^^^^^^^^^^^^^^^^^^
  File "/workspace/os_moderation/prompt_loader.py", line 80, in render_prompt
    text = load_raw_prompt(path)
           ^^^^^^^^^^^^^^^^^^^^^
  File "/workspace/os_moderation/prompt_loader.py", line 62, in load_raw_prompt
    raise FileNotFoundError(
FileNotFoundError: Prompt file not found: /workspace/os_moderation/prompt_v5.py
This pipeline never hardcodes policy/classification text — supply this file before running this stage.

[2026-09-24T18:29:30] [INFO] [38/50] rec_audio_call_426871106_audio_1789022339887.mp3
[2026-09-24T18:29:31] [ERROR] rec_audio_call_426871106_audio_1789022339887.mp3 chunk@0.0s failed: Prompt file not found: /workspace/os_moderation/prompt_v5.py
This pipeline never hardcodes policy/classification text — supply this file before running this stage.
Traceback (most recent call last):
  File "/workspace/os_moderation/gemma_local.py", line 633, in process_file
    answer_text, thinking_text, raw_response, token_infos = classify_chunk(model, processor, chunk_path, thinking, logger)
                                                            ^^^^^^^^^^^^^^^^^^^^^^^^^^^^^^^^^^^^^^^^^^^^^^^^^^^^^^^^^^^^^^
  File "/workspace/os_moderation/gemma_local.py", line 330, in classify_chunk
    prompt_text = prompt_loader.render_prompt(PROMPT_PATH, json_schema_str=RAW_SCHEMA_STR)
                  ^^^^^^^^^^^^^^^^^^^^^^^^^^^^^^^^^^^^^^^^^^^^^^^^^^^^^^^^^^^^^^^^^^^^^^^^
  File "/workspace/os_moderation/prompt_loader.py", line 80, in render_prompt
    text = load_raw_prompt(path)
           ^^^^^^^^^^^^^^^^^^^^^
  File "/workspace/os_moderation/prompt_loader.py", line 62, in load_raw_prompt
    raise FileNotFoundError(
FileNotFoundError: Prompt file not found: /workspace/os_moderation/prompt_v5.py
This pipeline never hardcodes policy/classification text — supply this file before running this stage.

[2026-09-24T18:29:31] [ERROR] rec_audio_call_426871106_audio_1789022339887.mp3 chunk@28.0s failed: Prompt file not found: /workspace/os_moderation/prompt_v5.py
This pipeline never hardcodes policy/classification text — supply this file before running this stage.
Traceback (most recent call last):
  File "/workspace/os_moderation/gemma_local.py", line 633, in process_file
    answer_text, thinking_text, raw_response, token_infos = classify_chunk(model, processor, chunk_path, thinking, logger)
                                                            ^^^^^^^^^^^^^^^^^^^^^^^^^^^^^^^^^^^^^^^^^^^^^^^^^^^^^^^^^^^^^^
  File "/workspace/os_moderation/gemma_local.py", line 330, in classify_chunk
    prompt_text = prompt_loader.render_prompt(PROMPT_PATH, json_schema_str=RAW_SCHEMA_STR)
                  ^^^^^^^^^^^^^^^^^^^^^^^^^^^^^^^^^^^^^^^^^^^^^^^^^^^^^^^^^^^^^^^^^^^^^^^^
  File "/workspace/os_moderation/prompt_loader.py", line 80, in render_prompt
    text = load_raw_prompt(path)
           ^^^^^^^^^^^^^^^^^^^^^
  File "/workspace/os_moderation/prompt_loader.py", line 62, in load_raw_prompt
    raise FileNotFoundError(
FileNotFoundError: Prompt file not found: /workspace/os_moderation/prompt_v5.py
This pipeline never hardcodes policy/classification text — supply this file before running this stage.

[2026-09-24T18:29:31] [ERROR] rec_audio_call_426871106_audio_1789022339887.mp3 chunk@56.0s failed: Prompt file not found: /workspace/os_moderation/prompt_v5.py
This pipeline never hardcodes policy/classification text — supply this file before running this stage.
Traceback (most recent call last):
  File "/workspace/os_moderation/gemma_local.py", line 633, in process_file
    answer_text, thinking_text, raw_response, token_infos = classify_chunk(model, processor, chunk_path, thinking, logger)
                                                            ^^^^^^^^^^^^^^^^^^^^^^^^^^^^^^^^^^^^^^^^^^^^^^^^^^^^^^^^^^^^^^
  File "/workspace/os_moderation/gemma_local.py", line 330, in classify_chunk
    prompt_text = prompt_loader.render_prompt(PROMPT_PATH, json_schema_str=RAW_SCHEMA_STR)
                  ^^^^^^^^^^^^^^^^^^^^^^^^^^^^^^^^^^^^^^^^^^^^^^^^^^^^^^^^^^^^^^^^^^^^^^^^
  File "/workspace/os_moderation/prompt_loader.py", line 80, in render_prompt
    text = load_raw_prompt(path)
           ^^^^^^^^^^^^^^^^^^^^^
  File "/workspace/os_moderation/prompt_loader.py", line 62, in load_raw_prompt
    raise FileNotFoundError(
FileNotFoundError: Prompt file not found: /workspace/os_moderation/prompt_v5.py
This pipeline never hardcodes policy/classification text — supply this file before running this stage.

[2026-09-24T18:29:31] [ERROR] rec_audio_call_426871106_audio_1789022339887.mp3 chunk@84.0s failed: Prompt file not found: /workspace/os_moderation/prompt_v5.py
This pipeline never hardcodes policy/classification text — supply this file before running this stage.
Traceback (most recent call last):
  File "/workspace/os_moderation/gemma_local.py", line 633, in process_file
    answer_text, thinking_text, raw_response, token_infos = classify_chunk(model, processor, chunk_path, thinking, logger)
                                                            ^^^^^^^^^^^^^^^^^^^^^^^^^^^^^^^^^^^^^^^^^^^^^^^^^^^^^^^^^^^^^^
  File "/workspace/os_moderation/gemma_local.py", line 330, in classify_chunk
    prompt_text = prompt_loader.render_prompt(PROMPT_PATH, json_schema_str=RAW_SCHEMA_STR)
                  ^^^^^^^^^^^^^^^^^^^^^^^^^^^^^^^^^^^^^^^^^^^^^^^^^^^^^^^^^^^^^^^^^^^^^^^^
  File "/workspace/os_moderation/prompt_loader.py", line 80, in render_prompt
    text = load_raw_prompt(path)
           ^^^^^^^^^^^^^^^^^^^^^
  File "/workspace/os_moderation/prompt_loader.py", line 62, in load_raw_prompt
    raise FileNotFoundError(
FileNotFoundError: Prompt file not found: /workspace/os_moderation/prompt_v5.py
This pipeline never hardcodes policy/classification text — supply this file before running this stage.

[2026-09-24T18:29:31] [ERROR] rec_audio_call_426871106_audio_1789022339887.mp3 chunk@112.0s failed: Prompt file not found: /workspace/os_moderation/prompt_v5.py
This pipeline never hardcodes policy/classification text — supply this file before running this stage.
Traceback (most recent call last):
  File "/workspace/os_moderation/gemma_local.py", line 633, in process_file
    answer_text, thinking_text, raw_response, token_infos = classify_chunk(model, processor, chunk_path, thinking, logger)
                                                            ^^^^^^^^^^^^^^^^^^^^^^^^^^^^^^^^^^^^^^^^^^^^^^^^^^^^^^^^^^^^^^
  File "/workspace/os_moderation/gemma_local.py", line 330, in classify_chunk
    prompt_text = prompt_loader.render_prompt(PROMPT_PATH, json_schema_str=RAW_SCHEMA_STR)
                  ^^^^^^^^^^^^^^^^^^^^^^^^^^^^^^^^^^^^^^^^^^^^^^^^^^^^^^^^^^^^^^^^^^^^^^^^
  File "/workspace/os_moderation/prompt_loader.py", line 80, in render_prompt
    text = load_raw_prompt(path)
           ^^^^^^^^^^^^^^^^^^^^^
  File "/workspace/os_moderation/prompt_loader.py", line 62, in load_raw_prompt
    raise FileNotFoundError(
FileNotFoundError: Prompt file not found: /workspace/os_moderation/prompt_v5.py
This pipeline never hardcodes policy/classification text — supply this file before running this stage.

[2026-09-24T18:29:31] [ERROR] rec_audio_call_426871106_audio_1789022339887.mp3 chunk@140.0s failed: Prompt file not found: /workspace/os_moderation/prompt_v5.py
This pipeline never hardcodes policy/classification text — supply this file before running this stage.
Traceback (most recent call last):
  File "/workspace/os_moderation/gemma_local.py", line 633, in process_file
    answer_text, thinking_text, raw_response, token_infos = classify_chunk(model, processor, chunk_path, thinking, logger)
                                                            ^^^^^^^^^^^^^^^^^^^^^^^^^^^^^^^^^^^^^^^^^^^^^^^^^^^^^^^^^^^^^^
  File "/workspace/os_moderation/gemma_local.py", line 330, in classify_chunk
    prompt_text = prompt_loader.render_prompt(PROMPT_PATH, json_schema_str=RAW_SCHEMA_STR)
                  ^^^^^^^^^^^^^^^^^^^^^^^^^^^^^^^^^^^^^^^^^^^^^^^^^^^^^^^^^^^^^^^^^^^^^^^^
  File "/workspace/os_moderation/prompt_loader.py", line 80, in render_prompt
    text = load_raw_prompt(path)
           ^^^^^^^^^^^^^^^^^^^^^
  File "/workspace/os_moderation/prompt_loader.py", line 62, in load_raw_prompt
    raise FileNotFoundError(
FileNotFoundError: Prompt file not found: /workspace/os_moderation/prompt_v5.py
This pipeline never hardcodes policy/classification text — supply this file before running this stage.

[2026-09-24T18:29:31] [ERROR] rec_audio_call_426871106_audio_1789022339887.mp3 chunk@168.0s failed: Prompt file not found: /workspace/os_moderation/prompt_v5.py
This pipeline never hardcodes policy/classification text — supply this file before running this stage.
Traceback (most recent call last):
  File "/workspace/os_moderation/gemma_local.py", line 633, in process_file
    answer_text, thinking_text, raw_response, token_infos = classify_chunk(model, processor, chunk_path, thinking, logger)
                                                            ^^^^^^^^^^^^^^^^^^^^^^^^^^^^^^^^^^^^^^^^^^^^^^^^^^^^^^^^^^^^^^
  File "/workspace/os_moderation/gemma_local.py", line 330, in classify_chunk
    prompt_text = prompt_loader.render_prompt(PROMPT_PATH, json_schema_str=RAW_SCHEMA_STR)
                  ^^^^^^^^^^^^^^^^^^^^^^^^^^^^^^^^^^^^^^^^^^^^^^^^^^^^^^^^^^^^^^^^^^^^^^^^
  File "/workspace/os_moderation/prompt_loader.py", line 80, in render_prompt
    text = load_raw_prompt(path)
           ^^^^^^^^^^^^^^^^^^^^^
  File "/workspace/os_moderation/prompt_loader.py", line 62, in load_raw_prompt
    raise FileNotFoundError(
FileNotFoundError: Prompt file not found: /workspace/os_moderation/prompt_v5.py
This pipeline never hardcodes policy/classification text — supply this file before running this stage.

[2026-09-24T18:29:31] [ERROR] rec_audio_call_426871106_audio_1789022339887.mp3 chunk@196.0s failed: Prompt file not found: /workspace/os_moderation/prompt_v5.py
This pipeline never hardcodes policy/classification text — supply this file before running this stage.
Traceback (most recent call last):
  File "/workspace/os_moderation/gemma_local.py", line 633, in process_file
    answer_text, thinking_text, raw_response, token_infos = classify_chunk(model, processor, chunk_path, thinking, logger)
                                                            ^^^^^^^^^^^^^^^^^^^^^^^^^^^^^^^^^^^^^^^^^^^^^^^^^^^^^^^^^^^^^^
  File "/workspace/os_moderation/gemma_local.py", line 330, in classify_chunk
    prompt_text = prompt_loader.render_prompt(PROMPT_PATH, json_schema_str=RAW_SCHEMA_STR)
                  ^^^^^^^^^^^^^^^^^^^^^^^^^^^^^^^^^^^^^^^^^^^^^^^^^^^^^^^^^^^^^^^^^^^^^^^^
  File "/workspace/os_moderation/prompt_loader.py", line 80, in render_prompt
    text = load_raw_prompt(path)
           ^^^^^^^^^^^^^^^^^^^^^
  File "/workspace/os_moderation/prompt_loader.py", line 62, in load_raw_prompt
    raise FileNotFoundError(
FileNotFoundError: Prompt file not found: /workspace/os_moderation/prompt_v5.py
This pipeline never hardcodes policy/classification text — supply this file before running this stage.

[2026-09-24T18:29:31] [ERROR] rec_audio_call_426871106_audio_1789022339887.mp3 chunk@224.0s failed: Prompt file not found: /workspace/os_moderation/prompt_v5.py
This pipeline never hardcodes policy/classification text — supply this file before running this stage.
Traceback (most recent call last):
  File "/workspace/os_moderation/gemma_local.py", line 633, in process_file
    answer_text, thinking_text, raw_response, token_infos = classify_chunk(model, processor, chunk_path, thinking, logger)
                                                            ^^^^^^^^^^^^^^^^^^^^^^^^^^^^^^^^^^^^^^^^^^^^^^^^^^^^^^^^^^^^^^
  File "/workspace/os_moderation/gemma_local.py", line 330, in classify_chunk
    prompt_text = prompt_loader.render_prompt(PROMPT_PATH, json_schema_str=RAW_SCHEMA_STR)
                  ^^^^^^^^^^^^^^^^^^^^^^^^^^^^^^^^^^^^^^^^^^^^^^^^^^^^^^^^^^^^^^^^^^^^^^^^
  File "/workspace/os_moderation/prompt_loader.py", line 80, in render_prompt
    text = load_raw_prompt(path)
           ^^^^^^^^^^^^^^^^^^^^^
  File "/workspace/os_moderation/prompt_loader.py", line 62, in load_raw_prompt
    raise FileNotFoundError(
FileNotFoundError: Prompt file not found: /workspace/os_moderation/prompt_v5.py
This pipeline never hardcodes policy/classification text — supply this file before running this stage.

[2026-09-24T18:29:31] [ERROR] rec_audio_call_426871106_audio_1789022339887.mp3 chunk@252.0s failed: Prompt file not found: /workspace/os_moderation/prompt_v5.py
This pipeline never hardcodes policy/classification text — supply this file before running this stage.
Traceback (most recent call last):
  File "/workspace/os_moderation/gemma_local.py", line 633, in process_file
    answer_text, thinking_text, raw_response, token_infos = classify_chunk(model, processor, chunk_path, thinking, logger)
                                                            ^^^^^^^^^^^^^^^^^^^^^^^^^^^^^^^^^^^^^^^^^^^^^^^^^^^^^^^^^^^^^^
  File "/workspace/os_moderation/gemma_local.py", line 330, in classify_chunk
    prompt_text = prompt_loader.render_prompt(PROMPT_PATH, json_schema_str=RAW_SCHEMA_STR)
                  ^^^^^^^^^^^^^^^^^^^^^^^^^^^^^^^^^^^^^^^^^^^^^^^^^^^^^^^^^^^^^^^^^^^^^^^^
  File "/workspace/os_moderation/prompt_loader.py", line 80, in render_prompt
    text = load_raw_prompt(path)
           ^^^^^^^^^^^^^^^^^^^^^
  File "/workspace/os_moderation/prompt_loader.py", line 62, in load_raw_prompt
    raise FileNotFoundError(
FileNotFoundError: Prompt file not found: /workspace/os_moderation/prompt_v5.py
This pipeline never hardcodes policy/classification text — supply this file before running this stage.

[2026-09-24T18:29:31] [ERROR] rec_audio_call_426871106_audio_1789022339887.mp3 chunk@280.0s failed: Prompt file not found: /workspace/os_moderation/prompt_v5.py
This pipeline never hardcodes policy/classification text — supply this file before running this stage.
Traceback (most recent call last):
  File "/workspace/os_moderation/gemma_local.py", line 633, in process_file
    answer_text, thinking_text, raw_response, token_infos = classify_chunk(model, processor, chunk_path, thinking, logger)
                                                            ^^^^^^^^^^^^^^^^^^^^^^^^^^^^^^^^^^^^^^^^^^^^^^^^^^^^^^^^^^^^^^
  File "/workspace/os_moderation/gemma_local.py", line 330, in classify_chunk
    prompt_text = prompt_loader.render_prompt(PROMPT_PATH, json_schema_str=RAW_SCHEMA_STR)
                  ^^^^^^^^^^^^^^^^^^^^^^^^^^^^^^^^^^^^^^^^^^^^^^^^^^^^^^^^^^^^^^^^^^^^^^^^
  File "/workspace/os_moderation/prompt_loader.py", line 80, in render_prompt
    text = load_raw_prompt(path)
           ^^^^^^^^^^^^^^^^^^^^^
  File "/workspace/os_moderation/prompt_loader.py", line 62, in load_raw_prompt
    raise FileNotFoundError(
FileNotFoundError: Prompt file not found: /workspace/os_moderation/prompt_v5.py
This pipeline never hardcodes policy/classification text — supply this file before running this stage.

[2026-09-24T18:29:31] [INFO] [39/50] rec_default_426855984_audio_1789021209994.mp3
[2026-09-24T18:29:33] [ERROR] rec_default_426855984_audio_1789021209994.mp3 chunk@0.0s failed: Prompt file not found: /workspace/os_moderation/prompt_v5.py
This pipeline never hardcodes policy/classification text — supply this file before running this stage.
Traceback (most recent call last):
  File "/workspace/os_moderation/gemma_local.py", line 633, in process_file
    answer_text, thinking_text, raw_response, token_infos = classify_chunk(model, processor, chunk_path, thinking, logger)
                                                            ^^^^^^^^^^^^^^^^^^^^^^^^^^^^^^^^^^^^^^^^^^^^^^^^^^^^^^^^^^^^^^
  File "/workspace/os_moderation/gemma_local.py", line 330, in classify_chunk
    prompt_text = prompt_loader.render_prompt(PROMPT_PATH, json_schema_str=RAW_SCHEMA_STR)
                  ^^^^^^^^^^^^^^^^^^^^^^^^^^^^^^^^^^^^^^^^^^^^^^^^^^^^^^^^^^^^^^^^^^^^^^^^
  File "/workspace/os_moderation/prompt_loader.py", line 80, in render_prompt
    text = load_raw_prompt(path)
           ^^^^^^^^^^^^^^^^^^^^^
  File "/workspace/os_moderation/prompt_loader.py", line 62, in load_raw_prompt
    raise FileNotFoundError(
FileNotFoundError: Prompt file not found: /workspace/os_moderation/prompt_v5.py
This pipeline never hardcodes policy/classification text — supply this file before running this stage.

[2026-09-24T18:29:33] [ERROR] rec_default_426855984_audio_1789021209994.mp3 chunk@28.0s failed: Prompt file not found: /workspace/os_moderation/prompt_v5.py
This pipeline never hardcodes policy/classification text — supply this file before running this stage.
Traceback (most recent call last):
  File "/workspace/os_moderation/gemma_local.py", line 633, in process_file
    answer_text, thinking_text, raw_response, token_infos = classify_chunk(model, processor, chunk_path, thinking, logger)
                                                            ^^^^^^^^^^^^^^^^^^^^^^^^^^^^^^^^^^^^^^^^^^^^^^^^^^^^^^^^^^^^^^
  File "/workspace/os_moderation/gemma_local.py", line 330, in classify_chunk
    prompt_text = prompt_loader.render_prompt(PROMPT_PATH, json_schema_str=RAW_SCHEMA_STR)
                  ^^^^^^^^^^^^^^^^^^^^^^^^^^^^^^^^^^^^^^^^^^^^^^^^^^^^^^^^^^^^^^^^^^^^^^^^
  File "/workspace/os_moderation/prompt_loader.py", line 80, in render_prompt
    text = load_raw_prompt(path)
           ^^^^^^^^^^^^^^^^^^^^^
  File "/workspace/os_moderation/prompt_loader.py", line 62, in load_raw_prompt
    raise FileNotFoundError(
FileNotFoundError: Prompt file not found: /workspace/os_moderation/prompt_v5.py
This pipeline never hardcodes policy/classification text — supply this file before running this stage.

[2026-09-24T18:29:33] [ERROR] rec_default_426855984_audio_1789021209994.mp3 chunk@56.0s failed: Prompt file not found: /workspace/os_moderation/prompt_v5.py
This pipeline never hardcodes policy/classification text — supply this file before running this stage.
Traceback (most recent call last):
  File "/workspace/os_moderation/gemma_local.py", line 633, in process_file
    answer_text, thinking_text, raw_response, token_infos = classify_chunk(model, processor, chunk_path, thinking, logger)
                                                            ^^^^^^^^^^^^^^^^^^^^^^^^^^^^^^^^^^^^^^^^^^^^^^^^^^^^^^^^^^^^^^
  File "/workspace/os_moderation/gemma_local.py", line 330, in classify_chunk
    prompt_text = prompt_loader.render_prompt(PROMPT_PATH, json_schema_str=RAW_SCHEMA_STR)
                  ^^^^^^^^^^^^^^^^^^^^^^^^^^^^^^^^^^^^^^^^^^^^^^^^^^^^^^^^^^^^^^^^^^^^^^^^
  File "/workspace/os_moderation/prompt_loader.py", line 80, in render_prompt
    text = load_raw_prompt(path)
           ^^^^^^^^^^^^^^^^^^^^^
  File "/workspace/os_moderation/prompt_loader.py", line 62, in load_raw_prompt
    raise FileNotFoundError(
FileNotFoundError: Prompt file not found: /workspace/os_moderation/prompt_v5.py
This pipeline never hardcodes policy/classification text — supply this file before running this stage.

[2026-09-24T18:29:33] [ERROR] rec_default_426855984_audio_1789021209994.mp3 chunk@84.0s failed: Prompt file not found: /workspace/os_moderation/prompt_v5.py
This pipeline never hardcodes policy/classification text — supply this file before running this stage.
Traceback (most recent call last):
  File "/workspace/os_moderation/gemma_local.py", line 633, in process_file
    answer_text, thinking_text, raw_response, token_infos = classify_chunk(model, processor, chunk_path, thinking, logger)
                                                            ^^^^^^^^^^^^^^^^^^^^^^^^^^^^^^^^^^^^^^^^^^^^^^^^^^^^^^^^^^^^^^
  File "/workspace/os_moderation/gemma_local.py", line 330, in classify_chunk
    prompt_text = prompt_loader.render_prompt(PROMPT_PATH, json_schema_str=RAW_SCHEMA_STR)
                  ^^^^^^^^^^^^^^^^^^^^^^^^^^^^^^^^^^^^^^^^^^^^^^^^^^^^^^^^^^^^^^^^^^^^^^^^
  File "/workspace/os_moderation/prompt_loader.py", line 80, in render_prompt
    text = load_raw_prompt(path)
           ^^^^^^^^^^^^^^^^^^^^^
  File "/workspace/os_moderation/prompt_loader.py", line 62, in load_raw_prompt
    raise FileNotFoundError(
FileNotFoundError: Prompt file not found: /workspace/os_moderation/prompt_v5.py
This pipeline never hardcodes policy/classification text — supply this file before running this stage.

[2026-09-24T18:29:33] [ERROR] rec_default_426855984_audio_1789021209994.mp3 chunk@112.0s failed: Prompt file not found: /workspace/os_moderation/prompt_v5.py
This pipeline never hardcodes policy/classification text — supply this file before running this stage.
Traceback (most recent call last):
  File "/workspace/os_moderation/gemma_local.py", line 633, in process_file
    answer_text, thinking_text, raw_response, token_infos = classify_chunk(model, processor, chunk_path, thinking, logger)
                                                            ^^^^^^^^^^^^^^^^^^^^^^^^^^^^^^^^^^^^^^^^^^^^^^^^^^^^^^^^^^^^^^
  File "/workspace/os_moderation/gemma_local.py", line 330, in classify_chunk
    prompt_text = prompt_loader.render_prompt(PROMPT_PATH, json_schema_str=RAW_SCHEMA_STR)
                  ^^^^^^^^^^^^^^^^^^^^^^^^^^^^^^^^^^^^^^^^^^^^^^^^^^^^^^^^^^^^^^^^^^^^^^^^
  File "/workspace/os_moderation/prompt_loader.py", line 80, in render_prompt
    text = load_raw_prompt(path)
           ^^^^^^^^^^^^^^^^^^^^^
  File "/workspace/os_moderation/prompt_loader.py", line 62, in load_raw_prompt
    raise FileNotFoundError(
FileNotFoundError: Prompt file not found: /workspace/os_moderation/prompt_v5.py
This pipeline never hardcodes policy/classification text — supply this file before running this stage.

[2026-09-24T18:29:33] [ERROR] rec_default_426855984_audio_1789021209994.mp3 chunk@140.0s failed: Prompt file not found: /workspace/os_moderation/prompt_v5.py
This pipeline never hardcodes policy/classification text — supply this file before running this stage.
Traceback (most recent call last):
  File "/workspace/os_moderation/gemma_local.py", line 633, in process_file
    answer_text, thinking_text, raw_response, token_infos = classify_chunk(model, processor, chunk_path, thinking, logger)
                                                            ^^^^^^^^^^^^^^^^^^^^^^^^^^^^^^^^^^^^^^^^^^^^^^^^^^^^^^^^^^^^^^
  File "/workspace/os_moderation/gemma_local.py", line 330, in classify_chunk
    prompt_text = prompt_loader.render_prompt(PROMPT_PATH, json_schema_str=RAW_SCHEMA_STR)
                  ^^^^^^^^^^^^^^^^^^^^^^^^^^^^^^^^^^^^^^^^^^^^^^^^^^^^^^^^^^^^^^^^^^^^^^^^
  File "/workspace/os_moderation/prompt_loader.py", line 80, in render_prompt
    text = load_raw_prompt(path)
           ^^^^^^^^^^^^^^^^^^^^^
  File "/workspace/os_moderation/prompt_loader.py", line 62, in load_raw_prompt
    raise FileNotFoundError(
FileNotFoundError: Prompt file not found: /workspace/os_moderation/prompt_v5.py
This pipeline never hardcodes policy/classification text — supply this file before running this stage.

[2026-09-24T18:29:33] [ERROR] rec_default_426855984_audio_1789021209994.mp3 chunk@168.0s failed: Prompt file not found: /workspace/os_moderation/prompt_v5.py
This pipeline never hardcodes policy/classification text — supply this file before running this stage.
Traceback (most recent call last):
  File "/workspace/os_moderation/gemma_local.py", line 633, in process_file
    answer_text, thinking_text, raw_response, token_infos = classify_chunk(model, processor, chunk_path, thinking, logger)
                                                            ^^^^^^^^^^^^^^^^^^^^^^^^^^^^^^^^^^^^^^^^^^^^^^^^^^^^^^^^^^^^^^
  File "/workspace/os_moderation/gemma_local.py", line 330, in classify_chunk
    prompt_text = prompt_loader.render_prompt(PROMPT_PATH, json_schema_str=RAW_SCHEMA_STR)
                  ^^^^^^^^^^^^^^^^^^^^^^^^^^^^^^^^^^^^^^^^^^^^^^^^^^^^^^^^^^^^^^^^^^^^^^^^
  File "/workspace/os_moderation/prompt_loader.py", line 80, in render_prompt
    text = load_raw_prompt(path)
           ^^^^^^^^^^^^^^^^^^^^^
  File "/workspace/os_moderation/prompt_loader.py", line 62, in load_raw_prompt
    raise FileNotFoundError(
FileNotFoundError: Prompt file not found: /workspace/os_moderation/prompt_v5.py
This pipeline never hardcodes policy/classification text — supply this file before running this stage.

[2026-09-24T18:29:33] [ERROR] rec_default_426855984_audio_1789021209994.mp3 chunk@196.0s failed: Prompt file not found: /workspace/os_moderation/prompt_v5.py
This pipeline never hardcodes policy/classification text — supply this file before running this stage.
Traceback (most recent call last):
  File "/workspace/os_moderation/gemma_local.py", line 633, in process_file
    answer_text, thinking_text, raw_response, token_infos = classify_chunk(model, processor, chunk_path, thinking, logger)
                                                            ^^^^^^^^^^^^^^^^^^^^^^^^^^^^^^^^^^^^^^^^^^^^^^^^^^^^^^^^^^^^^^
  File "/workspace/os_moderation/gemma_local.py", line 330, in classify_chunk
    prompt_text = prompt_loader.render_prompt(PROMPT_PATH, json_schema_str=RAW_SCHEMA_STR)
                  ^^^^^^^^^^^^^^^^^^^^^^^^^^^^^^^^^^^^^^^^^^^^^^^^^^^^^^^^^^^^^^^^^^^^^^^^
  File "/workspace/os_moderation/prompt_loader.py", line 80, in render_prompt
    text = load_raw_prompt(path)
           ^^^^^^^^^^^^^^^^^^^^^
  File "/workspace/os_moderation/prompt_loader.py", line 62, in load_raw_prompt
    raise FileNotFoundError(
FileNotFoundError: Prompt file not found: /workspace/os_moderation/prompt_v5.py
This pipeline never hardcodes policy/classification text — supply this file before running this stage.

[2026-09-24T18:29:33] [ERROR] rec_default_426855984_audio_1789021209994.mp3 chunk@224.0s failed: Prompt file not found: /workspace/os_moderation/prompt_v5.py
This pipeline never hardcodes policy/classification text — supply this file before running this stage.
Traceback (most recent call last):
  File "/workspace/os_moderation/gemma_local.py", line 633, in process_file
    answer_text, thinking_text, raw_response, token_infos = classify_chunk(model, processor, chunk_path, thinking, logger)
                                                            ^^^^^^^^^^^^^^^^^^^^^^^^^^^^^^^^^^^^^^^^^^^^^^^^^^^^^^^^^^^^^^
  File "/workspace/os_moderation/gemma_local.py", line 330, in classify_chunk
    prompt_text = prompt_loader.render_prompt(PROMPT_PATH, json_schema_str=RAW_SCHEMA_STR)
                  ^^^^^^^^^^^^^^^^^^^^^^^^^^^^^^^^^^^^^^^^^^^^^^^^^^^^^^^^^^^^^^^^^^^^^^^^
  File "/workspace/os_moderation/prompt_loader.py", line 80, in render_prompt
    text = load_raw_prompt(path)
           ^^^^^^^^^^^^^^^^^^^^^
  File "/workspace/os_moderation/prompt_loader.py", line 62, in load_raw_prompt
    raise FileNotFoundError(
FileNotFoundError: Prompt file not found: /workspace/os_moderation/prompt_v5.py
This pipeline never hardcodes policy/classification text — supply this file before running this stage.

[2026-09-24T18:29:33] [ERROR] rec_default_426855984_audio_1789021209994.mp3 chunk@252.0s failed: Prompt file not found: /workspace/os_moderation/prompt_v5.py
This pipeline never hardcodes policy/classification text — supply this file before running this stage.
Traceback (most recent call last):
  File "/workspace/os_moderation/gemma_local.py", line 633, in process_file
    answer_text, thinking_text, raw_response, token_infos = classify_chunk(model, processor, chunk_path, thinking, logger)
                                                            ^^^^^^^^^^^^^^^^^^^^^^^^^^^^^^^^^^^^^^^^^^^^^^^^^^^^^^^^^^^^^^
  File "/workspace/os_moderation/gemma_local.py", line 330, in classify_chunk
    prompt_text = prompt_loader.render_prompt(PROMPT_PATH, json_schema_str=RAW_SCHEMA_STR)
                  ^^^^^^^^^^^^^^^^^^^^^^^^^^^^^^^^^^^^^^^^^^^^^^^^^^^^^^^^^^^^^^^^^^^^^^^^
  File "/workspace/os_moderation/prompt_loader.py", line 80, in render_prompt
    text = load_raw_prompt(path)
           ^^^^^^^^^^^^^^^^^^^^^
  File "/workspace/os_moderation/prompt_loader.py", line 62, in load_raw_prompt
    raise FileNotFoundError(
FileNotFoundError: Prompt file not found: /workspace/os_moderation/prompt_v5.py
This pipeline never hardcodes policy/classification text — supply this file before running this stage.

[2026-09-24T18:29:33] [ERROR] rec_default_426855984_audio_1789021209994.mp3 chunk@280.0s failed: Prompt file not found: /workspace/os_moderation/prompt_v5.py
This pipeline never hardcodes policy/classification text — supply this file before running this stage.
Traceback (most recent call last):
  File "/workspace/os_moderation/gemma_local.py", line 633, in process_file
    answer_text, thinking_text, raw_response, token_infos = classify_chunk(model, processor, chunk_path, thinking, logger)
                                                            ^^^^^^^^^^^^^^^^^^^^^^^^^^^^^^^^^^^^^^^^^^^^^^^^^^^^^^^^^^^^^^
  File "/workspace/os_moderation/gemma_local.py", line 330, in classify_chunk
    prompt_text = prompt_loader.render_prompt(PROMPT_PATH, json_schema_str=RAW_SCHEMA_STR)
                  ^^^^^^^^^^^^^^^^^^^^^^^^^^^^^^^^^^^^^^^^^^^^^^^^^^^^^^^^^^^^^^^^^^^^^^^^
  File "/workspace/os_moderation/prompt_loader.py", line 80, in render_prompt
    text = load_raw_prompt(path)
           ^^^^^^^^^^^^^^^^^^^^^
  File "/workspace/os_moderation/prompt_loader.py", line 62, in load_raw_prompt
    raise FileNotFoundError(
FileNotFoundError: Prompt file not found: /workspace/os_moderation/prompt_v5.py
This pipeline never hardcodes policy/classification text — supply this file before running this stage.

[2026-09-24T18:29:33] [ERROR] rec_default_426855984_audio_1789021209994.mp3 chunk@308.0s failed: Prompt file not found: /workspace/os_moderation/prompt_v5.py
This pipeline never hardcodes policy/classification text — supply this file before running this stage.
Traceback (most recent call last):
  File "/workspace/os_moderation/gemma_local.py", line 633, in process_file
    answer_text, thinking_text, raw_response, token_infos = classify_chunk(model, processor, chunk_path, thinking, logger)
                                                            ^^^^^^^^^^^^^^^^^^^^^^^^^^^^^^^^^^^^^^^^^^^^^^^^^^^^^^^^^^^^^^
  File "/workspace/os_moderation/gemma_local.py", line 330, in classify_chunk
    prompt_text = prompt_loader.render_prompt(PROMPT_PATH, json_schema_str=RAW_SCHEMA_STR)
                  ^^^^^^^^^^^^^^^^^^^^^^^^^^^^^^^^^^^^^^^^^^^^^^^^^^^^^^^^^^^^^^^^^^^^^^^^
  File "/workspace/os_moderation/prompt_loader.py", line 80, in render_prompt
    text = load_raw_prompt(path)
           ^^^^^^^^^^^^^^^^^^^^^
  File "/workspace/os_moderation/prompt_loader.py", line 62, in load_raw_prompt
    raise FileNotFoundError(
FileNotFoundError: Prompt file not found: /workspace/os_moderation/prompt_v5.py
This pipeline never hardcodes policy/classification text — supply this file before running this stage.

[2026-09-24T18:29:33] [ERROR] rec_default_426855984_audio_1789021209994.mp3 chunk@336.0s failed: Prompt file not found: /workspace/os_moderation/prompt_v5.py
This pipeline never hardcodes policy/classification text — supply this file before running this stage.
Traceback (most recent call last):
  File "/workspace/os_moderation/gemma_local.py", line 633, in process_file
    answer_text, thinking_text, raw_response, token_infos = classify_chunk(model, processor, chunk_path, thinking, logger)
                                                            ^^^^^^^^^^^^^^^^^^^^^^^^^^^^^^^^^^^^^^^^^^^^^^^^^^^^^^^^^^^^^^
  File "/workspace/os_moderation/gemma_local.py", line 330, in classify_chunk
    prompt_text = prompt_loader.render_prompt(PROMPT_PATH, json_schema_str=RAW_SCHEMA_STR)
                  ^^^^^^^^^^^^^^^^^^^^^^^^^^^^^^^^^^^^^^^^^^^^^^^^^^^^^^^^^^^^^^^^^^^^^^^^
  File "/workspace/os_moderation/prompt_loader.py", line 80, in render_prompt
    text = load_raw_prompt(path)
           ^^^^^^^^^^^^^^^^^^^^^
  File "/workspace/os_moderation/prompt_loader.py", line 62, in load_raw_prompt
    raise FileNotFoundError(
FileNotFoundError: Prompt file not found: /workspace/os_moderation/prompt_v5.py
This pipeline never hardcodes policy/classification text — supply this file before running this stage.

[2026-09-24T18:29:33] [INFO] [40/50] rec_default_426865848_audio_1789021942575.mp3
[2026-09-24T18:29:33] [ERROR] rec_default_426865848_audio_1789021942575.mp3 chunk@0.0s failed: Prompt file not found: /workspace/os_moderation/prompt_v5.py
This pipeline never hardcodes policy/classification text — supply this file before running this stage.
Traceback (most recent call last):
  File "/workspace/os_moderation/gemma_local.py", line 633, in process_file
    answer_text, thinking_text, raw_response, token_infos = classify_chunk(model, processor, chunk_path, thinking, logger)
                                                            ^^^^^^^^^^^^^^^^^^^^^^^^^^^^^^^^^^^^^^^^^^^^^^^^^^^^^^^^^^^^^^
  File "/workspace/os_moderation/gemma_local.py", line 330, in classify_chunk
    prompt_text = prompt_loader.render_prompt(PROMPT_PATH, json_schema_str=RAW_SCHEMA_STR)
                  ^^^^^^^^^^^^^^^^^^^^^^^^^^^^^^^^^^^^^^^^^^^^^^^^^^^^^^^^^^^^^^^^^^^^^^^^
  File "/workspace/os_moderation/prompt_loader.py", line 80, in render_prompt
    text = load_raw_prompt(path)
           ^^^^^^^^^^^^^^^^^^^^^
  File "/workspace/os_moderation/prompt_loader.py", line 62, in load_raw_prompt
    raise FileNotFoundError(
FileNotFoundError: Prompt file not found: /workspace/os_moderation/prompt_v5.py
This pipeline never hardcodes policy/classification text — supply this file before running this stage.

[2026-09-24T18:29:33] [ERROR] rec_default_426865848_audio_1789021942575.mp3 chunk@28.0s failed: Prompt file not found: /workspace/os_moderation/prompt_v5.py
This pipeline never hardcodes policy/classification text — supply this file before running this stage.
Traceback (most recent call last):
  File "/workspace/os_moderation/gemma_local.py", line 633, in process_file
    answer_text, thinking_text, raw_response, token_infos = classify_chunk(model, processor, chunk_path, thinking, logger)
                                                            ^^^^^^^^^^^^^^^^^^^^^^^^^^^^^^^^^^^^^^^^^^^^^^^^^^^^^^^^^^^^^^
  File "/workspace/os_moderation/gemma_local.py", line 330, in classify_chunk
    prompt_text = prompt_loader.render_prompt(PROMPT_PATH, json_schema_str=RAW_SCHEMA_STR)
                  ^^^^^^^^^^^^^^^^^^^^^^^^^^^^^^^^^^^^^^^^^^^^^^^^^^^^^^^^^^^^^^^^^^^^^^^^
  File "/workspace/os_moderation/prompt_loader.py", line 80, in render_prompt
    text = load_raw_prompt(path)
           ^^^^^^^^^^^^^^^^^^^^^
  File "/workspace/os_moderation/prompt_loader.py", line 62, in load_raw_prompt
    raise FileNotFoundError(
FileNotFoundError: Prompt file not found: /workspace/os_moderation/prompt_v5.py
This pipeline never hardcodes policy/classification text — supply this file before running this stage.

[2026-09-24T18:29:33] [ERROR] rec_default_426865848_audio_1789021942575.mp3 chunk@56.0s failed: Prompt file not found: /workspace/os_moderation/prompt_v5.py
This pipeline never hardcodes policy/classification text — supply this file before running this stage.
Traceback (most recent call last):
  File "/workspace/os_moderation/gemma_local.py", line 633, in process_file
    answer_text, thinking_text, raw_response, token_infos = classify_chunk(model, processor, chunk_path, thinking, logger)
                                                            ^^^^^^^^^^^^^^^^^^^^^^^^^^^^^^^^^^^^^^^^^^^^^^^^^^^^^^^^^^^^^^
  File "/workspace/os_moderation/gemma_local.py", line 330, in classify_chunk
    prompt_text = prompt_loader.render_prompt(PROMPT_PATH, json_schema_str=RAW_SCHEMA_STR)
                  ^^^^^^^^^^^^^^^^^^^^^^^^^^^^^^^^^^^^^^^^^^^^^^^^^^^^^^^^^^^^^^^^^^^^^^^^
  File "/workspace/os_moderation/prompt_loader.py", line 80, in render_prompt
    text = load_raw_prompt(path)
           ^^^^^^^^^^^^^^^^^^^^^
  File "/workspace/os_moderation/prompt_loader.py", line 62, in load_raw_prompt
    raise FileNotFoundError(
FileNotFoundError: Prompt file not found: /workspace/os_moderation/prompt_v5.py
This pipeline never hardcodes policy/classification text — supply this file before running this stage.

[2026-09-24T18:29:33] [ERROR] rec_default_426865848_audio_1789021942575.mp3 chunk@84.0s failed: Prompt file not found: /workspace/os_moderation/prompt_v5.py
This pipeline never hardcodes policy/classification text — supply this file before running this stage.
Traceback (most recent call last):
  File "/workspace/os_moderation/gemma_local.py", line 633, in process_file
    answer_text, thinking_text, raw_response, token_infos = classify_chunk(model, processor, chunk_path, thinking, logger)
                                                            ^^^^^^^^^^^^^^^^^^^^^^^^^^^^^^^^^^^^^^^^^^^^^^^^^^^^^^^^^^^^^^
  File "/workspace/os_moderation/gemma_local.py", line 330, in classify_chunk
    prompt_text = prompt_loader.render_prompt(PROMPT_PATH, json_schema_str=RAW_SCHEMA_STR)
                  ^^^^^^^^^^^^^^^^^^^^^^^^^^^^^^^^^^^^^^^^^^^^^^^^^^^^^^^^^^^^^^^^^^^^^^^^
  File "/workspace/os_moderation/prompt_loader.py", line 80, in render_prompt
    text = load_raw_prompt(path)
           ^^^^^^^^^^^^^^^^^^^^^
  File "/workspace/os_moderation/prompt_loader.py", line 62, in load_raw_prompt
    raise FileNotFoundError(
FileNotFoundError: Prompt file not found: /workspace/os_moderation/prompt_v5.py
This pipeline never hardcodes policy/classification text — supply this file before running this stage.

[2026-09-24T18:29:33] [ERROR] rec_default_426865848_audio_1789021942575.mp3 chunk@112.0s failed: Prompt file not found: /workspace/os_moderation/prompt_v5.py
This pipeline never hardcodes policy/classification text — supply this file before running this stage.
Traceback (most recent call last):
  File "/workspace/os_moderation/gemma_local.py", line 633, in process_file
    answer_text, thinking_text, raw_response, token_infos = classify_chunk(model, processor, chunk_path, thinking, logger)
                                                            ^^^^^^^^^^^^^^^^^^^^^^^^^^^^^^^^^^^^^^^^^^^^^^^^^^^^^^^^^^^^^^
  File "/workspace/os_moderation/gemma_local.py", line 330, in classify_chunk
    prompt_text = prompt_loader.render_prompt(PROMPT_PATH, json_schema_str=RAW_SCHEMA_STR)
                  ^^^^^^^^^^^^^^^^^^^^^^^^^^^^^^^^^^^^^^^^^^^^^^^^^^^^^^^^^^^^^^^^^^^^^^^^
  File "/workspace/os_moderation/prompt_loader.py", line 80, in render_prompt
    text = load_raw_prompt(path)
           ^^^^^^^^^^^^^^^^^^^^^
  File "/workspace/os_moderation/prompt_loader.py", line 62, in load_raw_prompt
    raise FileNotFoundError(
FileNotFoundError: Prompt file not found: /workspace/os_moderation/prompt_v5.py
This pipeline never hardcodes policy/classification text — supply this file before running this stage.

[2026-09-24T18:29:33] [ERROR] rec_default_426865848_audio_1789021942575.mp3 chunk@140.0s failed: Prompt file not found: /workspace/os_moderation/prompt_v5.py
This pipeline never hardcodes policy/classification text — supply this file before running this stage.
Traceback (most recent call last):
  File "/workspace/os_moderation/gemma_local.py", line 633, in process_file
    answer_text, thinking_text, raw_response, token_infos = classify_chunk(model, processor, chunk_path, thinking, logger)
                                                            ^^^^^^^^^^^^^^^^^^^^^^^^^^^^^^^^^^^^^^^^^^^^^^^^^^^^^^^^^^^^^^
  File "/workspace/os_moderation/gemma_local.py", line 330, in classify_chunk
    prompt_text = prompt_loader.render_prompt(PROMPT_PATH, json_schema_str=RAW_SCHEMA_STR)
                  ^^^^^^^^^^^^^^^^^^^^^^^^^^^^^^^^^^^^^^^^^^^^^^^^^^^^^^^^^^^^^^^^^^^^^^^^
  File "/workspace/os_moderation/prompt_loader.py", line 80, in render_prompt
    text = load_raw_prompt(path)
           ^^^^^^^^^^^^^^^^^^^^^
  File "/workspace/os_moderation/prompt_loader.py", line 62, in load_raw_prompt
    raise FileNotFoundError(
FileNotFoundError: Prompt file not found: /workspace/os_moderation/prompt_v5.py
This pipeline never hardcodes policy/classification text — supply this file before running this stage.

[2026-09-24T18:29:33] [INFO] [41/50] rec_default_426667318_audio_1788995960432.mp3
[2026-09-24T18:29:34] [ERROR] rec_default_426667318_audio_1788995960432.mp3 chunk@0.0s failed: Prompt file not found: /workspace/os_moderation/prompt_v5.py
This pipeline never hardcodes policy/classification text — supply this file before running this stage.
Traceback (most recent call last):
  File "/workspace/os_moderation/gemma_local.py", line 633, in process_file
    answer_text, thinking_text, raw_response, token_infos = classify_chunk(model, processor, chunk_path, thinking, logger)
                                                            ^^^^^^^^^^^^^^^^^^^^^^^^^^^^^^^^^^^^^^^^^^^^^^^^^^^^^^^^^^^^^^
  File "/workspace/os_moderation/gemma_local.py", line 330, in classify_chunk
    prompt_text = prompt_loader.render_prompt(PROMPT_PATH, json_schema_str=RAW_SCHEMA_STR)
                  ^^^^^^^^^^^^^^^^^^^^^^^^^^^^^^^^^^^^^^^^^^^^^^^^^^^^^^^^^^^^^^^^^^^^^^^^
  File "/workspace/os_moderation/prompt_loader.py", line 80, in render_prompt
    text = load_raw_prompt(path)
           ^^^^^^^^^^^^^^^^^^^^^
  File "/workspace/os_moderation/prompt_loader.py", line 62, in load_raw_prompt
    raise FileNotFoundError(
FileNotFoundError: Prompt file not found: /workspace/os_moderation/prompt_v5.py
This pipeline never hardcodes policy/classification text — supply this file before running this stage.

[2026-09-24T18:29:34] [ERROR] rec_default_426667318_audio_1788995960432.mp3 chunk@28.0s failed: Prompt file not found: /workspace/os_moderation/prompt_v5.py
This pipeline never hardcodes policy/classification text — supply this file before running this stage.
Traceback (most recent call last):
  File "/workspace/os_moderation/gemma_local.py", line 633, in process_file
    answer_text, thinking_text, raw_response, token_infos = classify_chunk(model, processor, chunk_path, thinking, logger)
                                                            ^^^^^^^^^^^^^^^^^^^^^^^^^^^^^^^^^^^^^^^^^^^^^^^^^^^^^^^^^^^^^^
  File "/workspace/os_moderation/gemma_local.py", line 330, in classify_chunk
    prompt_text = prompt_loader.render_prompt(PROMPT_PATH, json_schema_str=RAW_SCHEMA_STR)
                  ^^^^^^^^^^^^^^^^^^^^^^^^^^^^^^^^^^^^^^^^^^^^^^^^^^^^^^^^^^^^^^^^^^^^^^^^
  File "/workspace/os_moderation/prompt_loader.py", line 80, in render_prompt
    text = load_raw_prompt(path)
           ^^^^^^^^^^^^^^^^^^^^^
  File "/workspace/os_moderation/prompt_loader.py", line 62, in load_raw_prompt
    raise FileNotFoundError(
FileNotFoundError: Prompt file not found: /workspace/os_moderation/prompt_v5.py
This pipeline never hardcodes policy/classification text — supply this file before running this stage.

[2026-09-24T18:29:34] [ERROR] rec_default_426667318_audio_1788995960432.mp3 chunk@56.0s failed: Prompt file not found: /workspace/os_moderation/prompt_v5.py
This pipeline never hardcodes policy/classification text — supply this file before running this stage.
Traceback (most recent call last):
  File "/workspace/os_moderation/gemma_local.py", line 633, in process_file
    answer_text, thinking_text, raw_response, token_infos = classify_chunk(model, processor, chunk_path, thinking, logger)
                                                            ^^^^^^^^^^^^^^^^^^^^^^^^^^^^^^^^^^^^^^^^^^^^^^^^^^^^^^^^^^^^^^
  File "/workspace/os_moderation/gemma_local.py", line 330, in classify_chunk
    prompt_text = prompt_loader.render_prompt(PROMPT_PATH, json_schema_str=RAW_SCHEMA_STR)
                  ^^^^^^^^^^^^^^^^^^^^^^^^^^^^^^^^^^^^^^^^^^^^^^^^^^^^^^^^^^^^^^^^^^^^^^^^
  File "/workspace/os_moderation/prompt_loader.py", line 80, in render_prompt
    text = load_raw_prompt(path)
           ^^^^^^^^^^^^^^^^^^^^^
  File "/workspace/os_moderation/prompt_loader.py", line 62, in load_raw_prompt
    raise FileNotFoundError(
FileNotFoundError: Prompt file not found: /workspace/os_moderation/prompt_v5.py
This pipeline never hardcodes policy/classification text — supply this file before running this stage.

[2026-09-24T18:29:34] [ERROR] rec_default_426667318_audio_1788995960432.mp3 chunk@84.0s failed: Prompt file not found: /workspace/os_moderation/prompt_v5.py
This pipeline never hardcodes policy/classification text — supply this file before running this stage.
Traceback (most recent call last):
  File "/workspace/os_moderation/gemma_local.py", line 633, in process_file
    answer_text, thinking_text, raw_response, token_infos = classify_chunk(model, processor, chunk_path, thinking, logger)
                                                            ^^^^^^^^^^^^^^^^^^^^^^^^^^^^^^^^^^^^^^^^^^^^^^^^^^^^^^^^^^^^^^
  File "/workspace/os_moderation/gemma_local.py", line 330, in classify_chunk
    prompt_text = prompt_loader.render_prompt(PROMPT_PATH, json_schema_str=RAW_SCHEMA_STR)
                  ^^^^^^^^^^^^^^^^^^^^^^^^^^^^^^^^^^^^^^^^^^^^^^^^^^^^^^^^^^^^^^^^^^^^^^^^
  File "/workspace/os_moderation/prompt_loader.py", line 80, in render_prompt
    text = load_raw_prompt(path)
           ^^^^^^^^^^^^^^^^^^^^^
  File "/workspace/os_moderation/prompt_loader.py", line 62, in load_raw_prompt
    raise FileNotFoundError(
FileNotFoundError: Prompt file not found: /workspace/os_moderation/prompt_v5.py
This pipeline never hardcodes policy/classification text — supply this file before running this stage.

[2026-09-24T18:29:34] [INFO] [42/50] rec_audio_call_425205242_audio_1788862499869.mp3
[2026-09-24T18:29:34] [ERROR] rec_audio_call_425205242_audio_1788862499869.mp3 chunk@0.0s failed: Prompt file not found: /workspace/os_moderation/prompt_v5.py
This pipeline never hardcodes policy/classification text — supply this file before running this stage.
Traceback (most recent call last):
  File "/workspace/os_moderation/gemma_local.py", line 633, in process_file
    answer_text, thinking_text, raw_response, token_infos = classify_chunk(model, processor, chunk_path, thinking, logger)
                                                            ^^^^^^^^^^^^^^^^^^^^^^^^^^^^^^^^^^^^^^^^^^^^^^^^^^^^^^^^^^^^^^
  File "/workspace/os_moderation/gemma_local.py", line 330, in classify_chunk
    prompt_text = prompt_loader.render_prompt(PROMPT_PATH, json_schema_str=RAW_SCHEMA_STR)
                  ^^^^^^^^^^^^^^^^^^^^^^^^^^^^^^^^^^^^^^^^^^^^^^^^^^^^^^^^^^^^^^^^^^^^^^^^
  File "/workspace/os_moderation/prompt_loader.py", line 80, in render_prompt
    text = load_raw_prompt(path)
           ^^^^^^^^^^^^^^^^^^^^^
  File "/workspace/os_moderation/prompt_loader.py", line 62, in load_raw_prompt
    raise FileNotFoundError(
FileNotFoundError: Prompt file not found: /workspace/os_moderation/prompt_v5.py
This pipeline never hardcodes policy/classification text — supply this file before running this stage.

[2026-09-24T18:29:34] [ERROR] rec_audio_call_425205242_audio_1788862499869.mp3 chunk@28.0s failed: Prompt file not found: /workspace/os_moderation/prompt_v5.py
This pipeline never hardcodes policy/classification text — supply this file before running this stage.
Traceback (most recent call last):
  File "/workspace/os_moderation/gemma_local.py", line 633, in process_file
    answer_text, thinking_text, raw_response, token_infos = classify_chunk(model, processor, chunk_path, thinking, logger)
                                                            ^^^^^^^^^^^^^^^^^^^^^^^^^^^^^^^^^^^^^^^^^^^^^^^^^^^^^^^^^^^^^^
  File "/workspace/os_moderation/gemma_local.py", line 330, in classify_chunk
    prompt_text = prompt_loader.render_prompt(PROMPT_PATH, json_schema_str=RAW_SCHEMA_STR)
                  ^^^^^^^^^^^^^^^^^^^^^^^^^^^^^^^^^^^^^^^^^^^^^^^^^^^^^^^^^^^^^^^^^^^^^^^^
  File "/workspace/os_moderation/prompt_loader.py", line 80, in render_prompt
    text = load_raw_prompt(path)
           ^^^^^^^^^^^^^^^^^^^^^
  File "/workspace/os_moderation/prompt_loader.py", line 62, in load_raw_prompt
    raise FileNotFoundError(
FileNotFoundError: Prompt file not found: /workspace/os_moderation/prompt_v5.py
This pipeline never hardcodes policy/classification text — supply this file before running this stage.

[2026-09-24T18:29:34] [ERROR] rec_audio_call_425205242_audio_1788862499869.mp3 chunk@56.0s failed: Prompt file not found: /workspace/os_moderation/prompt_v5.py
This pipeline never hardcodes policy/classification text — supply this file before running this stage.
Traceback (most recent call last):
  File "/workspace/os_moderation/gemma_local.py", line 633, in process_file
    answer_text, thinking_text, raw_response, token_infos = classify_chunk(model, processor, chunk_path, thinking, logger)
                                                            ^^^^^^^^^^^^^^^^^^^^^^^^^^^^^^^^^^^^^^^^^^^^^^^^^^^^^^^^^^^^^^
  File "/workspace/os_moderation/gemma_local.py", line 330, in classify_chunk
    prompt_text = prompt_loader.render_prompt(PROMPT_PATH, json_schema_str=RAW_SCHEMA_STR)
                  ^^^^^^^^^^^^^^^^^^^^^^^^^^^^^^^^^^^^^^^^^^^^^^^^^^^^^^^^^^^^^^^^^^^^^^^^
  File "/workspace/os_moderation/prompt_loader.py", line 80, in render_prompt
    text = load_raw_prompt(path)
           ^^^^^^^^^^^^^^^^^^^^^
  File "/workspace/os_moderation/prompt_loader.py", line 62, in load_raw_prompt
    raise FileNotFoundError(
FileNotFoundError: Prompt file not found: /workspace/os_moderation/prompt_v5.py
This pipeline never hardcodes policy/classification text — supply this file before running this stage.

[2026-09-24T18:29:34] [ERROR] rec_audio_call_425205242_audio_1788862499869.mp3 chunk@84.0s failed: Prompt file not found: /workspace/os_moderation/prompt_v5.py
This pipeline never hardcodes policy/classification text — supply this file before running this stage.
Traceback (most recent call last):
  File "/workspace/os_moderation/gemma_local.py", line 633, in process_file
    answer_text, thinking_text, raw_response, token_infos = classify_chunk(model, processor, chunk_path, thinking, logger)
                                                            ^^^^^^^^^^^^^^^^^^^^^^^^^^^^^^^^^^^^^^^^^^^^^^^^^^^^^^^^^^^^^^
  File "/workspace/os_moderation/gemma_local.py", line 330, in classify_chunk
    prompt_text = prompt_loader.render_prompt(PROMPT_PATH, json_schema_str=RAW_SCHEMA_STR)
                  ^^^^^^^^^^^^^^^^^^^^^^^^^^^^^^^^^^^^^^^^^^^^^^^^^^^^^^^^^^^^^^^^^^^^^^^^
  File "/workspace/os_moderation/prompt_loader.py", line 80, in render_prompt
    text = load_raw_prompt(path)
           ^^^^^^^^^^^^^^^^^^^^^
  File "/workspace/os_moderation/prompt_loader.py", line 62, in load_raw_prompt
    raise FileNotFoundError(
FileNotFoundError: Prompt file not found: /workspace/os_moderation/prompt_v5.py
This pipeline never hardcodes policy/classification text — supply this file before running this stage.

[2026-09-24T18:29:34] [ERROR] rec_audio_call_425205242_audio_1788862499869.mp3 chunk@112.0s failed: Prompt file not found: /workspace/os_moderation/prompt_v5.py
This pipeline never hardcodes policy/classification text — supply this file before running this stage.
Traceback (most recent call last):
  File "/workspace/os_moderation/gemma_local.py", line 633, in process_file
    answer_text, thinking_text, raw_response, token_infos = classify_chunk(model, processor, chunk_path, thinking, logger)
                                                            ^^^^^^^^^^^^^^^^^^^^^^^^^^^^^^^^^^^^^^^^^^^^^^^^^^^^^^^^^^^^^^
  File "/workspace/os_moderation/gemma_local.py", line 330, in classify_chunk
    prompt_text = prompt_loader.render_prompt(PROMPT_PATH, json_schema_str=RAW_SCHEMA_STR)
                  ^^^^^^^^^^^^^^^^^^^^^^^^^^^^^^^^^^^^^^^^^^^^^^^^^^^^^^^^^^^^^^^^^^^^^^^^
  File "/workspace/os_moderation/prompt_loader.py", line 80, in render_prompt
    text = load_raw_prompt(path)
           ^^^^^^^^^^^^^^^^^^^^^
  File "/workspace/os_moderation/prompt_loader.py", line 62, in load_raw_prompt
    raise FileNotFoundError(
FileNotFoundError: Prompt file not found: /workspace/os_moderation/prompt_v5.py
This pipeline never hardcodes policy/classification text — supply this file before running this stage.

[2026-09-24T18:29:34] [INFO] [43/50] rec_audio_call_426339629_audio_1788968889098.mp3
[2026-09-24T18:29:35] [ERROR] rec_audio_call_426339629_audio_1788968889098.mp3 chunk@0.0s failed: Prompt file not found: /workspace/os_moderation/prompt_v5.py
This pipeline never hardcodes policy/classification text — supply this file before running this stage.
Traceback (most recent call last):
  File "/workspace/os_moderation/gemma_local.py", line 633, in process_file
    answer_text, thinking_text, raw_response, token_infos = classify_chunk(model, processor, chunk_path, thinking, logger)
                                                            ^^^^^^^^^^^^^^^^^^^^^^^^^^^^^^^^^^^^^^^^^^^^^^^^^^^^^^^^^^^^^^
  File "/workspace/os_moderation/gemma_local.py", line 330, in classify_chunk
    prompt_text = prompt_loader.render_prompt(PROMPT_PATH, json_schema_str=RAW_SCHEMA_STR)
                  ^^^^^^^^^^^^^^^^^^^^^^^^^^^^^^^^^^^^^^^^^^^^^^^^^^^^^^^^^^^^^^^^^^^^^^^^
  File "/workspace/os_moderation/prompt_loader.py", line 80, in render_prompt
    text = load_raw_prompt(path)
           ^^^^^^^^^^^^^^^^^^^^^
  File "/workspace/os_moderation/prompt_loader.py", line 62, in load_raw_prompt
    raise FileNotFoundError(
FileNotFoundError: Prompt file not found: /workspace/os_moderation/prompt_v5.py
This pipeline never hardcodes policy/classification text — supply this file before running this stage.

[2026-09-24T18:29:35] [ERROR] rec_audio_call_426339629_audio_1788968889098.mp3 chunk@28.0s failed: Prompt file not found: /workspace/os_moderation/prompt_v5.py
This pipeline never hardcodes policy/classification text — supply this file before running this stage.
Traceback (most recent call last):
  File "/workspace/os_moderation/gemma_local.py", line 633, in process_file
    answer_text, thinking_text, raw_response, token_infos = classify_chunk(model, processor, chunk_path, thinking, logger)
                                                            ^^^^^^^^^^^^^^^^^^^^^^^^^^^^^^^^^^^^^^^^^^^^^^^^^^^^^^^^^^^^^^
  File "/workspace/os_moderation/gemma_local.py", line 330, in classify_chunk
    prompt_text = prompt_loader.render_prompt(PROMPT_PATH, json_schema_str=RAW_SCHEMA_STR)
                  ^^^^^^^^^^^^^^^^^^^^^^^^^^^^^^^^^^^^^^^^^^^^^^^^^^^^^^^^^^^^^^^^^^^^^^^^
  File "/workspace/os_moderation/prompt_loader.py", line 80, in render_prompt
    text = load_raw_prompt(path)
           ^^^^^^^^^^^^^^^^^^^^^
  File "/workspace/os_moderation/prompt_loader.py", line 62, in load_raw_prompt
    raise FileNotFoundError(
FileNotFoundError: Prompt file not found: /workspace/os_moderation/prompt_v5.py
This pipeline never hardcodes policy/classification text — supply this file before running this stage.

[2026-09-24T18:29:35] [INFO] [44/50] rec_default_426608730_audio_1788985842618.mp3
[2026-09-24T18:29:35] [ERROR] rec_default_426608730_audio_1788985842618.mp3 chunk@0.0s failed: Prompt file not found: /workspace/os_moderation/prompt_v5.py
This pipeline never hardcodes policy/classification text — supply this file before running this stage.
Traceback (most recent call last):
  File "/workspace/os_moderation/gemma_local.py", line 633, in process_file
    answer_text, thinking_text, raw_response, token_infos = classify_chunk(model, processor, chunk_path, thinking, logger)
                                                            ^^^^^^^^^^^^^^^^^^^^^^^^^^^^^^^^^^^^^^^^^^^^^^^^^^^^^^^^^^^^^^
  File "/workspace/os_moderation/gemma_local.py", line 330, in classify_chunk
    prompt_text = prompt_loader.render_prompt(PROMPT_PATH, json_schema_str=RAW_SCHEMA_STR)
                  ^^^^^^^^^^^^^^^^^^^^^^^^^^^^^^^^^^^^^^^^^^^^^^^^^^^^^^^^^^^^^^^^^^^^^^^^
  File "/workspace/os_moderation/prompt_loader.py", line 80, in render_prompt
    text = load_raw_prompt(path)
           ^^^^^^^^^^^^^^^^^^^^^
  File "/workspace/os_moderation/prompt_loader.py", line 62, in load_raw_prompt
    raise FileNotFoundError(
FileNotFoundError: Prompt file not found: /workspace/os_moderation/prompt_v5.py
This pipeline never hardcodes policy/classification text — supply this file before running this stage.

[2026-09-24T18:29:35] [INFO] [45/50] rec_default_426606195_audio_1788985611722.mp3
[2026-09-24T18:29:36] [ERROR] rec_default_426606195_audio_1788985611722.mp3 chunk@0.0s failed: Prompt file not found: /workspace/os_moderation/prompt_v5.py
This pipeline never hardcodes policy/classification text — supply this file before running this stage.
Traceback (most recent call last):
  File "/workspace/os_moderation/gemma_local.py", line 633, in process_file
    answer_text, thinking_text, raw_response, token_infos = classify_chunk(model, processor, chunk_path, thinking, logger)
                                                            ^^^^^^^^^^^^^^^^^^^^^^^^^^^^^^^^^^^^^^^^^^^^^^^^^^^^^^^^^^^^^^
  File "/workspace/os_moderation/gemma_local.py", line 330, in classify_chunk
    prompt_text = prompt_loader.render_prompt(PROMPT_PATH, json_schema_str=RAW_SCHEMA_STR)
                  ^^^^^^^^^^^^^^^^^^^^^^^^^^^^^^^^^^^^^^^^^^^^^^^^^^^^^^^^^^^^^^^^^^^^^^^^
  File "/workspace/os_moderation/prompt_loader.py", line 80, in render_prompt
    text = load_raw_prompt(path)
           ^^^^^^^^^^^^^^^^^^^^^
  File "/workspace/os_moderation/prompt_loader.py", line 62, in load_raw_prompt
    raise FileNotFoundError(
FileNotFoundError: Prompt file not found: /workspace/os_moderation/prompt_v5.py
This pipeline never hardcodes policy/classification text — supply this file before running this stage.

[2026-09-24T18:29:36] [ERROR] rec_default_426606195_audio_1788985611722.mp3 chunk@28.0s failed: Prompt file not found: /workspace/os_moderation/prompt_v5.py
This pipeline never hardcodes policy/classification text — supply this file before running this stage.
Traceback (most recent call last):
  File "/workspace/os_moderation/gemma_local.py", line 633, in process_file
    answer_text, thinking_text, raw_response, token_infos = classify_chunk(model, processor, chunk_path, thinking, logger)
                                                            ^^^^^^^^^^^^^^^^^^^^^^^^^^^^^^^^^^^^^^^^^^^^^^^^^^^^^^^^^^^^^^
  File "/workspace/os_moderation/gemma_local.py", line 330, in classify_chunk
    prompt_text = prompt_loader.render_prompt(PROMPT_PATH, json_schema_str=RAW_SCHEMA_STR)
                  ^^^^^^^^^^^^^^^^^^^^^^^^^^^^^^^^^^^^^^^^^^^^^^^^^^^^^^^^^^^^^^^^^^^^^^^^
  File "/workspace/os_moderation/prompt_loader.py", line 80, in render_prompt
    text = load_raw_prompt(path)
           ^^^^^^^^^^^^^^^^^^^^^
  File "/workspace/os_moderation/prompt_loader.py", line 62, in load_raw_prompt
    raise FileNotFoundError(
FileNotFoundError: Prompt file not found: /workspace/os_moderation/prompt_v5.py
This pipeline never hardcodes policy/classification text — supply this file before running this stage.

[2026-09-24T18:29:36] [ERROR] rec_default_426606195_audio_1788985611722.mp3 chunk@56.0s failed: Prompt file not found: /workspace/os_moderation/prompt_v5.py
This pipeline never hardcodes policy/classification text — supply this file before running this stage.
Traceback (most recent call last):
  File "/workspace/os_moderation/gemma_local.py", line 633, in process_file
    answer_text, thinking_text, raw_response, token_infos = classify_chunk(model, processor, chunk_path, thinking, logger)
                                                            ^^^^^^^^^^^^^^^^^^^^^^^^^^^^^^^^^^^^^^^^^^^^^^^^^^^^^^^^^^^^^^
  File "/workspace/os_moderation/gemma_local.py", line 330, in classify_chunk
    prompt_text = prompt_loader.render_prompt(PROMPT_PATH, json_schema_str=RAW_SCHEMA_STR)
                  ^^^^^^^^^^^^^^^^^^^^^^^^^^^^^^^^^^^^^^^^^^^^^^^^^^^^^^^^^^^^^^^^^^^^^^^^
  File "/workspace/os_moderation/prompt_loader.py", line 80, in render_prompt
    text = load_raw_prompt(path)
           ^^^^^^^^^^^^^^^^^^^^^
  File "/workspace/os_moderation/prompt_loader.py", line 62, in load_raw_prompt
    raise FileNotFoundError(
FileNotFoundError: Prompt file not found: /workspace/os_moderation/prompt_v5.py
This pipeline never hardcodes policy/classification text — supply this file before running this stage.

[2026-09-24T18:29:36] [ERROR] rec_default_426606195_audio_1788985611722.mp3 chunk@84.0s failed: Prompt file not found: /workspace/os_moderation/prompt_v5.py
This pipeline never hardcodes policy/classification text — supply this file before running this stage.
Traceback (most recent call last):
  File "/workspace/os_moderation/gemma_local.py", line 633, in process_file
    answer_text, thinking_text, raw_response, token_infos = classify_chunk(model, processor, chunk_path, thinking, logger)
                                                            ^^^^^^^^^^^^^^^^^^^^^^^^^^^^^^^^^^^^^^^^^^^^^^^^^^^^^^^^^^^^^^
  File "/workspace/os_moderation/gemma_local.py", line 330, in classify_chunk
    prompt_text = prompt_loader.render_prompt(PROMPT_PATH, json_schema_str=RAW_SCHEMA_STR)
                  ^^^^^^^^^^^^^^^^^^^^^^^^^^^^^^^^^^^^^^^^^^^^^^^^^^^^^^^^^^^^^^^^^^^^^^^^
  File "/workspace/os_moderation/prompt_loader.py", line 80, in render_prompt
    text = load_raw_prompt(path)
           ^^^^^^^^^^^^^^^^^^^^^
  File "/workspace/os_moderation/prompt_loader.py", line 62, in load_raw_prompt
    raise FileNotFoundError(
FileNotFoundError: Prompt file not found: /workspace/os_moderation/prompt_v5.py
This pipeline never hardcodes policy/classification text — supply this file before running this stage.

[2026-09-24T18:29:36] [ERROR] rec_default_426606195_audio_1788985611722.mp3 chunk@112.0s failed: Prompt file not found: /workspace/os_moderation/prompt_v5.py
This pipeline never hardcodes policy/classification text — supply this file before running this stage.
Traceback (most recent call last):
  File "/workspace/os_moderation/gemma_local.py", line 633, in process_file
    answer_text, thinking_text, raw_response, token_infos = classify_chunk(model, processor, chunk_path, thinking, logger)
                                                            ^^^^^^^^^^^^^^^^^^^^^^^^^^^^^^^^^^^^^^^^^^^^^^^^^^^^^^^^^^^^^^
  File "/workspace/os_moderation/gemma_local.py", line 330, in classify_chunk
    prompt_text = prompt_loader.render_prompt(PROMPT_PATH, json_schema_str=RAW_SCHEMA_STR)
                  ^^^^^^^^^^^^^^^^^^^^^^^^^^^^^^^^^^^^^^^^^^^^^^^^^^^^^^^^^^^^^^^^^^^^^^^^
  File "/workspace/os_moderation/prompt_loader.py", line 80, in render_prompt
    text = load_raw_prompt(path)
           ^^^^^^^^^^^^^^^^^^^^^
  File "/workspace/os_moderation/prompt_loader.py", line 62, in load_raw_prompt
    raise FileNotFoundError(
FileNotFoundError: Prompt file not found: /workspace/os_moderation/prompt_v5.py
This pipeline never hardcodes policy/classification text — supply this file before running this stage.

[2026-09-24T18:29:36] [ERROR] rec_default_426606195_audio_1788985611722.mp3 chunk@140.0s failed: Prompt file not found: /workspace/os_moderation/prompt_v5.py
This pipeline never hardcodes policy/classification text — supply this file before running this stage.
Traceback (most recent call last):
  File "/workspace/os_moderation/gemma_local.py", line 633, in process_file
    answer_text, thinking_text, raw_response, token_infos = classify_chunk(model, processor, chunk_path, thinking, logger)
                                                            ^^^^^^^^^^^^^^^^^^^^^^^^^^^^^^^^^^^^^^^^^^^^^^^^^^^^^^^^^^^^^^
  File "/workspace/os_moderation/gemma_local.py", line 330, in classify_chunk
    prompt_text = prompt_loader.render_prompt(PROMPT_PATH, json_schema_str=RAW_SCHEMA_STR)
                  ^^^^^^^^^^^^^^^^^^^^^^^^^^^^^^^^^^^^^^^^^^^^^^^^^^^^^^^^^^^^^^^^^^^^^^^^
  File "/workspace/os_moderation/prompt_loader.py", line 80, in render_prompt
    text = load_raw_prompt(path)
           ^^^^^^^^^^^^^^^^^^^^^
  File "/workspace/os_moderation/prompt_loader.py", line 62, in load_raw_prompt
    raise FileNotFoundError(
FileNotFoundError: Prompt file not found: /workspace/os_moderation/prompt_v5.py
This pipeline never hardcodes policy/classification text — supply this file before running this stage.

[2026-09-24T18:29:36] [ERROR] rec_default_426606195_audio_1788985611722.mp3 chunk@168.0s failed: Prompt file not found: /workspace/os_moderation/prompt_v5.py
This pipeline never hardcodes policy/classification text — supply this file before running this stage.
Traceback (most recent call last):
  File "/workspace/os_moderation/gemma_local.py", line 633, in process_file
    answer_text, thinking_text, raw_response, token_infos = classify_chunk(model, processor, chunk_path, thinking, logger)
                                                            ^^^^^^^^^^^^^^^^^^^^^^^^^^^^^^^^^^^^^^^^^^^^^^^^^^^^^^^^^^^^^^
  File "/workspace/os_moderation/gemma_local.py", line 330, in classify_chunk
    prompt_text = prompt_loader.render_prompt(PROMPT_PATH, json_schema_str=RAW_SCHEMA_STR)
                  ^^^^^^^^^^^^^^^^^^^^^^^^^^^^^^^^^^^^^^^^^^^^^^^^^^^^^^^^^^^^^^^^^^^^^^^^
  File "/workspace/os_moderation/prompt_loader.py", line 80, in render_prompt
    text = load_raw_prompt(path)
           ^^^^^^^^^^^^^^^^^^^^^
  File "/workspace/os_moderation/prompt_loader.py", line 62, in load_raw_prompt
    raise FileNotFoundError(
FileNotFoundError: Prompt file not found: /workspace/os_moderation/prompt_v5.py
This pipeline never hardcodes policy/classification text — supply this file before running this stage.

[2026-09-24T18:29:36] [ERROR] rec_default_426606195_audio_1788985611722.mp3 chunk@196.0s failed: Prompt file not found: /workspace/os_moderation/prompt_v5.py
This pipeline never hardcodes policy/classification text — supply this file before running this stage.
Traceback (most recent call last):
  File "/workspace/os_moderation/gemma_local.py", line 633, in process_file
    answer_text, thinking_text, raw_response, token_infos = classify_chunk(model, processor, chunk_path, thinking, logger)
                                                            ^^^^^^^^^^^^^^^^^^^^^^^^^^^^^^^^^^^^^^^^^^^^^^^^^^^^^^^^^^^^^^
  File "/workspace/os_moderation/gemma_local.py", line 330, in classify_chunk
    prompt_text = prompt_loader.render_prompt(PROMPT_PATH, json_schema_str=RAW_SCHEMA_STR)
                  ^^^^^^^^^^^^^^^^^^^^^^^^^^^^^^^^^^^^^^^^^^^^^^^^^^^^^^^^^^^^^^^^^^^^^^^^
  File "/workspace/os_moderation/prompt_loader.py", line 80, in render_prompt
    text = load_raw_prompt(path)
           ^^^^^^^^^^^^^^^^^^^^^
  File "/workspace/os_moderation/prompt_loader.py", line 62, in load_raw_prompt
    raise FileNotFoundError(
FileNotFoundError: Prompt file not found: /workspace/os_moderation/prompt_v5.py
This pipeline never hardcodes policy/classification text — supply this file before running this stage.

[2026-09-24T18:29:36] [ERROR] rec_default_426606195_audio_1788985611722.mp3 chunk@224.0s failed: Prompt file not found: /workspace/os_moderation/prompt_v5.py
This pipeline never hardcodes policy/classification text — supply this file before running this stage.
Traceback (most recent call last):
  File "/workspace/os_moderation/gemma_local.py", line 633, in process_file
    answer_text, thinking_text, raw_response, token_infos = classify_chunk(model, processor, chunk_path, thinking, logger)
                                                            ^^^^^^^^^^^^^^^^^^^^^^^^^^^^^^^^^^^^^^^^^^^^^^^^^^^^^^^^^^^^^^
  File "/workspace/os_moderation/gemma_local.py", line 330, in classify_chunk
    prompt_text = prompt_loader.render_prompt(PROMPT_PATH, json_schema_str=RAW_SCHEMA_STR)
                  ^^^^^^^^^^^^^^^^^^^^^^^^^^^^^^^^^^^^^^^^^^^^^^^^^^^^^^^^^^^^^^^^^^^^^^^^
  File "/workspace/os_moderation/prompt_loader.py", line 80, in render_prompt
    text = load_raw_prompt(path)
           ^^^^^^^^^^^^^^^^^^^^^
  File "/workspace/os_moderation/prompt_loader.py", line 62, in load_raw_prompt
    raise FileNotFoundError(
FileNotFoundError: Prompt file not found: /workspace/os_moderation/prompt_v5.py
This pipeline never hardcodes policy/classification text — supply this file before running this stage.

[2026-09-24T18:29:36] [ERROR] rec_default_426606195_audio_1788985611722.mp3 chunk@252.0s failed: Prompt file not found: /workspace/os_moderation/prompt_v5.py
This pipeline never hardcodes policy/classification text — supply this file before running this stage.
Traceback (most recent call last):
  File "/workspace/os_moderation/gemma_local.py", line 633, in process_file
    answer_text, thinking_text, raw_response, token_infos = classify_chunk(model, processor, chunk_path, thinking, logger)
                                                            ^^^^^^^^^^^^^^^^^^^^^^^^^^^^^^^^^^^^^^^^^^^^^^^^^^^^^^^^^^^^^^
  File "/workspace/os_moderation/gemma_local.py", line 330, in classify_chunk
    prompt_text = prompt_loader.render_prompt(PROMPT_PATH, json_schema_str=RAW_SCHEMA_STR)
                  ^^^^^^^^^^^^^^^^^^^^^^^^^^^^^^^^^^^^^^^^^^^^^^^^^^^^^^^^^^^^^^^^^^^^^^^^
  File "/workspace/os_moderation/prompt_loader.py", line 80, in render_prompt
    text = load_raw_prompt(path)
           ^^^^^^^^^^^^^^^^^^^^^
  File "/workspace/os_moderation/prompt_loader.py", line 62, in load_raw_prompt
    raise FileNotFoundError(
FileNotFoundError: Prompt file not found: /workspace/os_moderation/prompt_v5.py
This pipeline never hardcodes policy/classification text — supply this file before running this stage.

[2026-09-24T18:29:36] [ERROR] rec_default_426606195_audio_1788985611722.mp3 chunk@280.0s failed: Prompt file not found: /workspace/os_moderation/prompt_v5.py
This pipeline never hardcodes policy/classification text — supply this file before running this stage.
Traceback (most recent call last):
  File "/workspace/os_moderation/gemma_local.py", line 633, in process_file
    answer_text, thinking_text, raw_response, token_infos = classify_chunk(model, processor, chunk_path, thinking, logger)
                                                            ^^^^^^^^^^^^^^^^^^^^^^^^^^^^^^^^^^^^^^^^^^^^^^^^^^^^^^^^^^^^^^
  File "/workspace/os_moderation/gemma_local.py", line 330, in classify_chunk
    prompt_text = prompt_loader.render_prompt(PROMPT_PATH, json_schema_str=RAW_SCHEMA_STR)
                  ^^^^^^^^^^^^^^^^^^^^^^^^^^^^^^^^^^^^^^^^^^^^^^^^^^^^^^^^^^^^^^^^^^^^^^^^
  File "/workspace/os_moderation/prompt_loader.py", line 80, in render_prompt
    text = load_raw_prompt(path)
           ^^^^^^^^^^^^^^^^^^^^^
  File "/workspace/os_moderation/prompt_loader.py", line 62, in load_raw_prompt
    raise FileNotFoundError(
FileNotFoundError: Prompt file not found: /workspace/os_moderation/prompt_v5.py
This pipeline never hardcodes policy/classification text — supply this file before running this stage.

[2026-09-24T18:29:36] [ERROR] rec_default_426606195_audio_1788985611722.mp3 chunk@308.0s failed: Prompt file not found: /workspace/os_moderation/prompt_v5.py
This pipeline never hardcodes policy/classification text — supply this file before running this stage.
Traceback (most recent call last):
  File "/workspace/os_moderation/gemma_local.py", line 633, in process_file
    answer_text, thinking_text, raw_response, token_infos = classify_chunk(model, processor, chunk_path, thinking, logger)
                                                            ^^^^^^^^^^^^^^^^^^^^^^^^^^^^^^^^^^^^^^^^^^^^^^^^^^^^^^^^^^^^^^
  File "/workspace/os_moderation/gemma_local.py", line 330, in classify_chunk
    prompt_text = prompt_loader.render_prompt(PROMPT_PATH, json_schema_str=RAW_SCHEMA_STR)
                  ^^^^^^^^^^^^^^^^^^^^^^^^^^^^^^^^^^^^^^^^^^^^^^^^^^^^^^^^^^^^^^^^^^^^^^^^
  File "/workspace/os_moderation/prompt_loader.py", line 80, in render_prompt
    text = load_raw_prompt(path)
           ^^^^^^^^^^^^^^^^^^^^^
  File "/workspace/os_moderation/prompt_loader.py", line 62, in load_raw_prompt
    raise FileNotFoundError(
FileNotFoundError: Prompt file not found: /workspace/os_moderation/prompt_v5.py
This pipeline never hardcodes policy/classification text — supply this file before running this stage.

[2026-09-24T18:29:36] [ERROR] rec_default_426606195_audio_1788985611722.mp3 chunk@336.0s failed: Prompt file not found: /workspace/os_moderation/prompt_v5.py
This pipeline never hardcodes policy/classification text — supply this file before running this stage.
Traceback (most recent call last):
  File "/workspace/os_moderation/gemma_local.py", line 633, in process_file
    answer_text, thinking_text, raw_response, token_infos = classify_chunk(model, processor, chunk_path, thinking, logger)
                                                            ^^^^^^^^^^^^^^^^^^^^^^^^^^^^^^^^^^^^^^^^^^^^^^^^^^^^^^^^^^^^^^
  File "/workspace/os_moderation/gemma_local.py", line 330, in classify_chunk
    prompt_text = prompt_loader.render_prompt(PROMPT_PATH, json_schema_str=RAW_SCHEMA_STR)
                  ^^^^^^^^^^^^^^^^^^^^^^^^^^^^^^^^^^^^^^^^^^^^^^^^^^^^^^^^^^^^^^^^^^^^^^^^
  File "/workspace/os_moderation/prompt_loader.py", line 80, in render_prompt
    text = load_raw_prompt(path)
           ^^^^^^^^^^^^^^^^^^^^^
  File "/workspace/os_moderation/prompt_loader.py", line 62, in load_raw_prompt
    raise FileNotFoundError(
FileNotFoundError: Prompt file not found: /workspace/os_moderation/prompt_v5.py
This pipeline never hardcodes policy/classification text — supply this file before running this stage.

[2026-09-24T18:29:36] [INFO] [46/50] rec_audio_call_426189476_audio_1788954198708.mp3
[2026-09-24T18:29:38] [ERROR] rec_audio_call_426189476_audio_1788954198708.mp3 chunk@0.0s failed: Prompt file not found: /workspace/os_moderation/prompt_v5.py
This pipeline never hardcodes policy/classification text — supply this file before running this stage.
Traceback (most recent call last):
  File "/workspace/os_moderation/gemma_local.py", line 633, in process_file
    answer_text, thinking_text, raw_response, token_infos = classify_chunk(model, processor, chunk_path, thinking, logger)
                                                            ^^^^^^^^^^^^^^^^^^^^^^^^^^^^^^^^^^^^^^^^^^^^^^^^^^^^^^^^^^^^^^
  File "/workspace/os_moderation/gemma_local.py", line 330, in classify_chunk
    prompt_text = prompt_loader.render_prompt(PROMPT_PATH, json_schema_str=RAW_SCHEMA_STR)
                  ^^^^^^^^^^^^^^^^^^^^^^^^^^^^^^^^^^^^^^^^^^^^^^^^^^^^^^^^^^^^^^^^^^^^^^^^
  File "/workspace/os_moderation/prompt_loader.py", line 80, in render_prompt
    text = load_raw_prompt(path)
           ^^^^^^^^^^^^^^^^^^^^^
  File "/workspace/os_moderation/prompt_loader.py", line 62, in load_raw_prompt
    raise FileNotFoundError(
FileNotFoundError: Prompt file not found: /workspace/os_moderation/prompt_v5.py
This pipeline never hardcodes policy/classification text — supply this file before running this stage.

[2026-09-24T18:29:38] [ERROR] rec_audio_call_426189476_audio_1788954198708.mp3 chunk@28.0s failed: Prompt file not found: /workspace/os_moderation/prompt_v5.py
This pipeline never hardcodes policy/classification text — supply this file before running this stage.
Traceback (most recent call last):
  File "/workspace/os_moderation/gemma_local.py", line 633, in process_file
    answer_text, thinking_text, raw_response, token_infos = classify_chunk(model, processor, chunk_path, thinking, logger)
                                                            ^^^^^^^^^^^^^^^^^^^^^^^^^^^^^^^^^^^^^^^^^^^^^^^^^^^^^^^^^^^^^^
  File "/workspace/os_moderation/gemma_local.py", line 330, in classify_chunk
    prompt_text = prompt_loader.render_prompt(PROMPT_PATH, json_schema_str=RAW_SCHEMA_STR)
                  ^^^^^^^^^^^^^^^^^^^^^^^^^^^^^^^^^^^^^^^^^^^^^^^^^^^^^^^^^^^^^^^^^^^^^^^^
  File "/workspace/os_moderation/prompt_loader.py", line 80, in render_prompt
    text = load_raw_prompt(path)
           ^^^^^^^^^^^^^^^^^^^^^
  File "/workspace/os_moderation/prompt_loader.py", line 62, in load_raw_prompt
    raise FileNotFoundError(
FileNotFoundError: Prompt file not found: /workspace/os_moderation/prompt_v5.py
This pipeline never hardcodes policy/classification text — supply this file before running this stage.

[2026-09-24T18:29:38] [ERROR] rec_audio_call_426189476_audio_1788954198708.mp3 chunk@56.0s failed: Prompt file not found: /workspace/os_moderation/prompt_v5.py
This pipeline never hardcodes policy/classification text — supply this file before running this stage.
Traceback (most recent call last):
  File "/workspace/os_moderation/gemma_local.py", line 633, in process_file
    answer_text, thinking_text, raw_response, token_infos = classify_chunk(model, processor, chunk_path, thinking, logger)
                                                            ^^^^^^^^^^^^^^^^^^^^^^^^^^^^^^^^^^^^^^^^^^^^^^^^^^^^^^^^^^^^^^
  File "/workspace/os_moderation/gemma_local.py", line 330, in classify_chunk
    prompt_text = prompt_loader.render_prompt(PROMPT_PATH, json_schema_str=RAW_SCHEMA_STR)
                  ^^^^^^^^^^^^^^^^^^^^^^^^^^^^^^^^^^^^^^^^^^^^^^^^^^^^^^^^^^^^^^^^^^^^^^^^
  File "/workspace/os_moderation/prompt_loader.py", line 80, in render_prompt
    text = load_raw_prompt(path)
           ^^^^^^^^^^^^^^^^^^^^^
  File "/workspace/os_moderation/prompt_loader.py", line 62, in load_raw_prompt
    raise FileNotFoundError(
FileNotFoundError: Prompt file not found: /workspace/os_moderation/prompt_v5.py
This pipeline never hardcodes policy/classification text — supply this file before running this stage.

[2026-09-24T18:29:38] [ERROR] rec_audio_call_426189476_audio_1788954198708.mp3 chunk@84.0s failed: Prompt file not found: /workspace/os_moderation/prompt_v5.py
This pipeline never hardcodes policy/classification text — supply this file before running this stage.
Traceback (most recent call last):
  File "/workspace/os_moderation/gemma_local.py", line 633, in process_file
    answer_text, thinking_text, raw_response, token_infos = classify_chunk(model, processor, chunk_path, thinking, logger)
                                                            ^^^^^^^^^^^^^^^^^^^^^^^^^^^^^^^^^^^^^^^^^^^^^^^^^^^^^^^^^^^^^^
  File "/workspace/os_moderation/gemma_local.py", line 330, in classify_chunk
    prompt_text = prompt_loader.render_prompt(PROMPT_PATH, json_schema_str=RAW_SCHEMA_STR)
                  ^^^^^^^^^^^^^^^^^^^^^^^^^^^^^^^^^^^^^^^^^^^^^^^^^^^^^^^^^^^^^^^^^^^^^^^^
  File "/workspace/os_moderation/prompt_loader.py", line 80, in render_prompt
    text = load_raw_prompt(path)
           ^^^^^^^^^^^^^^^^^^^^^
  File "/workspace/os_moderation/prompt_loader.py", line 62, in load_raw_prompt
    raise FileNotFoundError(
FileNotFoundError: Prompt file not found: /workspace/os_moderation/prompt_v5.py
This pipeline never hardcodes policy/classification text — supply this file before running this stage.

[2026-09-24T18:29:38] [ERROR] rec_audio_call_426189476_audio_1788954198708.mp3 chunk@112.0s failed: Prompt file not found: /workspace/os_moderation/prompt_v5.py
This pipeline never hardcodes policy/classification text — supply this file before running this stage.
Traceback (most recent call last):
  File "/workspace/os_moderation/gemma_local.py", line 633, in process_file
    answer_text, thinking_text, raw_response, token_infos = classify_chunk(model, processor, chunk_path, thinking, logger)
                                                            ^^^^^^^^^^^^^^^^^^^^^^^^^^^^^^^^^^^^^^^^^^^^^^^^^^^^^^^^^^^^^^
  File "/workspace/os_moderation/gemma_local.py", line 330, in classify_chunk
    prompt_text = prompt_loader.render_prompt(PROMPT_PATH, json_schema_str=RAW_SCHEMA_STR)
                  ^^^^^^^^^^^^^^^^^^^^^^^^^^^^^^^^^^^^^^^^^^^^^^^^^^^^^^^^^^^^^^^^^^^^^^^^
  File "/workspace/os_moderation/prompt_loader.py", line 80, in render_prompt
    text = load_raw_prompt(path)
           ^^^^^^^^^^^^^^^^^^^^^
  File "/workspace/os_moderation/prompt_loader.py", line 62, in load_raw_prompt
    raise FileNotFoundError(
FileNotFoundError: Prompt file not found: /workspace/os_moderation/prompt_v5.py
This pipeline never hardcodes policy/classification text — supply this file before running this stage.

[2026-09-24T18:29:38] [ERROR] rec_audio_call_426189476_audio_1788954198708.mp3 chunk@140.0s failed: Prompt file not found: /workspace/os_moderation/prompt_v5.py
This pipeline never hardcodes policy/classification text — supply this file before running this stage.
Traceback (most recent call last):
  File "/workspace/os_moderation/gemma_local.py", line 633, in process_file
    answer_text, thinking_text, raw_response, token_infos = classify_chunk(model, processor, chunk_path, thinking, logger)
                                                            ^^^^^^^^^^^^^^^^^^^^^^^^^^^^^^^^^^^^^^^^^^^^^^^^^^^^^^^^^^^^^^
  File "/workspace/os_moderation/gemma_local.py", line 330, in classify_chunk
    prompt_text = prompt_loader.render_prompt(PROMPT_PATH, json_schema_str=RAW_SCHEMA_STR)
                  ^^^^^^^^^^^^^^^^^^^^^^^^^^^^^^^^^^^^^^^^^^^^^^^^^^^^^^^^^^^^^^^^^^^^^^^^
  File "/workspace/os_moderation/prompt_loader.py", line 80, in render_prompt
    text = load_raw_prompt(path)
           ^^^^^^^^^^^^^^^^^^^^^
  File "/workspace/os_moderation/prompt_loader.py", line 62, in load_raw_prompt
    raise FileNotFoundError(
FileNotFoundError: Prompt file not found: /workspace/os_moderation/prompt_v5.py
This pipeline never hardcodes policy/classification text — supply this file before running this stage.

[2026-09-24T18:29:38] [ERROR] rec_audio_call_426189476_audio_1788954198708.mp3 chunk@168.0s failed: Prompt file not found: /workspace/os_moderation/prompt_v5.py
This pipeline never hardcodes policy/classification text — supply this file before running this stage.
Traceback (most recent call last):
  File "/workspace/os_moderation/gemma_local.py", line 633, in process_file
    answer_text, thinking_text, raw_response, token_infos = classify_chunk(model, processor, chunk_path, thinking, logger)
                                                            ^^^^^^^^^^^^^^^^^^^^^^^^^^^^^^^^^^^^^^^^^^^^^^^^^^^^^^^^^^^^^^
  File "/workspace/os_moderation/gemma_local.py", line 330, in classify_chunk
    prompt_text = prompt_loader.render_prompt(PROMPT_PATH, json_schema_str=RAW_SCHEMA_STR)
                  ^^^^^^^^^^^^^^^^^^^^^^^^^^^^^^^^^^^^^^^^^^^^^^^^^^^^^^^^^^^^^^^^^^^^^^^^
  File "/workspace/os_moderation/prompt_loader.py", line 80, in render_prompt
    text = load_raw_prompt(path)
           ^^^^^^^^^^^^^^^^^^^^^
  File "/workspace/os_moderation/prompt_loader.py", line 62, in load_raw_prompt
    raise FileNotFoundError(
FileNotFoundError: Prompt file not found: /workspace/os_moderation/prompt_v5.py
This pipeline never hardcodes policy/classification text — supply this file before running this stage.

[2026-09-24T18:29:38] [ERROR] rec_audio_call_426189476_audio_1788954198708.mp3 chunk@196.0s failed: Prompt file not found: /workspace/os_moderation/prompt_v5.py
This pipeline never hardcodes policy/classification text — supply this file before running this stage.
Traceback (most recent call last):
  File "/workspace/os_moderation/gemma_local.py", line 633, in process_file
    answer_text, thinking_text, raw_response, token_infos = classify_chunk(model, processor, chunk_path, thinking, logger)
                                                            ^^^^^^^^^^^^^^^^^^^^^^^^^^^^^^^^^^^^^^^^^^^^^^^^^^^^^^^^^^^^^^
  File "/workspace/os_moderation/gemma_local.py", line 330, in classify_chunk
    prompt_text = prompt_loader.render_prompt(PROMPT_PATH, json_schema_str=RAW_SCHEMA_STR)
                  ^^^^^^^^^^^^^^^^^^^^^^^^^^^^^^^^^^^^^^^^^^^^^^^^^^^^^^^^^^^^^^^^^^^^^^^^
  File "/workspace/os_moderation/prompt_loader.py", line 80, in render_prompt
    text = load_raw_prompt(path)
           ^^^^^^^^^^^^^^^^^^^^^
  File "/workspace/os_moderation/prompt_loader.py", line 62, in load_raw_prompt
    raise FileNotFoundError(
FileNotFoundError: Prompt file not found: /workspace/os_moderation/prompt_v5.py
This pipeline never hardcodes policy/classification text — supply this file before running this stage.

[2026-09-24T18:29:38] [ERROR] rec_audio_call_426189476_audio_1788954198708.mp3 chunk@224.0s failed: Prompt file not found: /workspace/os_moderation/prompt_v5.py
This pipeline never hardcodes policy/classification text — supply this file before running this stage.
Traceback (most recent call last):
  File "/workspace/os_moderation/gemma_local.py", line 633, in process_file
    answer_text, thinking_text, raw_response, token_infos = classify_chunk(model, processor, chunk_path, thinking, logger)
                                                            ^^^^^^^^^^^^^^^^^^^^^^^^^^^^^^^^^^^^^^^^^^^^^^^^^^^^^^^^^^^^^^
  File "/workspace/os_moderation/gemma_local.py", line 330, in classify_chunk
    prompt_text = prompt_loader.render_prompt(PROMPT_PATH, json_schema_str=RAW_SCHEMA_STR)
                  ^^^^^^^^^^^^^^^^^^^^^^^^^^^^^^^^^^^^^^^^^^^^^^^^^^^^^^^^^^^^^^^^^^^^^^^^
  File "/workspace/os_moderation/prompt_loader.py", line 80, in render_prompt
    text = load_raw_prompt(path)
           ^^^^^^^^^^^^^^^^^^^^^
  File "/workspace/os_moderation/prompt_loader.py", line 62, in load_raw_prompt
    raise FileNotFoundError(
FileNotFoundError: Prompt file not found: /workspace/os_moderation/prompt_v5.py
This pipeline never hardcodes policy/classification text — supply this file before running this stage.

[2026-09-24T18:29:38] [ERROR] rec_audio_call_426189476_audio_1788954198708.mp3 chunk@252.0s failed: Prompt file not found: /workspace/os_moderation/prompt_v5.py
This pipeline never hardcodes policy/classification text — supply this file before running this stage.
Traceback (most recent call last):
  File "/workspace/os_moderation/gemma_local.py", line 633, in process_file
    answer_text, thinking_text, raw_response, token_infos = classify_chunk(model, processor, chunk_path, thinking, logger)
                                                            ^^^^^^^^^^^^^^^^^^^^^^^^^^^^^^^^^^^^^^^^^^^^^^^^^^^^^^^^^^^^^^
  File "/workspace/os_moderation/gemma_local.py", line 330, in classify_chunk
    prompt_text = prompt_loader.render_prompt(PROMPT_PATH, json_schema_str=RAW_SCHEMA_STR)
                  ^^^^^^^^^^^^^^^^^^^^^^^^^^^^^^^^^^^^^^^^^^^^^^^^^^^^^^^^^^^^^^^^^^^^^^^^
  File "/workspace/os_moderation/prompt_loader.py", line 80, in render_prompt
    text = load_raw_prompt(path)
           ^^^^^^^^^^^^^^^^^^^^^
  File "/workspace/os_moderation/prompt_loader.py", line 62, in load_raw_prompt
    raise FileNotFoundError(
FileNotFoundError: Prompt file not found: /workspace/os_moderation/prompt_v5.py
This pipeline never hardcodes policy/classification text — supply this file before running this stage.

[2026-09-24T18:29:38] [ERROR] rec_audio_call_426189476_audio_1788954198708.mp3 chunk@280.0s failed: Prompt file not found: /workspace/os_moderation/prompt_v5.py
This pipeline never hardcodes policy/classification text — supply this file before running this stage.
Traceback (most recent call last):
  File "/workspace/os_moderation/gemma_local.py", line 633, in process_file
    answer_text, thinking_text, raw_response, token_infos = classify_chunk(model, processor, chunk_path, thinking, logger)
                                                            ^^^^^^^^^^^^^^^^^^^^^^^^^^^^^^^^^^^^^^^^^^^^^^^^^^^^^^^^^^^^^^
  File "/workspace/os_moderation/gemma_local.py", line 330, in classify_chunk
    prompt_text = prompt_loader.render_prompt(PROMPT_PATH, json_schema_str=RAW_SCHEMA_STR)
                  ^^^^^^^^^^^^^^^^^^^^^^^^^^^^^^^^^^^^^^^^^^^^^^^^^^^^^^^^^^^^^^^^^^^^^^^^
  File "/workspace/os_moderation/prompt_loader.py", line 80, in render_prompt
    text = load_raw_prompt(path)
           ^^^^^^^^^^^^^^^^^^^^^
  File "/workspace/os_moderation/prompt_loader.py", line 62, in load_raw_prompt
    raise FileNotFoundError(
FileNotFoundError: Prompt file not found: /workspace/os_moderation/prompt_v5.py
This pipeline never hardcodes policy/classification text — supply this file before running this stage.

[2026-09-24T18:29:38] [ERROR] rec_audio_call_426189476_audio_1788954198708.mp3 chunk@308.0s failed: Prompt file not found: /workspace/os_moderation/prompt_v5.py
This pipeline never hardcodes policy/classification text — supply this file before running this stage.
Traceback (most recent call last):
  File "/workspace/os_moderation/gemma_local.py", line 633, in process_file
    answer_text, thinking_text, raw_response, token_infos = classify_chunk(model, processor, chunk_path, thinking, logger)
                                                            ^^^^^^^^^^^^^^^^^^^^^^^^^^^^^^^^^^^^^^^^^^^^^^^^^^^^^^^^^^^^^^
  File "/workspace/os_moderation/gemma_local.py", line 330, in classify_chunk
    prompt_text = prompt_loader.render_prompt(PROMPT_PATH, json_schema_str=RAW_SCHEMA_STR)
                  ^^^^^^^^^^^^^^^^^^^^^^^^^^^^^^^^^^^^^^^^^^^^^^^^^^^^^^^^^^^^^^^^^^^^^^^^
  File "/workspace/os_moderation/prompt_loader.py", line 80, in render_prompt
    text = load_raw_prompt(path)
           ^^^^^^^^^^^^^^^^^^^^^
  File "/workspace/os_moderation/prompt_loader.py", line 62, in load_raw_prompt
    raise FileNotFoundError(
FileNotFoundError: Prompt file not found: /workspace/os_moderation/prompt_v5.py
This pipeline never hardcodes policy/classification text — supply this file before running this stage.

[2026-09-24T18:29:38] [ERROR] rec_audio_call_426189476_audio_1788954198708.mp3 chunk@336.0s failed: Prompt file not found: /workspace/os_moderation/prompt_v5.py
This pipeline never hardcodes policy/classification text — supply this file before running this stage.
Traceback (most recent call last):
  File "/workspace/os_moderation/gemma_local.py", line 633, in process_file
    answer_text, thinking_text, raw_response, token_infos = classify_chunk(model, processor, chunk_path, thinking, logger)
                                                            ^^^^^^^^^^^^^^^^^^^^^^^^^^^^^^^^^^^^^^^^^^^^^^^^^^^^^^^^^^^^^^
  File "/workspace/os_moderation/gemma_local.py", line 330, in classify_chunk
    prompt_text = prompt_loader.render_prompt(PROMPT_PATH, json_schema_str=RAW_SCHEMA_STR)
                  ^^^^^^^^^^^^^^^^^^^^^^^^^^^^^^^^^^^^^^^^^^^^^^^^^^^^^^^^^^^^^^^^^^^^^^^^
  File "/workspace/os_moderation/prompt_loader.py", line 80, in render_prompt
    text = load_raw_prompt(path)
           ^^^^^^^^^^^^^^^^^^^^^
  File "/workspace/os_moderation/prompt_loader.py", line 62, in load_raw_prompt
    raise FileNotFoundError(
FileNotFoundError: Prompt file not found: /workspace/os_moderation/prompt_v5.py
This pipeline never hardcodes policy/classification text — supply this file before running this stage.

[2026-09-24T18:29:38] [ERROR] rec_audio_call_426189476_audio_1788954198708.mp3 chunk@364.0s failed: Prompt file not found: /workspace/os_moderation/prompt_v5.py
This pipeline never hardcodes policy/classification text — supply this file before running this stage.
Traceback (most recent call last):
  File "/workspace/os_moderation/gemma_local.py", line 633, in process_file
    answer_text, thinking_text, raw_response, token_infos = classify_chunk(model, processor, chunk_path, thinking, logger)
                                                            ^^^^^^^^^^^^^^^^^^^^^^^^^^^^^^^^^^^^^^^^^^^^^^^^^^^^^^^^^^^^^^
  File "/workspace/os_moderation/gemma_local.py", line 330, in classify_chunk
    prompt_text = prompt_loader.render_prompt(PROMPT_PATH, json_schema_str=RAW_SCHEMA_STR)
                  ^^^^^^^^^^^^^^^^^^^^^^^^^^^^^^^^^^^^^^^^^^^^^^^^^^^^^^^^^^^^^^^^^^^^^^^^
  File "/workspace/os_moderation/prompt_loader.py", line 80, in render_prompt
    text = load_raw_prompt(path)
           ^^^^^^^^^^^^^^^^^^^^^
  File "/workspace/os_moderation/prompt_loader.py", line 62, in load_raw_prompt
    raise FileNotFoundError(
FileNotFoundError: Prompt file not found: /workspace/os_moderation/prompt_v5.py
This pipeline never hardcodes policy/classification text — supply this file before running this stage.

[2026-09-24T18:29:38] [ERROR] rec_audio_call_426189476_audio_1788954198708.mp3 chunk@392.0s failed: Prompt file not found: /workspace/os_moderation/prompt_v5.py
This pipeline never hardcodes policy/classification text — supply this file before running this stage.
Traceback (most recent call last):
  File "/workspace/os_moderation/gemma_local.py", line 633, in process_file
    answer_text, thinking_text, raw_response, token_infos = classify_chunk(model, processor, chunk_path, thinking, logger)
                                                            ^^^^^^^^^^^^^^^^^^^^^^^^^^^^^^^^^^^^^^^^^^^^^^^^^^^^^^^^^^^^^^
  File "/workspace/os_moderation/gemma_local.py", line 330, in classify_chunk
    prompt_text = prompt_loader.render_prompt(PROMPT_PATH, json_schema_str=RAW_SCHEMA_STR)
                  ^^^^^^^^^^^^^^^^^^^^^^^^^^^^^^^^^^^^^^^^^^^^^^^^^^^^^^^^^^^^^^^^^^^^^^^^
  File "/workspace/os_moderation/prompt_loader.py", line 80, in render_prompt
    text = load_raw_prompt(path)
           ^^^^^^^^^^^^^^^^^^^^^
  File "/workspace/os_moderation/prompt_loader.py", line 62, in load_raw_prompt
    raise FileNotFoundError(
FileNotFoundError: Prompt file not found: /workspace/os_moderation/prompt_v5.py
This pipeline never hardcodes policy/classification text — supply this file before running this stage.

[2026-09-24T18:29:38] [ERROR] rec_audio_call_426189476_audio_1788954198708.mp3 chunk@420.0s failed: Prompt file not found: /workspace/os_moderation/prompt_v5.py
This pipeline never hardcodes policy/classification text — supply this file before running this stage.
Traceback (most recent call last):
  File "/workspace/os_moderation/gemma_local.py", line 633, in process_file
    answer_text, thinking_text, raw_response, token_infos = classify_chunk(model, processor, chunk_path, thinking, logger)
                                                            ^^^^^^^^^^^^^^^^^^^^^^^^^^^^^^^^^^^^^^^^^^^^^^^^^^^^^^^^^^^^^^
  File "/workspace/os_moderation/gemma_local.py", line 330, in classify_chunk
    prompt_text = prompt_loader.render_prompt(PROMPT_PATH, json_schema_str=RAW_SCHEMA_STR)
                  ^^^^^^^^^^^^^^^^^^^^^^^^^^^^^^^^^^^^^^^^^^^^^^^^^^^^^^^^^^^^^^^^^^^^^^^^
  File "/workspace/os_moderation/prompt_loader.py", line 80, in render_prompt
    text = load_raw_prompt(path)
           ^^^^^^^^^^^^^^^^^^^^^
  File "/workspace/os_moderation/prompt_loader.py", line 62, in load_raw_prompt
    raise FileNotFoundError(
FileNotFoundError: Prompt file not found: /workspace/os_moderation/prompt_v5.py
This pipeline never hardcodes policy/classification text — supply this file before running this stage.

[2026-09-24T18:29:38] [ERROR] rec_audio_call_426189476_audio_1788954198708.mp3 chunk@448.0s failed: Prompt file not found: /workspace/os_moderation/prompt_v5.py
This pipeline never hardcodes policy/classification text — supply this file before running this stage.
Traceback (most recent call last):
  File "/workspace/os_moderation/gemma_local.py", line 633, in process_file
    answer_text, thinking_text, raw_response, token_infos = classify_chunk(model, processor, chunk_path, thinking, logger)
                                                            ^^^^^^^^^^^^^^^^^^^^^^^^^^^^^^^^^^^^^^^^^^^^^^^^^^^^^^^^^^^^^^
  File "/workspace/os_moderation/gemma_local.py", line 330, in classify_chunk
    prompt_text = prompt_loader.render_prompt(PROMPT_PATH, json_schema_str=RAW_SCHEMA_STR)
                  ^^^^^^^^^^^^^^^^^^^^^^^^^^^^^^^^^^^^^^^^^^^^^^^^^^^^^^^^^^^^^^^^^^^^^^^^
  File "/workspace/os_moderation/prompt_loader.py", line 80, in render_prompt
    text = load_raw_prompt(path)
           ^^^^^^^^^^^^^^^^^^^^^
  File "/workspace/os_moderation/prompt_loader.py", line 62, in load_raw_prompt
    raise FileNotFoundError(
FileNotFoundError: Prompt file not found: /workspace/os_moderation/prompt_v5.py
This pipeline never hardcodes policy/classification text — supply this file before running this stage.

[2026-09-24T18:29:38] [INFO] [47/50] rec_default_426600174_audio_1788985087863.mp3
[2026-09-24T18:29:39] [ERROR] rec_default_426600174_audio_1788985087863.mp3 chunk@0.0s failed: Prompt file not found: /workspace/os_moderation/prompt_v5.py
This pipeline never hardcodes policy/classification text — supply this file before running this stage.
Traceback (most recent call last):
  File "/workspace/os_moderation/gemma_local.py", line 633, in process_file
    answer_text, thinking_text, raw_response, token_infos = classify_chunk(model, processor, chunk_path, thinking, logger)
                                                            ^^^^^^^^^^^^^^^^^^^^^^^^^^^^^^^^^^^^^^^^^^^^^^^^^^^^^^^^^^^^^^
  File "/workspace/os_moderation/gemma_local.py", line 330, in classify_chunk
    prompt_text = prompt_loader.render_prompt(PROMPT_PATH, json_schema_str=RAW_SCHEMA_STR)
                  ^^^^^^^^^^^^^^^^^^^^^^^^^^^^^^^^^^^^^^^^^^^^^^^^^^^^^^^^^^^^^^^^^^^^^^^^
  File "/workspace/os_moderation/prompt_loader.py", line 80, in render_prompt
    text = load_raw_prompt(path)
           ^^^^^^^^^^^^^^^^^^^^^
  File "/workspace/os_moderation/prompt_loader.py", line 62, in load_raw_prompt
    raise FileNotFoundError(
FileNotFoundError: Prompt file not found: /workspace/os_moderation/prompt_v5.py
This pipeline never hardcodes policy/classification text — supply this file before running this stage.

[2026-09-24T18:29:39] [ERROR] rec_default_426600174_audio_1788985087863.mp3 chunk@28.0s failed: Prompt file not found: /workspace/os_moderation/prompt_v5.py
This pipeline never hardcodes policy/classification text — supply this file before running this stage.
Traceback (most recent call last):
  File "/workspace/os_moderation/gemma_local.py", line 633, in process_file
    answer_text, thinking_text, raw_response, token_infos = classify_chunk(model, processor, chunk_path, thinking, logger)
                                                            ^^^^^^^^^^^^^^^^^^^^^^^^^^^^^^^^^^^^^^^^^^^^^^^^^^^^^^^^^^^^^^
  File "/workspace/os_moderation/gemma_local.py", line 330, in classify_chunk
    prompt_text = prompt_loader.render_prompt(PROMPT_PATH, json_schema_str=RAW_SCHEMA_STR)
                  ^^^^^^^^^^^^^^^^^^^^^^^^^^^^^^^^^^^^^^^^^^^^^^^^^^^^^^^^^^^^^^^^^^^^^^^^
  File "/workspace/os_moderation/prompt_loader.py", line 80, in render_prompt
    text = load_raw_prompt(path)
           ^^^^^^^^^^^^^^^^^^^^^
  File "/workspace/os_moderation/prompt_loader.py", line 62, in load_raw_prompt
    raise FileNotFoundError(
FileNotFoundError: Prompt file not found: /workspace/os_moderation/prompt_v5.py
This pipeline never hardcodes policy/classification text — supply this file before running this stage.

[2026-09-24T18:29:39] [ERROR] rec_default_426600174_audio_1788985087863.mp3 chunk@56.0s failed: Prompt file not found: /workspace/os_moderation/prompt_v5.py
This pipeline never hardcodes policy/classification text — supply this file before running this stage.
Traceback (most recent call last):
  File "/workspace/os_moderation/gemma_local.py", line 633, in process_file
    answer_text, thinking_text, raw_response, token_infos = classify_chunk(model, processor, chunk_path, thinking, logger)
                                                            ^^^^^^^^^^^^^^^^^^^^^^^^^^^^^^^^^^^^^^^^^^^^^^^^^^^^^^^^^^^^^^
  File "/workspace/os_moderation/gemma_local.py", line 330, in classify_chunk
    prompt_text = prompt_loader.render_prompt(PROMPT_PATH, json_schema_str=RAW_SCHEMA_STR)
                  ^^^^^^^^^^^^^^^^^^^^^^^^^^^^^^^^^^^^^^^^^^^^^^^^^^^^^^^^^^^^^^^^^^^^^^^^
  File "/workspace/os_moderation/prompt_loader.py", line 80, in render_prompt
    text = load_raw_prompt(path)
           ^^^^^^^^^^^^^^^^^^^^^
  File "/workspace/os_moderation/prompt_loader.py", line 62, in load_raw_prompt
    raise FileNotFoundError(
FileNotFoundError: Prompt file not found: /workspace/os_moderation/prompt_v5.py
This pipeline never hardcodes policy/classification text — supply this file before running this stage.

[2026-09-24T18:29:39] [ERROR] rec_default_426600174_audio_1788985087863.mp3 chunk@84.0s failed: Prompt file not found: /workspace/os_moderation/prompt_v5.py
This pipeline never hardcodes policy/classification text — supply this file before running this stage.
Traceback (most recent call last):
  File "/workspace/os_moderation/gemma_local.py", line 633, in process_file
    answer_text, thinking_text, raw_response, token_infos = classify_chunk(model, processor, chunk_path, thinking, logger)
                                                            ^^^^^^^^^^^^^^^^^^^^^^^^^^^^^^^^^^^^^^^^^^^^^^^^^^^^^^^^^^^^^^
  File "/workspace/os_moderation/gemma_local.py", line 330, in classify_chunk
    prompt_text = prompt_loader.render_prompt(PROMPT_PATH, json_schema_str=RAW_SCHEMA_STR)
                  ^^^^^^^^^^^^^^^^^^^^^^^^^^^^^^^^^^^^^^^^^^^^^^^^^^^^^^^^^^^^^^^^^^^^^^^^
  File "/workspace/os_moderation/prompt_loader.py", line 80, in render_prompt
    text = load_raw_prompt(path)
           ^^^^^^^^^^^^^^^^^^^^^
  File "/workspace/os_moderation/prompt_loader.py", line 62, in load_raw_prompt
    raise FileNotFoundError(
FileNotFoundError: Prompt file not found: /workspace/os_moderation/prompt_v5.py
This pipeline never hardcodes policy/classification text — supply this file before running this stage.

[2026-09-24T18:29:39] [ERROR] rec_default_426600174_audio_1788985087863.mp3 chunk@112.0s failed: Prompt file not found: /workspace/os_moderation/prompt_v5.py
This pipeline never hardcodes policy/classification text — supply this file before running this stage.
Traceback (most recent call last):
  File "/workspace/os_moderation/gemma_local.py", line 633, in process_file
    answer_text, thinking_text, raw_response, token_infos = classify_chunk(model, processor, chunk_path, thinking, logger)
                                                            ^^^^^^^^^^^^^^^^^^^^^^^^^^^^^^^^^^^^^^^^^^^^^^^^^^^^^^^^^^^^^^
  File "/workspace/os_moderation/gemma_local.py", line 330, in classify_chunk
    prompt_text = prompt_loader.render_prompt(PROMPT_PATH, json_schema_str=RAW_SCHEMA_STR)
                  ^^^^^^^^^^^^^^^^^^^^^^^^^^^^^^^^^^^^^^^^^^^^^^^^^^^^^^^^^^^^^^^^^^^^^^^^
  File "/workspace/os_moderation/prompt_loader.py", line 80, in render_prompt
    text = load_raw_prompt(path)
           ^^^^^^^^^^^^^^^^^^^^^
  File "/workspace/os_moderation/prompt_loader.py", line 62, in load_raw_prompt
    raise FileNotFoundError(
FileNotFoundError: Prompt file not found: /workspace/os_moderation/prompt_v5.py
This pipeline never hardcodes policy/classification text — supply this file before running this stage.

[2026-09-24T18:29:39] [ERROR] rec_default_426600174_audio_1788985087863.mp3 chunk@140.0s failed: Prompt file not found: /workspace/os_moderation/prompt_v5.py
This pipeline never hardcodes policy/classification text — supply this file before running this stage.
Traceback (most recent call last):
  File "/workspace/os_moderation/gemma_local.py", line 633, in process_file
    answer_text, thinking_text, raw_response, token_infos = classify_chunk(model, processor, chunk_path, thinking, logger)
                                                            ^^^^^^^^^^^^^^^^^^^^^^^^^^^^^^^^^^^^^^^^^^^^^^^^^^^^^^^^^^^^^^
  File "/workspace/os_moderation/gemma_local.py", line 330, in classify_chunk
    prompt_text = prompt_loader.render_prompt(PROMPT_PATH, json_schema_str=RAW_SCHEMA_STR)
                  ^^^^^^^^^^^^^^^^^^^^^^^^^^^^^^^^^^^^^^^^^^^^^^^^^^^^^^^^^^^^^^^^^^^^^^^^
  File "/workspace/os_moderation/prompt_loader.py", line 80, in render_prompt
    text = load_raw_prompt(path)
           ^^^^^^^^^^^^^^^^^^^^^
  File "/workspace/os_moderation/prompt_loader.py", line 62, in load_raw_prompt
    raise FileNotFoundError(
FileNotFoundError: Prompt file not found: /workspace/os_moderation/prompt_v5.py
This pipeline never hardcodes policy/classification text — supply this file before running this stage.

[2026-09-24T18:29:39] [ERROR] rec_default_426600174_audio_1788985087863.mp3 chunk@168.0s failed: Prompt file not found: /workspace/os_moderation/prompt_v5.py
This pipeline never hardcodes policy/classification text — supply this file before running this stage.
Traceback (most recent call last):
  File "/workspace/os_moderation/gemma_local.py", line 633, in process_file
    answer_text, thinking_text, raw_response, token_infos = classify_chunk(model, processor, chunk_path, thinking, logger)
                                                            ^^^^^^^^^^^^^^^^^^^^^^^^^^^^^^^^^^^^^^^^^^^^^^^^^^^^^^^^^^^^^^
  File "/workspace/os_moderation/gemma_local.py", line 330, in classify_chunk
    prompt_text = prompt_loader.render_prompt(PROMPT_PATH, json_schema_str=RAW_SCHEMA_STR)
                  ^^^^^^^^^^^^^^^^^^^^^^^^^^^^^^^^^^^^^^^^^^^^^^^^^^^^^^^^^^^^^^^^^^^^^^^^
  File "/workspace/os_moderation/prompt_loader.py", line 80, in render_prompt
    text = load_raw_prompt(path)
           ^^^^^^^^^^^^^^^^^^^^^
  File "/workspace/os_moderation/prompt_loader.py", line 62, in load_raw_prompt
    raise FileNotFoundError(
FileNotFoundError: Prompt file not found: /workspace/os_moderation/prompt_v5.py
This pipeline never hardcodes policy/classification text — supply this file before running this stage.

[2026-09-24T18:29:39] [ERROR] rec_default_426600174_audio_1788985087863.mp3 chunk@196.0s failed: Prompt file not found: /workspace/os_moderation/prompt_v5.py
This pipeline never hardcodes policy/classification text — supply this file before running this stage.
Traceback (most recent call last):
  File "/workspace/os_moderation/gemma_local.py", line 633, in process_file
    answer_text, thinking_text, raw_response, token_infos = classify_chunk(model, processor, chunk_path, thinking, logger)
                                                            ^^^^^^^^^^^^^^^^^^^^^^^^^^^^^^^^^^^^^^^^^^^^^^^^^^^^^^^^^^^^^^
  File "/workspace/os_moderation/gemma_local.py", line 330, in classify_chunk
    prompt_text = prompt_loader.render_prompt(PROMPT_PATH, json_schema_str=RAW_SCHEMA_STR)
                  ^^^^^^^^^^^^^^^^^^^^^^^^^^^^^^^^^^^^^^^^^^^^^^^^^^^^^^^^^^^^^^^^^^^^^^^^
  File "/workspace/os_moderation/prompt_loader.py", line 80, in render_prompt
    text = load_raw_prompt(path)
           ^^^^^^^^^^^^^^^^^^^^^
  File "/workspace/os_moderation/prompt_loader.py", line 62, in load_raw_prompt
    raise FileNotFoundError(
FileNotFoundError: Prompt file not found: /workspace/os_moderation/prompt_v5.py
This pipeline never hardcodes policy/classification text — supply this file before running this stage.

[2026-09-24T18:29:39] [ERROR] rec_default_426600174_audio_1788985087863.mp3 chunk@224.0s failed: Prompt file not found: /workspace/os_moderation/prompt_v5.py
This pipeline never hardcodes policy/classification text — supply this file before running this stage.
Traceback (most recent call last):
  File "/workspace/os_moderation/gemma_local.py", line 633, in process_file
    answer_text, thinking_text, raw_response, token_infos = classify_chunk(model, processor, chunk_path, thinking, logger)
                                                            ^^^^^^^^^^^^^^^^^^^^^^^^^^^^^^^^^^^^^^^^^^^^^^^^^^^^^^^^^^^^^^
  File "/workspace/os_moderation/gemma_local.py", line 330, in classify_chunk
    prompt_text = prompt_loader.render_prompt(PROMPT_PATH, json_schema_str=RAW_SCHEMA_STR)
                  ^^^^^^^^^^^^^^^^^^^^^^^^^^^^^^^^^^^^^^^^^^^^^^^^^^^^^^^^^^^^^^^^^^^^^^^^
  File "/workspace/os_moderation/prompt_loader.py", line 80, in render_prompt
    text = load_raw_prompt(path)
           ^^^^^^^^^^^^^^^^^^^^^
  File "/workspace/os_moderation/prompt_loader.py", line 62, in load_raw_prompt
    raise FileNotFoundError(
FileNotFoundError: Prompt file not found: /workspace/os_moderation/prompt_v5.py
This pipeline never hardcodes policy/classification text — supply this file before running this stage.

[2026-09-24T18:29:39] [ERROR] rec_default_426600174_audio_1788985087863.mp3 chunk@252.0s failed: Prompt file not found: /workspace/os_moderation/prompt_v5.py
This pipeline never hardcodes policy/classification text — supply this file before running this stage.
Traceback (most recent call last):
  File "/workspace/os_moderation/gemma_local.py", line 633, in process_file
    answer_text, thinking_text, raw_response, token_infos = classify_chunk(model, processor, chunk_path, thinking, logger)
                                                            ^^^^^^^^^^^^^^^^^^^^^^^^^^^^^^^^^^^^^^^^^^^^^^^^^^^^^^^^^^^^^^
  File "/workspace/os_moderation/gemma_local.py", line 330, in classify_chunk
    prompt_text = prompt_loader.render_prompt(PROMPT_PATH, json_schema_str=RAW_SCHEMA_STR)
                  ^^^^^^^^^^^^^^^^^^^^^^^^^^^^^^^^^^^^^^^^^^^^^^^^^^^^^^^^^^^^^^^^^^^^^^^^
  File "/workspace/os_moderation/prompt_loader.py", line 80, in render_prompt
    text = load_raw_prompt(path)
           ^^^^^^^^^^^^^^^^^^^^^
  File "/workspace/os_moderation/prompt_loader.py", line 62, in load_raw_prompt
    raise FileNotFoundError(
FileNotFoundError: Prompt file not found: /workspace/os_moderation/prompt_v5.py
This pipeline never hardcodes policy/classification text — supply this file before running this stage.

[2026-09-24T18:29:39] [INFO] [48/50] rec_audio_call_427027250_audio_1789033566943.mp3
[2026-09-24T18:29:39] [ERROR] rec_audio_call_427027250_audio_1789033566943.mp3 chunk@0.0s failed: Prompt file not found: /workspace/os_moderation/prompt_v5.py
This pipeline never hardcodes policy/classification text — supply this file before running this stage.
Traceback (most recent call last):
  File "/workspace/os_moderation/gemma_local.py", line 633, in process_file
    answer_text, thinking_text, raw_response, token_infos = classify_chunk(model, processor, chunk_path, thinking, logger)
                                                            ^^^^^^^^^^^^^^^^^^^^^^^^^^^^^^^^^^^^^^^^^^^^^^^^^^^^^^^^^^^^^^
  File "/workspace/os_moderation/gemma_local.py", line 330, in classify_chunk
    prompt_text = prompt_loader.render_prompt(PROMPT_PATH, json_schema_str=RAW_SCHEMA_STR)
                  ^^^^^^^^^^^^^^^^^^^^^^^^^^^^^^^^^^^^^^^^^^^^^^^^^^^^^^^^^^^^^^^^^^^^^^^^
  File "/workspace/os_moderation/prompt_loader.py", line 80, in render_prompt
    text = load_raw_prompt(path)
           ^^^^^^^^^^^^^^^^^^^^^
  File "/workspace/os_moderation/prompt_loader.py", line 62, in load_raw_prompt
    raise FileNotFoundError(
FileNotFoundError: Prompt file not found: /workspace/os_moderation/prompt_v5.py
This pipeline never hardcodes policy/classification text — supply this file before running this stage.

[2026-09-24T18:29:39] [ERROR] rec_audio_call_427027250_audio_1789033566943.mp3 chunk@28.0s failed: Prompt file not found: /workspace/os_moderation/prompt_v5.py
This pipeline never hardcodes policy/classification text — supply this file before running this stage.
Traceback (most recent call last):
  File "/workspace/os_moderation/gemma_local.py", line 633, in process_file
    answer_text, thinking_text, raw_response, token_infos = classify_chunk(model, processor, chunk_path, thinking, logger)
                                                            ^^^^^^^^^^^^^^^^^^^^^^^^^^^^^^^^^^^^^^^^^^^^^^^^^^^^^^^^^^^^^^
  File "/workspace/os_moderation/gemma_local.py", line 330, in classify_chunk
    prompt_text = prompt_loader.render_prompt(PROMPT_PATH, json_schema_str=RAW_SCHEMA_STR)
                  ^^^^^^^^^^^^^^^^^^^^^^^^^^^^^^^^^^^^^^^^^^^^^^^^^^^^^^^^^^^^^^^^^^^^^^^^
  File "/workspace/os_moderation/prompt_loader.py", line 80, in render_prompt
    text = load_raw_prompt(path)
           ^^^^^^^^^^^^^^^^^^^^^
  File "/workspace/os_moderation/prompt_loader.py", line 62, in load_raw_prompt
    raise FileNotFoundError(
FileNotFoundError: Prompt file not found: /workspace/os_moderation/prompt_v5.py
This pipeline never hardcodes policy/classification text — supply this file before running this stage.

[2026-09-24T18:29:39] [ERROR] rec_audio_call_427027250_audio_1789033566943.mp3 chunk@56.0s failed: Prompt file not found: /workspace/os_moderation/prompt_v5.py
This pipeline never hardcodes policy/classification text — supply this file before running this stage.
Traceback (most recent call last):
  File "/workspace/os_moderation/gemma_local.py", line 633, in process_file
    answer_text, thinking_text, raw_response, token_infos = classify_chunk(model, processor, chunk_path, thinking, logger)
                                                            ^^^^^^^^^^^^^^^^^^^^^^^^^^^^^^^^^^^^^^^^^^^^^^^^^^^^^^^^^^^^^^
  File "/workspace/os_moderation/gemma_local.py", line 330, in classify_chunk
    prompt_text = prompt_loader.render_prompt(PROMPT_PATH, json_schema_str=RAW_SCHEMA_STR)
                  ^^^^^^^^^^^^^^^^^^^^^^^^^^^^^^^^^^^^^^^^^^^^^^^^^^^^^^^^^^^^^^^^^^^^^^^^
  File "/workspace/os_moderation/prompt_loader.py", line 80, in render_prompt
    text = load_raw_prompt(path)
           ^^^^^^^^^^^^^^^^^^^^^
  File "/workspace/os_moderation/prompt_loader.py", line 62, in load_raw_prompt
    raise FileNotFoundError(
FileNotFoundError: Prompt file not found: /workspace/os_moderation/prompt_v5.py
This pipeline never hardcodes policy/classification text — supply this file before running this stage.

[2026-09-24T18:29:39] [ERROR] rec_audio_call_427027250_audio_1789033566943.mp3 chunk@84.0s failed: Prompt file not found: /workspace/os_moderation/prompt_v5.py
This pipeline never hardcodes policy/classification text — supply this file before running this stage.
Traceback (most recent call last):
  File "/workspace/os_moderation/gemma_local.py", line 633, in process_file
    answer_text, thinking_text, raw_response, token_infos = classify_chunk(model, processor, chunk_path, thinking, logger)
                                                            ^^^^^^^^^^^^^^^^^^^^^^^^^^^^^^^^^^^^^^^^^^^^^^^^^^^^^^^^^^^^^^
  File "/workspace/os_moderation/gemma_local.py", line 330, in classify_chunk
    prompt_text = prompt_loader.render_prompt(PROMPT_PATH, json_schema_str=RAW_SCHEMA_STR)
                  ^^^^^^^^^^^^^^^^^^^^^^^^^^^^^^^^^^^^^^^^^^^^^^^^^^^^^^^^^^^^^^^^^^^^^^^^
  File "/workspace/os_moderation/prompt_loader.py", line 80, in render_prompt
    text = load_raw_prompt(path)
           ^^^^^^^^^^^^^^^^^^^^^
  File "/workspace/os_moderation/prompt_loader.py", line 62, in load_raw_prompt
    raise FileNotFoundError(
FileNotFoundError: Prompt file not found: /workspace/os_moderation/prompt_v5.py
This pipeline never hardcodes policy/classification text — supply this file before running this stage.

[2026-09-24T18:29:39] [INFO] [49/50] rec_default_427000374_audio_1789031836869.mp3
[2026-09-24T18:29:39] [ERROR] rec_default_427000374_audio_1789031836869.mp3 chunk@0.0s failed: Prompt file not found: /workspace/os_moderation/prompt_v5.py
This pipeline never hardcodes policy/classification text — supply this file before running this stage.
Traceback (most recent call last):
  File "/workspace/os_moderation/gemma_local.py", line 633, in process_file
    answer_text, thinking_text, raw_response, token_infos = classify_chunk(model, processor, chunk_path, thinking, logger)
                                                            ^^^^^^^^^^^^^^^^^^^^^^^^^^^^^^^^^^^^^^^^^^^^^^^^^^^^^^^^^^^^^^
  File "/workspace/os_moderation/gemma_local.py", line 330, in classify_chunk
    prompt_text = prompt_loader.render_prompt(PROMPT_PATH, json_schema_str=RAW_SCHEMA_STR)
                  ^^^^^^^^^^^^^^^^^^^^^^^^^^^^^^^^^^^^^^^^^^^^^^^^^^^^^^^^^^^^^^^^^^^^^^^^
  File "/workspace/os_moderation/prompt_loader.py", line 80, in render_prompt
    text = load_raw_prompt(path)
           ^^^^^^^^^^^^^^^^^^^^^
  File "/workspace/os_moderation/prompt_loader.py", line 62, in load_raw_prompt
    raise FileNotFoundError(
FileNotFoundError: Prompt file not found: /workspace/os_moderation/prompt_v5.py
This pipeline never hardcodes policy/classification text — supply this file before running this stage.

[2026-09-24T18:29:39] [ERROR] rec_default_427000374_audio_1789031836869.mp3 chunk@28.0s failed: Prompt file not found: /workspace/os_moderation/prompt_v5.py
This pipeline never hardcodes policy/classification text — supply this file before running this stage.
Traceback (most recent call last):
  File "/workspace/os_moderation/gemma_local.py", line 633, in process_file
    answer_text, thinking_text, raw_response, token_infos = classify_chunk(model, processor, chunk_path, thinking, logger)
                                                            ^^^^^^^^^^^^^^^^^^^^^^^^^^^^^^^^^^^^^^^^^^^^^^^^^^^^^^^^^^^^^^
  File "/workspace/os_moderation/gemma_local.py", line 330, in classify_chunk
    prompt_text = prompt_loader.render_prompt(PROMPT_PATH, json_schema_str=RAW_SCHEMA_STR)
                  ^^^^^^^^^^^^^^^^^^^^^^^^^^^^^^^^^^^^^^^^^^^^^^^^^^^^^^^^^^^^^^^^^^^^^^^^
  File "/workspace/os_moderation/prompt_loader.py", line 80, in render_prompt
    text = load_raw_prompt(path)
           ^^^^^^^^^^^^^^^^^^^^^
  File "/workspace/os_moderation/prompt_loader.py", line 62, in load_raw_prompt
    raise FileNotFoundError(
FileNotFoundError: Prompt file not found: /workspace/os_moderation/prompt_v5.py
This pipeline never hardcodes policy/classification text — supply this file before running this stage.

[2026-09-24T18:29:39] [INFO] [50/50] rec_default_427035680_audio_1789034118532.mp3
[2026-09-24T18:29:40] [ERROR] rec_default_427035680_audio_1789034118532.mp3 chunk@0.0s failed: Prompt file not found: /workspace/os_moderation/prompt_v5.py
This pipeline never hardcodes policy/classification text — supply this file before running this stage.
Traceback (most recent call last):
  File "/workspace/os_moderation/gemma_local.py", line 633, in process_file
    answer_text, thinking_text, raw_response, token_infos = classify_chunk(model, processor, chunk_path, thinking, logger)
                                                            ^^^^^^^^^^^^^^^^^^^^^^^^^^^^^^^^^^^^^^^^^^^^^^^^^^^^^^^^^^^^^^
  File "/workspace/os_moderation/gemma_local.py", line 330, in classify_chunk
    prompt_text = prompt_loader.render_prompt(PROMPT_PATH, json_schema_str=RAW_SCHEMA_STR)
                  ^^^^^^^^^^^^^^^^^^^^^^^^^^^^^^^^^^^^^^^^^^^^^^^^^^^^^^^^^^^^^^^^^^^^^^^^
  File "/workspace/os_moderation/prompt_loader.py", line 80, in render_prompt
    text = load_raw_prompt(path)
           ^^^^^^^^^^^^^^^^^^^^^
  File "/workspace/os_moderation/prompt_loader.py", line 62, in load_raw_prompt
    raise FileNotFoundError(
FileNotFoundError: Prompt file not found: /workspace/os_moderation/prompt_v5.py
This pipeline never hardcodes policy/classification text — supply this file before running this stage.

[2026-09-24T18:29:40] [ERROR] rec_default_427035680_audio_1789034118532.mp3 chunk@28.0s failed: Prompt file not found: /workspace/os_moderation/prompt_v5.py
This pipeline never hardcodes policy/classification text — supply this file before running this stage.
Traceback (most recent call last):
  File "/workspace/os_moderation/gemma_local.py", line 633, in process_file
    answer_text, thinking_text, raw_response, token_infos = classify_chunk(model, processor, chunk_path, thinking, logger)
                                                            ^^^^^^^^^^^^^^^^^^^^^^^^^^^^^^^^^^^^^^^^^^^^^^^^^^^^^^^^^^^^^^
  File "/workspace/os_moderation/gemma_local.py", line 330, in classify_chunk
    prompt_text = prompt_loader.render_prompt(PROMPT_PATH, json_schema_str=RAW_SCHEMA_STR)
                  ^^^^^^^^^^^^^^^^^^^^^^^^^^^^^^^^^^^^^^^^^^^^^^^^^^^^^^^^^^^^^^^^^^^^^^^^
  File "/workspace/os_moderation/prompt_loader.py", line 80, in render_prompt
    text = load_raw_prompt(path)
           ^^^^^^^^^^^^^^^^^^^^^
  File "/workspace/os_moderation/prompt_loader.py", line 62, in load_raw_prompt
    raise FileNotFoundError(
FileNotFoundError: Prompt file not found: /workspace/os_moderation/prompt_v5.py
This pipeline never hardcodes policy/classification text — supply this file before running this stage.

[2026-09-24T18:29:40] [ERROR] rec_default_427035680_audio_1789034118532.mp3 chunk@56.0s failed: Prompt file not found: /workspace/os_moderation/prompt_v5.py
This pipeline never hardcodes policy/classification text — supply this file before running this stage.
Traceback (most recent call last):
  File "/workspace/os_moderation/gemma_local.py", line 633, in process_file
    answer_text, thinking_text, raw_response, token_infos = classify_chunk(model, processor, chunk_path, thinking, logger)
                                                            ^^^^^^^^^^^^^^^^^^^^^^^^^^^^^^^^^^^^^^^^^^^^^^^^^^^^^^^^^^^^^^
  File "/workspace/os_moderation/gemma_local.py", line 330, in classify_chunk
    prompt_text = prompt_loader.render_prompt(PROMPT_PATH, json_schema_str=RAW_SCHEMA_STR)
                  ^^^^^^^^^^^^^^^^^^^^^^^^^^^^^^^^^^^^^^^^^^^^^^^^^^^^^^^^^^^^^^^^^^^^^^^^
  File "/workspace/os_moderation/prompt_loader.py", line 80, in render_prompt
    text = load_raw_prompt(path)
           ^^^^^^^^^^^^^^^^^^^^^
  File "/workspace/os_moderation/prompt_loader.py", line 62, in load_raw_prompt
    raise FileNotFoundError(
FileNotFoundError: Prompt file not found: /workspace/os_moderation/prompt_v5.py
This pipeline never hardcodes policy/classification text — supply this file before running this stage.

[2026-09-24T18:29:40] [ERROR] rec_default_427035680_audio_1789034118532.mp3 chunk@84.0s failed: Prompt file not found: /workspace/os_moderation/prompt_v5.py
This pipeline never hardcodes policy/classification text — supply this file before running this stage.
Traceback (most recent call last):
  File "/workspace/os_moderation/gemma_local.py", line 633, in process_file
    answer_text, thinking_text, raw_response, token_infos = classify_chunk(model, processor, chunk_path, thinking, logger)
                                                            ^^^^^^^^^^^^^^^^^^^^^^^^^^^^^^^^^^^^^^^^^^^^^^^^^^^^^^^^^^^^^^
  File "/workspace/os_moderation/gemma_local.py", line 330, in classify_chunk
    prompt_text = prompt_loader.render_prompt(PROMPT_PATH, json_schema_str=RAW_SCHEMA_STR)
                  ^^^^^^^^^^^^^^^^^^^^^^^^^^^^^^^^^^^^^^^^^^^^^^^^^^^^^^^^^^^^^^^^^^^^^^^^
  File "/workspace/os_moderation/prompt_loader.py", line 80, in render_prompt
    text = load_raw_prompt(path)
           ^^^^^^^^^^^^^^^^^^^^^
  File "/workspace/os_moderation/prompt_loader.py", line 62, in load_raw_prompt
    raise FileNotFoundError(
FileNotFoundError: Prompt file not found: /workspace/os_moderation/prompt_v5.py
This pipeline never hardcodes policy/classification text — supply this file before running this stage.

[2026-09-24T18:29:40] [ERROR] rec_default_427035680_audio_1789034118532.mp3 chunk@112.0s failed: Prompt file not found: /workspace/os_moderation/prompt_v5.py
This pipeline never hardcodes policy/classification text — supply this file before running this stage.
Traceback (most recent call last):
  File "/workspace/os_moderation/gemma_local.py", line 633, in process_file
    answer_text, thinking_text, raw_response, token_infos = classify_chunk(model, processor, chunk_path, thinking, logger)
                                                            ^^^^^^^^^^^^^^^^^^^^^^^^^^^^^^^^^^^^^^^^^^^^^^^^^^^^^^^^^^^^^^
  File "/workspace/os_moderation/gemma_local.py", line 330, in classify_chunk
    prompt_text = prompt_loader.render_prompt(PROMPT_PATH, json_schema_str=RAW_SCHEMA_STR)
                  ^^^^^^^^^^^^^^^^^^^^^^^^^^^^^^^^^^^^^^^^^^^^^^^^^^^^^^^^^^^^^^^^^^^^^^^^
  File "/workspace/os_moderation/prompt_loader.py", line 80, in render_prompt
    text = load_raw_prompt(path)
           ^^^^^^^^^^^^^^^^^^^^^
  File "/workspace/os_moderation/prompt_loader.py", line 62, in load_raw_prompt
    raise FileNotFoundError(
FileNotFoundError: Prompt file not found: /workspace/os_moderation/prompt_v5.py
This pipeline never hardcodes policy/classification text — supply this file before running this stage.

[2026-09-24T18:29:40] [ERROR] rec_default_427035680_audio_1789034118532.mp3 chunk@140.0s failed: Prompt file not found: /workspace/os_moderation/prompt_v5.py
This pipeline never hardcodes policy/classification text — supply this file before running this stage.
Traceback (most recent call last):
  File "/workspace/os_moderation/gemma_local.py", line 633, in process_file
    answer_text, thinking_text, raw_response, token_infos = classify_chunk(model, processor, chunk_path, thinking, logger)
                                                            ^^^^^^^^^^^^^^^^^^^^^^^^^^^^^^^^^^^^^^^^^^^^^^^^^^^^^^^^^^^^^^
  File "/workspace/os_moderation/gemma_local.py", line 330, in classify_chunk
    prompt_text = prompt_loader.render_prompt(PROMPT_PATH, json_schema_str=RAW_SCHEMA_STR)
                  ^^^^^^^^^^^^^^^^^^^^^^^^^^^^^^^^^^^^^^^^^^^^^^^^^^^^^^^^^^^^^^^^^^^^^^^^
  File "/workspace/os_moderation/prompt_loader.py", line 80, in render_prompt
    text = load_raw_prompt(path)
           ^^^^^^^^^^^^^^^^^^^^^
  File "/workspace/os_moderation/prompt_loader.py", line 62, in load_raw_prompt
    raise FileNotFoundError(
FileNotFoundError: Prompt file not found: /workspace/os_moderation/prompt_v5.py
This pipeline never hardcodes policy/classification text — supply this file before running this stage.

[2026-09-24T18:29:40] [ERROR] rec_default_427035680_audio_1789034118532.mp3 chunk@168.0s failed: Prompt file not found: /workspace/os_moderation/prompt_v5.py
This pipeline never hardcodes policy/classification text — supply this file before running this stage.
Traceback (most recent call last):
  File "/workspace/os_moderation/gemma_local.py", line 633, in process_file
    answer_text, thinking_text, raw_response, token_infos = classify_chunk(model, processor, chunk_path, thinking, logger)
                                                            ^^^^^^^^^^^^^^^^^^^^^^^^^^^^^^^^^^^^^^^^^^^^^^^^^^^^^^^^^^^^^^
  File "/workspace/os_moderation/gemma_local.py", line 330, in classify_chunk
    prompt_text = prompt_loader.render_prompt(PROMPT_PATH, json_schema_str=RAW_SCHEMA_STR)
                  ^^^^^^^^^^^^^^^^^^^^^^^^^^^^^^^^^^^^^^^^^^^^^^^^^^^^^^^^^^^^^^^^^^^^^^^^
  File "/workspace/os_moderation/prompt_loader.py", line 80, in render_prompt
    text = load_raw_prompt(path)
           ^^^^^^^^^^^^^^^^^^^^^
  File "/workspace/os_moderation/prompt_loader.py", line 62, in load_raw_prompt
    raise FileNotFoundError(
FileNotFoundError: Prompt file not found: /workspace/os_moderation/prompt_v5.py
This pipeline never hardcodes policy/classification text — supply this file before running this stage.

[2026-09-24T18:29:40] [INFO] Done in 33.9s — success=0 error=50 — missing fields (count of flags lacking each): c=0, speech_act=0, quote_type=0, violation=0
[2026-09-24T18:32:43] [INFO] Loading google/gemma-4-E4B-it (thinking=True)...
[2026-09-24T18:33:01] [INFO] Model loaded.
[2026-09-24T18:33:01] [INFO] [1/50] rec_audio_call_421768524_audio_1788539479106.mp3
[2026-09-24T18:33:01] [ERROR] rec_audio_call_421768524_audio_1788539479106.mp3 chunk@0.0s failed: Prompt file not found: /workspace/os_moderation/prompt_v5.py
This pipeline never hardcodes policy/classification text — supply this file before running this stage.
Traceback (most recent call last):
  File "/workspace/os_moderation/gemma_local.py", line 633, in process_file
    answer_text, thinking_text, raw_response, token_infos = classify_chunk(model, processor, chunk_path, thinking, logger)
                                                            ^^^^^^^^^^^^^^^^^^^^^^^^^^^^^^^^^^^^^^^^^^^^^^^^^^^^^^^^^^^^^^
  File "/workspace/os_moderation/gemma_local.py", line 330, in classify_chunk
    prompt_text = prompt_loader.render_prompt(PROMPT_PATH, json_schema_str=RAW_SCHEMA_STR)
                  ^^^^^^^^^^^^^^^^^^^^^^^^^^^^^^^^^^^^^^^^^^^^^^^^^^^^^^^^^^^^^^^^^^^^^^^^
  File "/workspace/os_moderation/prompt_loader.py", line 80, in render_prompt
    text = load_raw_prompt(path)
           ^^^^^^^^^^^^^^^^^^^^^
  File "/workspace/os_moderation/prompt_loader.py", line 62, in load_raw_prompt
    raise FileNotFoundError(
FileNotFoundError: Prompt file not found: /workspace/os_moderation/prompt_v5.py
This pipeline never hardcodes policy/classification text — supply this file before running this stage.

[2026-09-24T18:33:01] [INFO] [2/50] rec_default_420147298_audio_1788380486702.mp3
[2026-09-24T18:33:03] [ERROR] rec_default_420147298_audio_1788380486702.mp3 chunk@0.0s failed: Prompt file not found: /workspace/os_moderation/prompt_v5.py
This pipeline never hardcodes policy/classification text — supply this file before running this stage.
Traceback (most recent call last):
  File "/workspace/os_moderation/gemma_local.py", line 633, in process_file
    answer_text, thinking_text, raw_response, token_infos = classify_chunk(model, processor, chunk_path, thinking, logger)
                                                            ^^^^^^^^^^^^^^^^^^^^^^^^^^^^^^^^^^^^^^^^^^^^^^^^^^^^^^^^^^^^^^
  File "/workspace/os_moderation/gemma_local.py", line 330, in classify_chunk
    prompt_text = prompt_loader.render_prompt(PROMPT_PATH, json_schema_str=RAW_SCHEMA_STR)
                  ^^^^^^^^^^^^^^^^^^^^^^^^^^^^^^^^^^^^^^^^^^^^^^^^^^^^^^^^^^^^^^^^^^^^^^^^
  File "/workspace/os_moderation/prompt_loader.py", line 80, in render_prompt
    text = load_raw_prompt(path)
           ^^^^^^^^^^^^^^^^^^^^^
  File "/workspace/os_moderation/prompt_loader.py", line 62, in load_raw_prompt
    raise FileNotFoundError(
FileNotFoundError: Prompt file not found: /workspace/os_moderation/prompt_v5.py
This pipeline never hardcodes policy/classification text — supply this file before running this stage.

[2026-09-24T18:33:03] [ERROR] rec_default_420147298_audio_1788380486702.mp3 chunk@28.0s failed: Prompt file not found: /workspace/os_moderation/prompt_v5.py
This pipeline never hardcodes policy/classification text — supply this file before running this stage.
Traceback (most recent call last):
  File "/workspace/os_moderation/gemma_local.py", line 633, in process_file
    answer_text, thinking_text, raw_response, token_infos = classify_chunk(model, processor, chunk_path, thinking, logger)
                                                            ^^^^^^^^^^^^^^^^^^^^^^^^^^^^^^^^^^^^^^^^^^^^^^^^^^^^^^^^^^^^^^
  File "/workspace/os_moderation/gemma_local.py", line 330, in classify_chunk
    prompt_text = prompt_loader.render_prompt(PROMPT_PATH, json_schema_str=RAW_SCHEMA_STR)
                  ^^^^^^^^^^^^^^^^^^^^^^^^^^^^^^^^^^^^^^^^^^^^^^^^^^^^^^^^^^^^^^^^^^^^^^^^
  File "/workspace/os_moderation/prompt_loader.py", line 80, in render_prompt
    text = load_raw_prompt(path)
           ^^^^^^^^^^^^^^^^^^^^^
  File "/workspace/os_moderation/prompt_loader.py", line 62, in load_raw_prompt
    raise FileNotFoundError(
FileNotFoundError: Prompt file not found: /workspace/os_moderation/prompt_v5.py
This pipeline never hardcodes policy/classification text — supply this file before running this stage.

[2026-09-24T18:33:03] [ERROR] rec_default_420147298_audio_1788380486702.mp3 chunk@56.0s failed: Prompt file not found: /workspace/os_moderation/prompt_v5.py
This pipeline never hardcodes policy/classification text — supply this file before running this stage.
Traceback (most recent call last):
  File "/workspace/os_moderation/gemma_local.py", line 633, in process_file
    answer_text, thinking_text, raw_response, token_infos = classify_chunk(model, processor, chunk_path, thinking, logger)
                                                            ^^^^^^^^^^^^^^^^^^^^^^^^^^^^^^^^^^^^^^^^^^^^^^^^^^^^^^^^^^^^^^
  File "/workspace/os_moderation/gemma_local.py", line 330, in classify_chunk
    prompt_text = prompt_loader.render_prompt(PROMPT_PATH, json_schema_str=RAW_SCHEMA_STR)
                  ^^^^^^^^^^^^^^^^^^^^^^^^^^^^^^^^^^^^^^^^^^^^^^^^^^^^^^^^^^^^^^^^^^^^^^^^
  File "/workspace/os_moderation/prompt_loader.py", line 80, in render_prompt
    text = load_raw_prompt(path)
           ^^^^^^^^^^^^^^^^^^^^^
  File "/workspace/os_moderation/prompt_loader.py", line 62, in load_raw_prompt
    raise FileNotFoundError(
FileNotFoundError: Prompt file not found: /workspace/os_moderation/prompt_v5.py
This pipeline never hardcodes policy/classification text — supply this file before running this stage.

[2026-09-24T18:33:03] [ERROR] rec_default_420147298_audio_1788380486702.mp3 chunk@84.0s failed: Prompt file not found: /workspace/os_moderation/prompt_v5.py
This pipeline never hardcodes policy/classification text — supply this file before running this stage.
Traceback (most recent call last):
  File "/workspace/os_moderation/gemma_local.py", line 633, in process_file
    answer_text, thinking_text, raw_response, token_infos = classify_chunk(model, processor, chunk_path, thinking, logger)
                                                            ^^^^^^^^^^^^^^^^^^^^^^^^^^^^^^^^^^^^^^^^^^^^^^^^^^^^^^^^^^^^^^
  File "/workspace/os_moderation/gemma_local.py", line 330, in classify_chunk
    prompt_text = prompt_loader.render_prompt(PROMPT_PATH, json_schema_str=RAW_SCHEMA_STR)
                  ^^^^^^^^^^^^^^^^^^^^^^^^^^^^^^^^^^^^^^^^^^^^^^^^^^^^^^^^^^^^^^^^^^^^^^^^
  File "/workspace/os_moderation/prompt_loader.py", line 80, in render_prompt
    text = load_raw_prompt(path)
           ^^^^^^^^^^^^^^^^^^^^^
  File "/workspace/os_moderation/prompt_loader.py", line 62, in load_raw_prompt
    raise FileNotFoundError(
FileNotFoundError: Prompt file not found: /workspace/os_moderation/prompt_v5.py
This pipeline never hardcodes policy/classification text — supply this file before running this stage.

[2026-09-24T18:33:03] [ERROR] rec_default_420147298_audio_1788380486702.mp3 chunk@112.0s failed: Prompt file not found: /workspace/os_moderation/prompt_v5.py
This pipeline never hardcodes policy/classification text — supply this file before running this stage.
Traceback (most recent call last):
  File "/workspace/os_moderation/gemma_local.py", line 633, in process_file
    answer_text, thinking_text, raw_response, token_infos = classify_chunk(model, processor, chunk_path, thinking, logger)
                                                            ^^^^^^^^^^^^^^^^^^^^^^^^^^^^^^^^^^^^^^^^^^^^^^^^^^^^^^^^^^^^^^
  File "/workspace/os_moderation/gemma_local.py", line 330, in classify_chunk
    prompt_text = prompt_loader.render_prompt(PROMPT_PATH, json_schema_str=RAW_SCHEMA_STR)
                  ^^^^^^^^^^^^^^^^^^^^^^^^^^^^^^^^^^^^^^^^^^^^^^^^^^^^^^^^^^^^^^^^^^^^^^^^
  File "/workspace/os_moderation/prompt_loader.py", line 80, in render_prompt
    text = load_raw_prompt(path)
           ^^^^^^^^^^^^^^^^^^^^^
  File "/workspace/os_moderation/prompt_loader.py", line 62, in load_raw_prompt
    raise FileNotFoundError(
FileNotFoundError: Prompt file not found: /workspace/os_moderation/prompt_v5.py
This pipeline never hardcodes policy/classification text — supply this file before running this stage.

[2026-09-24T18:33:03] [ERROR] rec_default_420147298_audio_1788380486702.mp3 chunk@140.0s failed: Prompt file not found: /workspace/os_moderation/prompt_v5.py
This pipeline never hardcodes policy/classification text — supply this file before running this stage.
Traceback (most recent call last):
  File "/workspace/os_moderation/gemma_local.py", line 633, in process_file
    answer_text, thinking_text, raw_response, token_infos = classify_chunk(model, processor, chunk_path, thinking, logger)
                                                            ^^^^^^^^^^^^^^^^^^^^^^^^^^^^^^^^^^^^^^^^^^^^^^^^^^^^^^^^^^^^^^
  File "/workspace/os_moderation/gemma_local.py", line 330, in classify_chunk
    prompt_text = prompt_loader.render_prompt(PROMPT_PATH, json_schema_str=RAW_SCHEMA_STR)
                  ^^^^^^^^^^^^^^^^^^^^^^^^^^^^^^^^^^^^^^^^^^^^^^^^^^^^^^^^^^^^^^^^^^^^^^^^
  File "/workspace/os_moderation/prompt_loader.py", line 80, in render_prompt
    text = load_raw_prompt(path)
           ^^^^^^^^^^^^^^^^^^^^^
  File "/workspace/os_moderation/prompt_loader.py", line 62, in load_raw_prompt
    raise FileNotFoundError(
FileNotFoundError: Prompt file not found: /workspace/os_moderation/prompt_v5.py
This pipeline never hardcodes policy/classification text — supply this file before running this stage.

[2026-09-24T18:33:03] [ERROR] rec_default_420147298_audio_1788380486702.mp3 chunk@168.0s failed: Prompt file not found: /workspace/os_moderation/prompt_v5.py
This pipeline never hardcodes policy/classification text — supply this file before running this stage.
Traceback (most recent call last):
  File "/workspace/os_moderation/gemma_local.py", line 633, in process_file
    answer_text, thinking_text, raw_response, token_infos = classify_chunk(model, processor, chunk_path, thinking, logger)
                                                            ^^^^^^^^^^^^^^^^^^^^^^^^^^^^^^^^^^^^^^^^^^^^^^^^^^^^^^^^^^^^^^
  File "/workspace/os_moderation/gemma_local.py", line 330, in classify_chunk
    prompt_text = prompt_loader.render_prompt(PROMPT_PATH, json_schema_str=RAW_SCHEMA_STR)
                  ^^^^^^^^^^^^^^^^^^^^^^^^^^^^^^^^^^^^^^^^^^^^^^^^^^^^^^^^^^^^^^^^^^^^^^^^
  File "/workspace/os_moderation/prompt_loader.py", line 80, in render_prompt
    text = load_raw_prompt(path)
           ^^^^^^^^^^^^^^^^^^^^^
  File "/workspace/os_moderation/prompt_loader.py", line 62, in load_raw_prompt
    raise FileNotFoundError(
FileNotFoundError: Prompt file not found: /workspace/os_moderation/prompt_v5.py
This pipeline never hardcodes policy/classification text — supply this file before running this stage.

[2026-09-24T18:33:03] [ERROR] rec_default_420147298_audio_1788380486702.mp3 chunk@196.0s failed: Prompt file not found: /workspace/os_moderation/prompt_v5.py
This pipeline never hardcodes policy/classification text — supply this file before running this stage.
Traceback (most recent call last):
  File "/workspace/os_moderation/gemma_local.py", line 633, in process_file
    answer_text, thinking_text, raw_response, token_infos = classify_chunk(model, processor, chunk_path, thinking, logger)
                                                            ^^^^^^^^^^^^^^^^^^^^^^^^^^^^^^^^^^^^^^^^^^^^^^^^^^^^^^^^^^^^^^
  File "/workspace/os_moderation/gemma_local.py", line 330, in classify_chunk
    prompt_text = prompt_loader.render_prompt(PROMPT_PATH, json_schema_str=RAW_SCHEMA_STR)
                  ^^^^^^^^^^^^^^^^^^^^^^^^^^^^^^^^^^^^^^^^^^^^^^^^^^^^^^^^^^^^^^^^^^^^^^^^
  File "/workspace/os_moderation/prompt_loader.py", line 80, in render_prompt
    text = load_raw_prompt(path)
           ^^^^^^^^^^^^^^^^^^^^^
  File "/workspace/os_moderation/prompt_loader.py", line 62, in load_raw_prompt
    raise FileNotFoundError(
FileNotFoundError: Prompt file not found: /workspace/os_moderation/prompt_v5.py
This pipeline never hardcodes policy/classification text — supply this file before running this stage.

[2026-09-24T18:33:03] [ERROR] rec_default_420147298_audio_1788380486702.mp3 chunk@224.0s failed: Prompt file not found: /workspace/os_moderation/prompt_v5.py
This pipeline never hardcodes policy/classification text — supply this file before running this stage.
Traceback (most recent call last):
  File "/workspace/os_moderation/gemma_local.py", line 633, in process_file
    answer_text, thinking_text, raw_response, token_infos = classify_chunk(model, processor, chunk_path, thinking, logger)
                                                            ^^^^^^^^^^^^^^^^^^^^^^^^^^^^^^^^^^^^^^^^^^^^^^^^^^^^^^^^^^^^^^
  File "/workspace/os_moderation/gemma_local.py", line 330, in classify_chunk
    prompt_text = prompt_loader.render_prompt(PROMPT_PATH, json_schema_str=RAW_SCHEMA_STR)
                  ^^^^^^^^^^^^^^^^^^^^^^^^^^^^^^^^^^^^^^^^^^^^^^^^^^^^^^^^^^^^^^^^^^^^^^^^
  File "/workspace/os_moderation/prompt_loader.py", line 80, in render_prompt
    text = load_raw_prompt(path)
           ^^^^^^^^^^^^^^^^^^^^^
  File "/workspace/os_moderation/prompt_loader.py", line 62, in load_raw_prompt
    raise FileNotFoundError(
FileNotFoundError: Prompt file not found: /workspace/os_moderation/prompt_v5.py
This pipeline never hardcodes policy/classification text — supply this file before running this stage.

[2026-09-24T18:33:03] [ERROR] rec_default_420147298_audio_1788380486702.mp3 chunk@252.0s failed: Prompt file not found: /workspace/os_moderation/prompt_v5.py
This pipeline never hardcodes policy/classification text — supply this file before running this stage.
Traceback (most recent call last):
  File "/workspace/os_moderation/gemma_local.py", line 633, in process_file
    answer_text, thinking_text, raw_response, token_infos = classify_chunk(model, processor, chunk_path, thinking, logger)
                                                            ^^^^^^^^^^^^^^^^^^^^^^^^^^^^^^^^^^^^^^^^^^^^^^^^^^^^^^^^^^^^^^
  File "/workspace/os_moderation/gemma_local.py", line 330, in classify_chunk
    prompt_text = prompt_loader.render_prompt(PROMPT_PATH, json_schema_str=RAW_SCHEMA_STR)
                  ^^^^^^^^^^^^^^^^^^^^^^^^^^^^^^^^^^^^^^^^^^^^^^^^^^^^^^^^^^^^^^^^^^^^^^^^
  File "/workspace/os_moderation/prompt_loader.py", line 80, in render_prompt
    text = load_raw_prompt(path)
           ^^^^^^^^^^^^^^^^^^^^^
  File "/workspace/os_moderation/prompt_loader.py", line 62, in load_raw_prompt
    raise FileNotFoundError(
FileNotFoundError: Prompt file not found: /workspace/os_moderation/prompt_v5.py
This pipeline never hardcodes policy/classification text — supply this file before running this stage.

[2026-09-24T18:33:03] [ERROR] rec_default_420147298_audio_1788380486702.mp3 chunk@280.0s failed: Prompt file not found: /workspace/os_moderation/prompt_v5.py
This pipeline never hardcodes policy/classification text — supply this file before running this stage.
Traceback (most recent call last):
  File "/workspace/os_moderation/gemma_local.py", line 633, in process_file
    answer_text, thinking_text, raw_response, token_infos = classify_chunk(model, processor, chunk_path, thinking, logger)
                                                            ^^^^^^^^^^^^^^^^^^^^^^^^^^^^^^^^^^^^^^^^^^^^^^^^^^^^^^^^^^^^^^
  File "/workspace/os_moderation/gemma_local.py", line 330, in classify_chunk
    prompt_text = prompt_loader.render_prompt(PROMPT_PATH, json_schema_str=RAW_SCHEMA_STR)
                  ^^^^^^^^^^^^^^^^^^^^^^^^^^^^^^^^^^^^^^^^^^^^^^^^^^^^^^^^^^^^^^^^^^^^^^^^
  File "/workspace/os_moderation/prompt_loader.py", line 80, in render_prompt
    text = load_raw_prompt(path)
           ^^^^^^^^^^^^^^^^^^^^^
  File "/workspace/os_moderation/prompt_loader.py", line 62, in load_raw_prompt
    raise FileNotFoundError(
FileNotFoundError: Prompt file not found: /workspace/os_moderation/prompt_v5.py
This pipeline never hardcodes policy/classification text — supply this file before running this stage.

[2026-09-24T18:33:03] [ERROR] rec_default_420147298_audio_1788380486702.mp3 chunk@308.0s failed: Prompt file not found: /workspace/os_moderation/prompt_v5.py
This pipeline never hardcodes policy/classification text — supply this file before running this stage.
Traceback (most recent call last):
  File "/workspace/os_moderation/gemma_local.py", line 633, in process_file
    answer_text, thinking_text, raw_response, token_infos = classify_chunk(model, processor, chunk_path, thinking, logger)
                                                            ^^^^^^^^^^^^^^^^^^^^^^^^^^^^^^^^^^^^^^^^^^^^^^^^^^^^^^^^^^^^^^
  File "/workspace/os_moderation/gemma_local.py", line 330, in classify_chunk
    prompt_text = prompt_loader.render_prompt(PROMPT_PATH, json_schema_str=RAW_SCHEMA_STR)
                  ^^^^^^^^^^^^^^^^^^^^^^^^^^^^^^^^^^^^^^^^^^^^^^^^^^^^^^^^^^^^^^^^^^^^^^^^
  File "/workspace/os_moderation/prompt_loader.py", line 80, in render_prompt
    text = load_raw_prompt(path)
           ^^^^^^^^^^^^^^^^^^^^^
  File "/workspace/os_moderation/prompt_loader.py", line 62, in load_raw_prompt
    raise FileNotFoundError(
FileNotFoundError: Prompt file not found: /workspace/os_moderation/prompt_v5.py
This pipeline never hardcodes policy/classification text — supply this file before running this stage.

[2026-09-24T18:33:03] [ERROR] rec_default_420147298_audio_1788380486702.mp3 chunk@336.0s failed: Prompt file not found: /workspace/os_moderation/prompt_v5.py
This pipeline never hardcodes policy/classification text — supply this file before running this stage.
Traceback (most recent call last):
  File "/workspace/os_moderation/gemma_local.py", line 633, in process_file
    answer_text, thinking_text, raw_response, token_infos = classify_chunk(model, processor, chunk_path, thinking, logger)
                                                            ^^^^^^^^^^^^^^^^^^^^^^^^^^^^^^^^^^^^^^^^^^^^^^^^^^^^^^^^^^^^^^
  File "/workspace/os_moderation/gemma_local.py", line 330, in classify_chunk
    prompt_text = prompt_loader.render_prompt(PROMPT_PATH, json_schema_str=RAW_SCHEMA_STR)
                  ^^^^^^^^^^^^^^^^^^^^^^^^^^^^^^^^^^^^^^^^^^^^^^^^^^^^^^^^^^^^^^^^^^^^^^^^
  File "/workspace/os_moderation/prompt_loader.py", line 80, in render_prompt
    text = load_raw_prompt(path)
           ^^^^^^^^^^^^^^^^^^^^^
  File "/workspace/os_moderation/prompt_loader.py", line 62, in load_raw_prompt
    raise FileNotFoundError(
FileNotFoundError: Prompt file not found: /workspace/os_moderation/prompt_v5.py
This pipeline never hardcodes policy/classification text — supply this file before running this stage.

[2026-09-24T18:33:03] [ERROR] rec_default_420147298_audio_1788380486702.mp3 chunk@364.0s failed: Prompt file not found: /workspace/os_moderation/prompt_v5.py
This pipeline never hardcodes policy/classification text — supply this file before running this stage.
Traceback (most recent call last):
  File "/workspace/os_moderation/gemma_local.py", line 633, in process_file
    answer_text, thinking_text, raw_response, token_infos = classify_chunk(model, processor, chunk_path, thinking, logger)
                                                            ^^^^^^^^^^^^^^^^^^^^^^^^^^^^^^^^^^^^^^^^^^^^^^^^^^^^^^^^^^^^^^
  File "/workspace/os_moderation/gemma_local.py", line 330, in classify_chunk
    prompt_text = prompt_loader.render_prompt(PROMPT_PATH, json_schema_str=RAW_SCHEMA_STR)
                  ^^^^^^^^^^^^^^^^^^^^^^^^^^^^^^^^^^^^^^^^^^^^^^^^^^^^^^^^^^^^^^^^^^^^^^^^
  File "/workspace/os_moderation/prompt_loader.py", line 80, in render_prompt
    text = load_raw_prompt(path)
           ^^^^^^^^^^^^^^^^^^^^^
  File "/workspace/os_moderation/prompt_loader.py", line 62, in load_raw_prompt
    raise FileNotFoundError(
FileNotFoundError: Prompt file not found: /workspace/os_moderation/prompt_v5.py
This pipeline never hardcodes policy/classification text — supply this file before running this stage.

[2026-09-24T18:33:03] [INFO] [3/50] rec_audio_call_425933838_audio_1788934868635.mp3
[2026-09-24T18:33:04] [ERROR] rec_audio_call_425933838_audio_1788934868635.mp3 chunk@0.0s failed: Prompt file not found: /workspace/os_moderation/prompt_v5.py
This pipeline never hardcodes policy/classification text — supply this file before running this stage.
Traceback (most recent call last):
  File "/workspace/os_moderation/gemma_local.py", line 633, in process_file
    answer_text, thinking_text, raw_response, token_infos = classify_chunk(model, processor, chunk_path, thinking, logger)
                                                            ^^^^^^^^^^^^^^^^^^^^^^^^^^^^^^^^^^^^^^^^^^^^^^^^^^^^^^^^^^^^^^
  File "/workspace/os_moderation/gemma_local.py", line 330, in classify_chunk
    prompt_text = prompt_loader.render_prompt(PROMPT_PATH, json_schema_str=RAW_SCHEMA_STR)
                  ^^^^^^^^^^^^^^^^^^^^^^^^^^^^^^^^^^^^^^^^^^^^^^^^^^^^^^^^^^^^^^^^^^^^^^^^
  File "/workspace/os_moderation/prompt_loader.py", line 80, in render_prompt
    text = load_raw_prompt(path)
           ^^^^^^^^^^^^^^^^^^^^^
  File "/workspace/os_moderation/prompt_loader.py", line 62, in load_raw_prompt
    raise FileNotFoundError(
FileNotFoundError: Prompt file not found: /workspace/os_moderation/prompt_v5.py
This pipeline never hardcodes policy/classification text — supply this file before running this stage.

[2026-09-24T18:33:04] [ERROR] rec_audio_call_425933838_audio_1788934868635.mp3 chunk@28.0s failed: Prompt file not found: /workspace/os_moderation/prompt_v5.py
This pipeline never hardcodes policy/classification text — supply this file before running this stage.
Traceback (most recent call last):
  File "/workspace/os_moderation/gemma_local.py", line 633, in process_file
    answer_text, thinking_text, raw_response, token_infos = classify_chunk(model, processor, chunk_path, thinking, logger)
                                                            ^^^^^^^^^^^^^^^^^^^^^^^^^^^^^^^^^^^^^^^^^^^^^^^^^^^^^^^^^^^^^^
  File "/workspace/os_moderation/gemma_local.py", line 330, in classify_chunk
    prompt_text = prompt_loader.render_prompt(PROMPT_PATH, json_schema_str=RAW_SCHEMA_STR)
                  ^^^^^^^^^^^^^^^^^^^^^^^^^^^^^^^^^^^^^^^^^^^^^^^^^^^^^^^^^^^^^^^^^^^^^^^^
  File "/workspace/os_moderation/prompt_loader.py", line 80, in render_prompt
    text = load_raw_prompt(path)
           ^^^^^^^^^^^^^^^^^^^^^
  File "/workspace/os_moderation/prompt_loader.py", line 62, in load_raw_prompt
    raise FileNotFoundError(
FileNotFoundError: Prompt file not found: /workspace/os_moderation/prompt_v5.py
This pipeline never hardcodes policy/classification text — supply this file before running this stage.

[2026-09-24T18:33:04] [ERROR] rec_audio_call_425933838_audio_1788934868635.mp3 chunk@56.0s failed: Prompt file not found: /workspace/os_moderation/prompt_v5.py
This pipeline never hardcodes policy/classification text — supply this file before running this stage.
Traceback (most recent call last):
  File "/workspace/os_moderation/gemma_local.py", line 633, in process_file
    answer_text, thinking_text, raw_response, token_infos = classify_chunk(model, processor, chunk_path, thinking, logger)
                                                            ^^^^^^^^^^^^^^^^^^^^^^^^^^^^^^^^^^^^^^^^^^^^^^^^^^^^^^^^^^^^^^
  File "/workspace/os_moderation/gemma_local.py", line 330, in classify_chunk
    prompt_text = prompt_loader.render_prompt(PROMPT_PATH, json_schema_str=RAW_SCHEMA_STR)
                  ^^^^^^^^^^^^^^^^^^^^^^^^^^^^^^^^^^^^^^^^^^^^^^^^^^^^^^^^^^^^^^^^^^^^^^^^
  File "/workspace/os_moderation/prompt_loader.py", line 80, in render_prompt
    text = load_raw_prompt(path)
           ^^^^^^^^^^^^^^^^^^^^^
  File "/workspace/os_moderation/prompt_loader.py", line 62, in load_raw_prompt
    raise FileNotFoundError(
FileNotFoundError: Prompt file not found: /workspace/os_moderation/prompt_v5.py
This pipeline never hardcodes policy/classification text — supply this file before running this stage.

[2026-09-24T18:33:04] [ERROR] rec_audio_call_425933838_audio_1788934868635.mp3 chunk@84.0s failed: Prompt file not found: /workspace/os_moderation/prompt_v5.py
This pipeline never hardcodes policy/classification text — supply this file before running this stage.
Traceback (most recent call last):
  File "/workspace/os_moderation/gemma_local.py", line 633, in process_file
    answer_text, thinking_text, raw_response, token_infos = classify_chunk(model, processor, chunk_path, thinking, logger)
                                                            ^^^^^^^^^^^^^^^^^^^^^^^^^^^^^^^^^^^^^^^^^^^^^^^^^^^^^^^^^^^^^^
  File "/workspace/os_moderation/gemma_local.py", line 330, in classify_chunk
    prompt_text = prompt_loader.render_prompt(PROMPT_PATH, json_schema_str=RAW_SCHEMA_STR)
                  ^^^^^^^^^^^^^^^^^^^^^^^^^^^^^^^^^^^^^^^^^^^^^^^^^^^^^^^^^^^^^^^^^^^^^^^^
  File "/workspace/os_moderation/prompt_loader.py", line 80, in render_prompt
    text = load_raw_prompt(path)
           ^^^^^^^^^^^^^^^^^^^^^
  File "/workspace/os_moderation/prompt_loader.py", line 62, in load_raw_prompt
    raise FileNotFoundError(
FileNotFoundError: Prompt file not found: /workspace/os_moderation/prompt_v5.py
This pipeline never hardcodes policy/classification text — supply this file before running this stage.

[2026-09-24T18:33:04] [ERROR] rec_audio_call_425933838_audio_1788934868635.mp3 chunk@112.0s failed: Prompt file not found: /workspace/os_moderation/prompt_v5.py
This pipeline never hardcodes policy/classification text — supply this file before running this stage.
Traceback (most recent call last):
  File "/workspace/os_moderation/gemma_local.py", line 633, in process_file
    answer_text, thinking_text, raw_response, token_infos = classify_chunk(model, processor, chunk_path, thinking, logger)
                                                            ^^^^^^^^^^^^^^^^^^^^^^^^^^^^^^^^^^^^^^^^^^^^^^^^^^^^^^^^^^^^^^
  File "/workspace/os_moderation/gemma_local.py", line 330, in classify_chunk
    prompt_text = prompt_loader.render_prompt(PROMPT_PATH, json_schema_str=RAW_SCHEMA_STR)
                  ^^^^^^^^^^^^^^^^^^^^^^^^^^^^^^^^^^^^^^^^^^^^^^^^^^^^^^^^^^^^^^^^^^^^^^^^
  File "/workspace/os_moderation/prompt_loader.py", line 80, in render_prompt
    text = load_raw_prompt(path)
           ^^^^^^^^^^^^^^^^^^^^^
  File "/workspace/os_moderation/prompt_loader.py", line 62, in load_raw_prompt
    raise FileNotFoundError(
FileNotFoundError: Prompt file not found: /workspace/os_moderation/prompt_v5.py
This pipeline never hardcodes policy/classification text — supply this file before running this stage.

[2026-09-24T18:33:04] [ERROR] rec_audio_call_425933838_audio_1788934868635.mp3 chunk@140.0s failed: Prompt file not found: /workspace/os_moderation/prompt_v5.py
This pipeline never hardcodes policy/classification text — supply this file before running this stage.
Traceback (most recent call last):
  File "/workspace/os_moderation/gemma_local.py", line 633, in process_file
    answer_text, thinking_text, raw_response, token_infos = classify_chunk(model, processor, chunk_path, thinking, logger)
                                                            ^^^^^^^^^^^^^^^^^^^^^^^^^^^^^^^^^^^^^^^^^^^^^^^^^^^^^^^^^^^^^^
  File "/workspace/os_moderation/gemma_local.py", line 330, in classify_chunk
    prompt_text = prompt_loader.render_prompt(PROMPT_PATH, json_schema_str=RAW_SCHEMA_STR)
                  ^^^^^^^^^^^^^^^^^^^^^^^^^^^^^^^^^^^^^^^^^^^^^^^^^^^^^^^^^^^^^^^^^^^^^^^^
  File "/workspace/os_moderation/prompt_loader.py", line 80, in render_prompt
    text = load_raw_prompt(path)
           ^^^^^^^^^^^^^^^^^^^^^
  File "/workspace/os_moderation/prompt_loader.py", line 62, in load_raw_prompt
    raise FileNotFoundError(
FileNotFoundError: Prompt file not found: /workspace/os_moderation/prompt_v5.py
This pipeline never hardcodes policy/classification text — supply this file before running this stage.

[2026-09-24T18:33:04] [ERROR] rec_audio_call_425933838_audio_1788934868635.mp3 chunk@168.0s failed: Prompt file not found: /workspace/os_moderation/prompt_v5.py
This pipeline never hardcodes policy/classification text — supply this file before running this stage.
Traceback (most recent call last):
  File "/workspace/os_moderation/gemma_local.py", line 633, in process_file
    answer_text, thinking_text, raw_response, token_infos = classify_chunk(model, processor, chunk_path, thinking, logger)
                                                            ^^^^^^^^^^^^^^^^^^^^^^^^^^^^^^^^^^^^^^^^^^^^^^^^^^^^^^^^^^^^^^
  File "/workspace/os_moderation/gemma_local.py", line 330, in classify_chunk
    prompt_text = prompt_loader.render_prompt(PROMPT_PATH, json_schema_str=RAW_SCHEMA_STR)
                  ^^^^^^^^^^^^^^^^^^^^^^^^^^^^^^^^^^^^^^^^^^^^^^^^^^^^^^^^^^^^^^^^^^^^^^^^
  File "/workspace/os_moderation/prompt_loader.py", line 80, in render_prompt
    text = load_raw_prompt(path)
           ^^^^^^^^^^^^^^^^^^^^^
  File "/workspace/os_moderation/prompt_loader.py", line 62, in load_raw_prompt
    raise FileNotFoundError(
FileNotFoundError: Prompt file not found: /workspace/os_moderation/prompt_v5.py
This pipeline never hardcodes policy/classification text — supply this file before running this stage.

[2026-09-24T18:33:04] [ERROR] rec_audio_call_425933838_audio_1788934868635.mp3 chunk@196.0s failed: Prompt file not found: /workspace/os_moderation/prompt_v5.py
This pipeline never hardcodes policy/classification text — supply this file before running this stage.
Traceback (most recent call last):
  File "/workspace/os_moderation/gemma_local.py", line 633, in process_file
    answer_text, thinking_text, raw_response, token_infos = classify_chunk(model, processor, chunk_path, thinking, logger)
                                                            ^^^^^^^^^^^^^^^^^^^^^^^^^^^^^^^^^^^^^^^^^^^^^^^^^^^^^^^^^^^^^^
  File "/workspace/os_moderation/gemma_local.py", line 330, in classify_chunk
    prompt_text = prompt_loader.render_prompt(PROMPT_PATH, json_schema_str=RAW_SCHEMA_STR)
                  ^^^^^^^^^^^^^^^^^^^^^^^^^^^^^^^^^^^^^^^^^^^^^^^^^^^^^^^^^^^^^^^^^^^^^^^^
  File "/workspace/os_moderation/prompt_loader.py", line 80, in render_prompt
    text = load_raw_prompt(path)
           ^^^^^^^^^^^^^^^^^^^^^
  File "/workspace/os_moderation/prompt_loader.py", line 62, in load_raw_prompt
    raise FileNotFoundError(
FileNotFoundError: Prompt file not found: /workspace/os_moderation/prompt_v5.py
This pipeline never hardcodes policy/classification text — supply this file before running this stage.

[2026-09-24T18:33:04] [ERROR] rec_audio_call_425933838_audio_1788934868635.mp3 chunk@224.0s failed: Prompt file not found: /workspace/os_moderation/prompt_v5.py
This pipeline never hardcodes policy/classification text — supply this file before running this stage.
Traceback (most recent call last):
  File "/workspace/os_moderation/gemma_local.py", line 633, in process_file
    answer_text, thinking_text, raw_response, token_infos = classify_chunk(model, processor, chunk_path, thinking, logger)
                                                            ^^^^^^^^^^^^^^^^^^^^^^^^^^^^^^^^^^^^^^^^^^^^^^^^^^^^^^^^^^^^^^
  File "/workspace/os_moderation/gemma_local.py", line 330, in classify_chunk
    prompt_text = prompt_loader.render_prompt(PROMPT_PATH, json_schema_str=RAW_SCHEMA_STR)
                  ^^^^^^^^^^^^^^^^^^^^^^^^^^^^^^^^^^^^^^^^^^^^^^^^^^^^^^^^^^^^^^^^^^^^^^^^
  File "/workspace/os_moderation/prompt_loader.py", line 80, in render_prompt
    text = load_raw_prompt(path)
           ^^^^^^^^^^^^^^^^^^^^^
  File "/workspace/os_moderation/prompt_loader.py", line 62, in load_raw_prompt
    raise FileNotFoundError(
FileNotFoundError: Prompt file not found: /workspace/os_moderation/prompt_v5.py
This pipeline never hardcodes policy/classification text — supply this file before running this stage.

[2026-09-24T18:33:04] [INFO] [4/50] rec_default_425778316_audio_1788916552817.mp3
[2026-09-24T18:33:05] [ERROR] rec_default_425778316_audio_1788916552817.mp3 chunk@0.0s failed: Prompt file not found: /workspace/os_moderation/prompt_v5.py
This pipeline never hardcodes policy/classification text — supply this file before running this stage.
Traceback (most recent call last):
  File "/workspace/os_moderation/gemma_local.py", line 633, in process_file
    answer_text, thinking_text, raw_response, token_infos = classify_chunk(model, processor, chunk_path, thinking, logger)
                                                            ^^^^^^^^^^^^^^^^^^^^^^^^^^^^^^^^^^^^^^^^^^^^^^^^^^^^^^^^^^^^^^
  File "/workspace/os_moderation/gemma_local.py", line 330, in classify_chunk
    prompt_text = prompt_loader.render_prompt(PROMPT_PATH, json_schema_str=RAW_SCHEMA_STR)
                  ^^^^^^^^^^^^^^^^^^^^^^^^^^^^^^^^^^^^^^^^^^^^^^^^^^^^^^^^^^^^^^^^^^^^^^^^
  File "/workspace/os_moderation/prompt_loader.py", line 80, in render_prompt
    text = load_raw_prompt(path)
           ^^^^^^^^^^^^^^^^^^^^^
  File "/workspace/os_moderation/prompt_loader.py", line 62, in load_raw_prompt
    raise FileNotFoundError(
FileNotFoundError: Prompt file not found: /workspace/os_moderation/prompt_v5.py
This pipeline never hardcodes policy/classification text — supply this file before running this stage.

[2026-09-24T18:33:05] [ERROR] rec_default_425778316_audio_1788916552817.mp3 chunk@28.0s failed: Prompt file not found: /workspace/os_moderation/prompt_v5.py
This pipeline never hardcodes policy/classification text — supply this file before running this stage.
Traceback (most recent call last):
  File "/workspace/os_moderation/gemma_local.py", line 633, in process_file
    answer_text, thinking_text, raw_response, token_infos = classify_chunk(model, processor, chunk_path, thinking, logger)
                                                            ^^^^^^^^^^^^^^^^^^^^^^^^^^^^^^^^^^^^^^^^^^^^^^^^^^^^^^^^^^^^^^
  File "/workspace/os_moderation/gemma_local.py", line 330, in classify_chunk
    prompt_text = prompt_loader.render_prompt(PROMPT_PATH, json_schema_str=RAW_SCHEMA_STR)
                  ^^^^^^^^^^^^^^^^^^^^^^^^^^^^^^^^^^^^^^^^^^^^^^^^^^^^^^^^^^^^^^^^^^^^^^^^
  File "/workspace/os_moderation/prompt_loader.py", line 80, in render_prompt
    text = load_raw_prompt(path)
           ^^^^^^^^^^^^^^^^^^^^^
  File "/workspace/os_moderation/prompt_loader.py", line 62, in load_raw_prompt
    raise FileNotFoundError(
FileNotFoundError: Prompt file not found: /workspace/os_moderation/prompt_v5.py
This pipeline never hardcodes policy/classification text — supply this file before running this stage.

[2026-09-24T18:33:05] [INFO] [5/50] rec_audio_call_423351802_audio_1788689747483.mp3
[2026-09-24T18:33:05] [ERROR] rec_audio_call_423351802_audio_1788689747483.mp3 chunk@0.0s failed: Prompt file not found: /workspace/os_moderation/prompt_v5.py
This pipeline never hardcodes policy/classification text — supply this file before running this stage.
Traceback (most recent call last):
  File "/workspace/os_moderation/gemma_local.py", line 633, in process_file
    answer_text, thinking_text, raw_response, token_infos = classify_chunk(model, processor, chunk_path, thinking, logger)
                                                            ^^^^^^^^^^^^^^^^^^^^^^^^^^^^^^^^^^^^^^^^^^^^^^^^^^^^^^^^^^^^^^
  File "/workspace/os_moderation/gemma_local.py", line 330, in classify_chunk
    prompt_text = prompt_loader.render_prompt(PROMPT_PATH, json_schema_str=RAW_SCHEMA_STR)
                  ^^^^^^^^^^^^^^^^^^^^^^^^^^^^^^^^^^^^^^^^^^^^^^^^^^^^^^^^^^^^^^^^^^^^^^^^
  File "/workspace/os_moderation/prompt_loader.py", line 80, in render_prompt
    text = load_raw_prompt(path)
           ^^^^^^^^^^^^^^^^^^^^^
  File "/workspace/os_moderation/prompt_loader.py", line 62, in load_raw_prompt
    raise FileNotFoundError(
FileNotFoundError: Prompt file not found: /workspace/os_moderation/prompt_v5.py
This pipeline never hardcodes policy/classification text — supply this file before running this stage.

[2026-09-24T18:33:05] [ERROR] rec_audio_call_423351802_audio_1788689747483.mp3 chunk@28.0s failed: Prompt file not found: /workspace/os_moderation/prompt_v5.py
This pipeline never hardcodes policy/classification text — supply this file before running this stage.
Traceback (most recent call last):
  File "/workspace/os_moderation/gemma_local.py", line 633, in process_file
    answer_text, thinking_text, raw_response, token_infos = classify_chunk(model, processor, chunk_path, thinking, logger)
                                                            ^^^^^^^^^^^^^^^^^^^^^^^^^^^^^^^^^^^^^^^^^^^^^^^^^^^^^^^^^^^^^^
  File "/workspace/os_moderation/gemma_local.py", line 330, in classify_chunk
    prompt_text = prompt_loader.render_prompt(PROMPT_PATH, json_schema_str=RAW_SCHEMA_STR)
                  ^^^^^^^^^^^^^^^^^^^^^^^^^^^^^^^^^^^^^^^^^^^^^^^^^^^^^^^^^^^^^^^^^^^^^^^^
  File "/workspace/os_moderation/prompt_loader.py", line 80, in render_prompt
    text = load_raw_prompt(path)
           ^^^^^^^^^^^^^^^^^^^^^
  File "/workspace/os_moderation/prompt_loader.py", line 62, in load_raw_prompt
    raise FileNotFoundError(
FileNotFoundError: Prompt file not found: /workspace/os_moderation/prompt_v5.py
This pipeline never hardcodes policy/classification text — supply this file before running this stage.

[2026-09-24T18:33:05] [ERROR] rec_audio_call_423351802_audio_1788689747483.mp3 chunk@56.0s failed: Prompt file not found: /workspace/os_moderation/prompt_v5.py
This pipeline never hardcodes policy/classification text — supply this file before running this stage.
Traceback (most recent call last):
  File "/workspace/os_moderation/gemma_local.py", line 633, in process_file
    answer_text, thinking_text, raw_response, token_infos = classify_chunk(model, processor, chunk_path, thinking, logger)
                                                            ^^^^^^^^^^^^^^^^^^^^^^^^^^^^^^^^^^^^^^^^^^^^^^^^^^^^^^^^^^^^^^
  File "/workspace/os_moderation/gemma_local.py", line 330, in classify_chunk
    prompt_text = prompt_loader.render_prompt(PROMPT_PATH, json_schema_str=RAW_SCHEMA_STR)
                  ^^^^^^^^^^^^^^^^^^^^^^^^^^^^^^^^^^^^^^^^^^^^^^^^^^^^^^^^^^^^^^^^^^^^^^^^
  File "/workspace/os_moderation/prompt_loader.py", line 80, in render_prompt
    text = load_raw_prompt(path)
           ^^^^^^^^^^^^^^^^^^^^^
  File "/workspace/os_moderation/prompt_loader.py", line 62, in load_raw_prompt
    raise FileNotFoundError(
FileNotFoundError: Prompt file not found: /workspace/os_moderation/prompt_v5.py
This pipeline never hardcodes policy/classification text — supply this file before running this stage.

[2026-09-24T18:33:05] [INFO] [6/50] rec_audio_call_423591955_audio_1788711572217.mp3
[2026-09-24T18:33:05] [ERROR] rec_audio_call_423591955_audio_1788711572217.mp3 chunk@0.0s failed: Prompt file not found: /workspace/os_moderation/prompt_v5.py
This pipeline never hardcodes policy/classification text — supply this file before running this stage.
Traceback (most recent call last):
  File "/workspace/os_moderation/gemma_local.py", line 633, in process_file
    answer_text, thinking_text, raw_response, token_infos = classify_chunk(model, processor, chunk_path, thinking, logger)
                                                            ^^^^^^^^^^^^^^^^^^^^^^^^^^^^^^^^^^^^^^^^^^^^^^^^^^^^^^^^^^^^^^
  File "/workspace/os_moderation/gemma_local.py", line 330, in classify_chunk
    prompt_text = prompt_loader.render_prompt(PROMPT_PATH, json_schema_str=RAW_SCHEMA_STR)
                  ^^^^^^^^^^^^^^^^^^^^^^^^^^^^^^^^^^^^^^^^^^^^^^^^^^^^^^^^^^^^^^^^^^^^^^^^
  File "/workspace/os_moderation/prompt_loader.py", line 80, in render_prompt
    text = load_raw_prompt(path)
           ^^^^^^^^^^^^^^^^^^^^^
  File "/workspace/os_moderation/prompt_loader.py", line 62, in load_raw_prompt
    raise FileNotFoundError(
FileNotFoundError: Prompt file not found: /workspace/os_moderation/prompt_v5.py
This pipeline never hardcodes policy/classification text — supply this file before running this stage.

[2026-09-24T18:33:05] [ERROR] rec_audio_call_423591955_audio_1788711572217.mp3 chunk@28.0s failed: Prompt file not found: /workspace/os_moderation/prompt_v5.py
This pipeline never hardcodes policy/classification text — supply this file before running this stage.
Traceback (most recent call last):
  File "/workspace/os_moderation/gemma_local.py", line 633, in process_file
    answer_text, thinking_text, raw_response, token_infos = classify_chunk(model, processor, chunk_path, thinking, logger)
                                                            ^^^^^^^^^^^^^^^^^^^^^^^^^^^^^^^^^^^^^^^^^^^^^^^^^^^^^^^^^^^^^^
  File "/workspace/os_moderation/gemma_local.py", line 330, in classify_chunk
    prompt_text = prompt_loader.render_prompt(PROMPT_PATH, json_schema_str=RAW_SCHEMA_STR)
                  ^^^^^^^^^^^^^^^^^^^^^^^^^^^^^^^^^^^^^^^^^^^^^^^^^^^^^^^^^^^^^^^^^^^^^^^^
  File "/workspace/os_moderation/prompt_loader.py", line 80, in render_prompt
    text = load_raw_prompt(path)
           ^^^^^^^^^^^^^^^^^^^^^
  File "/workspace/os_moderation/prompt_loader.py", line 62, in load_raw_prompt
    raise FileNotFoundError(
FileNotFoundError: Prompt file not found: /workspace/os_moderation/prompt_v5.py
This pipeline never hardcodes policy/classification text — supply this file before running this stage.

[2026-09-24T18:33:05] [ERROR] rec_audio_call_423591955_audio_1788711572217.mp3 chunk@56.0s failed: Prompt file not found: /workspace/os_moderation/prompt_v5.py
This pipeline never hardcodes policy/classification text — supply this file before running this stage.
Traceback (most recent call last):
  File "/workspace/os_moderation/gemma_local.py", line 633, in process_file
    answer_text, thinking_text, raw_response, token_infos = classify_chunk(model, processor, chunk_path, thinking, logger)
                                                            ^^^^^^^^^^^^^^^^^^^^^^^^^^^^^^^^^^^^^^^^^^^^^^^^^^^^^^^^^^^^^^
  File "/workspace/os_moderation/gemma_local.py", line 330, in classify_chunk
    prompt_text = prompt_loader.render_prompt(PROMPT_PATH, json_schema_str=RAW_SCHEMA_STR)
                  ^^^^^^^^^^^^^^^^^^^^^^^^^^^^^^^^^^^^^^^^^^^^^^^^^^^^^^^^^^^^^^^^^^^^^^^^
  File "/workspace/os_moderation/prompt_loader.py", line 80, in render_prompt
    text = load_raw_prompt(path)
           ^^^^^^^^^^^^^^^^^^^^^
  File "/workspace/os_moderation/prompt_loader.py", line 62, in load_raw_prompt
    raise FileNotFoundError(
FileNotFoundError: Prompt file not found: /workspace/os_moderation/prompt_v5.py
This pipeline never hardcodes policy/classification text — supply this file before running this stage.

[2026-09-24T18:33:05] [ERROR] rec_audio_call_423591955_audio_1788711572217.mp3 chunk@84.0s failed: Prompt file not found: /workspace/os_moderation/prompt_v5.py
This pipeline never hardcodes policy/classification text — supply this file before running this stage.
Traceback (most recent call last):
  File "/workspace/os_moderation/gemma_local.py", line 633, in process_file
    answer_text, thinking_text, raw_response, token_infos = classify_chunk(model, processor, chunk_path, thinking, logger)
                                                            ^^^^^^^^^^^^^^^^^^^^^^^^^^^^^^^^^^^^^^^^^^^^^^^^^^^^^^^^^^^^^^
  File "/workspace/os_moderation/gemma_local.py", line 330, in classify_chunk
    prompt_text = prompt_loader.render_prompt(PROMPT_PATH, json_schema_str=RAW_SCHEMA_STR)
                  ^^^^^^^^^^^^^^^^^^^^^^^^^^^^^^^^^^^^^^^^^^^^^^^^^^^^^^^^^^^^^^^^^^^^^^^^
  File "/workspace/os_moderation/prompt_loader.py", line 80, in render_prompt
    text = load_raw_prompt(path)
           ^^^^^^^^^^^^^^^^^^^^^
  File "/workspace/os_moderation/prompt_loader.py", line 62, in load_raw_prompt
    raise FileNotFoundError(
FileNotFoundError: Prompt file not found: /workspace/os_moderation/prompt_v5.py
This pipeline never hardcodes policy/classification text — supply this file before running this stage.

[2026-09-24T18:33:05] [INFO] [7/50] rec_audio_call_426101059_audio_1788947560284.mp3
[2026-09-24T18:33:07] [ERROR] rec_audio_call_426101059_audio_1788947560284.mp3 chunk@0.0s failed: Prompt file not found: /workspace/os_moderation/prompt_v5.py
This pipeline never hardcodes policy/classification text — supply this file before running this stage.
Traceback (most recent call last):
  File "/workspace/os_moderation/gemma_local.py", line 633, in process_file
    answer_text, thinking_text, raw_response, token_infos = classify_chunk(model, processor, chunk_path, thinking, logger)
                                                            ^^^^^^^^^^^^^^^^^^^^^^^^^^^^^^^^^^^^^^^^^^^^^^^^^^^^^^^^^^^^^^
  File "/workspace/os_moderation/gemma_local.py", line 330, in classify_chunk
    prompt_text = prompt_loader.render_prompt(PROMPT_PATH, json_schema_str=RAW_SCHEMA_STR)
                  ^^^^^^^^^^^^^^^^^^^^^^^^^^^^^^^^^^^^^^^^^^^^^^^^^^^^^^^^^^^^^^^^^^^^^^^^
  File "/workspace/os_moderation/prompt_loader.py", line 80, in render_prompt
    text = load_raw_prompt(path)
           ^^^^^^^^^^^^^^^^^^^^^
  File "/workspace/os_moderation/prompt_loader.py", line 62, in load_raw_prompt
    raise FileNotFoundError(
FileNotFoundError: Prompt file not found: /workspace/os_moderation/prompt_v5.py
This pipeline never hardcodes policy/classification text — supply this file before running this stage.

[2026-09-24T18:33:07] [ERROR] rec_audio_call_426101059_audio_1788947560284.mp3 chunk@28.0s failed: Prompt file not found: /workspace/os_moderation/prompt_v5.py
This pipeline never hardcodes policy/classification text — supply this file before running this stage.
Traceback (most recent call last):
  File "/workspace/os_moderation/gemma_local.py", line 633, in process_file
    answer_text, thinking_text, raw_response, token_infos = classify_chunk(model, processor, chunk_path, thinking, logger)
                                                            ^^^^^^^^^^^^^^^^^^^^^^^^^^^^^^^^^^^^^^^^^^^^^^^^^^^^^^^^^^^^^^
  File "/workspace/os_moderation/gemma_local.py", line 330, in classify_chunk
    prompt_text = prompt_loader.render_prompt(PROMPT_PATH, json_schema_str=RAW_SCHEMA_STR)
                  ^^^^^^^^^^^^^^^^^^^^^^^^^^^^^^^^^^^^^^^^^^^^^^^^^^^^^^^^^^^^^^^^^^^^^^^^
  File "/workspace/os_moderation/prompt_loader.py", line 80, in render_prompt
    text = load_raw_prompt(path)
           ^^^^^^^^^^^^^^^^^^^^^
  File "/workspace/os_moderation/prompt_loader.py", line 62, in load_raw_prompt
    raise FileNotFoundError(
FileNotFoundError: Prompt file not found: /workspace/os_moderation/prompt_v5.py
This pipeline never hardcodes policy/classification text — supply this file before running this stage.

[2026-09-24T18:33:07] [ERROR] rec_audio_call_426101059_audio_1788947560284.mp3 chunk@56.0s failed: Prompt file not found: /workspace/os_moderation/prompt_v5.py
This pipeline never hardcodes policy/classification text — supply this file before running this stage.
Traceback (most recent call last):
  File "/workspace/os_moderation/gemma_local.py", line 633, in process_file
    answer_text, thinking_text, raw_response, token_infos = classify_chunk(model, processor, chunk_path, thinking, logger)
                                                            ^^^^^^^^^^^^^^^^^^^^^^^^^^^^^^^^^^^^^^^^^^^^^^^^^^^^^^^^^^^^^^
  File "/workspace/os_moderation/gemma_local.py", line 330, in classify_chunk
    prompt_text = prompt_loader.render_prompt(PROMPT_PATH, json_schema_str=RAW_SCHEMA_STR)
                  ^^^^^^^^^^^^^^^^^^^^^^^^^^^^^^^^^^^^^^^^^^^^^^^^^^^^^^^^^^^^^^^^^^^^^^^^
  File "/workspace/os_moderation/prompt_loader.py", line 80, in render_prompt
    text = load_raw_prompt(path)
           ^^^^^^^^^^^^^^^^^^^^^
  File "/workspace/os_moderation/prompt_loader.py", line 62, in load_raw_prompt
    raise FileNotFoundError(
FileNotFoundError: Prompt file not found: /workspace/os_moderation/prompt_v5.py
This pipeline never hardcodes policy/classification text — supply this file before running this stage.

[2026-09-24T18:33:07] [ERROR] rec_audio_call_426101059_audio_1788947560284.mp3 chunk@84.0s failed: Prompt file not found: /workspace/os_moderation/prompt_v5.py
This pipeline never hardcodes policy/classification text — supply this file before running this stage.
Traceback (most recent call last):
  File "/workspace/os_moderation/gemma_local.py", line 633, in process_file
    answer_text, thinking_text, raw_response, token_infos = classify_chunk(model, processor, chunk_path, thinking, logger)
                                                            ^^^^^^^^^^^^^^^^^^^^^^^^^^^^^^^^^^^^^^^^^^^^^^^^^^^^^^^^^^^^^^
  File "/workspace/os_moderation/gemma_local.py", line 330, in classify_chunk
    prompt_text = prompt_loader.render_prompt(PROMPT_PATH, json_schema_str=RAW_SCHEMA_STR)
                  ^^^^^^^^^^^^^^^^^^^^^^^^^^^^^^^^^^^^^^^^^^^^^^^^^^^^^^^^^^^^^^^^^^^^^^^^
  File "/workspace/os_moderation/prompt_loader.py", line 80, in render_prompt
    text = load_raw_prompt(path)
           ^^^^^^^^^^^^^^^^^^^^^
  File "/workspace/os_moderation/prompt_loader.py", line 62, in load_raw_prompt
    raise FileNotFoundError(
FileNotFoundError: Prompt file not found: /workspace/os_moderation/prompt_v5.py
This pipeline never hardcodes policy/classification text — supply this file before running this stage.

[2026-09-24T18:33:07] [ERROR] rec_audio_call_426101059_audio_1788947560284.mp3 chunk@112.0s failed: Prompt file not found: /workspace/os_moderation/prompt_v5.py
This pipeline never hardcodes policy/classification text — supply this file before running this stage.
Traceback (most recent call last):
  File "/workspace/os_moderation/gemma_local.py", line 633, in process_file
    answer_text, thinking_text, raw_response, token_infos = classify_chunk(model, processor, chunk_path, thinking, logger)
                                                            ^^^^^^^^^^^^^^^^^^^^^^^^^^^^^^^^^^^^^^^^^^^^^^^^^^^^^^^^^^^^^^
  File "/workspace/os_moderation/gemma_local.py", line 330, in classify_chunk
    prompt_text = prompt_loader.render_prompt(PROMPT_PATH, json_schema_str=RAW_SCHEMA_STR)
                  ^^^^^^^^^^^^^^^^^^^^^^^^^^^^^^^^^^^^^^^^^^^^^^^^^^^^^^^^^^^^^^^^^^^^^^^^
  File "/workspace/os_moderation/prompt_loader.py", line 80, in render_prompt
    text = load_raw_prompt(path)
           ^^^^^^^^^^^^^^^^^^^^^
  File "/workspace/os_moderation/prompt_loader.py", line 62, in load_raw_prompt
    raise FileNotFoundError(
FileNotFoundError: Prompt file not found: /workspace/os_moderation/prompt_v5.py
This pipeline never hardcodes policy/classification text — supply this file before running this stage.

[2026-09-24T18:33:07] [ERROR] rec_audio_call_426101059_audio_1788947560284.mp3 chunk@140.0s failed: Prompt file not found: /workspace/os_moderation/prompt_v5.py
This pipeline never hardcodes policy/classification text — supply this file before running this stage.
Traceback (most recent call last):
  File "/workspace/os_moderation/gemma_local.py", line 633, in process_file
    answer_text, thinking_text, raw_response, token_infos = classify_chunk(model, processor, chunk_path, thinking, logger)
                                                            ^^^^^^^^^^^^^^^^^^^^^^^^^^^^^^^^^^^^^^^^^^^^^^^^^^^^^^^^^^^^^^
  File "/workspace/os_moderation/gemma_local.py", line 330, in classify_chunk
    prompt_text = prompt_loader.render_prompt(PROMPT_PATH, json_schema_str=RAW_SCHEMA_STR)
                  ^^^^^^^^^^^^^^^^^^^^^^^^^^^^^^^^^^^^^^^^^^^^^^^^^^^^^^^^^^^^^^^^^^^^^^^^
  File "/workspace/os_moderation/prompt_loader.py", line 80, in render_prompt
    text = load_raw_prompt(path)
           ^^^^^^^^^^^^^^^^^^^^^
  File "/workspace/os_moderation/prompt_loader.py", line 62, in load_raw_prompt
    raise FileNotFoundError(
FileNotFoundError: Prompt file not found: /workspace/os_moderation/prompt_v5.py
This pipeline never hardcodes policy/classification text — supply this file before running this stage.

[2026-09-24T18:33:07] [ERROR] rec_audio_call_426101059_audio_1788947560284.mp3 chunk@168.0s failed: Prompt file not found: /workspace/os_moderation/prompt_v5.py
This pipeline never hardcodes policy/classification text — supply this file before running this stage.
Traceback (most recent call last):
  File "/workspace/os_moderation/gemma_local.py", line 633, in process_file
    answer_text, thinking_text, raw_response, token_infos = classify_chunk(model, processor, chunk_path, thinking, logger)
                                                            ^^^^^^^^^^^^^^^^^^^^^^^^^^^^^^^^^^^^^^^^^^^^^^^^^^^^^^^^^^^^^^
  File "/workspace/os_moderation/gemma_local.py", line 330, in classify_chunk
    prompt_text = prompt_loader.render_prompt(PROMPT_PATH, json_schema_str=RAW_SCHEMA_STR)
                  ^^^^^^^^^^^^^^^^^^^^^^^^^^^^^^^^^^^^^^^^^^^^^^^^^^^^^^^^^^^^^^^^^^^^^^^^
  File "/workspace/os_moderation/prompt_loader.py", line 80, in render_prompt
    text = load_raw_prompt(path)
           ^^^^^^^^^^^^^^^^^^^^^
  File "/workspace/os_moderation/prompt_loader.py", line 62, in load_raw_prompt
    raise FileNotFoundError(
FileNotFoundError: Prompt file not found: /workspace/os_moderation/prompt_v5.py
This pipeline never hardcodes policy/classification text — supply this file before running this stage.

[2026-09-24T18:33:07] [ERROR] rec_audio_call_426101059_audio_1788947560284.mp3 chunk@196.0s failed: Prompt file not found: /workspace/os_moderation/prompt_v5.py
This pipeline never hardcodes policy/classification text — supply this file before running this stage.
Traceback (most recent call last):
  File "/workspace/os_moderation/gemma_local.py", line 633, in process_file
    answer_text, thinking_text, raw_response, token_infos = classify_chunk(model, processor, chunk_path, thinking, logger)
                                                            ^^^^^^^^^^^^^^^^^^^^^^^^^^^^^^^^^^^^^^^^^^^^^^^^^^^^^^^^^^^^^^
  File "/workspace/os_moderation/gemma_local.py", line 330, in classify_chunk
    prompt_text = prompt_loader.render_prompt(PROMPT_PATH, json_schema_str=RAW_SCHEMA_STR)
                  ^^^^^^^^^^^^^^^^^^^^^^^^^^^^^^^^^^^^^^^^^^^^^^^^^^^^^^^^^^^^^^^^^^^^^^^^
  File "/workspace/os_moderation/prompt_loader.py", line 80, in render_prompt
    text = load_raw_prompt(path)
           ^^^^^^^^^^^^^^^^^^^^^
  File "/workspace/os_moderation/prompt_loader.py", line 62, in load_raw_prompt
    raise FileNotFoundError(
FileNotFoundError: Prompt file not found: /workspace/os_moderation/prompt_v5.py
This pipeline never hardcodes policy/classification text — supply this file before running this stage.

[2026-09-24T18:33:07] [ERROR] rec_audio_call_426101059_audio_1788947560284.mp3 chunk@224.0s failed: Prompt file not found: /workspace/os_moderation/prompt_v5.py
This pipeline never hardcodes policy/classification text — supply this file before running this stage.
Traceback (most recent call last):
  File "/workspace/os_moderation/gemma_local.py", line 633, in process_file
    answer_text, thinking_text, raw_response, token_infos = classify_chunk(model, processor, chunk_path, thinking, logger)
                                                            ^^^^^^^^^^^^^^^^^^^^^^^^^^^^^^^^^^^^^^^^^^^^^^^^^^^^^^^^^^^^^^
  File "/workspace/os_moderation/gemma_local.py", line 330, in classify_chunk
    prompt_text = prompt_loader.render_prompt(PROMPT_PATH, json_schema_str=RAW_SCHEMA_STR)
                  ^^^^^^^^^^^^^^^^^^^^^^^^^^^^^^^^^^^^^^^^^^^^^^^^^^^^^^^^^^^^^^^^^^^^^^^^
  File "/workspace/os_moderation/prompt_loader.py", line 80, in render_prompt
    text = load_raw_prompt(path)
           ^^^^^^^^^^^^^^^^^^^^^
  File "/workspace/os_moderation/prompt_loader.py", line 62, in load_raw_prompt
    raise FileNotFoundError(
FileNotFoundError: Prompt file not found: /workspace/os_moderation/prompt_v5.py
This pipeline never hardcodes policy/classification text — supply this file before running this stage.

[2026-09-24T18:33:07] [ERROR] rec_audio_call_426101059_audio_1788947560284.mp3 chunk@252.0s failed: Prompt file not found: /workspace/os_moderation/prompt_v5.py
This pipeline never hardcodes policy/classification text — supply this file before running this stage.
Traceback (most recent call last):
  File "/workspace/os_moderation/gemma_local.py", line 633, in process_file
    answer_text, thinking_text, raw_response, token_infos = classify_chunk(model, processor, chunk_path, thinking, logger)
                                                            ^^^^^^^^^^^^^^^^^^^^^^^^^^^^^^^^^^^^^^^^^^^^^^^^^^^^^^^^^^^^^^
  File "/workspace/os_moderation/gemma_local.py", line 330, in classify_chunk
    prompt_text = prompt_loader.render_prompt(PROMPT_PATH, json_schema_str=RAW_SCHEMA_STR)
                  ^^^^^^^^^^^^^^^^^^^^^^^^^^^^^^^^^^^^^^^^^^^^^^^^^^^^^^^^^^^^^^^^^^^^^^^^
  File "/workspace/os_moderation/prompt_loader.py", line 80, in render_prompt
    text = load_raw_prompt(path)
           ^^^^^^^^^^^^^^^^^^^^^
  File "/workspace/os_moderation/prompt_loader.py", line 62, in load_raw_prompt
    raise FileNotFoundError(
FileNotFoundError: Prompt file not found: /workspace/os_moderation/prompt_v5.py
This pipeline never hardcodes policy/classification text — supply this file before running this stage.

[2026-09-24T18:33:07] [ERROR] rec_audio_call_426101059_audio_1788947560284.mp3 chunk@280.0s failed: Prompt file not found: /workspace/os_moderation/prompt_v5.py
This pipeline never hardcodes policy/classification text — supply this file before running this stage.
Traceback (most recent call last):
  File "/workspace/os_moderation/gemma_local.py", line 633, in process_file
    answer_text, thinking_text, raw_response, token_infos = classify_chunk(model, processor, chunk_path, thinking, logger)
                                                            ^^^^^^^^^^^^^^^^^^^^^^^^^^^^^^^^^^^^^^^^^^^^^^^^^^^^^^^^^^^^^^
  File "/workspace/os_moderation/gemma_local.py", line 330, in classify_chunk
    prompt_text = prompt_loader.render_prompt(PROMPT_PATH, json_schema_str=RAW_SCHEMA_STR)
                  ^^^^^^^^^^^^^^^^^^^^^^^^^^^^^^^^^^^^^^^^^^^^^^^^^^^^^^^^^^^^^^^^^^^^^^^^
  File "/workspace/os_moderation/prompt_loader.py", line 80, in render_prompt
    text = load_raw_prompt(path)
           ^^^^^^^^^^^^^^^^^^^^^
  File "/workspace/os_moderation/prompt_loader.py", line 62, in load_raw_prompt
    raise FileNotFoundError(
FileNotFoundError: Prompt file not found: /workspace/os_moderation/prompt_v5.py
This pipeline never hardcodes policy/classification text — supply this file before running this stage.

[2026-09-24T18:33:07] [ERROR] rec_audio_call_426101059_audio_1788947560284.mp3 chunk@308.0s failed: Prompt file not found: /workspace/os_moderation/prompt_v5.py
This pipeline never hardcodes policy/classification text — supply this file before running this stage.
Traceback (most recent call last):
  File "/workspace/os_moderation/gemma_local.py", line 633, in process_file
    answer_text, thinking_text, raw_response, token_infos = classify_chunk(model, processor, chunk_path, thinking, logger)
                                                            ^^^^^^^^^^^^^^^^^^^^^^^^^^^^^^^^^^^^^^^^^^^^^^^^^^^^^^^^^^^^^^
  File "/workspace/os_moderation/gemma_local.py", line 330, in classify_chunk
    prompt_text = prompt_loader.render_prompt(PROMPT_PATH, json_schema_str=RAW_SCHEMA_STR)
                  ^^^^^^^^^^^^^^^^^^^^^^^^^^^^^^^^^^^^^^^^^^^^^^^^^^^^^^^^^^^^^^^^^^^^^^^^
  File "/workspace/os_moderation/prompt_loader.py", line 80, in render_prompt
    text = load_raw_prompt(path)
           ^^^^^^^^^^^^^^^^^^^^^
  File "/workspace/os_moderation/prompt_loader.py", line 62, in load_raw_prompt
    raise FileNotFoundError(
FileNotFoundError: Prompt file not found: /workspace/os_moderation/prompt_v5.py
This pipeline never hardcodes policy/classification text — supply this file before running this stage.

[2026-09-24T18:33:07] [ERROR] rec_audio_call_426101059_audio_1788947560284.mp3 chunk@336.0s failed: Prompt file not found: /workspace/os_moderation/prompt_v5.py
This pipeline never hardcodes policy/classification text — supply this file before running this stage.
Traceback (most recent call last):
  File "/workspace/os_moderation/gemma_local.py", line 633, in process_file
    answer_text, thinking_text, raw_response, token_infos = classify_chunk(model, processor, chunk_path, thinking, logger)
                                                            ^^^^^^^^^^^^^^^^^^^^^^^^^^^^^^^^^^^^^^^^^^^^^^^^^^^^^^^^^^^^^^
  File "/workspace/os_moderation/gemma_local.py", line 330, in classify_chunk
    prompt_text = prompt_loader.render_prompt(PROMPT_PATH, json_schema_str=RAW_SCHEMA_STR)
                  ^^^^^^^^^^^^^^^^^^^^^^^^^^^^^^^^^^^^^^^^^^^^^^^^^^^^^^^^^^^^^^^^^^^^^^^^
  File "/workspace/os_moderation/prompt_loader.py", line 80, in render_prompt
    text = load_raw_prompt(path)
           ^^^^^^^^^^^^^^^^^^^^^
  File "/workspace/os_moderation/prompt_loader.py", line 62, in load_raw_prompt
    raise FileNotFoundError(
FileNotFoundError: Prompt file not found: /workspace/os_moderation/prompt_v5.py
This pipeline never hardcodes policy/classification text — supply this file before running this stage.

[2026-09-24T18:33:07] [ERROR] rec_audio_call_426101059_audio_1788947560284.mp3 chunk@364.0s failed: Prompt file not found: /workspace/os_moderation/prompt_v5.py
This pipeline never hardcodes policy/classification text — supply this file before running this stage.
Traceback (most recent call last):
  File "/workspace/os_moderation/gemma_local.py", line 633, in process_file
    answer_text, thinking_text, raw_response, token_infos = classify_chunk(model, processor, chunk_path, thinking, logger)
                                                            ^^^^^^^^^^^^^^^^^^^^^^^^^^^^^^^^^^^^^^^^^^^^^^^^^^^^^^^^^^^^^^
  File "/workspace/os_moderation/gemma_local.py", line 330, in classify_chunk
    prompt_text = prompt_loader.render_prompt(PROMPT_PATH, json_schema_str=RAW_SCHEMA_STR)
                  ^^^^^^^^^^^^^^^^^^^^^^^^^^^^^^^^^^^^^^^^^^^^^^^^^^^^^^^^^^^^^^^^^^^^^^^^
  File "/workspace/os_moderation/prompt_loader.py", line 80, in render_prompt
    text = load_raw_prompt(path)
           ^^^^^^^^^^^^^^^^^^^^^
  File "/workspace/os_moderation/prompt_loader.py", line 62, in load_raw_prompt
    raise FileNotFoundError(
FileNotFoundError: Prompt file not found: /workspace/os_moderation/prompt_v5.py
This pipeline never hardcodes policy/classification text — supply this file before running this stage.

[2026-09-24T18:33:07] [ERROR] rec_audio_call_426101059_audio_1788947560284.mp3 chunk@392.0s failed: Prompt file not found: /workspace/os_moderation/prompt_v5.py
This pipeline never hardcodes policy/classification text — supply this file before running this stage.
Traceback (most recent call last):
  File "/workspace/os_moderation/gemma_local.py", line 633, in process_file
    answer_text, thinking_text, raw_response, token_infos = classify_chunk(model, processor, chunk_path, thinking, logger)
                                                            ^^^^^^^^^^^^^^^^^^^^^^^^^^^^^^^^^^^^^^^^^^^^^^^^^^^^^^^^^^^^^^
  File "/workspace/os_moderation/gemma_local.py", line 330, in classify_chunk
    prompt_text = prompt_loader.render_prompt(PROMPT_PATH, json_schema_str=RAW_SCHEMA_STR)
                  ^^^^^^^^^^^^^^^^^^^^^^^^^^^^^^^^^^^^^^^^^^^^^^^^^^^^^^^^^^^^^^^^^^^^^^^^
  File "/workspace/os_moderation/prompt_loader.py", line 80, in render_prompt
    text = load_raw_prompt(path)
           ^^^^^^^^^^^^^^^^^^^^^
  File "/workspace/os_moderation/prompt_loader.py", line 62, in load_raw_prompt
    raise FileNotFoundError(
FileNotFoundError: Prompt file not found: /workspace/os_moderation/prompt_v5.py
This pipeline never hardcodes policy/classification text — supply this file before running this stage.

[2026-09-24T18:33:07] [INFO] [8/50] rec_audio_call_426108129_audio_1788948057694.mp3
[2026-09-24T18:33:07] [ERROR] rec_audio_call_426108129_audio_1788948057694.mp3 chunk@0.0s failed: Prompt file not found: /workspace/os_moderation/prompt_v5.py
This pipeline never hardcodes policy/classification text — supply this file before running this stage.
Traceback (most recent call last):
  File "/workspace/os_moderation/gemma_local.py", line 633, in process_file
    answer_text, thinking_text, raw_response, token_infos = classify_chunk(model, processor, chunk_path, thinking, logger)
                                                            ^^^^^^^^^^^^^^^^^^^^^^^^^^^^^^^^^^^^^^^^^^^^^^^^^^^^^^^^^^^^^^
  File "/workspace/os_moderation/gemma_local.py", line 330, in classify_chunk
    prompt_text = prompt_loader.render_prompt(PROMPT_PATH, json_schema_str=RAW_SCHEMA_STR)
                  ^^^^^^^^^^^^^^^^^^^^^^^^^^^^^^^^^^^^^^^^^^^^^^^^^^^^^^^^^^^^^^^^^^^^^^^^
  File "/workspace/os_moderation/prompt_loader.py", line 80, in render_prompt
    text = load_raw_prompt(path)
           ^^^^^^^^^^^^^^^^^^^^^
  File "/workspace/os_moderation/prompt_loader.py", line 62, in load_raw_prompt
    raise FileNotFoundError(
FileNotFoundError: Prompt file not found: /workspace/os_moderation/prompt_v5.py
This pipeline never hardcodes policy/classification text — supply this file before running this stage.

[2026-09-24T18:33:07] [ERROR] rec_audio_call_426108129_audio_1788948057694.mp3 chunk@28.0s failed: Prompt file not found: /workspace/os_moderation/prompt_v5.py
This pipeline never hardcodes policy/classification text — supply this file before running this stage.
Traceback (most recent call last):
  File "/workspace/os_moderation/gemma_local.py", line 633, in process_file
    answer_text, thinking_text, raw_response, token_infos = classify_chunk(model, processor, chunk_path, thinking, logger)
                                                            ^^^^^^^^^^^^^^^^^^^^^^^^^^^^^^^^^^^^^^^^^^^^^^^^^^^^^^^^^^^^^^
  File "/workspace/os_moderation/gemma_local.py", line 330, in classify_chunk
    prompt_text = prompt_loader.render_prompt(PROMPT_PATH, json_schema_str=RAW_SCHEMA_STR)
                  ^^^^^^^^^^^^^^^^^^^^^^^^^^^^^^^^^^^^^^^^^^^^^^^^^^^^^^^^^^^^^^^^^^^^^^^^
  File "/workspace/os_moderation/prompt_loader.py", line 80, in render_prompt
    text = load_raw_prompt(path)
           ^^^^^^^^^^^^^^^^^^^^^
  File "/workspace/os_moderation/prompt_loader.py", line 62, in load_raw_prompt
    raise FileNotFoundError(
FileNotFoundError: Prompt file not found: /workspace/os_moderation/prompt_v5.py
This pipeline never hardcodes policy/classification text — supply this file before running this stage.

[2026-09-24T18:33:07] [ERROR] rec_audio_call_426108129_audio_1788948057694.mp3 chunk@56.0s failed: Prompt file not found: /workspace/os_moderation/prompt_v5.py
This pipeline never hardcodes policy/classification text — supply this file before running this stage.
Traceback (most recent call last):
  File "/workspace/os_moderation/gemma_local.py", line 633, in process_file
    answer_text, thinking_text, raw_response, token_infos = classify_chunk(model, processor, chunk_path, thinking, logger)
                                                            ^^^^^^^^^^^^^^^^^^^^^^^^^^^^^^^^^^^^^^^^^^^^^^^^^^^^^^^^^^^^^^
  File "/workspace/os_moderation/gemma_local.py", line 330, in classify_chunk
    prompt_text = prompt_loader.render_prompt(PROMPT_PATH, json_schema_str=RAW_SCHEMA_STR)
                  ^^^^^^^^^^^^^^^^^^^^^^^^^^^^^^^^^^^^^^^^^^^^^^^^^^^^^^^^^^^^^^^^^^^^^^^^
  File "/workspace/os_moderation/prompt_loader.py", line 80, in render_prompt
    text = load_raw_prompt(path)
           ^^^^^^^^^^^^^^^^^^^^^
  File "/workspace/os_moderation/prompt_loader.py", line 62, in load_raw_prompt
    raise FileNotFoundError(
FileNotFoundError: Prompt file not found: /workspace/os_moderation/prompt_v5.py
This pipeline never hardcodes policy/classification text — supply this file before running this stage.

[2026-09-24T18:33:07] [INFO] [9/50] rec_audio_call_426194933_audio_1788954682604.mp3
[2026-09-24T18:38:23] [INFO] [3/50] rec_audio_call_425933838_audio_1788934868635.mp3
[2026-09-24T18:46:52] [INFO] [4/50] rec_default_425778316_audio_1788916552817.mp3
[2026-09-24T18:48:41] [INFO] [5/50] rec_audio_call_423351802_audio_1788689747483.mp3
[2026-09-24T18:51:22] [INFO] [6/50] rec_audio_call_423591955_audio_1788711572217.mp3
[2026-09-24T18:54:16] [INFO] [7/50] rec_audio_call_426101059_audio_1788947560284.mp3
[2026-09-24T19:07:41] [INFO] [8/50] rec_audio_call_426108129_audio_1788948057694.mp3
[2026-09-24T19:09:29] [INFO] [9/50] rec_audio_call_426194933_audio_1788954682604.mp3
[2026-09-24T19:17:50] [INFO] [10/50] rec_audio_call_426851772_audio_1789020879921.mp3
[2026-09-24T19:23:04] [INFO] [11/50] rec_default_426634262_audio_1788988662985.mp3
[2026-09-24T19:24:51] [INFO] [12/50] rec_audio_call_424416192_audio_1788788125311.mp3
[2026-09-24T19:31:04] [INFO] [13/50] rec_default_426593601_audio_1788984536403.mp3
[2026-09-24T19:36:27] [INFO] [14/50] rec_default_426620137_audio_1788986984372.mp3
[2026-09-24T19:42:21] [INFO] [15/50] rec_default_426633368_audio_1788988531170.mp3
[2026-09-24T19:46:54] [INFO] [16/50] rec_audio_call_426416419_audio_1788974369340.mp3
[2026-09-24T19:50:31] [INFO] [17/50] rec_audio_call_420511856_audio_1788424457087.mp3
[2026-09-24T19:57:15] [INFO] [18/50] rec_audio_call_427305578_audio_1789058200155.mp3
[2026-09-24T19:58:10] [INFO] [19/50] rec_default_427308167_audio_1789058388570.mp3
[2026-09-24T20:09:03] [INFO] [20/50] rec_default_427314573_audio_1789058813038.mp3
[2026-09-24T20:12:29] [INFO] [21/50] rec_default_426645015_audio_1788990433927.mp3
[2026-09-24T20:22:27] [INFO] [22/50] rec_audio_call_425877181_audio_1788930106387.mp3
[2026-09-24T20:24:54] [INFO] [23/50] rec_audio_call_426035272_audio_1788942782972.mp3
[2026-09-24T20:27:44] [INFO] [24/50] rec_default_426534420_audio_1788980458455.mp3
[2026-09-24T20:30:00] [INFO] [25/50] rec_default_425912424_audio_1788933213081.mp3
[2026-09-24T20:36:36] [INFO] [26/50] rec_audio_call_427306773_audio_1789058284652.mp3
[2026-09-24T20:38:23] [INFO] [27/50] rec_audio_call_427306864_audio_1789058288911.mp3
[2026-09-24T20:41:32] [INFO] [28/50] rec_default_427305885_audio_1789058218067.mp3
[2026-09-24T20:46:28] [INFO] [29/50] rec_default_427307149_audio_1789058314884.mp3
[2026-09-24T20:51:45] [INFO] [30/50] rec_default_427307153_audio_1789058314255.mp3
[2026-09-24T20:56:31] [INFO] [31/50] rec_default_426603278_audio_1788985350942.mp3
[2026-09-24T21:06:42] [INFO] [32/50] rec_audio_call_426659403_audio_1788993755666.mp3
[2026-09-24T21:08:16] [INFO] [33/50] rec_default_426594432_audio_1788984607250.mp3
[2026-09-24T21:09:30] [INFO] [34/50] rec_default_425476935_audio_1788886067609.mp3
[2026-09-24T21:11:09] [INFO] [35/50] rec_default_425942168_audio_1788935504071.mp3
[2026-09-24T21:20:26] [INFO] [36/50] rec_audio_call_425591249_audio_1788892319841.mp3
[2026-09-24T21:26:03] [INFO] [37/50] rec_audio_call_426864490_audio_1789021845136.mp3
[2026-09-24T21:36:27] [INFO] [38/50] rec_audio_call_426871106_audio_1789022339887.mp3
[2026-09-24T21:46:33] [INFO] [39/50] rec_default_426855984_audio_1789021209994.mp3
[2026-09-24T21:56:46] [INFO] Loading google/gemma-4-E4B-it (thinking=True)...
[2026-09-24T21:57:02] [INFO] Model loaded.
[2026-09-24T21:57:02] [INFO] [1/50] rec_audio_call_421768524_audio_1788539479106.mp3
[2026-09-24T21:57:36] [INFO] [40/50] rec_default_426865848_audio_1789021942575.mp3
[2026-09-24T21:58:05] [INFO] [2/50] rec_default_420147298_audio_1788380486702.mp3
[2026-09-24T22:02:21] [INFO] [41/50] rec_default_426667318_audio_1788995960432.mp3
[2026-09-24T22:06:49] [INFO] [42/50] rec_audio_call_425205242_audio_1788862499869.mp3
[2026-09-24T22:09:28] [INFO] [3/50] rec_audio_call_425933838_audio_1788934868635.mp3
[2026-09-24T22:11:32] [INFO] [43/50] rec_audio_call_426339629_audio_1788968889098.mp3
[2026-09-24T22:13:29] [WARN] rec_audio_call_425933838_audio_1788934868635.mp3 chunk@56.0s took 125s (normal is ~10-90s) — likely system memory pressure (check for other concurrent model processes), not a bug in this chunk.
[2026-09-24T22:14:43] [INFO] [44/50] rec_default_426608730_audio_1788985842618.mp3
[2026-09-24T22:15:38] [INFO] [45/50] rec_default_426606195_audio_1788985611722.mp3
[2026-09-24T22:21:06] [INFO] [4/50] rec_default_425778316_audio_1788916552817.mp3
[2026-09-24T22:23:38] [INFO] [5/50] rec_audio_call_423351802_audio_1788689747483.mp3
[2026-09-24T22:24:27] [WARN] rec_default_426606195_audio_1788985611722.mp3 chunk@280.0s took 124s (normal is ~10-90s) — likely system memory pressure (check for other concurrent model processes), not a bug in this chunk.
[2026-09-24T22:26:31] [INFO] [46/50] rec_audio_call_426189476_audio_1788954198708.mp3
[2026-09-24T22:26:49] [INFO] [6/50] rec_audio_call_423591955_audio_1788711572217.mp3
[2026-09-24T22:30:17] [INFO] [7/50] rec_audio_call_426101059_audio_1788947560284.mp3
[2026-09-24T22:40:32] [INFO] [47/50] rec_default_426600174_audio_1788985087863.mp3
[2026-09-24T22:45:38] [INFO] [8/50] rec_audio_call_426108129_audio_1788948057694.mp3
[2026-09-24T22:47:36] [INFO] [9/50] rec_audio_call_426194933_audio_1788954682604.mp3
[2026-09-24T22:49:28] [INFO] [48/50] rec_audio_call_427027250_audio_1789033566943.mp3
[2026-09-24T22:52:39] [INFO] [49/50] rec_default_427000374_audio_1789031836869.mp3
[2026-09-24T22:53:43] [INFO] [50/50] rec_default_427035680_audio_1789034118532.mp3
[2026-09-24T22:57:33] [INFO] [10/50] rec_audio_call_426851772_audio_1789020879921.mp3
[2026-09-24T22:59:50] [INFO] Done in 16286.6s — success=50 error=0 — missing fields (count of flags lacking each): c=0, speech_act=163, quote_type=163, violation=163
[2026-09-24T23:03:25] [INFO] [11/50] rec_default_426634262_audio_1788988662985.mp3
[2026-09-24T23:04:57] [INFO] [12/50] rec_audio_call_424416192_audio_1788788125311.mp3
[2026-09-24T23:10:18] [INFO] [13/50] rec_default_426593601_audio_1788984536403.mp3
[2026-09-24T23:15:31] [INFO] [14/50] rec_default_426620137_audio_1788986984372.mp3
[2026-09-24T23:21:11] [INFO] [15/50] rec_default_426633368_audio_1788988531170.mp3
[2026-09-24T23:24:46] [INFO] [16/50] rec_audio_call_426416419_audio_1788974369340.mp3
[2026-09-24T23:29:02] [INFO] [17/50] rec_audio_call_420511856_audio_1788424457087.mp3
[2026-09-24T23:34:37] [INFO] [18/50] rec_audio_call_427305578_audio_1789058200155.mp3
[2026-09-24T23:35:31] [INFO] [19/50] rec_default_427308167_audio_1789058388570.mp3
[2026-09-24T23:45:05] [INFO] [20/50] rec_default_427314573_audio_1789058813038.mp3
[2026-09-24T23:48:00] [INFO] [21/50] rec_default_426645015_audio_1788990433927.mp3
[2026-09-24T23:56:49] [INFO] [22/50] rec_audio_call_425877181_audio_1788930106387.mp3
[2026-09-24T23:59:24] [INFO] [23/50] rec_audio_call_426035272_audio_1788942782972.mp3
[2026-09-25T00:01:41] [INFO] [24/50] rec_default_426534420_audio_1788980458455.mp3
[2026-09-25T00:03:41] [WARN] rec_default_426534420_audio_1788980458455.mp3 chunk@0.0s took 120s (normal is ~10-90s) — likely system memory pressure (check for other concurrent model processes), not a bug in this chunk.
[2026-09-25T00:04:03] [INFO] [25/50] rec_default_425912424_audio_1788933213081.mp3
[2026-09-25T00:11:02] [INFO] [26/50] rec_audio_call_427306773_audio_1789058284652.mp3
[2026-09-25T00:12:46] [INFO] [27/50] rec_audio_call_427306864_audio_1789058288911.mp3
[2026-09-25T00:15:46] [INFO] [28/50] rec_default_427305885_audio_1789058218067.mp3
[2026-09-25T00:19:41] [INFO] [29/50] rec_default_427307149_audio_1789058314884.mp3
[2026-09-25T00:24:33] [INFO] [30/50] rec_default_427307153_audio_1789058314255.mp3
[2026-09-25T00:30:55] [INFO] [31/50] rec_default_426603278_audio_1788985350942.mp3
[2026-09-25T00:40:38] [INFO] [32/50] rec_audio_call_426659403_audio_1788993755666.mp3
[2026-09-25T00:42:29] [INFO] [33/50] rec_default_426594432_audio_1788984607250.mp3
[2026-09-25T00:43:31] [INFO] [34/50] rec_default_425476935_audio_1788886067609.mp3
[2026-09-25T00:45:38] [INFO] [35/50] rec_default_425942168_audio_1788935504071.mp3
[2026-09-25T00:54:44] [INFO] [36/50] rec_audio_call_425591249_audio_1788892319841.mp3
[2026-09-25T00:57:14] [ERROR] rec_audio_call_425591249_audio_1788892319841.mp3 chunk@56.0s failed: 1 validation error for GemmaChunkFlag
model_violation
  Input should be a valid string [type=string_type, input_value=False, input_type=bool]
    For further information visit https://errors.pydantic.dev/2.13/v/string_type
Traceback (most recent call last):
  File "/workspace/os_moderation/gemma_local.py", line 648, in process_file
    flags, chunk_missing_counts = parse_and_score_flags(answer_text, token_infos, offset_sec, logger)
                                  ^^^^^^^^^^^^^^^^^^^^^^^^^^^^^^^^^^^^^^^^^^^^^^^^^^^^^^^^^^^^^^^^^^^
  File "/workspace/os_moderation/gemma_local.py", line 499, in parse_and_score_flags
    flags.append(GemmaChunkFlag(
                 ^^^^^^^^^^^^^^^
  File "/usr/local/lib/python3.12/dist-packages/pydantic/main.py", line 263, in __init__
    validated_self = self.__pydantic_validator__.validate_python(data, self_instance=self)
                     ^^^^^^^^^^^^^^^^^^^^^^^^^^^^^^^^^^^^^^^^^^^^^^^^^^^^^^^^^^^^^^^^^^^^^
pydantic_core._pydantic_core.ValidationError: 1 validation error for GemmaChunkFlag
model_violation
  Input should be a valid string [type=string_type, input_value=False, input_type=bool]
    For further information visit https://errors.pydantic.dev/2.13/v/string_type

[2026-09-25T01:00:20] [INFO] [37/50] rec_audio_call_426864490_audio_1789021845136.mp3
[2026-09-25T01:08:37] [INFO] [38/50] rec_audio_call_426871106_audio_1789022339887.mp3
[2026-09-25T01:17:20] [INFO] [39/50] rec_default_426855984_audio_1789021209994.mp3
[2026-09-25T01:28:02] [INFO] [40/50] rec_default_426865848_audio_1789021942575.mp3
[2026-09-25T01:31:57] [INFO] [41/50] rec_default_426667318_audio_1788995960432.mp3
[2026-09-25T01:35:08] [INFO] [42/50] rec_audio_call_425205242_audio_1788862499869.mp3
[2026-09-25T01:39:40] [INFO] [43/50] rec_audio_call_426339629_audio_1788968889098.mp3
[2026-09-25T01:42:32] [INFO] [44/50] rec_default_426608730_audio_1788985842618.mp3
[2026-09-25T01:43:34] [INFO] [45/50] rec_default_426606195_audio_1788985611722.mp3
[2026-09-25T01:52:14] [INFO] [46/50] rec_audio_call_426189476_audio_1788954198708.mp3
[2026-09-25T02:05:10] [INFO] [47/50] rec_default_426600174_audio_1788985087863.mp3
[2026-09-25T02:11:36] [INFO] [48/50] rec_audio_call_427027250_audio_1789033566943.mp3
[2026-09-25T02:14:08] [INFO] [49/50] rec_default_427000374_audio_1789031836869.mp3
[2026-09-25T02:14:50] [INFO] [50/50] rec_default_427035680_audio_1789034118532.mp3
[2026-09-25T02:19:04] [INFO] Done in 15721.3s — success=50 error=0 — missing fields (count of flags lacking each): c=0, speech_act=53, quote_type=53, violation=50
