[2026-09-16T03:03:28] [INFO] Loading ai4bharat/indic-conformer-600m-multilingual...
[2026-09-16T03:05:57] [INFO] Loading ai4bharat/indic-conformer-600m-multilingual...
[2026-09-16T03:27:40] [INFO] Loading ai4bharat/indic-conformer-600m-multilingual...
[2026-09-16T03:27:53] [INFO] Model loaded.
[2026-09-16T03:27:53] [INFO] DRY RUN chunk_seconds=5.0: 1 file(s)
[2026-09-16T03:27:53] [INFO] [chunk=5.0s 1/1] rec_audio_call_392603926_audio_1785858184285.mp3
[2026-09-16T03:27:53] [ERROR] rec_audio_call_392603926_audio_1785858184285.mp3: FAILED — TorchCodec is required for load_with_torchcodec. Please install torchcodec to use this function.
Traceback (most recent call last):
  File "/Users/hemapunyamoorty/Desktop/os_moderation/.venv-gemma/lib/python3.11/site-packages/torchaudio/_torchcodec.py", line 82, in load_with_torchcodec
    from torchcodec.decoders import AudioDecoder
ModuleNotFoundError: No module named 'torchcodec'

The above exception was the direct cause of the following exception:

Traceback (most recent call last):
  File "/Users/hemapunyamoorty/Desktop/os_moderation/indic_conformer_pipeline.py", line 309, in main
    result = process_file(model, record, chunk_seconds, args.decoding, logger)
             ^^^^^^^^^^^^^^^^^^^^^^^^^^^^^^^^^^^^^^^^^^^^^^^^^^^^^^^^^^^^^^^^^
  File "/Users/hemapunyamoorty/Desktop/os_moderation/indic_conformer_pipeline.py", line 154, in process_file
    wav = load_audio(record.path)
          ^^^^^^^^^^^^^^^^^^^^^^^
  File "/Users/hemapunyamoorty/Desktop/os_moderation/indic_conformer_pipeline.py", line 79, in load_audio
    wav, sr = torchaudio.load(str(path))
              ^^^^^^^^^^^^^^^^^^^^^^^^^^
  File "/Users/hemapunyamoorty/Desktop/os_moderation/.venv-gemma/lib/python3.11/site-packages/torchaudio/__init__.py", line 86, in load
    return load_with_torchcodec(
           ^^^^^^^^^^^^^^^^^^^^^
  File "/Users/hemapunyamoorty/Desktop/os_moderation/.venv-gemma/lib/python3.11/site-packages/torchaudio/_torchcodec.py", line 84, in load_with_torchcodec
    raise ImportError(
ImportError: TorchCodec is required for load_with_torchcodec. Please install torchcodec to use this function.

[2026-09-16T03:27:53] [INFO] chunk_seconds=5.0 done in 0.1s — success=0 error=1
[2026-09-16T03:28:15] [INFO] Loading ai4bharat/indic-conformer-600m-multilingual...
[2026-09-16T03:28:23] [INFO] Model loaded.
[2026-09-16T03:28:23] [INFO] DRY RUN chunk_seconds=5.0: 1 file(s)
[2026-09-16T03:28:23] [INFO] [chunk=5.0s 1/1] rec_audio_call_392603926_audio_1785858184285.mp3
[2026-09-16T03:28:30] [ERROR] rec_audio_call_392603926_audio_1785858184285.mp3: FAILED — Failed to create AudioDecoder for /Users/hemapunyamoorty/Desktop/os_moderation/Dostt/hindi_pm/TP/Single/rec_audio_call_392603926_audio_1785858184285.mp3: Could not load libtorchcodec. Likely causes:
          1. FFmpeg is not properly installed in your environment. We support
             versions 4, 5, 6, 7, 8, and 9, and we attempt to load libtorchcodec
             for each of those versions. Errors for versions not installed on
             your system are expected; only the error for your installed FFmpeg
             version is relevant. On Windows, ensure you've installed the
             "full-shared" version which ships DLLs.
          2. The PyTorch version (2.14.0) is not compatible with
             this version of TorchCodec. Refer to the version compatibility
             table:
             https://github.com/pytorch/torchcodec?tab=readme-ov-file#installing-torchcodec.
          3. Another runtime dependency; see exceptions below.

        The following exceptions were raised as we tried to load libtorchcodec:
        
[start of libtorchcodec loading traceback]
FFmpeg version 9:
Traceback (most recent call last):
  File "/Users/hemapunyamoorty/Desktop/os_moderation/.venv-gemma/lib/python3.11/site-packages/torch/_ops.py", line 1587, in load_library
    ctypes.CDLL(path)
  File "/Users/hemapunyamoorty/.local/share/uv/python/cpython-3.11.15-macos-aarch64-none/lib/python3.11/ctypes/__init__.py", line 376, in __init__
    self._handle = _dlopen(self._name, mode)
                   ^^^^^^^^^^^^^^^^^^^^^^^^^
OSError: dlopen(/Users/hemapunyamoorty/Desktop/os_moderation/.venv-gemma/lib/python3.11/site-packages/torchcodec/libtorchcodec_core9.dylib, 0x0006): Library not loaded: @rpath/libavutil.61.dylib
  Referenced from: <45A307F9-E437-392A-9F3D-ECACFC181083> /Users/hemapunyamoorty/Desktop/os_moderation/.venv-gemma/lib/python3.11/site-packages/torchcodec/libtorchcodec_core9.dylib
  Reason: tried: '/Users/hemapunyamoorty/.local/share/uv/python/cpython-3.11.15-macos-aarch64-none/lib/libavutil.61.dylib' (no such file)

The above exception was the direct cause of the following exception:

Traceback (most recent call last):
  File "/Users/hemapunyamoorty/Desktop/os_moderation/.venv-gemma/lib/python3.11/site-packages/torchcodec/_internally_replaced_utils.py", line 132, in load_core_libraries
    torch.ops.load_library(core_library_path)
  File "/Users/hemapunyamoorty/Desktop/os_moderation/.venv-gemma/lib/python3.11/site-packages/torch/_ops.py", line 1589, in load_library
    raise OSError(f"Could not load this library: {path}") from e
OSError: Could not load this library: /Users/hemapunyamoorty/Desktop/os_moderation/.venv-gemma/lib/python3.11/site-packages/torchcodec/libtorchcodec_core9.dylib

FFmpeg version 8:
Traceback (most recent call last):
  File "/Users/hemapunyamoorty/Desktop/os_moderation/.venv-gemma/lib/python3.11/site-packages/torch/_ops.py", line 1587, in load_library
    ctypes.CDLL(path)
  File "/Users/hemapunyamoorty/.local/share/uv/python/cpython-3.11.15-macos-aarch64-none/lib/python3.11/ctypes/__init__.py", line 376, in __init__
    self._handle = _dlopen(self._name, mode)
                   ^^^^^^^^^^^^^^^^^^^^^^^^^
OSError: dlopen(/Users/hemapunyamoorty/Desktop/os_moderation/.venv-gemma/lib/python3.11/site-packages/torchcodec/libtorchcodec_core8.dylib, 0x0006): Library not loaded: @rpath/libavutil.60.dylib
  Referenced from: <45DFB0F8-C459-3D4B-9697-B89BD230652E> /Users/hemapunyamoorty/Desktop/os_moderation/.venv-gemma/lib/python3.11/site-packages/torchcodec/libtorchcodec_core8.dylib
  Reason: tried: '/Users/hemapunyamoorty/.local/share/uv/python/cpython-3.11.15-macos-aarch64-none/lib/libavutil.60.dylib' (no such file)

The above exception was the direct cause of the following exception:

Traceback (most recent call last):
  File "/Users/hemapunyamoorty/Desktop/os_moderation/.venv-gemma/lib/python3.11/site-packages/torchcodec/_internally_replaced_utils.py", line 132, in load_core_libraries
    torch.ops.load_library(core_library_path)
  File "/Users/hemapunyamoorty/Desktop/os_moderation/.venv-gemma/lib/python3.11/site-packages/torch/_ops.py", line 1589, in load_library
    raise OSError(f"Could not load this library: {path}") from e
OSError: Could not load this library: /Users/hemapunyamoorty/Desktop/os_moderation/.venv-gemma/lib/python3.11/site-packages/torchcodec/libtorchcodec_core8.dylib

FFmpeg version 7:
Traceback (most recent call last):
  File "/Users/hemapunyamoorty/Desktop/os_moderation/.venv-gemma/lib/python3.11/site-packages/torch/_ops.py", line 1587, in load_library
    ctypes.CDLL(path)
  File "/Users/hemapunyamoorty/.local/share/uv/python/cpython-3.11.15-macos-aarch64-none/lib/python3.11/ctypes/__init__.py", line 376, in __init__
    self._handle = _dlopen(self._name, mode)
                   ^^^^^^^^^^^^^^^^^^^^^^^^^
OSError: dlopen(/Users/hemapunyamoorty/Desktop/os_moderation/.venv-gemma/lib/python3.11/site-packages/torchcodec/libtorchcodec_core7.dylib, 0x0006): Library not loaded: @rpath/libavutil.59.dylib
  Referenced from: <4C7B8A8C-6FA3-3B44-B8F3-4CB45B83C9DC> /Users/hemapunyamoorty/Desktop/os_moderation/.venv-gemma/lib/python3.11/site-packages/torchcodec/libtorchcodec_core7.dylib
  Reason: tried: '/Users/hemapunyamoorty/.local/share/uv/python/cpython-3.11.15-macos-aarch64-none/lib/libavutil.59.dylib' (no such file)

The above exception was the direct cause of the following exception:

Traceback (most recent call last):
  File "/Users/hemapunyamoorty/Desktop/os_moderation/.venv-gemma/lib/python3.11/site-packages/torchcodec/_internally_replaced_utils.py", line 132, in load_core_libraries
    torch.ops.load_library(core_library_path)
  File "/Users/hemapunyamoorty/Desktop/os_moderation/.venv-gemma/lib/python3.11/site-packages/torch/_ops.py", line 1589, in load_library
    raise OSError(f"Could not load this library: {path}") from e
OSError: Could not load this library: /Users/hemapunyamoorty/Desktop/os_moderation/.venv-gemma/lib/python3.11/site-packages/torchcodec/libtorchcodec_core7.dylib

FFmpeg version 6:
Traceback (most recent call last):
  File "/Users/hemapunyamoorty/Desktop/os_moderation/.venv-gemma/lib/python3.11/site-packages/torch/_ops.py", line 1587, in load_library
    ctypes.CDLL(path)
  File "/Users/hemapunyamoorty/.local/share/uv/python/cpython-3.11.15-macos-aarch64-none/lib/python3.11/ctypes/__init__.py", line 376, in __init__
    self._handle = _dlopen(self._name, mode)
                   ^^^^^^^^^^^^^^^^^^^^^^^^^
OSError: dlopen(/Users/hemapunyamoorty/Desktop/os_moderation/.venv-gemma/lib/python3.11/site-packages/torchcodec/libtorchcodec_core6.dylib, 0x0006): Library not loaded: @rpath/libavutil.58.dylib
  Referenced from: <B4928755-8427-3A4F-BA5D-461CD4A14E54> /Users/hemapunyamoorty/Desktop/os_moderation/.venv-gemma/lib/python3.11/site-packages/torchcodec/libtorchcodec_core6.dylib
  Reason: tried: '/Users/hemapunyamoorty/.local/share/uv/python/cpython-3.11.15-macos-aarch64-none/lib/libavutil.58.dylib' (no such file)

The above exception was the direct cause of the following exception:

Traceback (most recent call last):
  File "/Users/hemapunyamoorty/Desktop/os_moderation/.venv-gemma/lib/python3.11/site-packages/torchcodec/_internally_replaced_utils.py", line 132, in load_core_libraries
    torch.ops.load_library(core_library_path)
  File "/Users/hemapunyamoorty/Desktop/os_moderation/.venv-gemma/lib/python3.11/site-packages/torch/_ops.py", line 1589, in load_library
    raise OSError(f"Could not load this library: {path}") from e
OSError: Could not load this library: /Users/hemapunyamoorty/Desktop/os_moderation/.venv-gemma/lib/python3.11/site-packages/torchcodec/libtorchcodec_core6.dylib

FFmpeg version 5:
Traceback (most recent call last):
  File "/Users/hemapunyamoorty/Desktop/os_moderation/.venv-gemma/lib/python3.11/site-packages/torch/_ops.py", line 1587, in load_library
    ctypes.CDLL(path)
  File "/Users/hemapunyamoorty/.local/share/uv/python/cpython-3.11.15-macos-aarch64-none/lib/python3.11/ctypes/__init__.py", line 376, in __init__
    self._handle = _dlopen(self._name, mode)
                   ^^^^^^^^^^^^^^^^^^^^^^^^^
OSError: dlopen(/Users/hemapunyamoorty/Desktop/os_moderation/.venv-gemma/lib/python3.11/site-packages/torchcodec/libtorchcodec_core5.dylib, 0x0006): Library not loaded: @rpath/libavutil.57.dylib
  Referenced from: <98E290AB-A87D-3A16-9D15-D94CB7BFC4C2> /Users/hemapunyamoorty/Desktop/os_moderation/.venv-gemma/lib/python3.11/site-packages/torchcodec/libtorchcodec_core5.dylib
  Reason: tried: '/Users/hemapunyamoorty/.local/share/uv/python/cpython-3.11.15-macos-aarch64-none/lib/libavutil.57.dylib' (no such file)

The above exception was the direct cause of the following exception:

Traceback (most recent call last):
  File "/Users/hemapunyamoorty/Desktop/os_moderation/.venv-gemma/lib/python3.11/site-packages/torchcodec/_internally_replaced_utils.py", line 132, in load_core_libraries
    torch.ops.load_library(core_library_path)
  File "/Users/hemapunyamoorty/Desktop/os_moderation/.venv-gemma/lib/python3.11/site-packages/torch/_ops.py", line 1589, in load_library
    raise OSError(f"Could not load this library: {path}") from e
OSError: Could not load this library: /Users/hemapunyamoorty/Desktop/os_moderation/.venv-gemma/lib/python3.11/site-packages/torchcodec/libtorchcodec_core5.dylib

FFmpeg version 4:
Traceback (most recent call last):
  File "/Users/hemapunyamoorty/Desktop/os_moderation/.venv-gemma/lib/python3.11/site-packages/torch/_ops.py", line 1587, in load_library
    ctypes.CDLL(path)
  File "/Users/hemapunyamoorty/.local/share/uv/python/cpython-3.11.15-macos-aarch64-none/lib/python3.11/ctypes/__init__.py", line 376, in __init__
    self._handle = _dlopen(self._name, mode)
                   ^^^^^^^^^^^^^^^^^^^^^^^^^
OSError: dlopen(/Users/hemapunyamoorty/Desktop/os_moderation/.venv-gemma/lib/python3.11/site-packages/torchcodec/libtorchcodec_core4.dylib, 0x0006): Library not loaded: @rpath/libavutil.56.dylib
  Referenced from: <90F082EE-634E-3197-B38D-BDEB14DD2AAE> /Users/hemapunyamoorty/Desktop/os_moderation/.venv-gemma/lib/python3.11/site-packages/torchcodec/libtorchcodec_core4.dylib
  Reason: tried: '/Users/hemapunyamoorty/.local/share/uv/python/cpython-3.11.15-macos-aarch64-none/lib/libavutil.56.dylib' (no such file)

The above exception was the direct cause of the following exception:

Traceback (most recent call last):
  File "/Users/hemapunyamoorty/Desktop/os_moderation/.venv-gemma/lib/python3.11/site-packages/torchcodec/_internally_replaced_utils.py", line 132, in load_core_libraries
    torch.ops.load_library(core_library_path)
  File "/Users/hemapunyamoorty/Desktop/os_moderation/.venv-gemma/lib/python3.11/site-packages/torch/_ops.py", line 1589, in load_library
    raise OSError(f"Could not load this library: {path}") from e
OSError: Could not load this library: /Users/hemapunyamoorty/Desktop/os_moderation/.venv-gemma/lib/python3.11/site-packages/torchcodec/libtorchcodec_core4.dylib
[end of libtorchcodec loading traceback].
Traceback (most recent call last):
  File "/Users/hemapunyamoorty/Desktop/os_moderation/.venv-gemma/lib/python3.11/site-packages/torchaudio/_torchcodec.py", line 116, in load_with_torchcodec
    decoder = AudioDecoder(uri)
              ^^^^^^^^^^^^^^^^^
  File "/Users/hemapunyamoorty/Desktop/os_moderation/.venv-gemma/lib/python3.11/site-packages/torchcodec/decoders/_audio_decoder.py", line 73, in __init__
    ) = create_audio_decoder(
        ^^^^^^^^^^^^^^^^^^^^^
  File "/Users/hemapunyamoorty/Desktop/os_moderation/.venv-gemma/lib/python3.11/site-packages/torchcodec/_core/_decoder_utils.py", line 81, in create_audio_decoder
    decoder = create_decoder(source=source, seek_mode=seek_mode)
              ^^^^^^^^^^^^^^^^^^^^^^^^^^^^^^^^^^^^^^^^^^^^^^^^^^
  File "/Users/hemapunyamoorty/Desktop/os_moderation/.venv-gemma/lib/python3.11/site-packages/torchcodec/_core/_decoder_utils.py", line 46, in create_decoder
    load_core_libraries()
  File "/Users/hemapunyamoorty/Desktop/os_moderation/.venv-gemma/lib/python3.11/site-packages/torchcodec/_internally_replaced_utils.py", line 145, in load_core_libraries
    raise RuntimeError(
RuntimeError: Could not load libtorchcodec. Likely causes:
          1. FFmpeg is not properly installed in your environment. We support
             versions 4, 5, 6, 7, 8, and 9, and we attempt to load libtorchcodec
             for each of those versions. Errors for versions not installed on
             your system are expected; only the error for your installed FFmpeg
             version is relevant. On Windows, ensure you've installed the
             "full-shared" version which ships DLLs.
          2. The PyTorch version (2.14.0) is not compatible with
             this version of TorchCodec. Refer to the version compatibility
             table:
             https://github.com/pytorch/torchcodec?tab=readme-ov-file#installing-torchcodec.
          3. Another runtime dependency; see exceptions below.

        The following exceptions were raised as we tried to load libtorchcodec:
        
[start of libtorchcodec loading traceback]
FFmpeg version 9:
Traceback (most recent call last):
  File "/Users/hemapunyamoorty/Desktop/os_moderation/.venv-gemma/lib/python3.11/site-packages/torch/_ops.py", line 1587, in load_library
    ctypes.CDLL(path)
  File "/Users/hemapunyamoorty/.local/share/uv/python/cpython-3.11.15-macos-aarch64-none/lib/python3.11/ctypes/__init__.py", line 376, in __init__
    self._handle = _dlopen(self._name, mode)
                   ^^^^^^^^^^^^^^^^^^^^^^^^^
OSError: dlopen(/Users/hemapunyamoorty/Desktop/os_moderation/.venv-gemma/lib/python3.11/site-packages/torchcodec/libtorchcodec_core9.dylib, 0x0006): Library not loaded: @rpath/libavutil.61.dylib
  Referenced from: <45A307F9-E437-392A-9F3D-ECACFC181083> /Users/hemapunyamoorty/Desktop/os_moderation/.venv-gemma/lib/python3.11/site-packages/torchcodec/libtorchcodec_core9.dylib
  Reason: tried: '/Users/hemapunyamoorty/.local/share/uv/python/cpython-3.11.15-macos-aarch64-none/lib/libavutil.61.dylib' (no such file)

The above exception was the direct cause of the following exception:

Traceback (most recent call last):
  File "/Users/hemapunyamoorty/Desktop/os_moderation/.venv-gemma/lib/python3.11/site-packages/torchcodec/_internally_replaced_utils.py", line 132, in load_core_libraries
    torch.ops.load_library(core_library_path)
  File "/Users/hemapunyamoorty/Desktop/os_moderation/.venv-gemma/lib/python3.11/site-packages/torch/_ops.py", line 1589, in load_library
    raise OSError(f"Could not load this library: {path}") from e
OSError: Could not load this library: /Users/hemapunyamoorty/Desktop/os_moderation/.venv-gemma/lib/python3.11/site-packages/torchcodec/libtorchcodec_core9.dylib

FFmpeg version 8:
Traceback (most recent call last):
  File "/Users/hemapunyamoorty/Desktop/os_moderation/.venv-gemma/lib/python3.11/site-packages/torch/_ops.py", line 1587, in load_library
    ctypes.CDLL(path)
  File "/Users/hemapunyamoorty/.local/share/uv/python/cpython-3.11.15-macos-aarch64-none/lib/python3.11/ctypes/__init__.py", line 376, in __init__
    self._handle = _dlopen(self._name, mode)
                   ^^^^^^^^^^^^^^^^^^^^^^^^^
OSError: dlopen(/Users/hemapunyamoorty/Desktop/os_moderation/.venv-gemma/lib/python3.11/site-packages/torchcodec/libtorchcodec_core8.dylib, 0x0006): Library not loaded: @rpath/libavutil.60.dylib
  Referenced from: <45DFB0F8-C459-3D4B-9697-B89BD230652E> /Users/hemapunyamoorty/Desktop/os_moderation/.venv-gemma/lib/python3.11/site-packages/torchcodec/libtorchcodec_core8.dylib
  Reason: tried: '/Users/hemapunyamoorty/.local/share/uv/python/cpython-3.11.15-macos-aarch64-none/lib/libavutil.60.dylib' (no such file)

The above exception was the direct cause of the following exception:

Traceback (most recent call last):
  File "/Users/hemapunyamoorty/Desktop/os_moderation/.venv-gemma/lib/python3.11/site-packages/torchcodec/_internally_replaced_utils.py", line 132, in load_core_libraries
    torch.ops.load_library(core_library_path)
  File "/Users/hemapunyamoorty/Desktop/os_moderation/.venv-gemma/lib/python3.11/site-packages/torch/_ops.py", line 1589, in load_library
    raise OSError(f"Could not load this library: {path}") from e
OSError: Could not load this library: /Users/hemapunyamoorty/Desktop/os_moderation/.venv-gemma/lib/python3.11/site-packages/torchcodec/libtorchcodec_core8.dylib

FFmpeg version 7:
Traceback (most recent call last):
  File "/Users/hemapunyamoorty/Desktop/os_moderation/.venv-gemma/lib/python3.11/site-packages/torch/_ops.py", line 1587, in load_library
    ctypes.CDLL(path)
  File "/Users/hemapunyamoorty/.local/share/uv/python/cpython-3.11.15-macos-aarch64-none/lib/python3.11/ctypes/__init__.py", line 376, in __init__
    self._handle = _dlopen(self._name, mode)
                   ^^^^^^^^^^^^^^^^^^^^^^^^^
OSError: dlopen(/Users/hemapunyamoorty/Desktop/os_moderation/.venv-gemma/lib/python3.11/site-packages/torchcodec/libtorchcodec_core7.dylib, 0x0006): Library not loaded: @rpath/libavutil.59.dylib
  Referenced from: <4C7B8A8C-6FA3-3B44-B8F3-4CB45B83C9DC> /Users/hemapunyamoorty/Desktop/os_moderation/.venv-gemma/lib/python3.11/site-packages/torchcodec/libtorchcodec_core7.dylib
  Reason: tried: '/Users/hemapunyamoorty/.local/share/uv/python/cpython-3.11.15-macos-aarch64-none/lib/libavutil.59.dylib' (no such file)

The above exception was the direct cause of the following exception:

Traceback (most recent call last):
  File "/Users/hemapunyamoorty/Desktop/os_moderation/.venv-gemma/lib/python3.11/site-packages/torchcodec/_internally_replaced_utils.py", line 132, in load_core_libraries
    torch.ops.load_library(core_library_path)
  File "/Users/hemapunyamoorty/Desktop/os_moderation/.venv-gemma/lib/python3.11/site-packages/torch/_ops.py", line 1589, in load_library
    raise OSError(f"Could not load this library: {path}") from e
OSError: Could not load this library: /Users/hemapunyamoorty/Desktop/os_moderation/.venv-gemma/lib/python3.11/site-packages/torchcodec/libtorchcodec_core7.dylib

FFmpeg version 6:
Traceback (most recent call last):
  File "/Users/hemapunyamoorty/Desktop/os_moderation/.venv-gemma/lib/python3.11/site-packages/torch/_ops.py", line 1587, in load_library
    ctypes.CDLL(path)
  File "/Users/hemapunyamoorty/.local/share/uv/python/cpython-3.11.15-macos-aarch64-none/lib/python3.11/ctypes/__init__.py", line 376, in __init__
    self._handle = _dlopen(self._name, mode)
                   ^^^^^^^^^^^^^^^^^^^^^^^^^
OSError: dlopen(/Users/hemapunyamoorty/Desktop/os_moderation/.venv-gemma/lib/python3.11/site-packages/torchcodec/libtorchcodec_core6.dylib, 0x0006): Library not loaded: @rpath/libavutil.58.dylib
  Referenced from: <B4928755-8427-3A4F-BA5D-461CD4A14E54> /Users/hemapunyamoorty/Desktop/os_moderation/.venv-gemma/lib/python3.11/site-packages/torchcodec/libtorchcodec_core6.dylib
  Reason: tried: '/Users/hemapunyamoorty/.local/share/uv/python/cpython-3.11.15-macos-aarch64-none/lib/libavutil.58.dylib' (no such file)

The above exception was the direct cause of the following exception:

Traceback (most recent call last):
  File "/Users/hemapunyamoorty/Desktop/os_moderation/.venv-gemma/lib/python3.11/site-packages/torchcodec/_internally_replaced_utils.py", line 132, in load_core_libraries
    torch.ops.load_library(core_library_path)
  File "/Users/hemapunyamoorty/Desktop/os_moderation/.venv-gemma/lib/python3.11/site-packages/torch/_ops.py", line 1589, in load_library
    raise OSError(f"Could not load this library: {path}") from e
OSError: Could not load this library: /Users/hemapunyamoorty/Desktop/os_moderation/.venv-gemma/lib/python3.11/site-packages/torchcodec/libtorchcodec_core6.dylib

FFmpeg version 5:
Traceback (most recent call last):
  File "/Users/hemapunyamoorty/Desktop/os_moderation/.venv-gemma/lib/python3.11/site-packages/torch/_ops.py", line 1587, in load_library
    ctypes.CDLL(path)
  File "/Users/hemapunyamoorty/.local/share/uv/python/cpython-3.11.15-macos-aarch64-none/lib/python3.11/ctypes/__init__.py", line 376, in __init__
    self._handle = _dlopen(self._name, mode)
                   ^^^^^^^^^^^^^^^^^^^^^^^^^
OSError: dlopen(/Users/hemapunyamoorty/Desktop/os_moderation/.venv-gemma/lib/python3.11/site-packages/torchcodec/libtorchcodec_core5.dylib, 0x0006): Library not loaded: @rpath/libavutil.57.dylib
  Referenced from: <98E290AB-A87D-3A16-9D15-D94CB7BFC4C2> /Users/hemapunyamoorty/Desktop/os_moderation/.venv-gemma/lib/python3.11/site-packages/torchcodec/libtorchcodec_core5.dylib
  Reason: tried: '/Users/hemapunyamoorty/.local/share/uv/python/cpython-3.11.15-macos-aarch64-none/lib/libavutil.57.dylib' (no such file)

The above exception was the direct cause of the following exception:

Traceback (most recent call last):
  File "/Users/hemapunyamoorty/Desktop/os_moderation/.venv-gemma/lib/python3.11/site-packages/torchcodec/_internally_replaced_utils.py", line 132, in load_core_libraries
    torch.ops.load_library(core_library_path)
  File "/Users/hemapunyamoorty/Desktop/os_moderation/.venv-gemma/lib/python3.11/site-packages/torch/_ops.py", line 1589, in load_library
    raise OSError(f"Could not load this library: {path}") from e
OSError: Could not load this library: /Users/hemapunyamoorty/Desktop/os_moderation/.venv-gemma/lib/python3.11/site-packages/torchcodec/libtorchcodec_core5.dylib

FFmpeg version 4:
Traceback (most recent call last):
  File "/Users/hemapunyamoorty/Desktop/os_moderation/.venv-gemma/lib/python3.11/site-packages/torch/_ops.py", line 1587, in load_library
    ctypes.CDLL(path)
  File "/Users/hemapunyamoorty/.local/share/uv/python/cpython-3.11.15-macos-aarch64-none/lib/python3.11/ctypes/__init__.py", line 376, in __init__
    self._handle = _dlopen(self._name, mode)
                   ^^^^^^^^^^^^^^^^^^^^^^^^^
OSError: dlopen(/Users/hemapunyamoorty/Desktop/os_moderation/.venv-gemma/lib/python3.11/site-packages/torchcodec/libtorchcodec_core4.dylib, 0x0006): Library not loaded: @rpath/libavutil.56.dylib
  Referenced from: <90F082EE-634E-3197-B38D-BDEB14DD2AAE> /Users/hemapunyamoorty/Desktop/os_moderation/.venv-gemma/lib/python3.11/site-packages/torchcodec/libtorchcodec_core4.dylib
  Reason: tried: '/Users/hemapunyamoorty/.local/share/uv/python/cpython-3.11.15-macos-aarch64-none/lib/libavutil.56.dylib' (no such file)

The above exception was the direct cause of the following exception:

Traceback (most recent call last):
  File "/Users/hemapunyamoorty/Desktop/os_moderation/.venv-gemma/lib/python3.11/site-packages/torchcodec/_internally_replaced_utils.py", line 132, in load_core_libraries
    torch.ops.load_library(core_library_path)
  File "/Users/hemapunyamoorty/Desktop/os_moderation/.venv-gemma/lib/python3.11/site-packages/torch/_ops.py", line 1589, in load_library
    raise OSError(f"Could not load this library: {path}") from e
OSError: Could not load this library: /Users/hemapunyamoorty/Desktop/os_moderation/.venv-gemma/lib/python3.11/site-packages/torchcodec/libtorchcodec_core4.dylib
[end of libtorchcodec loading traceback].

The above exception was the direct cause of the following exception:

Traceback (most recent call last):
  File "/Users/hemapunyamoorty/Desktop/os_moderation/indic_conformer_pipeline.py", line 309, in main
    result = process_file(model, record, chunk_seconds, args.decoding, logger)
             ^^^^^^^^^^^^^^^^^^^^^^^^^^^^^^^^^^^^^^^^^^^^^^^^^^^^^^^^^^^^^^^^^
  File "/Users/hemapunyamoorty/Desktop/os_moderation/indic_conformer_pipeline.py", line 154, in process_file
    wav = load_audio(record.path)
          ^^^^^^^^^^^^^^^^^^^^^^^
  File "/Users/hemapunyamoorty/Desktop/os_moderation/indic_conformer_pipeline.py", line 79, in load_audio
    wav, sr = torchaudio.load(str(path))
              ^^^^^^^^^^^^^^^^^^^^^^^^^^
  File "/Users/hemapunyamoorty/Desktop/os_moderation/.venv-gemma/lib/python3.11/site-packages/torchaudio/__init__.py", line 86, in load
    return load_with_torchcodec(
           ^^^^^^^^^^^^^^^^^^^^^
  File "/Users/hemapunyamoorty/Desktop/os_moderation/.venv-gemma/lib/python3.11/site-packages/torchaudio/_torchcodec.py", line 118, in load_with_torchcodec
    raise RuntimeError(f"Failed to create AudioDecoder for {uri}: {e}") from e
RuntimeError: Failed to create AudioDecoder for /Users/hemapunyamoorty/Desktop/os_moderation/Dostt/hindi_pm/TP/Single/rec_audio_call_392603926_audio_1785858184285.mp3: Could not load libtorchcodec. Likely causes:
          1. FFmpeg is not properly installed in your environment. We support
             versions 4, 5, 6, 7, 8, and 9, and we attempt to load libtorchcodec
             for each of those versions. Errors for versions not installed on
             your system are expected; only the error for your installed FFmpeg
             version is relevant. On Windows, ensure you've installed the
             "full-shared" version which ships DLLs.
          2. The PyTorch version (2.14.0) is not compatible with
             this version of TorchCodec. Refer to the version compatibility
             table:
             https://github.com/pytorch/torchcodec?tab=readme-ov-file#installing-torchcodec.
          3. Another runtime dependency; see exceptions below.

        The following exceptions were raised as we tried to load libtorchcodec:
        
[start of libtorchcodec loading traceback]
FFmpeg version 9:
Traceback (most recent call last):
  File "/Users/hemapunyamoorty/Desktop/os_moderation/.venv-gemma/lib/python3.11/site-packages/torch/_ops.py", line 1587, in load_library
    ctypes.CDLL(path)
  File "/Users/hemapunyamoorty/.local/share/uv/python/cpython-3.11.15-macos-aarch64-none/lib/python3.11/ctypes/__init__.py", line 376, in __init__
    self._handle = _dlopen(self._name, mode)
                   ^^^^^^^^^^^^^^^^^^^^^^^^^
OSError: dlopen(/Users/hemapunyamoorty/Desktop/os_moderation/.venv-gemma/lib/python3.11/site-packages/torchcodec/libtorchcodec_core9.dylib, 0x0006): Library not loaded: @rpath/libavutil.61.dylib
  Referenced from: <45A307F9-E437-392A-9F3D-ECACFC181083> /Users/hemapunyamoorty/Desktop/os_moderation/.venv-gemma/lib/python3.11/site-packages/torchcodec/libtorchcodec_core9.dylib
  Reason: tried: '/Users/hemapunyamoorty/.local/share/uv/python/cpython-3.11.15-macos-aarch64-none/lib/libavutil.61.dylib' (no such file)

The above exception was the direct cause of the following exception:

Traceback (most recent call last):
  File "/Users/hemapunyamoorty/Desktop/os_moderation/.venv-gemma/lib/python3.11/site-packages/torchcodec/_internally_replaced_utils.py", line 132, in load_core_libraries
    torch.ops.load_library(core_library_path)
  File "/Users/hemapunyamoorty/Desktop/os_moderation/.venv-gemma/lib/python3.11/site-packages/torch/_ops.py", line 1589, in load_library
    raise OSError(f"Could not load this library: {path}") from e
OSError: Could not load this library: /Users/hemapunyamoorty/Desktop/os_moderation/.venv-gemma/lib/python3.11/site-packages/torchcodec/libtorchcodec_core9.dylib

FFmpeg version 8:
Traceback (most recent call last):
  File "/Users/hemapunyamoorty/Desktop/os_moderation/.venv-gemma/lib/python3.11/site-packages/torch/_ops.py", line 1587, in load_library
    ctypes.CDLL(path)
  File "/Users/hemapunyamoorty/.local/share/uv/python/cpython-3.11.15-macos-aarch64-none/lib/python3.11/ctypes/__init__.py", line 376, in __init__
    self._handle = _dlopen(self._name, mode)
                   ^^^^^^^^^^^^^^^^^^^^^^^^^
OSError: dlopen(/Users/hemapunyamoorty/Desktop/os_moderation/.venv-gemma/lib/python3.11/site-packages/torchcodec/libtorchcodec_core8.dylib, 0x0006): Library not loaded: @rpath/libavutil.60.dylib
  Referenced from: <45DFB0F8-C459-3D4B-9697-B89BD230652E> /Users/hemapunyamoorty/Desktop/os_moderation/.venv-gemma/lib/python3.11/site-packages/torchcodec/libtorchcodec_core8.dylib
  Reason: tried: '/Users/hemapunyamoorty/.local/share/uv/python/cpython-3.11.15-macos-aarch64-none/lib/libavutil.60.dylib' (no such file)

The above exception was the direct cause of the following exception:

Traceback (most recent call last):
  File "/Users/hemapunyamoorty/Desktop/os_moderation/.venv-gemma/lib/python3.11/site-packages/torchcodec/_internally_replaced_utils.py", line 132, in load_core_libraries
    torch.ops.load_library(core_library_path)
  File "/Users/hemapunyamoorty/Desktop/os_moderation/.venv-gemma/lib/python3.11/site-packages/torch/_ops.py", line 1589, in load_library
    raise OSError(f"Could not load this library: {path}") from e
OSError: Could not load this library: /Users/hemapunyamoorty/Desktop/os_moderation/.venv-gemma/lib/python3.11/site-packages/torchcodec/libtorchcodec_core8.dylib

FFmpeg version 7:
Traceback (most recent call last):
  File "/Users/hemapunyamoorty/Desktop/os_moderation/.venv-gemma/lib/python3.11/site-packages/torch/_ops.py", line 1587, in load_library
    ctypes.CDLL(path)
  File "/Users/hemapunyamoorty/.local/share/uv/python/cpython-3.11.15-macos-aarch64-none/lib/python3.11/ctypes/__init__.py", line 376, in __init__
    self._handle = _dlopen(self._name, mode)
                   ^^^^^^^^^^^^^^^^^^^^^^^^^
OSError: dlopen(/Users/hemapunyamoorty/Desktop/os_moderation/.venv-gemma/lib/python3.11/site-packages/torchcodec/libtorchcodec_core7.dylib, 0x0006): Library not loaded: @rpath/libavutil.59.dylib
  Referenced from: <4C7B8A8C-6FA3-3B44-B8F3-4CB45B83C9DC> /Users/hemapunyamoorty/Desktop/os_moderation/.venv-gemma/lib/python3.11/site-packages/torchcodec/libtorchcodec_core7.dylib
  Reason: tried: '/Users/hemapunyamoorty/.local/share/uv/python/cpython-3.11.15-macos-aarch64-none/lib/libavutil.59.dylib' (no such file)

The above exception was the direct cause of the following exception:

Traceback (most recent call last):
  File "/Users/hemapunyamoorty/Desktop/os_moderation/.venv-gemma/lib/python3.11/site-packages/torchcodec/_internally_replaced_utils.py", line 132, in load_core_libraries
    torch.ops.load_library(core_library_path)
  File "/Users/hemapunyamoorty/Desktop/os_moderation/.venv-gemma/lib/python3.11/site-packages/torch/_ops.py", line 1589, in load_library
    raise OSError(f"Could not load this library: {path}") from e
OSError: Could not load this library: /Users/hemapunyamoorty/Desktop/os_moderation/.venv-gemma/lib/python3.11/site-packages/torchcodec/libtorchcodec_core7.dylib

FFmpeg version 6:
Traceback (most recent call last):
  File "/Users/hemapunyamoorty/Desktop/os_moderation/.venv-gemma/lib/python3.11/site-packages/torch/_ops.py", line 1587, in load_library
    ctypes.CDLL(path)
  File "/Users/hemapunyamoorty/.local/share/uv/python/cpython-3.11.15-macos-aarch64-none/lib/python3.11/ctypes/__init__.py", line 376, in __init__
    self._handle = _dlopen(self._name, mode)
                   ^^^^^^^^^^^^^^^^^^^^^^^^^
OSError: dlopen(/Users/hemapunyamoorty/Desktop/os_moderation/.venv-gemma/lib/python3.11/site-packages/torchcodec/libtorchcodec_core6.dylib, 0x0006): Library not loaded: @rpath/libavutil.58.dylib
  Referenced from: <B4928755-8427-3A4F-BA5D-461CD4A14E54> /Users/hemapunyamoorty/Desktop/os_moderation/.venv-gemma/lib/python3.11/site-packages/torchcodec/libtorchcodec_core6.dylib
  Reason: tried: '/Users/hemapunyamoorty/.local/share/uv/python/cpython-3.11.15-macos-aarch64-none/lib/libavutil.58.dylib' (no such file)

The above exception was the direct cause of the following exception:

Traceback (most recent call last):
  File "/Users/hemapunyamoorty/Desktop/os_moderation/.venv-gemma/lib/python3.11/site-packages/torchcodec/_internally_replaced_utils.py", line 132, in load_core_libraries
    torch.ops.load_library(core_library_path)
  File "/Users/hemapunyamoorty/Desktop/os_moderation/.venv-gemma/lib/python3.11/site-packages/torch/_ops.py", line 1589, in load_library
    raise OSError(f"Could not load this library: {path}") from e
OSError: Could not load this library: /Users/hemapunyamoorty/Desktop/os_moderation/.venv-gemma/lib/python3.11/site-packages/torchcodec/libtorchcodec_core6.dylib

FFmpeg version 5:
Traceback (most recent call last):
  File "/Users/hemapunyamoorty/Desktop/os_moderation/.venv-gemma/lib/python3.11/site-packages/torch/_ops.py", line 1587, in load_library
    ctypes.CDLL(path)
  File "/Users/hemapunyamoorty/.local/share/uv/python/cpython-3.11.15-macos-aarch64-none/lib/python3.11/ctypes/__init__.py", line 376, in __init__
    self._handle = _dlopen(self._name, mode)
                   ^^^^^^^^^^^^^^^^^^^^^^^^^
OSError: dlopen(/Users/hemapunyamoorty/Desktop/os_moderation/.venv-gemma/lib/python3.11/site-packages/torchcodec/libtorchcodec_core5.dylib, 0x0006): Library not loaded: @rpath/libavutil.57.dylib
  Referenced from: <98E290AB-A87D-3A16-9D15-D94CB7BFC4C2> /Users/hemapunyamoorty/Desktop/os_moderation/.venv-gemma/lib/python3.11/site-packages/torchcodec/libtorchcodec_core5.dylib
  Reason: tried: '/Users/hemapunyamoorty/.local/share/uv/python/cpython-3.11.15-macos-aarch64-none/lib/libavutil.57.dylib' (no such file)

The above exception was the direct cause of the following exception:

Traceback (most recent call last):
  File "/Users/hemapunyamoorty/Desktop/os_moderation/.venv-gemma/lib/python3.11/site-packages/torchcodec/_internally_replaced_utils.py", line 132, in load_core_libraries
    torch.ops.load_library(core_library_path)
  File "/Users/hemapunyamoorty/Desktop/os_moderation/.venv-gemma/lib/python3.11/site-packages/torch/_ops.py", line 1589, in load_library
    raise OSError(f"Could not load this library: {path}") from e
OSError: Could not load this library: /Users/hemapunyamoorty/Desktop/os_moderation/.venv-gemma/lib/python3.11/site-packages/torchcodec/libtorchcodec_core5.dylib

FFmpeg version 4:
Traceback (most recent call last):
  File "/Users/hemapunyamoorty/Desktop/os_moderation/.venv-gemma/lib/python3.11/site-packages/torch/_ops.py", line 1587, in load_library
    ctypes.CDLL(path)
  File "/Users/hemapunyamoorty/.local/share/uv/python/cpython-3.11.15-macos-aarch64-none/lib/python3.11/ctypes/__init__.py", line 376, in __init__
    self._handle = _dlopen(self._name, mode)
                   ^^^^^^^^^^^^^^^^^^^^^^^^^
OSError: dlopen(/Users/hemapunyamoorty/Desktop/os_moderation/.venv-gemma/lib/python3.11/site-packages/torchcodec/libtorchcodec_core4.dylib, 0x0006): Library not loaded: @rpath/libavutil.56.dylib
  Referenced from: <90F082EE-634E-3197-B38D-BDEB14DD2AAE> /Users/hemapunyamoorty/Desktop/os_moderation/.venv-gemma/lib/python3.11/site-packages/torchcodec/libtorchcodec_core4.dylib
  Reason: tried: '/Users/hemapunyamoorty/.local/share/uv/python/cpython-3.11.15-macos-aarch64-none/lib/libavutil.56.dylib' (no such file)

The above exception was the direct cause of the following exception:

Traceback (most recent call last):
  File "/Users/hemapunyamoorty/Desktop/os_moderation/.venv-gemma/lib/python3.11/site-packages/torchcodec/_internally_replaced_utils.py", line 132, in load_core_libraries
    torch.ops.load_library(core_library_path)
  File "/Users/hemapunyamoorty/Desktop/os_moderation/.venv-gemma/lib/python3.11/site-packages/torch/_ops.py", line 1589, in load_library
    raise OSError(f"Could not load this library: {path}") from e
OSError: Could not load this library: /Users/hemapunyamoorty/Desktop/os_moderation/.venv-gemma/lib/python3.11/site-packages/torchcodec/libtorchcodec_core4.dylib
[end of libtorchcodec loading traceback].

[2026-09-16T03:28:30] [INFO] chunk_seconds=5.0 done in 6.4s — success=0 error=1
[2026-09-16T03:29:10] [INFO] Loading ai4bharat/indic-conformer-600m-multilingual...
[2026-09-16T03:29:20] [INFO] Model loaded.
[2026-09-16T03:29:20] [INFO] DRY RUN chunk_seconds=5.0: 1 file(s)
[2026-09-16T03:29:20] [INFO] [chunk=5.0s 1/1] rec_audio_call_392603926_audio_1785858184285.mp3
[2026-09-16T03:29:23] [INFO] chunk_seconds=5.0 done in 3.6s — success=1 error=0
[2026-09-16T03:30:51] [INFO] Loading ai4bharat/indic-conformer-600m-multilingual...
[2026-09-16T03:31:01] [INFO] Model loaded.
[2026-09-16T03:31:01] [INFO] chunk_seconds=2.0: skipping 0 already-done file(s)
[2026-09-16T03:31:01] [INFO] [chunk=2.0s 1/385] rec_audio_call_392603926_audio_1785858184285.mp3
[2026-09-16T03:31:04] [INFO] [chunk=2.0s 2/385] rec_audio_call_392607690_audio_1785858500937.mp3
[2026-09-16T03:31:09] [INFO] [chunk=2.0s 3/385] rec_audio_call_392643395_audio_1785861202288.mp3
[2026-09-16T03:31:26] [INFO] [chunk=2.0s 4/385] rec_audio_call_425736604_audio_1788905083156.mp3
[2026-09-16T03:31:26] [INFO] [chunk=2.0s 5/385] rec_audio_call_425748748_audio_1788908276475.mp3
[2026-09-16T03:31:28] [INFO] [chunk=2.0s 6/385] rec_audio_call_425749256_audio_1788908432017.mp3
[2026-09-16T03:31:29] [INFO] [chunk=2.0s 7/385] rec_default_426610557_audio_1788986010552.mp3
[2026-09-16T03:31:31] [INFO] [chunk=2.0s 8/385] rec_audio_call_425655492_audio_1788895962923.mp3
[2026-09-16T03:31:35] [INFO] [chunk=2.0s 9/385] rec_audio_call_425656293_audio_1788896013602.mp3
[2026-09-16T03:31:37] [INFO] [chunk=2.0s 10/385] rec_audio_call_425679391_audio_1788897730000.mp3
[2026-09-16T03:31:42] [INFO] [chunk=2.0s 11/385] rec_audio_call_425691838_audio_1788898819143.mp3
[2026-09-16T03:31:44] [INFO] [chunk=2.0s 12/385] rec_default_426593829_audio_1788984553610.mp3
[2026-09-16T03:31:50] [INFO] [chunk=2.0s 13/385] rec_audio_call_419965552_audio_1788369990564.mp3
[2026-09-16T03:31:52] [INFO] [chunk=2.0s 14/385] rec_audio_call_421071310_audio_1788465787061.mp3
[2026-09-16T03:32:05] [INFO] [chunk=2.0s 15/385] rec_audio_call_421768524_audio_1788539479106.mp3
[2026-09-16T03:32:07] [INFO] [chunk=2.0s 16/385] rec_audio_call_421835569_audio_1788543699379.mp3
[2026-09-16T03:32:11] [INFO] [chunk=2.0s 17/385] rec_audio_call_421997101_audio_1788553909604.mp3
[2026-09-16T03:32:33] [INFO] [chunk=2.0s 18/385] rec_audio_call_423610988_audio_1788712982461.mp3
[2026-09-16T03:32:34] [INFO] [chunk=2.0s 19/385] rec_audio_call_425656431_audio_1788896027178.mp3
[2026-09-16T03:32:36] [INFO] [chunk=2.0s 20/385] rec_default_420147298_audio_1788380486702.mp3
[2026-09-16T03:32:50] [INFO] [chunk=2.0s 21/385] rec_default_420599099_audio_1788430532077.mp3
[2026-09-16T03:32:57] [INFO] [chunk=2.0s 22/385] rec_default_421888258_audio_1788546625741.mp3
[2026-09-16T03:32:57] [INFO] [chunk=2.0s 23/385] rec_default_423958539_audio_1788751477018.mp3
[2026-09-16T03:33:03] [INFO] [chunk=2.0s 24/385] rec_audio_call_421981200_audio_1788552638354.mp3
[2026-09-16T03:33:07] [INFO] [chunk=2.0s 25/385] rec_audio_call_422812035_audio_1788633064712.mp3
[2026-09-16T03:33:11] [INFO] [chunk=2.0s 26/385] rec_audio_call_423872491_audio_1788731676125.mp3
[2026-09-16T03:33:12] [INFO] [chunk=2.0s 27/385] rec_audio_call_424735559_audio_1788811052808.mp3
[2026-09-16T03:33:13] [INFO] [chunk=2.0s 28/385] rec_audio_call_425051281_audio_1788851621695.mp3
[2026-09-16T03:33:33] [INFO] [chunk=2.0s 29/385] rec_default_422797054_audio_1788632206019.mp3
[2026-09-16T03:33:42] [INFO] [chunk=2.0s 30/385] rec_audio_call_421865395_audio_1788545383247.mp3
[2026-09-16T03:33:44] [INFO] [chunk=2.0s 31/385] rec_audio_call_425933838_audio_1788934868635.mp3
[2026-09-16T03:33:53] [INFO] [chunk=2.0s 32/385] rec_audio_call_426596251_audio_1788984756063.mp3
[2026-09-16T03:33:54] [INFO] [chunk=2.0s 33/385] rec_audio_call_426599617_audio_1788985040466.mp3
[2026-09-16T03:33:59] [INFO] [chunk=2.0s 34/385] rec_default_423978016_audio_1788753648923.mp3
[2026-09-16T03:34:04] [INFO] [chunk=2.0s 35/385] rec_default_425396309_audio_1788879180076.mp3
[2026-09-16T03:34:08] [INFO] [chunk=2.0s 36/385] rec_default_425778316_audio_1788916552817.mp3
[2026-09-16T03:34:10] [INFO] [chunk=2.0s 37/385] rec_audio_call_424867062_audio_1788834834877.mp3
[2026-09-16T03:34:17] [INFO] [chunk=2.0s 38/385] rec_audio_call_425730841_audio_1788903925979.mp3
[2026-09-16T03:34:17] [INFO] [chunk=2.0s 39/385] rec_audio_call_425744236_audio_1788906883727.mp3
[2026-09-16T03:34:39] [INFO] [chunk=2.0s 40/385] rec_audio_call_426409268_audio_1788973959169.mp3
[2026-09-16T03:34:43] [INFO] [chunk=2.0s 41/385] rec_default_424880310_audio_1788836667926.mp3
[2026-09-16T03:35:02] [INFO] [chunk=2.0s 42/385] rec_default_425134890_audio_1788857770816.mp3
[2026-09-16T03:35:12] [INFO] [chunk=2.0s 43/385] rec_default_425141339_audio_1788858189163.mp3
[2026-09-16T03:35:28] [INFO] [chunk=2.0s 44/385] rec_audio_call_424610503_audio_1788803501320.mp3
[2026-09-16T03:35:31] [INFO] [chunk=2.0s 45/385] rec_audio_call_424798751_audio_1788818609448.mp3
[2026-09-16T03:35:36] [INFO] [chunk=2.0s 46/385] rec_audio_call_425147890_audio_1788858642964.mp3
[2026-09-16T03:35:40] [INFO] [chunk=2.0s 47/385] rec_audio_call_425713085_audio_1788901236624.mp3
[2026-09-16T03:35:42] [INFO] [chunk=2.0s 48/385] rec_audio_call_419508797_audio_1788334367395.mp3
[2026-09-16T03:35:43] [INFO] [chunk=2.0s 49/385] rec_audio_call_421677953_audio_1788530753328.mp3
[2026-09-16T03:35:44] [INFO] [chunk=2.0s 50/385] rec_audio_call_423351802_audio_1788689747483.mp3
[2026-09-16T03:35:47] [INFO] [chunk=2.0s 51/385] rec_audio_call_423591955_audio_1788711572217.mp3
[2026-09-16T03:35:53] [INFO] [chunk=2.0s 52/385] rec_audio_call_423629370_audio_1788714233340.mp3
[2026-09-16T03:36:37] [INFO] [chunk=2.0s 53/385] rec_audio_call_426565546_audio_1788982388939.mp3
[2026-09-16T03:36:38] [INFO] [chunk=2.0s 54/385] rec_default_419887388_audio_1788364981482.mp3
[2026-09-16T03:36:49] [INFO] [chunk=2.0s 55/385] rec_default_421661435_audio_1788529081993.mp3
[2026-09-16T03:36:53] [INFO] [chunk=2.0s 56/385] rec_default_421956667_audio_1788550846403.mp3
[2026-09-16T03:36:55] [INFO] [chunk=2.0s 57/385] rec_default_423887482_audio_1788735128862.mp3
[2026-09-16T03:37:08] [INFO] [chunk=2.0s 58/385] rec_default_424793843_audio_1788817690775.mp3
[2026-09-16T03:37:13] [INFO] [chunk=2.0s 59/385] rec_default_425627452_audio_1788894258639.mp3
[2026-09-16T03:37:14] [INFO] [chunk=2.0s 60/385] rec_audio_call_426099993_audio_1788947488901.mp3
[2026-09-16T03:37:26] [INFO] [chunk=2.0s 61/385] rec_audio_call_426101059_audio_1788947560284.mp3
[2026-09-16T03:37:44] [INFO] [chunk=2.0s 62/385] rec_audio_call_426107984_audio_1788948053829.mp3
[2026-09-16T03:37:46] [INFO] [chunk=2.0s 63/385] rec_audio_call_426107995_audio_1788948050780.mp3
[2026-09-16T03:37:52] [INFO] [chunk=2.0s 64/385] rec_audio_call_426108129_audio_1788948057694.mp3
[2026-09-16T03:37:55] [INFO] [chunk=2.0s 65/385] rec_audio_call_426119888_audio_1788948897495.mp3
[2026-09-16T03:37:55] [INFO] [chunk=2.0s 66/385] rec_audio_call_426127774_audio_1788949477698.mp3
[2026-09-16T03:38:06] [INFO] [chunk=2.0s 67/385] rec_audio_call_426194933_audio_1788954682604.mp3
[2026-09-16T03:38:16] [INFO] [chunk=2.0s 68/385] rec_audio_call_426195125_audio_1788954700286.mp3
[2026-09-16T03:38:25] [INFO] [chunk=2.0s 69/385] rec_audio_call_426201717_audio_1788955277234.mp3
[2026-09-16T03:38:27] [INFO] [chunk=2.0s 70/385] rec_audio_call_426201848_audio_1788955284435.mp3
[2026-09-16T03:38:32] [INFO] [chunk=2.0s 71/385] rec_audio_call_426202468_audio_1788955343920.mp3
[2026-09-16T03:38:38] [INFO] [chunk=2.0s 72/385] rec_audio_call_426202822_audio_1788955375114.mp3
[2026-09-16T03:38:43] [INFO] [chunk=2.0s 73/385] rec_audio_call_426202958_audio_1788955393853.mp3
[2026-09-16T03:38:48] [INFO] [chunk=2.0s 74/385] rec_audio_call_426203219_audio_1788955405537.mp3
[2026-09-16T03:38:49] [INFO] [chunk=2.0s 75/385] rec_audio_call_426203802_audio_1788955464104.mp3
[2026-09-16T03:39:01] [INFO] [chunk=2.0s 76/385] rec_audio_call_426204124_audio_1788955491095.mp3
[2026-09-16T03:39:06] [INFO] [chunk=2.0s 77/385] rec_audio_call_426204404_audio_1788955515816.mp3
[2026-09-16T03:39:11] [INFO] [chunk=2.0s 78/385] rec_audio_call_426204463_audio_1788955521517.mp3
[2026-09-16T03:39:20] [INFO] [chunk=2.0s 79/385] rec_audio_call_426847860_audio_1789020585952.mp3
[2026-09-16T03:39:23] [INFO] [chunk=2.0s 80/385] rec_audio_call_426848290_audio_1789020619592.mp3
[2026-09-16T03:39:26] [INFO] [chunk=2.0s 81/385] rec_audio_call_426848321_audio_1789020622237.mp3
[2026-09-16T03:39:30] [INFO] [chunk=2.0s 82/385] rec_audio_call_426848355_audio_1789020625114.mp3
[2026-09-16T03:39:33] [INFO] [chunk=2.0s 83/385] rec_audio_call_426848440_audio_1789020630279.mp3
[2026-09-16T03:39:37] [INFO] [chunk=2.0s 84/385] rec_audio_call_426848640_audio_1789020645122.mp3
[2026-09-16T03:39:40] [INFO] [chunk=2.0s 85/385] rec_audio_call_426848943_audio_1789020668404.mp3
[2026-09-16T03:39:47] [INFO] [chunk=2.0s 86/385] rec_audio_call_426849624_audio_1789020718433.mp3
[2026-09-16T03:39:53] [INFO] [chunk=2.0s 87/385] rec_audio_call_426849843_audio_1789020732404.mp3
[2026-09-16T03:40:27] [INFO] [chunk=2.0s 88/385] rec_audio_call_426850383_audio_1789020772255.mp3
[2026-09-16T03:40:29] [INFO] [chunk=2.0s 89/385] rec_audio_call_426851323_audio_1789020846081.mp3
[2026-09-16T03:40:34] [INFO] [chunk=2.0s 90/385] rec_audio_call_426851772_audio_1789020879921.mp3
[2026-09-16T03:40:40] [INFO] [chunk=2.0s 91/385] rec_audio_call_426851856_audio_1789020892000.mp3
[2026-09-16T03:40:49] [INFO] [chunk=2.0s 92/385] rec_audio_call_426854007_audio_1789021052086.mp3
[2026-09-16T03:40:52] [INFO] [chunk=2.0s 93/385] rec_audio_call_426854157_audio_1789021067058.mp3
[2026-09-16T03:40:54] [INFO] [chunk=2.0s 94/385] rec_audio_call_426883755_audio_1789023272654.mp3
[2026-09-16T03:40:55] [INFO] [chunk=2.0s 95/385] rec_audio_call_427029817_audio_1789033741551.mp3
[2026-09-16T03:40:56] [INFO] [chunk=2.0s 96/385] rec_audio_call_427302258_audio_1789057958698.mp3
[2026-09-16T03:40:57] [INFO] [chunk=2.0s 97/385] rec_audio_call_427307060_audio_1789058304926.mp3
[2026-09-16T03:40:59] [INFO] [chunk=2.0s 98/385] rec_audio_call_427311569_audio_1789058616356.mp3
[2026-09-16T03:41:00] [INFO] [chunk=2.0s 99/385] rec_audio_call_427314953_audio_1789058839016.mp3
[2026-09-16T03:41:01] [INFO] [chunk=2.0s 100/385] rec_default_426100823_audio_1788947551748.mp3
[2026-09-16T03:41:02] [INFO] [chunk=2.0s 101/385] rec_default_426107316_audio_1788948009635.mp3
[2026-09-16T03:41:04] [INFO] [chunk=2.0s 102/385] rec_default_426107744_audio_1788948040810.mp3
[2026-09-16T03:41:12] [INFO] [chunk=2.0s 103/385] rec_default_426108828_audio_1788948111282.mp3
[2026-09-16T03:41:16] [INFO] [chunk=2.0s 104/385] rec_default_426126463_audio_1788949378147.mp3
[2026-09-16T03:41:17] [INFO] [chunk=2.0s 105/385] rec_default_426126833_audio_1788949400904.mp3
[2026-09-16T03:41:18] [INFO] [chunk=2.0s 106/385] rec_default_426127716_audio_1788949472727.mp3
[2026-09-16T03:41:22] [INFO] [chunk=2.0s 107/385] rec_default_426194323_audio_1788954640272.mp3
[2026-09-16T03:41:24] [INFO] [chunk=2.0s 108/385] rec_default_426195344_audio_1788954727902.mp3
[2026-09-16T03:41:25] [INFO] [chunk=2.0s 109/385] rec_default_426202313_audio_1788955333217.mp3
[2026-09-16T03:41:26] [INFO] [chunk=2.0s 110/385] rec_default_426204264_audio_1788955509025.mp3
[2026-09-16T03:41:28] [INFO] [chunk=2.0s 111/385] rec_default_426204318_audio_1788955517179.mp3
[2026-09-16T03:41:32] [INFO] [chunk=2.0s 112/385] rec_default_426848660_audio_1789020643588.mp3
[2026-09-16T03:41:51] [INFO] [chunk=2.0s 113/385] rec_default_426851955_audio_1789020893146.mp3
[2026-09-16T03:41:52] [INFO] [chunk=2.0s 114/385] rec_default_426853539_audio_1789021025445.mp3
[2026-09-16T03:41:54] [INFO] [chunk=2.0s 115/385] rec_default_427012373_audio_1789032615035.mp3
[2026-09-16T03:41:56] [INFO] [chunk=2.0s 116/385] rec_default_427038720_audio_1789034321734.mp3
[2026-09-16T03:41:57] [INFO] [chunk=2.0s 117/385] rec_default_427305556_audio_1789058198302.mp3
[2026-09-16T03:42:00] [INFO] [chunk=2.0s 118/385] rec_audio_call_426576577_audio_1788983168675.mp3
[2026-09-16T03:42:48] [INFO] [chunk=2.0s 119/385] rec_audio_call_426580380_audio_1788983454564.mp3
[2026-09-16T03:42:52] [INFO] [chunk=2.0s 120/385] rec_audio_call_426601291_audio_1788985175536.mp3
[2026-09-16T03:42:53] [INFO] [chunk=2.0s 121/385] rec_default_426573210_audio_1788982914417.mp3
[2026-09-16T03:43:02] [INFO] [chunk=2.0s 122/385] rec_default_426597928_audio_1788984899162.mp3
[2026-09-16T03:43:22] [INFO] [chunk=2.0s 123/385] rec_default_426662883_audio_1788994670065.mp3
[2026-09-16T03:43:35] [INFO] [chunk=2.0s 124/385] rec_audio_call_426604675_audio_1788985474412.mp3
[2026-09-16T03:43:39] [INFO] [chunk=2.0s 125/385] rec_audio_call_426613454_audio_1788986291945.mp3
[2026-09-16T03:43:44] [INFO] [chunk=2.0s 126/385] rec_default_426634262_audio_1788988662985.mp3
[2026-09-16T03:43:46] [INFO] [chunk=2.0s 127/385] rec_default_426647598_audio_1788990955665.mp3
[2026-09-16T03:44:01] [INFO] [chunk=2.0s 128/385] rec_audio_call_421223616_audio_1788491953131.mp3
[2026-09-16T03:44:03] [INFO] [chunk=2.0s 129/385] rec_audio_call_421566156_audio_1788520297969.mp3
[2026-09-16T03:44:05] [INFO] [chunk=2.0s 130/385] rec_audio_call_423645324_audio_1788715186440.mp3
[2026-09-16T03:44:11] [INFO] [chunk=2.0s 131/385] rec_audio_call_424378148_audio_1788784557326.mp3
[2026-09-16T03:44:16] [INFO] [chunk=2.0s 132/385] rec_audio_call_424416192_audio_1788788125311.mp3
[2026-09-16T03:44:22] [INFO] [chunk=2.0s 133/385] rec_audio_call_425918552_audio_1788933686610.mp3
[2026-09-16T03:44:29] [INFO] [chunk=2.0s 134/385] rec_default_425656790_audio_1788896051031.mp3
[2026-09-16T03:44:33] [INFO] [chunk=2.0s 135/385] rec_audio_call_420847903_audio_1788453013104.mp3
[2026-09-16T03:45:17] [INFO] [chunk=2.0s 136/385] rec_audio_call_424557037_audio_1788800497337.mp3
[2026-09-16T03:45:21] [INFO] [chunk=2.0s 137/385] rec_audio_call_424970880_audio_1788845652480.mp3
[2026-09-16T03:45:23] [INFO] [chunk=2.0s 138/385] rec_audio_call_425207957_audio_1788862678382.mp3
[2026-09-16T03:45:41] [INFO] [chunk=2.0s 139/385] rec_audio_call_426372327_audio_1788971567973.mp3
[2026-09-16T03:45:45] [INFO] [chunk=2.0s 140/385] rec_default_423104500_audio_1788669374178.mp3
[2026-09-16T03:45:58] [INFO] [chunk=2.0s 141/385] rec_default_423163427_audio_1788674918154.mp3
[2026-09-16T03:46:01] [INFO] [chunk=2.0s 142/385] rec_default_426023290_audio_1788941856621.mp3
[2026-09-16T03:46:02] [INFO] [chunk=2.0s 143/385] rec_audio_call_426570103_audio_1788982695863.mp3
[2026-09-16T03:47:00] [INFO] [chunk=2.0s 144/385] rec_audio_call_426580224_audio_1788983439239.mp3
[2026-09-16T03:47:05] [INFO] [chunk=2.0s 145/385] rec_audio_call_426626261_audio_1788987652206.mp3
[2026-09-16T03:47:17] [INFO] [chunk=2.0s 146/385] rec_audio_call_426634717_audio_1788988729707.mp3
[2026-09-16T03:47:22] [INFO] [chunk=2.0s 147/385] rec_default_426593601_audio_1788984536403.mp3
[2026-09-16T03:47:29] [INFO] [chunk=2.0s 148/385] rec_default_426620137_audio_1788986984372.mp3
[2026-09-16T03:47:38] [INFO] [chunk=2.0s 149/385] rec_default_426633368_audio_1788988531170.mp3
[2026-09-16T03:47:44] [INFO] [chunk=2.0s 150/385] rec_audio_call_426416419_audio_1788974369340.mp3
[2026-09-16T03:47:48] [INFO] [chunk=2.0s 151/385] rec_audio_call_426613454_audio_1788986291945.mp3
[2026-09-16T03:47:53] [INFO] [chunk=2.0s 152/385] rec_audio_call_420358272_audio_1788412834216.mp3
[2026-09-16T03:48:01] [INFO] [chunk=2.0s 153/385] rec_audio_call_420511856_audio_1788424457087.mp3
[2026-09-16T03:48:08] [INFO] [chunk=2.0s 154/385] rec_audio_call_420632008_audio_1788432977108.mp3
[2026-09-16T03:48:31] [INFO] [chunk=2.0s 155/385] rec_audio_call_425129217_audio_1788857364836.mp3
[2026-09-16T03:48:57] [INFO] [chunk=2.0s 156/385] rec_audio_call_426104039_audio_1788947773748.mp3
[2026-09-16T03:49:06] [INFO] [chunk=2.0s 157/385] rec_default_421372353_audio_1788505796052.mp3
[2026-09-16T03:49:41] [INFO] [chunk=2.0s 158/385] rec_default_421961206_audio_1788551169146.mp3
[2026-09-16T03:49:48] [INFO] [chunk=2.0s 159/385] rec_default_424950341_audio_1788843964859.mp3
[2026-09-16T03:49:53] [INFO] [chunk=2.0s 160/385] rec_default_425392837_audio_1788878842788.mp3
[2026-09-16T03:49:55] [INFO] [chunk=2.0s 161/385] rec_default_426076857_audio_1788945867967.mp3
[2026-09-16T03:50:13] [INFO] [chunk=2.0s 162/385] rec_audio_call_427301394_audio_1789057897529.mp3
[2026-09-16T03:50:14] [INFO] [chunk=2.0s 163/385] rec_audio_call_427304995_audio_1789058153813.mp3
[2026-09-16T03:50:18] [INFO] [chunk=2.0s 164/385] rec_audio_call_427305229_audio_1789058170052.mp3
[2026-09-16T03:50:20] [INFO] [chunk=2.0s 165/385] rec_audio_call_427305426_audio_1789058184851.mp3
[2026-09-16T03:50:21] [INFO] [chunk=2.0s 166/385] rec_audio_call_427305578_audio_1789058200155.mp3
[2026-09-16T03:50:21] [INFO] [chunk=2.0s 167/385] rec_audio_call_427305579_audio_1789058197575.mp3
[2026-09-16T03:50:22] [INFO] [chunk=2.0s 168/385] rec_audio_call_427309343_audio_1789058465241.mp3
[2026-09-16T03:50:23] [INFO] [chunk=2.0s 169/385] rec_audio_call_427310164_audio_1789058518972.mp3
[2026-09-16T03:50:23] [INFO] [chunk=2.0s 170/385] rec_audio_call_427312372_audio_1789058676733.mp3
[2026-09-16T03:50:36] [INFO] [chunk=2.0s 171/385] rec_audio_call_427313310_audio_1789058737356.mp3
[2026-09-16T03:51:02] [INFO] [chunk=2.0s 172/385] rec_audio_call_427313337_audio_1789058738019.mp3
[2026-09-16T03:51:04] [INFO] [chunk=2.0s 173/385] rec_audio_call_427315026_audio_1789058843014.mp3
[2026-09-16T03:51:08] [INFO] [chunk=2.0s 174/385] rec_audio_call_427316125_audio_1789058922687.mp3
[2026-09-16T03:51:10] [INFO] [chunk=2.0s 175/385] rec_audio_call_427316431_audio_1789058946312.mp3
[2026-09-16T03:51:15] [INFO] [chunk=2.0s 176/385] rec_default_427302623_audio_1789057989394.mp3
[2026-09-16T03:51:17] [INFO] [chunk=2.0s 177/385] rec_default_427303915_audio_1789058082453.mp3
[2026-09-16T03:51:20] [INFO] [chunk=2.0s 178/385] rec_default_427307746_audio_1789058356862.mp3
[2026-09-16T03:51:24] [INFO] [chunk=2.0s 179/385] rec_default_427308167_audio_1789058388570.mp3
[2026-09-16T03:51:40] [INFO] [chunk=2.0s 180/385] rec_default_427310161_audio_1789058524351.mp3
[2026-09-16T03:51:40] [INFO] [chunk=2.0s 181/385] rec_default_427312501_audio_1789058683465.mp3
[2026-09-16T03:51:41] [INFO] [chunk=2.0s 182/385] rec_default_427313073_audio_1789058722144.mp3
[2026-09-16T03:51:44] [INFO] [chunk=2.0s 183/385] rec_default_427314573_audio_1789058813038.mp3
[2026-09-16T03:51:49] [INFO] [chunk=2.0s 184/385] rec_audio_call_426641897_audio_1788989870691.mp3
[2026-09-16T03:51:53] [INFO] [chunk=2.0s 185/385] rec_audio_call_426641906_audio_1788989875034.mp3
[2026-09-16T03:52:04] [INFO] [chunk=2.0s 186/385] rec_audio_call_426647851_audio_1788991002681.mp3
[2026-09-16T03:52:40] [INFO] [chunk=2.0s 187/385] rec_audio_call_426655391_audio_1788992749491.mp3
[2026-09-16T03:52:46] [INFO] [chunk=2.0s 188/385] rec_audio_call_426669176_audio_1788996452632.mp3
[2026-09-16T03:52:47] [INFO] [chunk=2.0s 189/385] rec_default_426642159_audio_1788989918579.mp3
[2026-09-16T03:52:53] [INFO] [chunk=2.0s 190/385] rec_audio_call_426646095_audio_1788990649220.mp3
[2026-09-16T03:52:58] [INFO] [chunk=2.0s 191/385] rec_audio_call_426665213_audio_1788995377531.mp3
[2026-09-16T03:53:02] [INFO] [chunk=2.0s 192/385] rec_default_426639345_audio_1788989459421.mp3
[2026-09-16T03:53:07] [INFO] [chunk=2.0s 193/385] rec_default_426645015_audio_1788990433927.mp3
[2026-09-16T03:53:16] [INFO] [chunk=2.0s 194/385] rec_audio_call_426149164_audio_1788951056501.mp3
[2026-09-16T03:53:21] [INFO] [chunk=2.0s 195/385] rec_audio_call_426151853_audio_1788951260489.mp3
[2026-09-16T03:54:02] [INFO] [chunk=2.0s 196/385] rec_audio_call_426180101_audio_1788953436912.mp3
[2026-09-16T03:54:04] [INFO] [chunk=2.0s 197/385] rec_audio_call_426279116_audio_1788962727515.mp3
[2026-09-16T03:54:09] [INFO] [chunk=2.0s 198/385] rec_audio_call_426299827_audio_1788964873398.mp3
[2026-09-16T03:54:18] [INFO] [chunk=2.0s 199/385] rec_audio_call_426313681_audio_1788966303052.mp3
[2026-09-16T03:54:21] [INFO] [chunk=2.0s 200/385] rec_audio_call_426339758_audio_1788968901990.mp3
[2026-09-16T03:54:33] [INFO] [chunk=2.0s 201/385] rec_default_426226216_audio_1788957468242.mp3
[2026-09-16T03:54:34] [INFO] [chunk=2.0s 202/385] rec_default_426252346_audio_1788960080824.mp3
[2026-09-16T03:54:54] [INFO] [chunk=2.0s 203/385] rec_default_426303789_audio_1788965281521.mp3
[2026-09-16T03:55:13] [INFO] [chunk=2.0s 204/385] rec_audio_call_423101838_audio_1788669053059.mp3
[2026-09-16T03:55:15] [INFO] [chunk=2.0s 205/385] rec_audio_call_426127729_audio_1788949472560.mp3
[2026-09-16T03:55:16] [INFO] [chunk=2.0s 206/385] rec_audio_call_426621209_audio_1788987102942.mp3
[2026-09-16T03:55:18] [INFO] [chunk=2.0s 207/385] rec_audio_call_425861520_audio_1788928521393.mp3
[2026-09-16T03:55:21] [INFO] [chunk=2.0s 208/385] rec_audio_call_425877181_audio_1788930106387.mp3
[2026-09-16T03:55:23] [INFO] [chunk=2.0s 209/385] rec_audio_call_426020111_audio_1788941616667.mp3
[2026-09-16T03:55:25] [INFO] [chunk=2.0s 210/385] rec_audio_call_426030765_audio_1788942418731.mp3
[2026-09-16T03:55:28] [INFO] [chunk=2.0s 211/385] rec_audio_call_426035272_audio_1788942782972.mp3
[2026-09-16T03:55:30] [INFO] [chunk=2.0s 212/385] rec_audio_call_426185479_audio_1788953866828.mp3
[2026-09-16T03:55:37] [INFO] [chunk=2.0s 213/385] rec_audio_call_426259277_audio_1788960796344.mp3
[2026-09-16T03:55:39] [INFO] [chunk=2.0s 214/385] rec_audio_call_426355800_audio_1788970288176.mp3
[2026-09-16T03:55:43] [INFO] [chunk=2.0s 215/385] rec_audio_call_426594019_audio_1788984570393.mp3
[2026-09-16T03:55:53] [INFO] [chunk=2.0s 216/385] rec_audio_call_426664156_audio_1788995059123.mp3
[2026-09-16T03:56:16] [INFO] [chunk=2.0s 217/385] rec_default_426582734_audio_1788983647126.mp3
[2026-09-16T03:56:42] [INFO] [chunk=2.0s 218/385] rec_default_426649193_audio_1788991280922.mp3
[2026-09-16T03:56:44] [INFO] [chunk=2.0s 219/385] rec_default_426652242_audio_1788991956749.mp3
[2026-09-16T03:56:52] [INFO] [chunk=2.0s 220/385] rec_default_426363836_audio_1788970922202.mp3
[2026-09-16T03:56:56] [INFO] [chunk=2.0s 221/385] rec_default_426408577_audio_1788973914993.mp3
[2026-09-16T03:57:25] [INFO] [chunk=2.0s 222/385] rec_default_426439325_audio_1788975665682.mp3
[2026-09-16T03:57:27] [INFO] [chunk=2.0s 223/385] rec_default_426534420_audio_1788980458455.mp3
[2026-09-16T03:57:29] [INFO] [chunk=2.0s 224/385] rec_audio_call_424886004_audio_1788837418505.mp3
[2026-09-16T03:57:41] [INFO] [chunk=2.0s 225/385] rec_audio_call_425905210_audio_1788932612192.mp3
[2026-09-16T03:58:05] [INFO] [chunk=2.0s 226/385] rec_audio_call_425905294_audio_1788932619839.mp3
[2026-09-16T03:58:10] [INFO] [chunk=2.0s 227/385] rec_audio_call_425936126_audio_1788935044155.mp3
[2026-09-16T03:58:31] [INFO] [chunk=2.0s 228/385] rec_audio_call_426014372_audio_1788941177871.mp3
[2026-09-16T03:58:51] [INFO] [chunk=2.0s 229/385] rec_default_403690174_audio_1786828494349.mp3
[2026-09-16T03:58:52] [INFO] [chunk=2.0s 230/385] rec_default_425908372_audio_1788932864052.mp3
[2026-09-16T03:59:30] [INFO] [chunk=2.0s 231/385] rec_default_425912424_audio_1788933213081.mp3
[2026-09-16T03:59:39] [INFO] [chunk=2.0s 232/385] rec_default_426252346_audio_1788960080824.mp3
[2026-09-16T03:59:56] [INFO] [chunk=2.0s 233/385] rec_default_426578327_audio_1788983295448.mp3
[2026-09-16T04:00:00] [INFO] [chunk=2.0s 234/385] rec_audio_call_426195960_audio_1788954780321.mp3
[2026-09-16T04:00:01] [INFO] [chunk=2.0s 235/385] rec_audio_call_427305933_audio_1789058224440.mp3
[2026-09-16T04:00:35] [INFO] [chunk=2.0s 236/385] rec_audio_call_427305950_audio_1789058224627.mp3
[2026-09-16T04:00:40] [INFO] [chunk=2.0s 237/385] rec_audio_call_427306161_audio_1789058236274.mp3
[2026-09-16T04:00:46] [INFO] [chunk=2.0s 238/385] rec_audio_call_427306380_audio_1789058253191.mp3
[2026-09-16T04:00:47] [INFO] [chunk=2.0s 239/385] rec_audio_call_427306773_audio_1789058284652.mp3
[2026-09-16T04:00:49] [INFO] [chunk=2.0s 240/385] rec_audio_call_427306864_audio_1789058288911.mp3
[2026-09-16T04:00:53] [INFO] [chunk=2.0s 241/385] rec_audio_call_427307036_audio_1789058302393.mp3
[2026-09-16T04:00:54] [INFO] [chunk=2.0s 242/385] rec_audio_call_427307087_audio_1789058314132.mp3
[2026-09-16T04:01:21] [INFO] [chunk=2.0s 243/385] rec_audio_call_427307162_audio_1789058316356.mp3
[2026-09-16T04:01:42] [INFO] [chunk=2.0s 244/385] rec_default_426848544_audio_1789020636084.mp3
[2026-09-16T04:01:50] [INFO] [chunk=2.0s 245/385] rec_default_426857244_audio_1789021306090.mp3
[2026-09-16T04:01:53] [INFO] [chunk=2.0s 246/385] rec_default_427305871_audio_1789058217561.mp3
[2026-09-16T04:01:58] [INFO] [chunk=2.0s 247/385] rec_default_427305885_audio_1789058218067.mp3
[2026-09-16T04:02:05] [INFO] [chunk=2.0s 248/385] rec_default_427305984_audio_1789058228017.mp3
[2026-09-16T04:02:08] [INFO] [chunk=2.0s 249/385] rec_default_427306227_audio_1789058240999.mp3
[2026-09-16T04:02:14] [INFO] [chunk=2.0s 250/385] rec_default_427306761_audio_1789058282525.mp3
[2026-09-16T04:02:20] [INFO] [chunk=2.0s 251/385] rec_default_427306879_audio_1789058296671.mp3
[2026-09-16T04:02:24] [INFO] [chunk=2.0s 252/385] rec_default_427306937_audio_1789058296620.mp3
[2026-09-16T04:02:28] [INFO] [chunk=2.0s 253/385] rec_default_427307000_audio_1789058300924.mp3
[2026-09-16T04:02:29] [INFO] [chunk=2.0s 254/385] rec_default_427307149_audio_1789058314884.mp3
[2026-09-16T04:02:37] [INFO] [chunk=2.0s 255/385] rec_default_427307153_audio_1789058314255.mp3
[2026-09-16T04:02:43] [INFO] [chunk=2.0s 256/385] rec_default_427307170_audio_1789058316339.mp3
[2026-09-16T04:02:45] [INFO] [chunk=2.0s 257/385] rec_default_427307263_audio_1789058328048.mp3
[2026-09-16T04:02:46] [INFO] [chunk=2.0s 258/385] rec_audio_call_426576117_audio_1788983135753.mp3
[2026-09-16T04:02:46] [INFO] [chunk=2.0s 259/385] rec_default_426583408_audio_1788983706194.mp3
[2026-09-16T04:03:28] [INFO] [chunk=2.0s 260/385] rec_default_426603278_audio_1788985350942.mp3
[2026-09-16T04:03:41] [INFO] [chunk=2.0s 261/385] rec_default_426609609_audio_1788985926405.mp3
[2026-09-16T04:03:43] [INFO] [chunk=2.0s 262/385] rec_default_426649926_audio_1788991429022.mp3
[2026-09-16T04:03:45] [INFO] [chunk=2.0s 263/385] rec_audio_call_426659403_audio_1788993755666.mp3
[2026-09-16T04:03:47] [INFO] [chunk=2.0s 264/385] rec_default_426594432_audio_1788984607250.mp3
[2026-09-16T04:03:48] [INFO] [chunk=2.0s 265/385] rec_default_426631751_audio_1788988322014.mp3
[2026-09-16T04:03:54] [INFO] [chunk=2.0s 266/385] rec_audio_call_424435289_audio_1788789932957.mp3
[2026-09-16T04:05:26] [INFO] [chunk=2.0s 267/385] rec_audio_call_425117061_audio_1788856492050.mp3
[2026-09-16T04:05:32] [INFO] [chunk=2.0s 268/385] rec_default_424610958_audio_1788803526314.mp3
[2026-09-16T04:05:43] [INFO] [chunk=2.0s 269/385] rec_default_426636576_audio_1788989005279.mp3
[2026-09-16T04:06:07] [INFO] [chunk=2.0s 270/385] rec_default_424154820_audio_1788768178955.mp3
[2026-09-16T04:06:08] [INFO] [chunk=2.0s 271/385] rec_audio_call_424355050_audio_1788782425826.mp3
[2026-09-16T04:06:15] [INFO] [chunk=2.0s 272/385] rec_audio_call_425887818_audio_1788931097237.mp3
[2026-09-16T04:06:17] [INFO] [chunk=2.0s 273/385] rec_audio_call_425981754_audio_1788938608293.mp3
[2026-09-16T04:06:21] [INFO] [chunk=2.0s 274/385] rec_audio_call_426306233_audio_1788965543370.mp3
[2026-09-16T04:06:25] [INFO] [chunk=2.0s 275/385] rec_default_422311857_audio_1788593947270.mp3
[2026-09-16T04:06:30] [INFO] [chunk=2.0s 276/385] rec_default_423336284_audio_1788688591351.mp3
[2026-09-16T04:06:33] [INFO] [chunk=2.0s 277/385] rec_default_424687669_audio_1788807599801.mp3
[2026-09-16T04:06:40] [INFO] [chunk=2.0s 278/385] rec_default_425476935_audio_1788886067609.mp3
[2026-09-16T04:06:42] [INFO] [chunk=2.0s 279/385] rec_default_426377718_audio_1788971973414.mp3
[2026-09-16T04:06:44] [INFO] [chunk=2.0s 280/385] rec_audio_call_426540516_audio_1788980804355.mp3
[2026-09-16T04:06:45] [INFO] [chunk=2.0s 281/385] rec_audio_call_426628134_audio_1788987862205.mp3
[2026-09-16T04:07:21] [INFO] [chunk=2.0s 282/385] rec_default_426432272_audio_1788975283995.mp3
[2026-09-16T04:07:25] [INFO] [chunk=2.0s 283/385] rec_default_426636424_audio_1788988982930.mp3
[2026-09-16T04:07:35] [INFO] [chunk=2.0s 284/385] rec_default_426648998_audio_1788991242054.mp3
[2026-09-16T04:07:40] [INFO] [chunk=2.0s 285/385] rec_audio_call_425981754_audio_1788938608293.mp3
[2026-09-16T04:07:44] [INFO] [chunk=2.0s 286/385] rec_default_425942168_audio_1788935504071.mp3
[2026-09-16T04:07:54] [INFO] [chunk=2.0s 287/385] rec_default_426538743_audio_1788980705149.mp3
[2026-09-16T04:09:24] [INFO] [chunk=2.0s 288/385] rec_default_426548691_audio_1788981313336.mp3
[2026-09-16T04:09:26] [INFO] [chunk=2.0s 289/385] rec_audio_call_403536354_audio_1786818099540.mp3
[2026-09-16T04:09:27] [INFO] [chunk=2.0s 290/385] rec_audio_call_403544174_audio_1786818489013.mp3
[2026-09-16T04:09:34] [INFO] [chunk=2.0s 291/385] rec_audio_call_403785250_audio_1786846993871.mp3
[2026-09-16T04:09:36] [INFO] [chunk=2.0s 292/385] rec_audio_call_421629115_audio_1788525839912.mp3
[2026-09-16T04:10:02] [INFO] [chunk=2.0s 293/385] rec_audio_call_424397178_audio_1788786285103.mp3
[2026-09-16T04:10:03] [INFO] [chunk=2.0s 294/385] rec_audio_call_425591249_audio_1788892319841.mp3
[2026-09-16T04:10:09] [INFO] [chunk=2.0s 295/385] rec_default_403927389_audio_1786861712369.mp3
[2026-09-16T04:10:37] [INFO] [chunk=2.0s 296/385] rec_default_420511327_audio_1788424417781.mp3
[2026-09-16T04:10:53] [INFO] [chunk=2.0s 297/385] rec_default_423324272_audio_1788687697269.mp3
[2026-09-16T04:11:01] [INFO] [chunk=2.0s 298/385] rec_audio_call_426100503_audio_1788947524083.mp3
[2026-09-16T04:11:02] [INFO] [chunk=2.0s 299/385] rec_audio_call_426855757_audio_1789021187400.mp3
[2026-09-16T04:11:04] [INFO] [chunk=2.0s 300/385] rec_audio_call_426855856_audio_1789021196066.mp3
[2026-09-16T04:11:10] [INFO] [chunk=2.0s 301/385] rec_audio_call_426856109_audio_1789021226515.mp3
[2026-09-16T04:11:12] [INFO] [chunk=2.0s 302/385] rec_audio_call_426857289_audio_1789021309748.mp3
[2026-09-16T04:11:14] [INFO] [chunk=2.0s 303/385] rec_audio_call_426857427_audio_1789021321811.mp3
[2026-09-16T04:11:43] [INFO] [chunk=2.0s 304/385] rec_audio_call_426864047_audio_1789021815416.mp3
[2026-09-16T04:12:17] [INFO] [chunk=2.0s 305/385] rec_audio_call_426864085_audio_1789021818783.mp3
[2026-09-16T04:12:22] [INFO] [chunk=2.0s 306/385] rec_audio_call_426864490_audio_1789021845136.mp3
[2026-09-16T04:12:38] [INFO] [chunk=2.0s 307/385] rec_audio_call_426864592_audio_1789021851330.mp3
[2026-09-16T04:12:42] [INFO] [chunk=2.0s 308/385] rec_audio_call_426864613_audio_1789021855826.mp3
[2026-09-16T04:12:49] [INFO] [chunk=2.0s 309/385] rec_audio_call_426864718_audio_1789021861946.mp3
[2026-09-16T04:12:50] [INFO] [chunk=2.0s 310/385] rec_audio_call_426864879_audio_1789021871603.mp3
[2026-09-16T04:12:54] [INFO] [chunk=2.0s 311/385] rec_audio_call_426865756_audio_1789021933370.mp3
[2026-09-16T04:12:57] [INFO] [chunk=2.0s 312/385] rec_audio_call_426866100_audio_1789021962100.mp3
[2026-09-16T04:13:01] [INFO] [chunk=2.0s 313/385] rec_audio_call_426871106_audio_1789022339887.mp3
[2026-09-16T04:13:12] [INFO] [chunk=2.0s 314/385] rec_audio_call_426881695_audio_1789023110536.mp3
[2026-09-16T04:13:13] [INFO] [chunk=2.0s 315/385] rec_audio_call_426882947_audio_1789023209263.mp3
[2026-09-16T04:13:14] [INFO] [chunk=2.0s 316/385] rec_default_426101552_audio_1788947595142.mp3
[2026-09-16T04:13:18] [INFO] [chunk=2.0s 317/385] rec_default_426855984_audio_1789021209994.mp3
[2026-09-16T04:13:31] [INFO] [chunk=2.0s 318/385] rec_default_426863933_audio_1789021808134.mp3
[2026-09-16T04:13:32] [INFO] [chunk=2.0s 319/385] rec_default_426864020_audio_1789021816720.mp3
[2026-09-16T04:13:36] [INFO] [chunk=2.0s 320/385] rec_default_426864282_audio_1789021827994.mp3
[2026-09-16T04:13:40] [INFO] [chunk=2.0s 321/385] rec_default_426864654_audio_1789021854639.mp3
[2026-09-16T04:13:41] [INFO] [chunk=2.0s 322/385] rec_default_426864666_audio_1789021861790.mp3
[2026-09-16T04:13:43] [INFO] [chunk=2.0s 323/385] rec_default_426865205_audio_1789021894193.mp3
[2026-09-16T04:13:45] [INFO] [chunk=2.0s 324/385] rec_default_426865726_audio_1789021930759.mp3
[2026-09-16T04:13:53] [INFO] [chunk=2.0s 325/385] rec_default_426865848_audio_1789021942575.mp3
[2026-09-16T04:13:58] [INFO] [chunk=2.0s 326/385] rec_default_426883317_audio_1789023235707.mp3
[2026-09-16T04:13:59] [INFO] [chunk=2.0s 327/385] rec_audio_call_426655931_audio_1788992894349.mp3
[2026-09-16T04:14:06] [INFO] [chunk=2.0s 328/385] rec_audio_call_426656676_audio_1788993082694.mp3
[2026-09-16T04:14:24] [INFO] [chunk=2.0s 329/385] rec_default_426656120_audio_1788992939200.mp3
[2026-09-16T04:14:32] [INFO] [chunk=2.0s 330/385] rec_default_426667318_audio_1788995960432.mp3
[2026-09-16T04:14:37] [INFO] [chunk=2.0s 331/385] rec_default_426669005_audio_1788996409641.mp3
[2026-09-16T04:14:38] [INFO] [chunk=2.0s 332/385] rec_audio_call_426652927_audio_1788992127130.mp3
[2026-09-16T04:14:46] [INFO] [chunk=2.0s 333/385] rec_audio_call_426658746_audio_1788993588302.mp3
[2026-09-16T04:14:47] [INFO] [chunk=2.0s 334/385] rec_audio_call_426664916_audio_1788995286548.mp3
[2026-09-16T04:15:12] [INFO] [chunk=2.0s 335/385] rec_default_426657127_audio_1788993186310.mp3
[2026-09-16T04:15:15] [INFO] [chunk=2.0s 336/385] rec_audio_call_422128803_audio_1788577048478.mp3
[2026-09-16T04:15:35] [INFO] [chunk=2.0s 337/385] rec_audio_call_425915592_audio_1788933460694.mp3
[2026-09-16T04:15:41] [INFO] [chunk=2.0s 338/385] rec_audio_call_426303042_audio_1788965197636.mp3
[2026-09-16T04:16:01] [INFO] [chunk=2.0s 339/385] rec_audio_call_426322019_audio_1788967195267.mp3
[2026-09-16T04:16:04] [INFO] [chunk=2.0s 340/385] rec_default_423505352_audio_1788703352920.mp3
[2026-09-16T04:16:11] [INFO] [chunk=2.0s 341/385] rec_default_423562532_audio_1788709014492.mp3
[2026-09-16T04:16:15] [INFO] [chunk=2.0s 342/385] rec_default_425939252_audio_1788935280682.mp3
[2026-09-16T04:16:31] [INFO] [chunk=2.0s 343/385] rec_default_425971422_audio_1788937802743.mp3
[2026-09-16T04:16:38] [INFO] [chunk=2.0s 344/385] rec_default_426438311_audio_1788975608857.mp3
[2026-09-16T04:16:48] [INFO] [chunk=2.0s 345/385] rec_audio_call_425205242_audio_1788862499869.mp3
[2026-09-16T04:16:52] [INFO] [chunk=2.0s 346/385] rec_audio_call_426339629_audio_1788968889098.mp3
[2026-09-16T04:16:54] [INFO] [chunk=2.0s 347/385] rec_default_426480223_audio_1788977664177.mp3
[2026-09-16T04:17:00] [INFO] [chunk=2.0s 348/385] rec_default_426608730_audio_1788985842618.mp3
[2026-09-16T04:17:01] [INFO] [chunk=2.0s 349/385] rec_audio_call_426565068_audio_1788982358963.mp3
[2026-09-16T04:17:26] [INFO] [chunk=2.0s 350/385] rec_default_426460304_audio_1788976707317.mp3
[2026-09-16T04:17:28] [INFO] [chunk=2.0s 351/385] rec_default_426537197_audio_1788980611266.mp3
[2026-09-16T04:17:31] [INFO] [chunk=2.0s 352/385] rec_default_426565486_audio_1788982385911.mp3
[2026-09-16T04:17:47] [INFO] [chunk=2.0s 353/385] rec_default_426573512_audio_1788982942725.mp3
[2026-09-16T04:17:50] [INFO] [chunk=2.0s 354/385] rec_default_426591403_audio_1788984361913.mp3
[2026-09-16T04:17:54] [INFO] [chunk=2.0s 355/385] rec_default_426604065_audio_1788985417369.mp3
[2026-09-16T04:17:57] [INFO] [chunk=2.0s 356/385] rec_audio_call_426339629_audio_1788968889098.mp3
[2026-09-16T04:18:00] [INFO] [chunk=2.0s 357/385] rec_default_426606195_audio_1788985611722.mp3
[2026-09-16T04:18:13] [INFO] [chunk=2.0s 358/385] rec_default_426610860_audio_1788986032726.mp3
[2026-09-16T04:18:16] [INFO] [chunk=2.0s 359/385] rec_audio_call_425348262_audio_1788874390379.mp3
[2026-09-16T04:18:33] [INFO] [chunk=2.0s 360/385] rec_audio_call_425360795_audio_1788875574199.mp3
[2026-09-16T04:18:39] [INFO] [chunk=2.0s 361/385] rec_audio_call_425384170_audio_1788877922101.mp3
[2026-09-16T04:19:02] [INFO] [chunk=2.0s 362/385] rec_audio_call_426189476_audio_1788954198708.mp3
[2026-09-16T04:19:23] [INFO] [chunk=2.0s 363/385] rec_default_423219318_audio_1788679354453.mp3
[2026-09-16T04:19:42] [INFO] [chunk=2.0s 364/385] rec_default_423662590_audio_1788716156245.mp3
[2026-09-16T04:20:12] [INFO] [chunk=2.0s 365/385] rec_default_426600174_audio_1788985087863.mp3
[2026-09-16T04:20:21] [INFO] [chunk=2.0s 366/385] rec_audio_call_427000661_audio_1789031852494.mp3
[2026-09-16T04:20:43] [INFO] [chunk=2.0s 367/385] rec_audio_call_427012298_audio_1789032612558.mp3
[2026-09-16T04:20:48] [INFO] [chunk=2.0s 368/385] rec_audio_call_427013211_audio_1789032669332.mp3
[2026-09-16T04:20:50] [INFO] [chunk=2.0s 369/385] rec_audio_call_427027152_audio_1789033559289.mp3
[2026-09-16T04:21:24] [INFO] [chunk=2.0s 370/385] rec_audio_call_427027250_audio_1789033566943.mp3
[2026-09-16T04:21:27] [INFO] [chunk=2.0s 371/385] rec_audio_call_427038731_audio_1789034322684.mp3
[2026-09-16T04:21:29] [INFO] [chunk=2.0s 372/385] rec_default_426107989_audio_1788948054504.mp3
[2026-09-16T04:21:30] [INFO] [chunk=2.0s 373/385] rec_default_426108348_audio_1788948073644.mp3
[2026-09-16T04:21:32] [INFO] [chunk=2.0s 374/385] rec_default_426108689_audio_1788948098669.mp3
[2026-09-16T04:21:34] [INFO] [chunk=2.0s 375/385] rec_default_426850375_audio_1789020775029.mp3
[2026-09-16T04:21:35] [INFO] [chunk=2.0s 376/385] rec_default_427000374_audio_1789031836869.mp3
[2026-09-16T04:21:36] [INFO] [chunk=2.0s 377/385] rec_default_427012375_audio_1789032614721.mp3
[2026-09-16T04:21:38] [INFO] [chunk=2.0s 378/385] rec_default_427012537_audio_1789032626712.mp3
[2026-09-16T04:21:40] [INFO] [chunk=2.0s 379/385] rec_default_427012589_audio_1789032630677.mp3
[2026-09-16T04:21:42] [INFO] [chunk=2.0s 380/385] rec_default_427012755_audio_1789032638070.mp3
[2026-09-16T04:21:48] [INFO] [chunk=2.0s 381/385] rec_default_427018157_audio_1789032985293.mp3
[2026-09-16T04:21:51] [INFO] [chunk=2.0s 382/385] rec_default_427030481_audio_1789033781981.mp3
[2026-09-16T04:21:54] [INFO] [chunk=2.0s 383/385] rec_default_427035680_audio_1789034118532.mp3
[2026-09-16T04:22:01] [INFO] [chunk=2.0s 384/385] rec_default_427037139_audio_1789034210020.mp3
[2026-09-16T04:22:03] [INFO] [chunk=2.0s 385/385] rec_default_427038996_audio_1789034340803.mp3
[2026-09-16T04:22:04] [INFO] chunk_seconds=2.0 done in 3062.5s — success=385 error=0
[2026-09-16T04:22:04] [INFO] chunk_seconds=5.0: skipping 0 already-done file(s)
[2026-09-16T04:22:04] [INFO] [chunk=5.0s 1/385] rec_audio_call_392603926_audio_1785858184285.mp3
[2026-09-16T04:22:05] [INFO] [chunk=5.0s 2/385] rec_audio_call_392607690_audio_1785858500937.mp3
[2026-09-16T04:22:08] [INFO] [chunk=5.0s 3/385] rec_audio_call_392643395_audio_1785861202288.mp3
[2026-09-16T04:22:22] [INFO] [chunk=5.0s 4/385] rec_audio_call_425736604_audio_1788905083156.mp3
[2026-09-16T04:22:23] [INFO] [chunk=5.0s 5/385] rec_audio_call_425748748_audio_1788908276475.mp3
[2026-09-16T04:22:25] [INFO] [chunk=5.0s 6/385] rec_audio_call_425749256_audio_1788908432017.mp3
[2026-09-16T04:22:26] [INFO] [chunk=5.0s 7/385] rec_default_426610557_audio_1788986010552.mp3
[2026-09-16T04:22:27] [INFO] [chunk=5.0s 8/385] rec_audio_call_425655492_audio_1788895962923.mp3
[2026-09-16T04:22:31] [INFO] [chunk=5.0s 9/385] rec_audio_call_425656293_audio_1788896013602.mp3
[2026-09-16T04:22:33] [INFO] [chunk=5.0s 10/385] rec_audio_call_425679391_audio_1788897730000.mp3
[2026-09-16T04:22:37] [INFO] [chunk=5.0s 11/385] rec_audio_call_425691838_audio_1788898819143.mp3
[2026-09-16T04:22:38] [INFO] [chunk=5.0s 12/385] rec_default_426593829_audio_1788984553610.mp3
[2026-09-16T04:22:43] [INFO] [chunk=5.0s 13/385] rec_audio_call_419965552_audio_1788369990564.mp3
[2026-09-16T04:22:45] [INFO] [chunk=5.0s 14/385] rec_audio_call_421071310_audio_1788465787061.mp3
[2026-09-16T04:22:54] [INFO] [chunk=5.0s 15/385] rec_audio_call_421768524_audio_1788539479106.mp3
[2026-09-16T04:22:56] [INFO] [chunk=5.0s 16/385] rec_audio_call_421835569_audio_1788543699379.mp3
[2026-09-16T04:22:57] [INFO] [chunk=5.0s 17/385] rec_audio_call_421997101_audio_1788553909604.mp3
[2026-09-16T04:23:09] [INFO] [chunk=5.0s 18/385] rec_audio_call_423610988_audio_1788712982461.mp3
[2026-09-16T04:23:10] [INFO] [chunk=5.0s 19/385] rec_audio_call_425656431_audio_1788896027178.mp3
[2026-09-16T04:23:12] [INFO] [chunk=5.0s 20/385] rec_default_420147298_audio_1788380486702.mp3
[2026-09-16T04:23:22] [INFO] [chunk=5.0s 21/385] rec_default_420599099_audio_1788430532077.mp3
[2026-09-16T04:23:27] [INFO] [chunk=5.0s 22/385] rec_default_421888258_audio_1788546625741.mp3
[2026-09-16T04:23:28] [INFO] [chunk=5.0s 23/385] rec_default_423958539_audio_1788751477018.mp3
[2026-09-16T04:23:33] [INFO] [chunk=5.0s 24/385] rec_audio_call_421981200_audio_1788552638354.mp3
[2026-09-16T04:23:35] [INFO] [chunk=5.0s 25/385] rec_audio_call_422812035_audio_1788633064712.mp3
[2026-09-16T04:23:37] [INFO] [chunk=5.0s 26/385] rec_audio_call_423872491_audio_1788731676125.mp3
[2026-09-16T04:23:38] [INFO] [chunk=5.0s 27/385] rec_audio_call_424735559_audio_1788811052808.mp3
[2026-09-16T04:23:39] [INFO] [chunk=5.0s 28/385] rec_audio_call_425051281_audio_1788851621695.mp3
[2026-09-16T04:23:49] [INFO] [chunk=5.0s 29/385] rec_default_422797054_audio_1788632206019.mp3
[2026-09-16T04:23:55] [INFO] [chunk=5.0s 30/385] rec_audio_call_421865395_audio_1788545383247.mp3
[2026-09-16T04:23:56] [INFO] [chunk=5.0s 31/385] rec_audio_call_425933838_audio_1788934868635.mp3
[2026-09-16T04:24:02] [INFO] [chunk=5.0s 32/385] rec_audio_call_426596251_audio_1788984756063.mp3
[2026-09-16T04:24:03] [INFO] [chunk=5.0s 33/385] rec_audio_call_426599617_audio_1788985040466.mp3
[2026-09-16T04:24:07] [INFO] [chunk=5.0s 34/385] rec_default_423978016_audio_1788753648923.mp3
[2026-09-16T04:24:10] [INFO] [chunk=5.0s 35/385] rec_default_425396309_audio_1788879180076.mp3
[2026-09-16T04:24:12] [INFO] [chunk=5.0s 36/385] rec_default_425778316_audio_1788916552817.mp3
[2026-09-16T04:24:13] [INFO] [chunk=5.0s 37/385] rec_audio_call_424867062_audio_1788834834877.mp3
[2026-09-16T04:24:17] [INFO] [chunk=5.0s 38/385] rec_audio_call_425730841_audio_1788903925979.mp3
[2026-09-16T04:24:17] [INFO] [chunk=5.0s 39/385] rec_audio_call_425744236_audio_1788906883727.mp3
[2026-09-16T04:24:32] [INFO] [chunk=5.0s 40/385] rec_audio_call_426409268_audio_1788973959169.mp3
[2026-09-16T04:24:34] [INFO] [chunk=5.0s 41/385] rec_default_424880310_audio_1788836667926.mp3
[2026-09-16T04:24:45] [INFO] [chunk=5.0s 42/385] rec_default_425134890_audio_1788857770816.mp3
[2026-09-16T04:24:51] [INFO] [chunk=5.0s 43/385] rec_default_425141339_audio_1788858189163.mp3
[2026-09-16T04:24:59] [INFO] [chunk=5.0s 44/385] rec_audio_call_424610503_audio_1788803501320.mp3
[2026-09-16T04:25:01] [INFO] [chunk=5.0s 45/385] rec_audio_call_424798751_audio_1788818609448.mp3
[2026-09-16T04:25:04] [INFO] [chunk=5.0s 46/385] rec_audio_call_425147890_audio_1788858642964.mp3
[2026-09-16T04:25:05] [INFO] [chunk=5.0s 47/385] rec_audio_call_425713085_audio_1788901236624.mp3
[2026-09-16T04:25:06] [INFO] [chunk=5.0s 48/385] rec_audio_call_419508797_audio_1788334367395.mp3
[2026-09-16T04:25:07] [INFO] [chunk=5.0s 49/385] rec_audio_call_421677953_audio_1788530753328.mp3
[2026-09-16T04:25:08] [INFO] [chunk=5.0s 50/385] rec_audio_call_423351802_audio_1788689747483.mp3
[2026-09-16T04:25:10] [INFO] [chunk=5.0s 51/385] rec_audio_call_423591955_audio_1788711572217.mp3
[2026-09-16T04:25:12] [INFO] [chunk=5.0s 52/385] rec_audio_call_423629370_audio_1788714233340.mp3
[2026-09-16T04:25:36] [INFO] [chunk=5.0s 53/385] rec_audio_call_426565546_audio_1788982388939.mp3
[2026-09-16T04:25:37] [INFO] [chunk=5.0s 54/385] rec_default_419887388_audio_1788364981482.mp3
[2026-09-16T04:25:42] [INFO] [chunk=5.0s 55/385] rec_default_421661435_audio_1788529081993.mp3
[2026-09-16T04:25:43] [INFO] [chunk=5.0s 56/385] rec_default_421956667_audio_1788550846403.mp3
[2026-09-16T04:25:45] [INFO] [chunk=5.0s 57/385] rec_default_423887482_audio_1788735128862.mp3
[2026-09-16T04:25:51] [INFO] [chunk=5.0s 58/385] rec_default_424793843_audio_1788817690775.mp3
[2026-09-16T04:25:54] [INFO] [chunk=5.0s 59/385] rec_default_425627452_audio_1788894258639.mp3
[2026-09-16T04:25:55] [INFO] [chunk=5.0s 60/385] rec_audio_call_426099993_audio_1788947488901.mp3
[2026-09-16T04:26:02] [INFO] [chunk=5.0s 61/385] rec_audio_call_426101059_audio_1788947560284.mp3
[2026-09-16T04:26:14] [INFO] [chunk=5.0s 62/385] rec_audio_call_426107984_audio_1788948053829.mp3
[2026-09-16T04:26:16] [INFO] [chunk=5.0s 63/385] rec_audio_call_426107995_audio_1788948050780.mp3
[2026-09-16T04:26:18] [INFO] [chunk=5.0s 64/385] rec_audio_call_426108129_audio_1788948057694.mp3
[2026-09-16T04:26:19] [INFO] [chunk=5.0s 65/385] rec_audio_call_426119888_audio_1788948897495.mp3
[2026-09-16T04:26:20] [INFO] [chunk=5.0s 66/385] rec_audio_call_426127774_audio_1788949477698.mp3
[2026-09-16T04:26:24] [INFO] [chunk=5.0s 67/385] rec_audio_call_426194933_audio_1788954682604.mp3
[2026-09-16T04:26:30] [INFO] [chunk=5.0s 68/385] rec_audio_call_426195125_audio_1788954700286.mp3
[2026-09-16T04:26:35] [INFO] [chunk=5.0s 69/385] rec_audio_call_426201717_audio_1788955277234.mp3
[2026-09-16T04:26:36] [INFO] [chunk=5.0s 70/385] rec_audio_call_426201848_audio_1788955284435.mp3
[2026-09-16T04:26:39] [INFO] [chunk=5.0s 71/385] rec_audio_call_426202468_audio_1788955343920.mp3
[2026-09-16T04:26:42] [INFO] [chunk=5.0s 72/385] rec_audio_call_426202822_audio_1788955375114.mp3
[2026-09-16T04:26:46] [INFO] [chunk=5.0s 73/385] rec_audio_call_426202958_audio_1788955393853.mp3
[2026-09-16T04:26:48] [INFO] [chunk=5.0s 74/385] rec_audio_call_426203219_audio_1788955405537.mp3
[2026-09-16T04:26:49] [INFO] [chunk=5.0s 75/385] rec_audio_call_426203802_audio_1788955464104.mp3
[2026-09-16T04:26:56] [INFO] [chunk=5.0s 76/385] rec_audio_call_426204124_audio_1788955491095.mp3
[2026-09-16T04:26:58] [INFO] [chunk=5.0s 77/385] rec_audio_call_426204404_audio_1788955515816.mp3
[2026-09-16T04:27:02] [INFO] [chunk=5.0s 78/385] rec_audio_call_426204463_audio_1788955521517.mp3
[2026-09-16T04:27:07] [INFO] [chunk=5.0s 79/385] rec_audio_call_426847860_audio_1789020585952.mp3
[2026-09-16T04:27:09] [INFO] [chunk=5.0s 80/385] rec_audio_call_426848290_audio_1789020619592.mp3
[2026-09-16T04:27:10] [INFO] [chunk=5.0s 81/385] rec_audio_call_426848321_audio_1789020622237.mp3
[2026-09-16T04:27:13] [INFO] [chunk=5.0s 82/385] rec_audio_call_426848355_audio_1789020625114.mp3
[2026-09-16T04:27:14] [INFO] [chunk=5.0s 83/385] rec_audio_call_426848440_audio_1789020630279.mp3
[2026-09-16T04:27:15] [INFO] [chunk=5.0s 84/385] rec_audio_call_426848640_audio_1789020645122.mp3
[2026-09-16T04:27:17] [INFO] [chunk=5.0s 85/385] rec_audio_call_426848943_audio_1789020668404.mp3
[2026-09-16T04:27:20] [INFO] [chunk=5.0s 86/385] rec_audio_call_426849624_audio_1789020718433.mp3
[2026-09-16T04:27:24] [INFO] [chunk=5.0s 87/385] rec_audio_call_426849843_audio_1789020732404.mp3
[2026-09-16T04:27:46] [INFO] [chunk=5.0s 88/385] rec_audio_call_426850383_audio_1789020772255.mp3
[2026-09-16T04:27:48] [INFO] [chunk=5.0s 89/385] rec_audio_call_426851323_audio_1789020846081.mp3
[2026-09-16T04:27:50] [INFO] [chunk=5.0s 90/385] rec_audio_call_426851772_audio_1789020879921.mp3
[2026-09-16T04:27:54] [INFO] [chunk=5.0s 91/385] rec_audio_call_426851856_audio_1789020892000.mp3
[2026-09-16T04:27:59] [INFO] [chunk=5.0s 92/385] rec_audio_call_426854007_audio_1789021052086.mp3
[2026-09-16T04:28:01] [INFO] [chunk=5.0s 93/385] rec_audio_call_426854157_audio_1789021067058.mp3
[2026-09-16T04:28:03] [INFO] [chunk=5.0s 94/385] rec_audio_call_426883755_audio_1789023272654.mp3
[2026-09-16T04:28:03] [INFO] [chunk=5.0s 95/385] rec_audio_call_427029817_audio_1789033741551.mp3
[2026-09-16T04:28:04] [INFO] [chunk=5.0s 96/385] rec_audio_call_427302258_audio_1789057958698.mp3
[2026-09-16T04:28:05] [INFO] [chunk=5.0s 97/385] rec_audio_call_427307060_audio_1789058304926.mp3
[2026-09-16T04:28:06] [INFO] [chunk=5.0s 98/385] rec_audio_call_427311569_audio_1789058616356.mp3
[2026-09-16T04:28:06] [INFO] [chunk=5.0s 99/385] rec_audio_call_427314953_audio_1789058839016.mp3
[2026-09-16T04:28:07] [INFO] [chunk=5.0s 100/385] rec_default_426100823_audio_1788947551748.mp3
[2026-09-16T04:28:08] [INFO] [chunk=5.0s 101/385] rec_default_426107316_audio_1788948009635.mp3
[2026-09-16T04:28:09] [INFO] [chunk=5.0s 102/385] rec_default_426107744_audio_1788948040810.mp3
[2026-09-16T04:28:14] [INFO] [chunk=5.0s 103/385] rec_default_426108828_audio_1788948111282.mp3
[2026-09-16T04:28:16] [INFO] [chunk=5.0s 104/385] rec_default_426126463_audio_1788949378147.mp3
[2026-09-16T04:28:16] [INFO] [chunk=5.0s 105/385] rec_default_426126833_audio_1788949400904.mp3
[2026-09-16T04:28:17] [INFO] [chunk=5.0s 106/385] rec_default_426127716_audio_1788949472727.mp3
[2026-09-16T04:28:20] [INFO] [chunk=5.0s 107/385] rec_default_426194323_audio_1788954640272.mp3
[2026-09-16T04:28:21] [INFO] [chunk=5.0s 108/385] rec_default_426195344_audio_1788954727902.mp3
[2026-09-16T04:28:22] [INFO] [chunk=5.0s 109/385] rec_default_426202313_audio_1788955333217.mp3
[2026-09-16T04:28:23] [INFO] [chunk=5.0s 110/385] rec_default_426204264_audio_1788955509025.mp3
[2026-09-16T04:28:24] [INFO] [chunk=5.0s 111/385] rec_default_426204318_audio_1788955517179.mp3
[2026-09-16T04:28:26] [INFO] [chunk=5.0s 112/385] rec_default_426848660_audio_1789020643588.mp3
[2026-09-16T04:28:36] [INFO] [chunk=5.0s 113/385] rec_default_426851955_audio_1789020893146.mp3
[2026-09-16T04:28:37] [INFO] [chunk=5.0s 114/385] rec_default_426853539_audio_1789021025445.mp3
[2026-09-16T04:28:38] [INFO] [chunk=5.0s 115/385] rec_default_427012373_audio_1789032615035.mp3
[2026-09-16T04:28:39] [INFO] [chunk=5.0s 116/385] rec_default_427038720_audio_1789034321734.mp3
[2026-09-16T04:28:40] [INFO] [chunk=5.0s 117/385] rec_default_427305556_audio_1789058198302.mp3
[2026-09-16T04:28:42] [INFO] [chunk=5.0s 118/385] rec_audio_call_426576577_audio_1788983168675.mp3
[2026-09-16T04:29:13] [INFO] [chunk=5.0s 119/385] rec_audio_call_426580380_audio_1788983454564.mp3
[2026-09-16T04:29:15] [INFO] [chunk=5.0s 120/385] rec_audio_call_426601291_audio_1788985175536.mp3
[2026-09-16T04:29:16] [INFO] [chunk=5.0s 121/385] rec_default_426573210_audio_1788982914417.mp3
[2026-09-16T04:29:23] [INFO] [chunk=5.0s 122/385] rec_default_426597928_audio_1788984899162.mp3
[2026-09-16T04:29:35] [INFO] [chunk=5.0s 123/385] rec_default_426662883_audio_1788994670065.mp3
[2026-09-16T04:29:42] [INFO] [chunk=5.0s 124/385] rec_audio_call_426604675_audio_1788985474412.mp3
[2026-09-16T04:29:44] [INFO] [chunk=5.0s 125/385] rec_audio_call_426613454_audio_1788986291945.mp3
[2026-09-16T04:29:47] [INFO] [chunk=5.0s 126/385] rec_default_426634262_audio_1788988662985.mp3
[2026-09-16T04:29:48] [INFO] [chunk=5.0s 127/385] rec_default_426647598_audio_1788990955665.mp3
[2026-09-16T04:29:57] [INFO] [chunk=5.0s 128/385] rec_audio_call_421223616_audio_1788491953131.mp3
[2026-09-16T04:29:59] [INFO] [chunk=5.0s 129/385] rec_audio_call_421566156_audio_1788520297969.mp3
[2026-09-16T04:30:00] [INFO] [chunk=5.0s 130/385] rec_audio_call_423645324_audio_1788715186440.mp3
[2026-09-16T04:30:04] [INFO] [chunk=5.0s 131/385] rec_audio_call_424378148_audio_1788784557326.mp3
[2026-09-16T04:30:07] [INFO] [chunk=5.0s 132/385] rec_audio_call_424416192_audio_1788788125311.mp3
[2026-09-16T04:30:11] [INFO] [chunk=5.0s 133/385] rec_audio_call_425918552_audio_1788933686610.mp3
[2026-09-16T04:30:16] [INFO] [chunk=5.0s 134/385] rec_default_425656790_audio_1788896051031.mp3
[2026-09-16T04:30:17] [INFO] [chunk=5.0s 135/385] rec_audio_call_420847903_audio_1788453013104.mp3
[2026-09-16T04:30:41] [INFO] [chunk=5.0s 136/385] rec_audio_call_424557037_audio_1788800497337.mp3
[2026-09-16T04:30:45] [INFO] [chunk=5.0s 137/385] rec_audio_call_424970880_audio_1788845652480.mp3
[2026-09-16T04:30:46] [INFO] [chunk=5.0s 138/385] rec_audio_call_425207957_audio_1788862678382.mp3
[2026-09-16T04:30:56] [INFO] [chunk=5.0s 139/385] rec_audio_call_426372327_audio_1788971567973.mp3
[2026-09-16T04:30:58] [INFO] [chunk=5.0s 140/385] rec_default_423104500_audio_1788669374178.mp3
[2026-09-16T04:31:08] [INFO] [chunk=5.0s 141/385] rec_default_423163427_audio_1788674918154.mp3
[2026-09-16T04:31:09] [INFO] [chunk=5.0s 142/385] rec_default_426023290_audio_1788941856621.mp3
[2026-09-16T04:31:10] [INFO] [chunk=5.0s 143/385] rec_audio_call_426570103_audio_1788982695863.mp3
[2026-09-16T04:31:43] [INFO] [chunk=5.0s 144/385] rec_audio_call_426580224_audio_1788983439239.mp3
[2026-09-16T04:31:45] [INFO] [chunk=5.0s 145/385] rec_audio_call_426626261_audio_1788987652206.mp3
[2026-09-16T04:31:51] [INFO] [chunk=5.0s 146/385] rec_audio_call_426634717_audio_1788988729707.mp3
[2026-09-16T04:31:54] [INFO] [chunk=5.0s 147/385] rec_default_426593601_audio_1788984536403.mp3
[2026-09-16T04:31:58] [INFO] [chunk=5.0s 148/385] rec_default_426620137_audio_1788986984372.mp3
[2026-09-16T04:32:03] [INFO] [chunk=5.0s 149/385] rec_default_426633368_audio_1788988531170.mp3
[2026-09-16T04:32:06] [INFO] [chunk=5.0s 150/385] rec_audio_call_426416419_audio_1788974369340.mp3
[2026-09-16T04:32:09] [INFO] [chunk=5.0s 151/385] rec_audio_call_426613454_audio_1788986291945.mp3
[2026-09-16T04:32:12] [INFO] [chunk=5.0s 152/385] rec_audio_call_420358272_audio_1788412834216.mp3
[2026-09-16T04:32:16] [INFO] [chunk=5.0s 153/385] rec_audio_call_420511856_audio_1788424457087.mp3
[2026-09-16T04:32:20] [INFO] [chunk=5.0s 154/385] rec_audio_call_420632008_audio_1788432977108.mp3
[2026-09-16T04:32:33] [INFO] [chunk=5.0s 155/385] rec_audio_call_425129217_audio_1788857364836.mp3
[2026-09-16T04:32:44] [INFO] [chunk=5.0s 156/385] rec_audio_call_426104039_audio_1788947773748.mp3
[2026-09-16T04:32:50] [INFO] [chunk=5.0s 157/385] rec_default_421372353_audio_1788505796052.mp3
[2026-09-16T04:33:12] [INFO] [chunk=5.0s 158/385] rec_default_421961206_audio_1788551169146.mp3
[2026-09-16T04:33:16] [INFO] [chunk=5.0s 159/385] rec_default_424950341_audio_1788843964859.mp3
[2026-09-16T04:33:19] [INFO] [chunk=5.0s 160/385] rec_default_425392837_audio_1788878842788.mp3
[2026-09-16T04:33:20] [INFO] [chunk=5.0s 161/385] rec_default_426076857_audio_1788945867967.mp3
[2026-09-16T04:33:31] [INFO] [chunk=5.0s 162/385] rec_audio_call_427301394_audio_1789057897529.mp3
[2026-09-16T04:33:32] [INFO] [chunk=5.0s 163/385] rec_audio_call_427304995_audio_1789058153813.mp3
[2026-09-16T04:33:34] [INFO] [chunk=5.0s 164/385] rec_audio_call_427305229_audio_1789058170052.mp3
[2026-09-16T04:33:35] [INFO] [chunk=5.0s 165/385] rec_audio_call_427305426_audio_1789058184851.mp3
[2026-09-16T04:33:36] [INFO] [chunk=5.0s 166/385] rec_audio_call_427305578_audio_1789058200155.mp3
[2026-09-16T04:33:36] [INFO] [chunk=5.0s 167/385] rec_audio_call_427305579_audio_1789058197575.mp3
[2026-09-16T04:33:36] [INFO] [chunk=5.0s 168/385] rec_audio_call_427309343_audio_1789058465241.mp3
[2026-09-16T04:33:37] [INFO] [chunk=5.0s 169/385] rec_audio_call_427310164_audio_1789058518972.mp3
[2026-09-16T04:33:38] [INFO] [chunk=5.0s 170/385] rec_audio_call_427312372_audio_1789058676733.mp3
[2026-09-16T04:33:45] [INFO] [chunk=5.0s 171/385] rec_audio_call_427313310_audio_1789058737356.mp3
[2026-09-16T04:34:00] [INFO] [chunk=5.0s 172/385] rec_audio_call_427313337_audio_1789058738019.mp3
[2026-09-16T04:34:01] [INFO] [chunk=5.0s 173/385] rec_audio_call_427315026_audio_1789058843014.mp3
[2026-09-16T04:34:03] [INFO] [chunk=5.0s 174/385] rec_audio_call_427316125_audio_1789058922687.mp3
[2026-09-16T04:34:05] [INFO] [chunk=5.0s 175/385] rec_audio_call_427316431_audio_1789058946312.mp3
[2026-09-16T04:34:07] [INFO] [chunk=5.0s 176/385] rec_default_427302623_audio_1789057989394.mp3
[2026-09-16T04:34:08] [INFO] [chunk=5.0s 177/385] rec_default_427303915_audio_1789058082453.mp3
[2026-09-16T04:34:10] [INFO] [chunk=5.0s 178/385] rec_default_427307746_audio_1789058356862.mp3
[2026-09-16T04:34:12] [INFO] [chunk=5.0s 179/385] rec_default_427308167_audio_1789058388570.mp3
[2026-09-16T04:34:22] [INFO] [chunk=5.0s 180/385] rec_default_427310161_audio_1789058524351.mp3
[2026-09-16T04:34:23] [INFO] [chunk=5.0s 181/385] rec_default_427312501_audio_1789058683465.mp3
[2026-09-16T04:34:24] [INFO] [chunk=5.0s 182/385] rec_default_427313073_audio_1789058722144.mp3
[2026-09-16T04:34:26] [INFO] [chunk=5.0s 183/385] rec_default_427314573_audio_1789058813038.mp3
[2026-09-16T04:34:28] [INFO] [chunk=5.0s 184/385] rec_audio_call_426641897_audio_1788989870691.mp3
[2026-09-16T04:34:32] [INFO] [chunk=5.0s 185/385] rec_audio_call_426641906_audio_1788989875034.mp3
[2026-09-16T04:34:39] [INFO] [chunk=5.0s 186/385] rec_audio_call_426647851_audio_1788991002681.mp3
[2026-09-16T04:35:04] [INFO] [chunk=5.0s 187/385] rec_audio_call_426655391_audio_1788992749491.mp3
[2026-09-16T04:35:08] [INFO] [chunk=5.0s 188/385] rec_audio_call_426669176_audio_1788996452632.mp3
[2026-09-16T04:35:09] [INFO] [chunk=5.0s 189/385] rec_default_426642159_audio_1788989918579.mp3
[2026-09-16T04:35:13] [INFO] [chunk=5.0s 190/385] rec_audio_call_426646095_audio_1788990649220.mp3
[2026-09-16T04:35:17] [INFO] [chunk=5.0s 191/385] rec_audio_call_426665213_audio_1788995377531.mp3
[2026-09-16T04:35:20] [INFO] [chunk=5.0s 192/385] rec_default_426639345_audio_1788989459421.mp3
[2026-09-16T04:35:23] [INFO] [chunk=5.0s 193/385] rec_default_426645015_audio_1788990433927.mp3
[2026-09-16T04:35:29] [INFO] [chunk=5.0s 194/385] rec_audio_call_426149164_audio_1788951056501.mp3
[2026-09-16T04:35:32] [INFO] [chunk=5.0s 195/385] rec_audio_call_426151853_audio_1788951260489.mp3
[2026-09-16T04:35:59] [INFO] [chunk=5.0s 196/385] rec_audio_call_426180101_audio_1788953436912.mp3
[2026-09-16T04:36:00] [INFO] [chunk=5.0s 197/385] rec_audio_call_426279116_audio_1788962727515.mp3
[2026-09-16T04:36:04] [INFO] [chunk=5.0s 198/385] rec_audio_call_426299827_audio_1788964873398.mp3
[2026-09-16T04:36:12] [INFO] [chunk=5.0s 199/385] rec_audio_call_426313681_audio_1788966303052.mp3
[2026-09-16T04:36:15] [INFO] [chunk=5.0s 200/385] rec_audio_call_426339758_audio_1788968901990.mp3
[2026-09-16T04:36:24] [INFO] [chunk=5.0s 201/385] rec_default_426226216_audio_1788957468242.mp3
[2026-09-16T04:36:25] [INFO] [chunk=5.0s 202/385] rec_default_426252346_audio_1788960080824.mp3
[2026-09-16T04:36:38] [INFO] [chunk=5.0s 203/385] rec_default_426303789_audio_1788965281521.mp3
[2026-09-16T04:36:51] [INFO] [chunk=5.0s 204/385] rec_audio_call_423101838_audio_1788669053059.mp3
[2026-09-16T04:36:52] [INFO] [chunk=5.0s 205/385] rec_audio_call_426127729_audio_1788949472560.mp3
[2026-09-16T04:36:53] [INFO] [chunk=5.0s 206/385] rec_audio_call_426621209_audio_1788987102942.mp3
[2026-09-16T04:36:54] [INFO] [chunk=5.0s 207/385] rec_audio_call_425861520_audio_1788928521393.mp3
[2026-09-16T04:36:56] [INFO] [chunk=5.0s 208/385] rec_audio_call_425877181_audio_1788930106387.mp3
[2026-09-16T04:36:57] [INFO] [chunk=5.0s 209/385] rec_audio_call_426020111_audio_1788941616667.mp3
[2026-09-16T04:36:59] [INFO] [chunk=5.0s 210/385] rec_audio_call_426030765_audio_1788942418731.mp3
[2026-09-16T04:37:01] [INFO] [chunk=5.0s 211/385] rec_audio_call_426035272_audio_1788942782972.mp3
[2026-09-16T04:37:03] [INFO] [chunk=5.0s 212/385] rec_audio_call_426185479_audio_1788953866828.mp3
[2026-09-16T04:37:07] [INFO] [chunk=5.0s 213/385] rec_audio_call_426259277_audio_1788960796344.mp3
[2026-09-16T04:37:09] [INFO] [chunk=5.0s 214/385] rec_audio_call_426355800_audio_1788970288176.mp3
[2026-09-16T04:37:11] [INFO] [chunk=5.0s 215/385] rec_audio_call_426594019_audio_1788984570393.mp3
[2026-09-16T04:37:20] [INFO] [chunk=5.0s 216/385] rec_audio_call_426664156_audio_1788995059123.mp3
[2026-09-16T04:37:39] [INFO] [chunk=5.0s 217/385] rec_default_426582734_audio_1788983647126.mp3
[2026-09-16T04:38:03] [INFO] [chunk=5.0s 218/385] rec_default_426649193_audio_1788991280922.mp3
[2026-09-16T04:38:04] [INFO] [chunk=5.0s 219/385] rec_default_426652242_audio_1788991956749.mp3
[2026-09-16T04:38:09] [INFO] [chunk=5.0s 220/385] rec_default_426363836_audio_1788970922202.mp3
[2026-09-16T04:38:12] [INFO] [chunk=5.0s 221/385] rec_default_426408577_audio_1788973914993.mp3
[2026-09-16T04:38:32] [INFO] [chunk=5.0s 222/385] rec_default_426439325_audio_1788975665682.mp3
[2026-09-16T04:38:33] [INFO] [chunk=5.0s 223/385] rec_default_426534420_audio_1788980458455.mp3
[2026-09-16T04:38:34] [INFO] [chunk=5.0s 224/385] rec_audio_call_424886004_audio_1788837418505.mp3
[2026-09-16T04:38:42] [INFO] [chunk=5.0s 225/385] rec_audio_call_425905210_audio_1788932612192.mp3
[2026-09-16T04:38:58] [INFO] [chunk=5.0s 226/385] rec_audio_call_425905294_audio_1788932619839.mp3
[2026-09-16T04:39:01] [INFO] [chunk=5.0s 227/385] rec_audio_call_425936126_audio_1788935044155.mp3
[2026-09-16T04:39:16] [INFO] [chunk=5.0s 228/385] rec_audio_call_426014372_audio_1788941177871.mp3
[2026-09-16T04:39:27] [INFO] [chunk=5.0s 229/385] rec_default_403690174_audio_1786828494349.mp3
[2026-09-16T04:39:28] [INFO] [chunk=5.0s 230/385] rec_default_425908372_audio_1788932864052.mp3
[2026-09-16T04:39:54] [INFO] [chunk=5.0s 231/385] rec_default_425912424_audio_1788933213081.mp3
[2026-09-16T04:39:59] [INFO] [chunk=5.0s 232/385] rec_default_426252346_audio_1788960080824.mp3
[2026-09-16T04:40:12] [INFO] [chunk=5.0s 233/385] rec_default_426578327_audio_1788983295448.mp3
[2026-09-16T04:40:14] [INFO] [chunk=5.0s 234/385] rec_audio_call_426195960_audio_1788954780321.mp3
[2026-09-16T04:40:15] [INFO] [chunk=5.0s 235/385] rec_audio_call_427305933_audio_1789058224440.mp3
[2026-09-16T04:40:39] [INFO] [chunk=5.0s 236/385] rec_audio_call_427305950_audio_1789058224627.mp3
[2026-09-16T04:40:43] [INFO] [chunk=5.0s 237/385] rec_audio_call_427306161_audio_1789058236274.mp3
[2026-09-16T04:40:48] [INFO] [chunk=5.0s 238/385] rec_audio_call_427306380_audio_1789058253191.mp3
[2026-09-16T04:40:49] [INFO] [chunk=5.0s 239/385] rec_audio_call_427306773_audio_1789058284652.mp3
[2026-09-16T04:40:50] [INFO] [chunk=5.0s 240/385] rec_audio_call_427306864_audio_1789058288911.mp3
[2026-09-16T04:40:53] [INFO] [chunk=5.0s 241/385] rec_audio_call_427307036_audio_1789058302393.mp3
[2026-09-16T04:40:53] [INFO] [chunk=5.0s 242/385] rec_audio_call_427307087_audio_1789058314132.mp3
[2026-09-16T04:41:13] [INFO] [chunk=5.0s 243/385] rec_audio_call_427307162_audio_1789058316356.mp3
[2026-09-16T04:41:26] [INFO] [chunk=5.0s 244/385] rec_default_426848544_audio_1789020636084.mp3
[2026-09-16T04:41:32] [INFO] [chunk=5.0s 245/385] rec_default_426857244_audio_1789021306090.mp3
[2026-09-16T04:41:35] [INFO] [chunk=5.0s 246/385] rec_default_427305871_audio_1789058217561.mp3
[2026-09-16T04:41:38] [INFO] [chunk=5.0s 247/385] rec_default_427305885_audio_1789058218067.mp3
[2026-09-16T04:41:43] [INFO] [chunk=5.0s 248/385] rec_default_427305984_audio_1789058228017.mp3
[2026-09-16T04:41:44] [INFO] [chunk=5.0s 249/385] rec_default_427306227_audio_1789058240999.mp3
[2026-09-16T04:41:48] [INFO] [chunk=5.0s 250/385] rec_default_427306761_audio_1789058282525.mp3
[2026-09-16T04:41:52] [INFO] [chunk=5.0s 251/385] rec_default_427306879_audio_1789058296671.mp3
[2026-09-16T04:41:54] [INFO] [chunk=5.0s 252/385] rec_default_427306937_audio_1789058296620.mp3
[2026-09-16T04:41:57] [INFO] [chunk=5.0s 253/385] rec_default_427307000_audio_1789058300924.mp3
[2026-09-16T04:41:58] [INFO] [chunk=5.0s 254/385] rec_default_427307149_audio_1789058314884.mp3
[2026-09-16T04:42:02] [INFO] [chunk=5.0s 255/385] rec_default_427307153_audio_1789058314255.mp3
[2026-09-16T04:42:06] [INFO] [chunk=5.0s 256/385] rec_default_427307170_audio_1789058316339.mp3
[2026-09-16T04:42:07] [INFO] [chunk=5.0s 257/385] rec_default_427307263_audio_1789058328048.mp3
[2026-09-16T04:42:08] [INFO] [chunk=5.0s 258/385] rec_audio_call_426576117_audio_1788983135753.mp3
[2026-09-16T04:42:08] [INFO] [chunk=5.0s 259/385] rec_default_426583408_audio_1788983706194.mp3
[2026-09-16T04:42:36] [INFO] [chunk=5.0s 260/385] rec_default_426603278_audio_1788985350942.mp3
[2026-09-16T04:42:45] [INFO] [chunk=5.0s 261/385] rec_default_426609609_audio_1788985926405.mp3
[2026-09-16T04:42:47] [INFO] [chunk=5.0s 262/385] rec_default_426649926_audio_1788991429022.mp3
[2026-09-16T04:42:48] [INFO] [chunk=5.0s 263/385] rec_audio_call_426659403_audio_1788993755666.mp3
[2026-09-16T04:42:49] [INFO] [chunk=5.0s 264/385] rec_default_426594432_audio_1788984607250.mp3
[2026-09-16T04:42:50] [INFO] [chunk=5.0s 265/385] rec_default_426631751_audio_1788988322014.mp3
[2026-09-16T04:42:54] [INFO] [chunk=5.0s 266/385] rec_audio_call_424435289_audio_1788789932957.mp3
[2026-09-16T04:44:04] [INFO] [chunk=5.0s 267/385] rec_audio_call_425117061_audio_1788856492050.mp3
[2026-09-16T04:44:09] [INFO] [chunk=5.0s 268/385] rec_default_424610958_audio_1788803526314.mp3
[2026-09-16T04:44:16] [INFO] [chunk=5.0s 269/385] rec_default_426636576_audio_1788989005279.mp3
[2026-09-16T04:44:31] [INFO] [chunk=5.0s 270/385] rec_default_424154820_audio_1788768178955.mp3
[2026-09-16T04:44:32] [INFO] [chunk=5.0s 271/385] rec_audio_call_424355050_audio_1788782425826.mp3
[2026-09-16T04:44:35] [INFO] [chunk=5.0s 272/385] rec_audio_call_425887818_audio_1788931097237.mp3
[2026-09-16T04:44:36] [INFO] [chunk=5.0s 273/385] rec_audio_call_425981754_audio_1788938608293.mp3
[2026-09-16T04:44:39] [INFO] [chunk=5.0s 274/385] rec_audio_call_426306233_audio_1788965543370.mp3
[2026-09-16T04:44:41] [INFO] [chunk=5.0s 275/385] rec_default_422311857_audio_1788593947270.mp3
[2026-09-16T04:44:43] [INFO] [chunk=5.0s 276/385] rec_default_423336284_audio_1788688591351.mp3
[2026-09-16T04:44:45] [INFO] [chunk=5.0s 277/385] rec_default_424687669_audio_1788807599801.mp3
[2026-09-16T04:44:49] [INFO] [chunk=5.0s 278/385] rec_default_425476935_audio_1788886067609.mp3
[2026-09-16T04:44:51] [INFO] [chunk=5.0s 279/385] rec_default_426377718_audio_1788971973414.mp3
[2026-09-16T04:44:52] [INFO] [chunk=5.0s 280/385] rec_audio_call_426540516_audio_1788980804355.mp3
[2026-09-16T04:44:53] [INFO] [chunk=5.0s 281/385] rec_audio_call_426628134_audio_1788987862205.mp3
[2026-09-16T04:45:15] [INFO] [chunk=5.0s 282/385] rec_default_426432272_audio_1788975283995.mp3
[2026-09-16T04:45:18] [INFO] [chunk=5.0s 283/385] rec_default_426636424_audio_1788988982930.mp3
[2026-09-16T04:45:24] [INFO] [chunk=5.0s 284/385] rec_default_426648998_audio_1788991242054.mp3
[2026-09-16T04:45:28] [INFO] [chunk=5.0s 285/385] rec_audio_call_425981754_audio_1788938608293.mp3
[2026-09-16T04:45:31] [INFO] [chunk=5.0s 286/385] rec_default_425942168_audio_1788935504071.mp3
[2026-09-16T04:45:37] [INFO] [chunk=5.0s 287/385] rec_default_426538743_audio_1788980705149.mp3
[2026-09-16T04:46:39] [INFO] [chunk=5.0s 288/385] rec_default_426548691_audio_1788981313336.mp3
[2026-09-16T04:46:41] [INFO] [chunk=5.0s 289/385] rec_audio_call_403536354_audio_1786818099540.mp3
[2026-09-16T04:46:41] [INFO] [chunk=5.0s 290/385] rec_audio_call_403544174_audio_1786818489013.mp3
[2026-09-16T04:46:46] [INFO] [chunk=5.0s 291/385] rec_audio_call_403785250_audio_1786846993871.mp3
[2026-09-16T04:46:46] [INFO] [chunk=5.0s 292/385] rec_audio_call_421629115_audio_1788525839912.mp3
[2026-09-16T04:47:04] [INFO] [chunk=5.0s 293/385] rec_audio_call_424397178_audio_1788786285103.mp3
[2026-09-16T04:47:05] [INFO] [chunk=5.0s 294/385] rec_audio_call_425591249_audio_1788892319841.mp3
[2026-09-16T04:47:09] [INFO] [chunk=5.0s 295/385] rec_default_403927389_audio_1786861712369.mp3
[2026-09-16T04:47:28] [INFO] [chunk=5.0s 296/385] rec_default_420511327_audio_1788424417781.mp3
[2026-09-16T04:47:38] [INFO] [chunk=5.0s 297/385] rec_default_423324272_audio_1788687697269.mp3
[2026-09-16T04:47:44] [INFO] [chunk=5.0s 298/385] rec_audio_call_426100503_audio_1788947524083.mp3
[2026-09-16T04:47:45] [INFO] [chunk=5.0s 299/385] rec_audio_call_426855757_audio_1789021187400.mp3
[2026-09-16T04:47:46] [INFO] [chunk=5.0s 300/385] rec_audio_call_426855856_audio_1789021196066.mp3
[2026-09-16T04:47:49] [INFO] [chunk=5.0s 301/385] rec_audio_call_426856109_audio_1789021226515.mp3
[2026-09-16T04:47:50] [INFO] [chunk=5.0s 302/385] rec_audio_call_426857289_audio_1789021309748.mp3
[2026-09-16T04:47:52] [INFO] [chunk=5.0s 303/385] rec_audio_call_426857427_audio_1789021321811.mp3
[2026-09-16T04:48:12] [INFO] [chunk=5.0s 304/385] rec_audio_call_426864047_audio_1789021815416.mp3
[2026-09-16T04:48:35] [INFO] [chunk=5.0s 305/385] rec_audio_call_426864085_audio_1789021818783.mp3
[2026-09-16T04:48:38] [INFO] [chunk=5.0s 306/385] rec_audio_call_426864490_audio_1789021845136.mp3
[2026-09-16T04:48:49] [INFO] [chunk=5.0s 307/385] rec_audio_call_426864592_audio_1789021851330.mp3
[2026-09-16T04:48:51] [INFO] [chunk=5.0s 308/385] rec_audio_call_426864613_audio_1789021855826.mp3
[2026-09-16T04:48:55] [INFO] [chunk=5.0s 309/385] rec_audio_call_426864718_audio_1789021861946.mp3
[2026-09-16T04:48:56] [INFO] [chunk=5.0s 310/385] rec_audio_call_426864879_audio_1789021871603.mp3
[2026-09-16T04:48:58] [INFO] [chunk=5.0s 311/385] rec_audio_call_426865756_audio_1789021933370.mp3
[2026-09-16T04:49:00] [INFO] [chunk=5.0s 312/385] rec_audio_call_426866100_audio_1789021962100.mp3
[2026-09-16T04:49:03] [INFO] [chunk=5.0s 313/385] rec_audio_call_426871106_audio_1789022339887.mp3
[2026-09-16T04:49:11] [INFO] [chunk=5.0s 314/385] rec_audio_call_426881695_audio_1789023110536.mp3
[2026-09-16T04:49:12] [INFO] [chunk=5.0s 315/385] rec_audio_call_426882947_audio_1789023209263.mp3
[2026-09-16T04:49:12] [INFO] [chunk=5.0s 316/385] rec_default_426101552_audio_1788947595142.mp3
[2026-09-16T04:49:15] [INFO] [chunk=5.0s 317/385] rec_default_426855984_audio_1789021209994.mp3
[2026-09-16T04:49:25] [INFO] [chunk=5.0s 318/385] rec_default_426863933_audio_1789021808134.mp3
[2026-09-16T04:49:25] [INFO] [chunk=5.0s 319/385] rec_default_426864020_audio_1789021816720.mp3
[2026-09-16T04:49:28] [INFO] [chunk=5.0s 320/385] rec_default_426864282_audio_1789021827994.mp3
[2026-09-16T04:49:33] [INFO] [chunk=5.0s 321/385] rec_default_426864654_audio_1789021854639.mp3
[2026-09-16T04:49:34] [INFO] [chunk=5.0s 322/385] rec_default_426864666_audio_1789021861790.mp3
[2026-09-16T04:49:35] [INFO] [chunk=5.0s 323/385] rec_default_426865205_audio_1789021894193.mp3
[2026-09-16T04:49:36] [INFO] [chunk=5.0s 324/385] rec_default_426865726_audio_1789021930759.mp3
[2026-09-16T04:49:41] [INFO] [chunk=5.0s 325/385] rec_default_426865848_audio_1789021942575.mp3
[2026-09-16T04:49:45] [INFO] [chunk=5.0s 326/385] rec_default_426883317_audio_1789023235707.mp3
[2026-09-16T04:49:45] [INFO] [chunk=5.0s 327/385] rec_audio_call_426655931_audio_1788992894349.mp3
[2026-09-16T04:49:49] [INFO] [chunk=5.0s 328/385] rec_audio_call_426656676_audio_1788993082694.mp3
[2026-09-16T04:50:00] [INFO] [chunk=5.0s 329/385] rec_default_426656120_audio_1788992939200.mp3
[2026-09-16T04:50:06] [INFO] [chunk=5.0s 330/385] rec_default_426667318_audio_1788995960432.mp3
[2026-09-16T04:50:09] [INFO] [chunk=5.0s 331/385] rec_default_426669005_audio_1788996409641.mp3
[2026-09-16T04:50:10] [INFO] [chunk=5.0s 332/385] rec_audio_call_426652927_audio_1788992127130.mp3
[2026-09-16T04:50:15] [INFO] [chunk=5.0s 333/385] rec_audio_call_426658746_audio_1788993588302.mp3
[2026-09-16T04:50:16] [INFO] [chunk=5.0s 334/385] rec_audio_call_426664916_audio_1788995286548.mp3
[2026-09-16T04:50:36] [INFO] [chunk=5.0s 335/385] rec_default_426657127_audio_1788993186310.mp3
[2026-09-16T04:50:38] [INFO] [chunk=5.0s 336/385] rec_audio_call_422128803_audio_1788577048478.mp3
[2026-09-16T04:50:51] [INFO] [chunk=5.0s 337/385] rec_audio_call_425915592_audio_1788933460694.mp3
[2026-09-16T04:50:55] [INFO] [chunk=5.0s 338/385] rec_audio_call_426303042_audio_1788965197636.mp3
[2026-09-16T04:51:10] [INFO] [chunk=5.0s 339/385] rec_audio_call_426322019_audio_1788967195267.mp3
[2026-09-16T04:51:13] [INFO] [chunk=5.0s 340/385] rec_default_423505352_audio_1788703352920.mp3
[2026-09-16T04:51:18] [INFO] [chunk=5.0s 341/385] rec_default_423562532_audio_1788709014492.mp3
[2026-09-16T04:51:21] [INFO] [chunk=5.0s 342/385] rec_default_425939252_audio_1788935280682.mp3
[2026-09-16T04:51:31] [INFO] [chunk=5.0s 343/385] rec_default_425971422_audio_1788937802743.mp3
[2026-09-16T04:51:36] [INFO] [chunk=5.0s 344/385] rec_default_426438311_audio_1788975608857.mp3
[2026-09-16T04:51:42] [INFO] [chunk=5.0s 345/385] rec_audio_call_425205242_audio_1788862499869.mp3
[2026-09-16T04:51:46] [INFO] [chunk=5.0s 346/385] rec_audio_call_426339629_audio_1788968889098.mp3
[2026-09-16T04:51:47] [INFO] [chunk=5.0s 347/385] rec_default_426480223_audio_1788977664177.mp3
[2026-09-16T04:51:51] [INFO] [chunk=5.0s 348/385] rec_default_426608730_audio_1788985842618.mp3
[2026-09-16T04:51:51] [INFO] [chunk=5.0s 349/385] rec_audio_call_426565068_audio_1788982358963.mp3
[2026-09-16T04:52:08] [INFO] [chunk=5.0s 350/385] rec_default_426460304_audio_1788976707317.mp3
[2026-09-16T04:52:10] [INFO] [chunk=5.0s 351/385] rec_default_426537197_audio_1788980611266.mp3
[2026-09-16T04:52:12] [INFO] [chunk=5.0s 352/385] rec_default_426565486_audio_1788982385911.mp3
[2026-09-16T04:52:23] [INFO] [chunk=5.0s 353/385] rec_default_426573512_audio_1788982942725.mp3
[2026-09-16T04:52:26] [INFO] [chunk=5.0s 354/385] rec_default_426591403_audio_1788984361913.mp3
[2026-09-16T04:52:28] [INFO] [chunk=5.0s 355/385] rec_default_426604065_audio_1788985417369.mp3
[2026-09-16T04:52:32] [INFO] [chunk=5.0s 356/385] rec_audio_call_426339629_audio_1788968889098.mp3
[2026-09-16T04:52:33] [INFO] [chunk=5.0s 357/385] rec_default_426606195_audio_1788985611722.mp3
[2026-09-16T04:52:42] [INFO] [chunk=5.0s 358/385] rec_default_426610860_audio_1788986032726.mp3
[2026-09-16T04:52:44] [INFO] [chunk=5.0s 359/385] rec_audio_call_425348262_audio_1788874390379.mp3
[2026-09-16T04:52:54] [INFO] [chunk=5.0s 360/385] rec_audio_call_425360795_audio_1788875574199.mp3
[2026-09-16T04:52:58] [INFO] [chunk=5.0s 361/385] rec_audio_call_425384170_audio_1788877922101.mp3
[2026-09-16T04:53:14] [INFO] [chunk=5.0s 362/385] rec_audio_call_426189476_audio_1788954198708.mp3
[2026-09-16T04:53:26] [INFO] [chunk=5.0s 363/385] rec_default_423219318_audio_1788679354453.mp3
[2026-09-16T04:53:42] [INFO] [chunk=5.0s 364/385] rec_default_423662590_audio_1788716156245.mp3
[2026-09-16T04:54:02] [INFO] [chunk=5.0s 365/385] rec_default_426600174_audio_1788985087863.mp3
[2026-09-16T04:54:09] [INFO] [chunk=5.0s 366/385] rec_audio_call_427000661_audio_1789031852494.mp3
[2026-09-16T04:54:24] [INFO] [chunk=5.0s 367/385] rec_audio_call_427012298_audio_1789032612558.mp3
[2026-09-16T04:54:27] [INFO] [chunk=5.0s 368/385] rec_audio_call_427013211_audio_1789032669332.mp3
[2026-09-16T04:54:29] [INFO] [chunk=5.0s 369/385] rec_audio_call_427027152_audio_1789033559289.mp3
[2026-09-16T04:54:51] [INFO] [chunk=5.0s 370/385] rec_audio_call_427027250_audio_1789033566943.mp3
[2026-09-16T04:54:53] [INFO] [chunk=5.0s 371/385] rec_audio_call_427038731_audio_1789034322684.mp3
[2026-09-16T04:54:54] [INFO] [chunk=5.0s 372/385] rec_default_426107989_audio_1788948054504.mp3
[2026-09-16T04:54:55] [INFO] [chunk=5.0s 373/385] rec_default_426108348_audio_1788948073644.mp3
[2026-09-16T04:54:56] [INFO] [chunk=5.0s 374/385] rec_default_426108689_audio_1788948098669.mp3
[2026-09-16T04:54:57] [INFO] [chunk=5.0s 375/385] rec_default_426850375_audio_1789020775029.mp3
[2026-09-16T04:54:57] [INFO] [chunk=5.0s 376/385] rec_default_427000374_audio_1789031836869.mp3
[2026-09-16T04:54:58] [INFO] [chunk=5.0s 377/385] rec_default_427012375_audio_1789032614721.mp3
[2026-09-16T04:55:00] [INFO] [chunk=5.0s 378/385] rec_default_427012537_audio_1789032626712.mp3
[2026-09-16T04:55:01] [INFO] [chunk=5.0s 379/385] rec_default_427012589_audio_1789032630677.mp3
[2026-09-16T04:55:02] [INFO] [chunk=5.0s 380/385] rec_default_427012755_audio_1789032638070.mp3
[2026-09-16T04:55:06] [INFO] [chunk=5.0s 381/385] rec_default_427018157_audio_1789032985293.mp3
[2026-09-16T04:55:08] [INFO] [chunk=5.0s 382/385] rec_default_427030481_audio_1789033781981.mp3
[2026-09-16T04:55:10] [INFO] [chunk=5.0s 383/385] rec_default_427035680_audio_1789034118532.mp3
[2026-09-16T04:55:14] [INFO] [chunk=5.0s 384/385] rec_default_427037139_audio_1789034210020.mp3
[2026-09-16T04:55:15] [INFO] [chunk=5.0s 385/385] rec_default_427038996_audio_1789034340803.mp3
[2026-09-16T04:55:15] [INFO] chunk_seconds=5.0 done in 1991.3s — success=385 error=0
[2026-09-16T04:55:16] [INFO] chunk_seconds=7.0: skipping 0 already-done file(s)
[2026-09-16T04:55:16] [INFO] [chunk=7.0s 1/385] rec_audio_call_392603926_audio_1785858184285.mp3
[2026-09-16T04:55:17] [INFO] [chunk=7.0s 2/385] rec_audio_call_392607690_audio_1785858500937.mp3
[2026-09-16T04:55:19] [INFO] [chunk=7.0s 3/385] rec_audio_call_392643395_audio_1785861202288.mp3
[2026-09-16T04:55:31] [INFO] [chunk=7.0s 4/385] rec_audio_call_425736604_audio_1788905083156.mp3
[2026-09-16T04:55:32] [INFO] [chunk=7.0s 5/385] rec_audio_call_425748748_audio_1788908276475.mp3
[2026-09-16T04:55:33] [INFO] [chunk=7.0s 6/385] rec_audio_call_425749256_audio_1788908432017.mp3
[2026-09-16T04:55:34] [INFO] [chunk=7.0s 7/385] rec_default_426610557_audio_1788986010552.mp3
[2026-09-16T04:55:35] [INFO] [chunk=7.0s 8/385] rec_audio_call_425655492_audio_1788895962923.mp3
[2026-09-16T04:55:38] [INFO] [chunk=7.0s 9/385] rec_audio_call_425656293_audio_1788896013602.mp3
[2026-09-16T04:55:40] [INFO] [chunk=7.0s 10/385] rec_audio_call_425679391_audio_1788897730000.mp3
[2026-09-16T04:55:43] [INFO] [chunk=7.0s 11/385] rec_audio_call_425691838_audio_1788898819143.mp3
[2026-09-16T04:55:44] [INFO] [chunk=7.0s 12/385] rec_default_426593829_audio_1788984553610.mp3
[2026-09-16T04:55:49] [INFO] [chunk=7.0s 13/385] rec_audio_call_419965552_audio_1788369990564.mp3
[2026-09-16T04:55:50] [INFO] [chunk=7.0s 14/385] rec_audio_call_421071310_audio_1788465787061.mp3
[2026-09-16T04:56:01] [INFO] [chunk=7.0s 15/385] rec_audio_call_421768524_audio_1788539479106.mp3
[2026-09-16T04:56:02] [INFO] [chunk=7.0s 16/385] rec_audio_call_421835569_audio_1788543699379.mp3
[2026-09-16T04:56:04] [INFO] [chunk=7.0s 17/385] rec_audio_call_421997101_audio_1788553909604.mp3
[2026-09-16T04:56:15] [INFO] [chunk=7.0s 18/385] rec_audio_call_423610988_audio_1788712982461.mp3
[2026-09-16T04:56:16] [INFO] [chunk=7.0s 19/385] rec_audio_call_425656431_audio_1788896027178.mp3
[2026-09-16T04:56:17] [INFO] [chunk=7.0s 20/385] rec_default_420147298_audio_1788380486702.mp3
[2026-09-16T04:56:26] [INFO] [chunk=7.0s 21/385] rec_default_420599099_audio_1788430532077.mp3
[2026-09-16T04:56:31] [INFO] [chunk=7.0s 22/385] rec_default_421888258_audio_1788546625741.mp3
[2026-09-16T04:56:32] [INFO] [chunk=7.0s 23/385] rec_default_423958539_audio_1788751477018.mp3
[2026-09-16T04:56:36] [INFO] [chunk=7.0s 24/385] rec_audio_call_421981200_audio_1788552638354.mp3
[2026-09-16T04:56:38] [INFO] [chunk=7.0s 25/385] rec_audio_call_422812035_audio_1788633064712.mp3
[2026-09-16T04:56:40] [INFO] [chunk=7.0s 26/385] rec_audio_call_423872491_audio_1788731676125.mp3
[2026-09-16T04:56:41] [INFO] [chunk=7.0s 27/385] rec_audio_call_424735559_audio_1788811052808.mp3
[2026-09-16T04:56:42] [INFO] [chunk=7.0s 28/385] rec_audio_call_425051281_audio_1788851621695.mp3
[2026-09-16T04:56:52] [INFO] [chunk=7.0s 29/385] rec_default_422797054_audio_1788632206019.mp3
[2026-09-16T04:56:56] [INFO] [chunk=7.0s 30/385] rec_audio_call_421865395_audio_1788545383247.mp3
[2026-09-16T04:56:57] [INFO] [chunk=7.0s 31/385] rec_audio_call_425933838_audio_1788934868635.mp3
[2026-09-16T04:57:03] [INFO] [chunk=7.0s 32/385] rec_audio_call_426596251_audio_1788984756063.mp3
[2026-09-16T04:57:04] [INFO] [chunk=7.0s 33/385] rec_audio_call_426599617_audio_1788985040466.mp3
[2026-09-16T04:57:07] [INFO] [chunk=7.0s 34/385] rec_default_423978016_audio_1788753648923.mp3
[2026-09-16T04:57:10] [INFO] [chunk=7.0s 35/385] rec_default_425396309_audio_1788879180076.mp3
[2026-09-16T04:57:11] [INFO] [chunk=7.0s 36/385] rec_default_425778316_audio_1788916552817.mp3
[2026-09-16T04:57:12] [INFO] [chunk=7.0s 37/385] rec_audio_call_424867062_audio_1788834834877.mp3
[2026-09-16T04:57:16] [INFO] [chunk=7.0s 38/385] rec_audio_call_425730841_audio_1788903925979.mp3
[2026-09-16T04:57:17] [INFO] [chunk=7.0s 39/385] rec_audio_call_425744236_audio_1788906883727.mp3
[2026-09-16T04:57:27] [INFO] [chunk=7.0s 40/385] rec_audio_call_426409268_audio_1788973959169.mp3
[2026-09-16T04:57:28] [INFO] [chunk=7.0s 41/385] rec_default_424880310_audio_1788836667926.mp3
[2026-09-16T04:57:39] [INFO] [chunk=7.0s 42/385] rec_default_425134890_audio_1788857770816.mp3
[2026-09-16T04:57:45] [INFO] [chunk=7.0s 43/385] rec_default_425141339_audio_1788858189163.mp3
[2026-09-16T04:57:53] [INFO] [chunk=7.0s 44/385] rec_audio_call_424610503_audio_1788803501320.mp3
[2026-09-16T04:57:54] [INFO] [chunk=7.0s 45/385] rec_audio_call_424798751_audio_1788818609448.mp3
[2026-09-16T04:57:57] [INFO] [chunk=7.0s 46/385] rec_audio_call_425147890_audio_1788858642964.mp3
[2026-09-16T04:57:58] [INFO] [chunk=7.0s 47/385] rec_audio_call_425713085_audio_1788901236624.mp3
[2026-09-16T04:57:59] [INFO] [chunk=7.0s 48/385] rec_audio_call_419508797_audio_1788334367395.mp3
[2026-09-16T04:58:00] [INFO] [chunk=7.0s 49/385] rec_audio_call_421677953_audio_1788530753328.mp3
[2026-09-16T04:58:00] [INFO] [chunk=7.0s 50/385] rec_audio_call_423351802_audio_1788689747483.mp3
[2026-09-16T04:58:03] [INFO] [chunk=7.0s 51/385] rec_audio_call_423591955_audio_1788711572217.mp3
[2026-09-16T04:58:05] [INFO] [chunk=7.0s 52/385] rec_audio_call_423629370_audio_1788714233340.mp3
[2026-09-16T04:58:25] [INFO] [chunk=7.0s 53/385] rec_audio_call_426565546_audio_1788982388939.mp3
[2026-09-16T04:58:26] [INFO] [chunk=7.0s 54/385] rec_default_419887388_audio_1788364981482.mp3
[2026-09-16T04:58:31] [INFO] [chunk=7.0s 55/385] rec_default_421661435_audio_1788529081993.mp3
[2026-09-16T04:58:33] [INFO] [chunk=7.0s 56/385] rec_default_421956667_audio_1788550846403.mp3
[2026-09-16T04:58:34] [INFO] [chunk=7.0s 57/385] rec_default_423887482_audio_1788735128862.mp3
[2026-09-16T04:58:40] [INFO] [chunk=7.0s 58/385] rec_default_424793843_audio_1788817690775.mp3
[2026-09-16T04:58:43] [INFO] [chunk=7.0s 59/385] rec_default_425627452_audio_1788894258639.mp3
[2026-09-16T04:58:44] [INFO] [chunk=7.0s 60/385] rec_audio_call_426099993_audio_1788947488901.mp3
[2026-09-16T04:58:50] [INFO] [chunk=7.0s 61/385] rec_audio_call_426101059_audio_1788947560284.mp3
[2026-09-16T04:59:00] [INFO] [chunk=7.0s 62/385] rec_audio_call_426107984_audio_1788948053829.mp3
[2026-09-16T04:59:01] [INFO] [chunk=7.0s 63/385] rec_audio_call_426107995_audio_1788948050780.mp3
[2026-09-16T04:59:04] [INFO] [chunk=7.0s 64/385] rec_audio_call_426108129_audio_1788948057694.mp3
[2026-09-16T04:59:05] [INFO] [chunk=7.0s 65/385] rec_audio_call_426119888_audio_1788948897495.mp3
[2026-09-16T04:59:05] [INFO] [chunk=7.0s 66/385] rec_audio_call_426127774_audio_1788949477698.mp3
[2026-09-16T04:59:09] [INFO] [chunk=7.0s 67/385] rec_audio_call_426194933_audio_1788954682604.mp3
[2026-09-16T04:59:15] [INFO] [chunk=7.0s 68/385] rec_audio_call_426195125_audio_1788954700286.mp3
[2026-09-16T04:59:20] [INFO] [chunk=7.0s 69/385] rec_audio_call_426201717_audio_1788955277234.mp3
[2026-09-16T04:59:20] [INFO] [chunk=7.0s 70/385] rec_audio_call_426201848_audio_1788955284435.mp3
[2026-09-16T04:59:23] [INFO] [chunk=7.0s 71/385] rec_audio_call_426202468_audio_1788955343920.mp3
[2026-09-16T04:59:25] [INFO] [chunk=7.0s 72/385] rec_audio_call_426202822_audio_1788955375114.mp3
[2026-09-16T04:59:28] [INFO] [chunk=7.0s 73/385] rec_audio_call_426202958_audio_1788955393853.mp3
[2026-09-16T04:59:31] [INFO] [chunk=7.0s 74/385] rec_audio_call_426203219_audio_1788955405537.mp3
[2026-09-16T04:59:32] [INFO] [chunk=7.0s 75/385] rec_audio_call_426203802_audio_1788955464104.mp3
[2026-09-16T04:59:39] [INFO] [chunk=7.0s 76/385] rec_audio_call_426204124_audio_1788955491095.mp3
[2026-09-16T04:59:41] [INFO] [chunk=7.0s 77/385] rec_audio_call_426204404_audio_1788955515816.mp3
[2026-09-16T04:59:44] [INFO] [chunk=7.0s 78/385] rec_audio_call_426204463_audio_1788955521517.mp3
[2026-09-16T04:59:49] [INFO] [chunk=7.0s 79/385] rec_audio_call_426847860_audio_1789020585952.mp3
[2026-09-16T04:59:50] [INFO] [chunk=7.0s 80/385] rec_audio_call_426848290_audio_1789020619592.mp3
[2026-09-16T04:59:52] [INFO] [chunk=7.0s 81/385] rec_audio_call_426848321_audio_1789020622237.mp3
[2026-09-16T04:59:55] [INFO] [chunk=7.0s 82/385] rec_audio_call_426848355_audio_1789020625114.mp3
[2026-09-16T04:59:56] [INFO] [chunk=7.0s 83/385] rec_audio_call_426848440_audio_1789020630279.mp3
[2026-09-16T04:59:57] [INFO] [chunk=7.0s 84/385] rec_audio_call_426848640_audio_1789020645122.mp3
[2026-09-16T04:59:59] [INFO] [chunk=7.0s 85/385] rec_audio_call_426848943_audio_1789020668404.mp3
[2026-09-16T05:00:02] [INFO] [chunk=7.0s 86/385] rec_audio_call_426849624_audio_1789020718433.mp3
[2026-09-16T05:00:07] [INFO] [chunk=7.0s 87/385] rec_audio_call_426849843_audio_1789020732404.mp3
[2026-09-16T05:00:26] [INFO] [chunk=7.0s 88/385] rec_audio_call_426850383_audio_1789020772255.mp3
[2026-09-16T05:00:27] [INFO] [chunk=7.0s 89/385] rec_audio_call_426851323_audio_1789020846081.mp3
[2026-09-16T05:00:29] [INFO] [chunk=7.0s 90/385] rec_audio_call_426851772_audio_1789020879921.mp3
[2026-09-16T05:00:33] [INFO] [chunk=7.0s 91/385] rec_audio_call_426851856_audio_1789020892000.mp3
[2026-09-16T05:00:38] [INFO] [chunk=7.0s 92/385] rec_audio_call_426854007_audio_1789021052086.mp3
[2026-09-16T05:00:40] [INFO] [chunk=7.0s 93/385] rec_audio_call_426854157_audio_1789021067058.mp3
[2026-09-16T05:00:41] [INFO] [chunk=7.0s 94/385] rec_audio_call_426883755_audio_1789023272654.mp3
[2026-09-16T05:00:42] [INFO] [chunk=7.0s 95/385] rec_audio_call_427029817_audio_1789033741551.mp3
[2026-09-16T05:00:42] [INFO] [chunk=7.0s 96/385] rec_audio_call_427302258_audio_1789057958698.mp3
[2026-09-16T05:00:43] [INFO] [chunk=7.0s 97/385] rec_audio_call_427307060_audio_1789058304926.mp3
[2026-09-16T05:00:44] [INFO] [chunk=7.0s 98/385] rec_audio_call_427311569_audio_1789058616356.mp3
[2026-09-16T05:00:45] [INFO] [chunk=7.0s 99/385] rec_audio_call_427314953_audio_1789058839016.mp3
[2026-09-16T05:00:46] [INFO] [chunk=7.0s 100/385] rec_default_426100823_audio_1788947551748.mp3
[2026-09-16T05:00:46] [INFO] [chunk=7.0s 101/385] rec_default_426107316_audio_1788948009635.mp3
[2026-09-16T05:00:48] [INFO] [chunk=7.0s 102/385] rec_default_426107744_audio_1788948040810.mp3
[2026-09-16T05:00:52] [INFO] [chunk=7.0s 103/385] rec_default_426108828_audio_1788948111282.mp3
[2026-09-16T05:00:54] [INFO] [chunk=7.0s 104/385] rec_default_426126463_audio_1788949378147.mp3
[2026-09-16T05:00:55] [INFO] [chunk=7.0s 105/385] rec_default_426126833_audio_1788949400904.mp3
[2026-09-16T05:00:55] [INFO] [chunk=7.0s 106/385] rec_default_426127716_audio_1788949472727.mp3
[2026-09-16T05:00:58] [INFO] [chunk=7.0s 107/385] rec_default_426194323_audio_1788954640272.mp3
[2026-09-16T05:00:59] [INFO] [chunk=7.0s 108/385] rec_default_426195344_audio_1788954727902.mp3
[2026-09-16T05:01:00] [INFO] [chunk=7.0s 109/385] rec_default_426202313_audio_1788955333217.mp3
[2026-09-16T05:01:00] [INFO] [chunk=7.0s 110/385] rec_default_426204264_audio_1788955509025.mp3
[2026-09-16T05:01:02] [INFO] [chunk=7.0s 111/385] rec_default_426204318_audio_1788955517179.mp3
[2026-09-16T05:01:04] [INFO] [chunk=7.0s 112/385] rec_default_426848660_audio_1789020643588.mp3
[2026-09-16T05:01:13] [INFO] [chunk=7.0s 113/385] rec_default_426851955_audio_1789020893146.mp3
[2026-09-16T05:01:14] [INFO] [chunk=7.0s 114/385] rec_default_426853539_audio_1789021025445.mp3
[2026-09-16T05:01:15] [INFO] [chunk=7.0s 115/385] rec_default_427012373_audio_1789032615035.mp3
[2026-09-16T05:01:16] [INFO] [chunk=7.0s 116/385] rec_default_427038720_audio_1789034321734.mp3
[2026-09-16T05:01:17] [INFO] [chunk=7.0s 117/385] rec_default_427305556_audio_1789058198302.mp3
[2026-09-16T05:01:18] [INFO] [chunk=7.0s 118/385] rec_audio_call_426576577_audio_1788983168675.mp3
[2026-09-16T05:01:48] [INFO] [chunk=7.0s 119/385] rec_audio_call_426580380_audio_1788983454564.mp3
[2026-09-16T05:01:51] [INFO] [chunk=7.0s 120/385] rec_audio_call_426601291_audio_1788985175536.mp3
[2026-09-16T05:01:52] [INFO] [chunk=7.0s 121/385] rec_default_426573210_audio_1788982914417.mp3
[2026-09-16T05:01:58] [INFO] [chunk=7.0s 122/385] rec_default_426597928_audio_1788984899162.mp3
[2026-09-16T05:02:10] [INFO] [chunk=7.0s 123/385] rec_default_426662883_audio_1788994670065.mp3
[2026-09-16T05:02:17] [INFO] [chunk=7.0s 124/385] rec_audio_call_426604675_audio_1788985474412.mp3
[2026-09-16T05:02:19] [INFO] [chunk=7.0s 125/385] rec_audio_call_426613454_audio_1788986291945.mp3
[2026-09-16T05:02:22] [INFO] [chunk=7.0s 126/385] rec_default_426634262_audio_1788988662985.mp3
[2026-09-16T05:02:23] [INFO] [chunk=7.0s 127/385] rec_default_426647598_audio_1788990955665.mp3
[2026-09-16T05:02:32] [INFO] [chunk=7.0s 128/385] rec_audio_call_421223616_audio_1788491953131.mp3
[2026-09-16T05:02:34] [INFO] [chunk=7.0s 129/385] rec_audio_call_421566156_audio_1788520297969.mp3
[2026-09-16T05:02:35] [INFO] [chunk=7.0s 130/385] rec_audio_call_423645324_audio_1788715186440.mp3
[2026-09-16T05:02:38] [INFO] [chunk=7.0s 131/385] rec_audio_call_424378148_audio_1788784557326.mp3
[2026-09-16T05:02:40] [INFO] [chunk=7.0s 132/385] rec_audio_call_424416192_audio_1788788125311.mp3
[2026-09-16T05:02:44] [INFO] [chunk=7.0s 133/385] rec_audio_call_425918552_audio_1788933686610.mp3
[2026-09-16T05:02:47] [INFO] [chunk=7.0s 134/385] rec_default_425656790_audio_1788896051031.mp3
[2026-09-16T05:02:49] [INFO] [chunk=7.0s 135/385] rec_audio_call_420847903_audio_1788453013104.mp3
[2026-09-16T05:03:13] [INFO] [chunk=7.0s 136/385] rec_audio_call_424557037_audio_1788800497337.mp3
[2026-09-16T05:03:15] [INFO] [chunk=7.0s 137/385] rec_audio_call_424970880_audio_1788845652480.mp3
[2026-09-16T05:03:16] [INFO] [chunk=7.0s 138/385] rec_audio_call_425207957_audio_1788862678382.mp3
[2026-09-16T05:03:24] [INFO] [chunk=7.0s 139/385] rec_audio_call_426372327_audio_1788971567973.mp3
[2026-09-16T05:03:26] [INFO] [chunk=7.0s 140/385] rec_default_423104500_audio_1788669374178.mp3
[2026-09-16T05:03:33] [INFO] [chunk=7.0s 141/385] rec_default_423163427_audio_1788674918154.mp3
[2026-09-16T05:03:34] [INFO] [chunk=7.0s 142/385] rec_default_426023290_audio_1788941856621.mp3
[2026-09-16T05:03:35] [INFO] [chunk=7.0s 143/385] rec_audio_call_426570103_audio_1788982695863.mp3
[2026-09-16T05:04:08] [INFO] [chunk=7.0s 144/385] rec_audio_call_426580224_audio_1788983439239.mp3
[2026-09-16T05:04:10] [INFO] [chunk=7.0s 145/385] rec_audio_call_426626261_audio_1788987652206.mp3
[2026-09-16T05:04:15] [INFO] [chunk=7.0s 146/385] rec_audio_call_426634717_audio_1788988729707.mp3
[2026-09-16T05:04:20] [INFO] [chunk=7.0s 147/385] rec_default_426593601_audio_1788984536403.mp3
[2026-09-16T05:04:23] [INFO] [chunk=7.0s 148/385] rec_default_426620137_audio_1788986984372.mp3
[2026-09-16T05:04:27] [INFO] [chunk=7.0s 149/385] rec_default_426633368_audio_1788988531170.mp3
[2026-09-16T05:04:31] [INFO] [chunk=7.0s 150/385] rec_audio_call_426416419_audio_1788974369340.mp3
[2026-09-16T05:04:33] [INFO] [chunk=7.0s 151/385] rec_audio_call_426613454_audio_1788986291945.mp3
[2026-09-16T05:04:36] [INFO] [chunk=7.0s 152/385] rec_audio_call_420358272_audio_1788412834216.mp3
[2026-09-16T05:04:39] [INFO] [chunk=7.0s 153/385] rec_audio_call_420511856_audio_1788424457087.mp3
[2026-09-16T05:04:43] [INFO] [chunk=7.0s 154/385] rec_audio_call_420632008_audio_1788432977108.mp3
[2026-09-16T05:04:54] [INFO] [chunk=7.0s 155/385] rec_audio_call_425129217_audio_1788857364836.mp3
[2026-09-16T05:05:06] [INFO] [chunk=7.0s 156/385] rec_audio_call_426104039_audio_1788947773748.mp3
[2026-09-16T05:05:12] [INFO] [chunk=7.0s 157/385] rec_default_421372353_audio_1788505796052.mp3
[2026-09-16T05:05:32] [INFO] [chunk=7.0s 158/385] rec_default_421961206_audio_1788551169146.mp3
[2026-09-16T05:05:36] [INFO] [chunk=7.0s 159/385] rec_default_424950341_audio_1788843964859.mp3
[2026-09-16T05:05:39] [INFO] [chunk=7.0s 160/385] rec_default_425392837_audio_1788878842788.mp3
[2026-09-16T05:05:40] [INFO] [chunk=7.0s 161/385] rec_default_426076857_audio_1788945867967.mp3
[2026-09-16T05:05:50] [INFO] [chunk=7.0s 162/385] rec_audio_call_427301394_audio_1789057897529.mp3
[2026-09-16T05:05:51] [INFO] [chunk=7.0s 163/385] rec_audio_call_427304995_audio_1789058153813.mp3
[2026-09-16T05:05:54] [INFO] [chunk=7.0s 164/385] rec_audio_call_427305229_audio_1789058170052.mp3
[2026-09-16T05:05:55] [INFO] [chunk=7.0s 165/385] rec_audio_call_427305426_audio_1789058184851.mp3
[2026-09-16T05:05:55] [INFO] [chunk=7.0s 166/385] rec_audio_call_427305578_audio_1789058200155.mp3
[2026-09-16T05:05:55] [INFO] [chunk=7.0s 167/385] rec_audio_call_427305579_audio_1789058197575.mp3
[2026-09-16T05:05:56] [INFO] [chunk=7.0s 168/385] rec_audio_call_427309343_audio_1789058465241.mp3
[2026-09-16T05:05:56] [INFO] [chunk=7.0s 169/385] rec_audio_call_427310164_audio_1789058518972.mp3
[2026-09-16T05:05:57] [INFO] [chunk=7.0s 170/385] rec_audio_call_427312372_audio_1789058676733.mp3
[2026-09-16T05:06:05] [INFO] [chunk=7.0s 171/385] rec_audio_call_427313310_audio_1789058737356.mp3
[2026-09-16T05:06:19] [INFO] [chunk=7.0s 172/385] rec_audio_call_427313337_audio_1789058738019.mp3
[2026-09-16T05:06:20] [INFO] [chunk=7.0s 173/385] rec_audio_call_427315026_audio_1789058843014.mp3
[2026-09-16T05:06:22] [INFO] [chunk=7.0s 174/385] rec_audio_call_427316125_audio_1789058922687.mp3
[2026-09-16T05:06:23] [INFO] [chunk=7.0s 175/385] rec_audio_call_427316431_audio_1789058946312.mp3
[2026-09-16T05:06:25] [INFO] [chunk=7.0s 176/385] rec_default_427302623_audio_1789057989394.mp3
[2026-09-16T05:06:26] [INFO] [chunk=7.0s 177/385] rec_default_427303915_audio_1789058082453.mp3
[2026-09-16T05:06:28] [INFO] [chunk=7.0s 178/385] rec_default_427307746_audio_1789058356862.mp3
[2026-09-16T05:06:30] [INFO] [chunk=7.0s 179/385] rec_default_427308167_audio_1789058388570.mp3
[2026-09-16T05:06:39] [INFO] [chunk=7.0s 180/385] rec_default_427310161_audio_1789058524351.mp3
[2026-09-16T05:06:40] [INFO] [chunk=7.0s 181/385] rec_default_427312501_audio_1789058683465.mp3
[2026-09-16T05:06:40] [INFO] [chunk=7.0s 182/385] rec_default_427313073_audio_1789058722144.mp3
[2026-09-16T05:06:42] [INFO] [chunk=7.0s 183/385] rec_default_427314573_audio_1789058813038.mp3
[2026-09-16T05:06:44] [INFO] [chunk=7.0s 184/385] rec_audio_call_426641897_audio_1788989870691.mp3
[2026-09-16T05:06:47] [INFO] [chunk=7.0s 185/385] rec_audio_call_426641906_audio_1788989875034.mp3
[2026-09-16T05:06:53] [INFO] [chunk=7.0s 186/385] rec_audio_call_426647851_audio_1788991002681.mp3
[2026-09-16T05:07:16] [INFO] [chunk=7.0s 187/385] rec_audio_call_426655391_audio_1788992749491.mp3
[2026-09-16T05:07:20] [INFO] [chunk=7.0s 188/385] rec_audio_call_426669176_audio_1788996452632.mp3
[2026-09-16T05:07:21] [INFO] [chunk=7.0s 189/385] rec_default_426642159_audio_1788989918579.mp3
[2026-09-16T05:07:25] [INFO] [chunk=7.0s 190/385] rec_audio_call_426646095_audio_1788990649220.mp3
[2026-09-16T05:07:28] [INFO] [chunk=7.0s 191/385] rec_audio_call_426665213_audio_1788995377531.mp3
[2026-09-16T05:07:31] [INFO] [chunk=7.0s 192/385] rec_default_426639345_audio_1788989459421.mp3
[2026-09-16T05:07:34] [INFO] [chunk=7.0s 193/385] rec_default_426645015_audio_1788990433927.mp3
[2026-09-16T05:07:39] [INFO] [chunk=7.0s 194/385] rec_audio_call_426149164_audio_1788951056501.mp3
[2026-09-16T05:07:42] [INFO] [chunk=7.0s 195/385] rec_audio_call_426151853_audio_1788951260489.mp3
[2026-09-16T05:08:03] [INFO] [chunk=7.0s 196/385] rec_audio_call_426180101_audio_1788953436912.mp3
[2026-09-16T05:08:04] [INFO] [chunk=7.0s 197/385] rec_audio_call_426279116_audio_1788962727515.mp3
[2026-09-16T05:08:07] [INFO] [chunk=7.0s 198/385] rec_audio_call_426299827_audio_1788964873398.mp3
[2026-09-16T05:08:13] [INFO] [chunk=7.0s 199/385] rec_audio_call_426313681_audio_1788966303052.mp3
[2026-09-16T05:08:15] [INFO] [chunk=7.0s 200/385] rec_audio_call_426339758_audio_1788968901990.mp3
[2026-09-16T05:08:21] [INFO] [chunk=7.0s 201/385] rec_default_426226216_audio_1788957468242.mp3
[2026-09-16T05:08:22] [INFO] [chunk=7.0s 202/385] rec_default_426252346_audio_1788960080824.mp3
[2026-09-16T05:08:33] [INFO] [chunk=7.0s 203/385] rec_default_426303789_audio_1788965281521.mp3
[2026-09-16T05:08:44] [INFO] [chunk=7.0s 204/385] rec_audio_call_423101838_audio_1788669053059.mp3
[2026-09-16T05:08:45] [INFO] [chunk=7.0s 205/385] rec_audio_call_426127729_audio_1788949472560.mp3
[2026-09-16T05:08:46] [INFO] [chunk=7.0s 206/385] rec_audio_call_426621209_audio_1788987102942.mp3
[2026-09-16T05:08:47] [INFO] [chunk=7.0s 207/385] rec_audio_call_425861520_audio_1788928521393.mp3
[2026-09-16T05:08:49] [INFO] [chunk=7.0s 208/385] rec_audio_call_425877181_audio_1788930106387.mp3
[2026-09-16T05:08:50] [INFO] [chunk=7.0s 209/385] rec_audio_call_426020111_audio_1788941616667.mp3
[2026-09-16T05:08:51] [INFO] [chunk=7.0s 210/385] rec_audio_call_426030765_audio_1788942418731.mp3
[2026-09-16T05:08:53] [INFO] [chunk=7.0s 211/385] rec_audio_call_426035272_audio_1788942782972.mp3
[2026-09-16T05:08:54] [INFO] [chunk=7.0s 212/385] rec_audio_call_426185479_audio_1788953866828.mp3
[2026-09-16T05:08:58] [INFO] [chunk=7.0s 213/385] rec_audio_call_426259277_audio_1788960796344.mp3
[2026-09-16T05:09:00] [INFO] [chunk=7.0s 214/385] rec_audio_call_426355800_audio_1788970288176.mp3
[2026-09-16T05:09:02] [INFO] [chunk=7.0s 215/385] rec_audio_call_426594019_audio_1788984570393.mp3
[2026-09-16T05:09:10] [INFO] [chunk=7.0s 216/385] rec_audio_call_426664156_audio_1788995059123.mp3
[2026-09-16T05:09:24] [INFO] [chunk=7.0s 217/385] rec_default_426582734_audio_1788983647126.mp3
[2026-09-16T05:09:42] [INFO] [chunk=7.0s 218/385] rec_default_426649193_audio_1788991280922.mp3
[2026-09-16T05:09:43] [INFO] [chunk=7.0s 219/385] rec_default_426652242_audio_1788991956749.mp3
[2026-09-16T05:09:48] [INFO] [chunk=7.0s 220/385] rec_default_426363836_audio_1788970922202.mp3
[2026-09-16T05:09:50] [INFO] [chunk=7.0s 221/385] rec_default_426408577_audio_1788973914993.mp3
[2026-09-16T05:10:07] [INFO] [chunk=7.0s 222/385] rec_default_426439325_audio_1788975665682.mp3
[2026-09-16T05:10:08] [INFO] [chunk=7.0s 223/385] rec_default_426534420_audio_1788980458455.mp3
[2026-09-16T05:10:09] [INFO] [chunk=7.0s 224/385] rec_audio_call_424886004_audio_1788837418505.mp3
[2026-09-16T05:10:16] [INFO] [chunk=7.0s 225/385] rec_audio_call_425905210_audio_1788932612192.mp3
[2026-09-16T05:10:32] [INFO] [chunk=7.0s 226/385] rec_audio_call_425905294_audio_1788932619839.mp3
[2026-09-16T05:10:36] [INFO] [chunk=7.0s 227/385] rec_audio_call_425936126_audio_1788935044155.mp3
[2026-09-16T05:10:47] [INFO] [chunk=7.0s 228/385] rec_audio_call_426014372_audio_1788941177871.mp3
[2026-09-16T05:10:58] [INFO] [chunk=7.0s 229/385] rec_default_403690174_audio_1786828494349.mp3
[2026-09-16T05:10:59] [INFO] [chunk=7.0s 230/385] rec_default_425908372_audio_1788932864052.mp3
[2026-09-16T05:11:25] [INFO] [chunk=7.0s 231/385] rec_default_425912424_audio_1788933213081.mp3
[2026-09-16T05:11:30] [INFO] [chunk=7.0s 232/385] rec_default_426252346_audio_1788960080824.mp3
[2026-09-16T05:11:41] [INFO] [chunk=7.0s 233/385] rec_default_426578327_audio_1788983295448.mp3
[2026-09-16T05:11:43] [INFO] [chunk=7.0s 234/385] rec_audio_call_426195960_audio_1788954780321.mp3
[2026-09-16T05:11:44] [INFO] [chunk=7.0s 235/385] rec_audio_call_427305933_audio_1789058224440.mp3
[2026-09-16T05:12:06] [INFO] [chunk=7.0s 236/385] rec_audio_call_427305950_audio_1789058224627.mp3
[2026-09-16T05:12:09] [INFO] [chunk=7.0s 237/385] rec_audio_call_427306161_audio_1789058236274.mp3
[2026-09-16T05:12:13] [INFO] [chunk=7.0s 238/385] rec_audio_call_427306380_audio_1789058253191.mp3
[2026-09-16T05:12:13] [INFO] [chunk=7.0s 239/385] rec_audio_call_427306773_audio_1789058284652.mp3
[2026-09-16T05:12:14] [INFO] [chunk=7.0s 240/385] rec_audio_call_427306864_audio_1789058288911.mp3
[2026-09-16T05:12:16] [INFO] [chunk=7.0s 241/385] rec_audio_call_427307036_audio_1789058302393.mp3
[2026-09-16T05:12:17] [INFO] [chunk=7.0s 242/385] rec_audio_call_427307087_audio_1789058314132.mp3
[2026-09-16T05:12:36] [INFO] [chunk=7.0s 243/385] rec_audio_call_427307162_audio_1789058316356.mp3
[2026-09-16T05:12:49] [INFO] [chunk=7.0s 244/385] rec_default_426848544_audio_1789020636084.mp3
[2026-09-16T05:12:54] [INFO] [chunk=7.0s 245/385] rec_default_426857244_audio_1789021306090.mp3
[2026-09-16T05:12:56] [INFO] [chunk=7.0s 246/385] rec_default_427305871_audio_1789058217561.mp3
[2026-09-16T05:12:59] [INFO] [chunk=7.0s 247/385] rec_default_427305885_audio_1789058218067.mp3
[2026-09-16T05:13:06] [INFO] [chunk=7.0s 248/385] rec_default_427305984_audio_1789058228017.mp3
[2026-09-16T05:13:08] [INFO] [chunk=7.0s 249/385] rec_default_427306227_audio_1789058240999.mp3
[2026-09-16T05:13:12] [INFO] [chunk=7.0s 250/385] rec_default_427306761_audio_1789058282525.mp3
[2026-09-16T05:13:15] [INFO] [chunk=7.0s 251/385] rec_default_427306879_audio_1789058296671.mp3
[2026-09-16T05:13:17] [INFO] [chunk=7.0s 252/385] rec_default_427306937_audio_1789058296620.mp3
[2026-09-16T05:13:20] [INFO] [chunk=7.0s 253/385] rec_default_427307000_audio_1789058300924.mp3
[2026-09-16T05:13:20] [INFO] [chunk=7.0s 254/385] rec_default_427307149_audio_1789058314884.mp3
[2026-09-16T05:13:25] [INFO] [chunk=7.0s 255/385] rec_default_427307153_audio_1789058314255.mp3
[2026-09-16T05:13:29] [INFO] [chunk=7.0s 256/385] rec_default_427307170_audio_1789058316339.mp3
[2026-09-16T05:13:31] [INFO] [chunk=7.0s 257/385] rec_default_427307263_audio_1789058328048.mp3
[2026-09-16T05:13:32] [INFO] [chunk=7.0s 258/385] rec_audio_call_426576117_audio_1788983135753.mp3
[2026-09-16T05:13:32] [INFO] [chunk=7.0s 259/385] rec_default_426583408_audio_1788983706194.mp3
[2026-09-16T05:13:59] [INFO] [chunk=7.0s 260/385] rec_default_426603278_audio_1788985350942.mp3
[2026-09-16T05:14:06] [INFO] [chunk=7.0s 261/385] rec_default_426609609_audio_1788985926405.mp3
[2026-09-16T05:14:08] [INFO] [chunk=7.0s 262/385] rec_default_426649926_audio_1788991429022.mp3
[2026-09-16T05:14:09] [INFO] [chunk=7.0s 263/385] rec_audio_call_426659403_audio_1788993755666.mp3
[2026-09-16T05:14:10] [INFO] [chunk=7.0s 264/385] rec_default_426594432_audio_1788984607250.mp3
[2026-09-16T05:14:11] [INFO] [chunk=7.0s 265/385] rec_default_426631751_audio_1788988322014.mp3
[2026-09-16T05:14:14] [INFO] [chunk=7.0s 266/385] rec_audio_call_424435289_audio_1788789932957.mp3
[2026-09-16T05:15:13] [INFO] [chunk=7.0s 267/385] rec_audio_call_425117061_audio_1788856492050.mp3
[2026-09-16T05:15:17] [INFO] [chunk=7.0s 268/385] rec_default_424610958_audio_1788803526314.mp3
[2026-09-16T05:15:23] [INFO] [chunk=7.0s 269/385] rec_default_426636576_audio_1788989005279.mp3
[2026-09-16T05:15:38] [INFO] [chunk=7.0s 270/385] rec_default_424154820_audio_1788768178955.mp3
[2026-09-16T05:15:38] [INFO] [chunk=7.0s 271/385] rec_audio_call_424355050_audio_1788782425826.mp3
[2026-09-16T05:15:41] [INFO] [chunk=7.0s 272/385] rec_audio_call_425887818_audio_1788931097237.mp3
[2026-09-16T05:15:42] [INFO] [chunk=7.0s 273/385] rec_audio_call_425981754_audio_1788938608293.mp3
[2026-09-16T05:15:44] [INFO] [chunk=7.0s 274/385] rec_audio_call_426306233_audio_1788965543370.mp3
[2026-09-16T05:15:45] [INFO] [chunk=7.0s 275/385] rec_default_422311857_audio_1788593947270.mp3
[2026-09-16T05:15:48] [INFO] [chunk=7.0s 276/385] rec_default_423336284_audio_1788688591351.mp3
[2026-09-16T05:15:49] [INFO] [chunk=7.0s 277/385] rec_default_424687669_audio_1788807599801.mp3
[2026-09-16T05:15:53] [INFO] [chunk=7.0s 278/385] rec_default_425476935_audio_1788886067609.mp3
[2026-09-16T05:15:54] [INFO] [chunk=7.0s 279/385] rec_default_426377718_audio_1788971973414.mp3
[2026-09-16T05:15:55] [INFO] [chunk=7.0s 280/385] rec_audio_call_426540516_audio_1788980804355.mp3
[2026-09-16T05:15:56] [INFO] [chunk=7.0s 281/385] rec_audio_call_426628134_audio_1788987862205.mp3
[2026-09-16T05:16:15] [INFO] [chunk=7.0s 282/385] rec_default_426432272_audio_1788975283995.mp3
[2026-09-16T05:16:17] [INFO] [chunk=7.0s 283/385] rec_default_426636424_audio_1788988982930.mp3
[2026-09-16T05:16:24] [INFO] [chunk=7.0s 284/385] rec_default_426648998_audio_1788991242054.mp3
[2026-09-16T05:16:26] [INFO] [chunk=7.0s 285/385] rec_audio_call_425981754_audio_1788938608293.mp3
[2026-09-16T05:16:29] [INFO] [chunk=7.0s 286/385] rec_default_425942168_audio_1788935504071.mp3
[2026-09-16T05:16:35] [INFO] [chunk=7.0s 287/385] rec_default_426538743_audio_1788980705149.mp3
[2026-09-16T05:17:29] [INFO] [chunk=7.0s 288/385] rec_default_426548691_audio_1788981313336.mp3
[2026-09-16T05:17:31] [INFO] [chunk=7.0s 289/385] rec_audio_call_403536354_audio_1786818099540.mp3
[2026-09-16T05:17:32] [INFO] [chunk=7.0s 290/385] rec_audio_call_403544174_audio_1786818489013.mp3
[2026-09-16T05:17:35] [INFO] [chunk=7.0s 291/385] rec_audio_call_403785250_audio_1786846993871.mp3
[2026-09-16T05:17:36] [INFO] [chunk=7.0s 292/385] rec_audio_call_421629115_audio_1788525839912.mp3
[2026-09-16T05:17:52] [INFO] [chunk=7.0s 293/385] rec_audio_call_424397178_audio_1788786285103.mp3
[2026-09-16T05:17:53] [INFO] [chunk=7.0s 294/385] rec_audio_call_425591249_audio_1788892319841.mp3
[2026-09-16T05:17:56] [INFO] [chunk=7.0s 295/385] rec_default_403927389_audio_1786861712369.mp3
[2026-09-16T05:18:12] [INFO] [chunk=7.0s 296/385] rec_default_420511327_audio_1788424417781.mp3
[2026-09-16T05:18:21] [INFO] [chunk=7.0s 297/385] rec_default_423324272_audio_1788687697269.mp3
[2026-09-16T05:18:26] [INFO] [chunk=7.0s 298/385] rec_audio_call_426100503_audio_1788947524083.mp3
[2026-09-16T05:18:27] [INFO] [chunk=7.0s 299/385] rec_audio_call_426855757_audio_1789021187400.mp3
[2026-09-16T05:18:28] [INFO] [chunk=7.0s 300/385] rec_audio_call_426855856_audio_1789021196066.mp3
[2026-09-16T05:18:31] [INFO] [chunk=7.0s 301/385] rec_audio_call_426856109_audio_1789021226515.mp3
[2026-09-16T05:18:32] [INFO] [chunk=7.0s 302/385] rec_audio_call_426857289_audio_1789021309748.mp3
[2026-09-16T05:18:33] [INFO] [chunk=7.0s 303/385] rec_audio_call_426857427_audio_1789021321811.mp3
[2026-09-16T05:18:50] [INFO] [chunk=7.0s 304/385] rec_audio_call_426864047_audio_1789021815416.mp3
[2026-09-16T05:19:08] [INFO] [chunk=7.0s 305/385] rec_audio_call_426864085_audio_1789021818783.mp3
[2026-09-16T05:19:11] [INFO] [chunk=7.0s 306/385] rec_audio_call_426864490_audio_1789021845136.mp3
[2026-09-16T05:19:19] [INFO] [chunk=7.0s 307/385] rec_audio_call_426864592_audio_1789021851330.mp3
[2026-09-16T05:19:21] [INFO] [chunk=7.0s 308/385] rec_audio_call_426864613_audio_1789021855826.mp3
[2026-09-16T05:19:25] [INFO] [chunk=7.0s 309/385] rec_audio_call_426864718_audio_1789021861946.mp3
[2026-09-16T05:19:25] [INFO] [chunk=7.0s 310/385] rec_audio_call_426864879_audio_1789021871603.mp3
[2026-09-16T05:19:27] [INFO] [chunk=7.0s 311/385] rec_audio_call_426865756_audio_1789021933370.mp3
[2026-09-16T05:19:29] [INFO] [chunk=7.0s 312/385] rec_audio_call_426866100_audio_1789021962100.mp3
[2026-09-16T05:19:31] [INFO] [chunk=7.0s 313/385] rec_audio_call_426871106_audio_1789022339887.mp3
[2026-09-16T05:19:37] [INFO] [chunk=7.0s 314/385] rec_audio_call_426881695_audio_1789023110536.mp3
[2026-09-16T05:19:37] [INFO] [chunk=7.0s 315/385] rec_audio_call_426882947_audio_1789023209263.mp3
[2026-09-16T05:19:38] [INFO] [chunk=7.0s 316/385] rec_default_426101552_audio_1788947595142.mp3
[2026-09-16T05:19:40] [INFO] [chunk=7.0s 317/385] rec_default_426855984_audio_1789021209994.mp3
[2026-09-16T05:19:47] [INFO] [chunk=7.0s 318/385] rec_default_426863933_audio_1789021808134.mp3
[2026-09-16T05:19:48] [INFO] [chunk=7.0s 319/385] rec_default_426864020_audio_1789021816720.mp3
[2026-09-16T05:19:50] [INFO] [chunk=7.0s 320/385] rec_default_426864282_audio_1789021827994.mp3
[2026-09-16T05:19:52] [INFO] [chunk=7.0s 321/385] rec_default_426864654_audio_1789021854639.mp3
[2026-09-16T05:19:53] [INFO] [chunk=7.0s 322/385] rec_default_426864666_audio_1789021861790.mp3
[2026-09-16T05:19:54] [INFO] [chunk=7.0s 323/385] rec_default_426865205_audio_1789021894193.mp3
[2026-09-16T05:19:55] [INFO] [chunk=7.0s 324/385] rec_default_426865726_audio_1789021930759.mp3
[2026-09-16T05:20:00] [INFO] [chunk=7.0s 325/385] rec_default_426865848_audio_1789021942575.mp3
[2026-09-16T05:20:03] [INFO] [chunk=7.0s 326/385] rec_default_426883317_audio_1789023235707.mp3
[2026-09-16T05:20:03] [INFO] [chunk=7.0s 327/385] rec_audio_call_426655931_audio_1788992894349.mp3
[2026-09-16T05:20:07] [INFO] [chunk=7.0s 328/385] rec_audio_call_426656676_audio_1788993082694.mp3
[2026-09-16T05:20:16] [INFO] [chunk=7.0s 329/385] rec_default_426656120_audio_1788992939200.mp3
[2026-09-16T05:20:21] [INFO] [chunk=7.0s 330/385] rec_default_426667318_audio_1788995960432.mp3
[2026-09-16T05:20:23] [INFO] [chunk=7.0s 331/385] rec_default_426669005_audio_1788996409641.mp3
[2026-09-16T05:20:24] [INFO] [chunk=7.0s 332/385] rec_audio_call_426652927_audio_1788992127130.mp3
[2026-09-16T05:20:28] [INFO] [chunk=7.0s 333/385] rec_audio_call_426658746_audio_1788993588302.mp3
[2026-09-16T05:20:28] [INFO] [chunk=7.0s 334/385] rec_audio_call_426664916_audio_1788995286548.mp3
[2026-09-16T05:20:43] [INFO] [chunk=7.0s 335/385] rec_default_426657127_audio_1788993186310.mp3
[2026-09-16T05:20:45] [INFO] [chunk=7.0s 336/385] rec_audio_call_422128803_audio_1788577048478.mp3
[2026-09-16T05:20:55] [INFO] [chunk=7.0s 337/385] rec_audio_call_425915592_audio_1788933460694.mp3
[2026-09-16T05:20:58] [INFO] [chunk=7.0s 338/385] rec_audio_call_426303042_audio_1788965197636.mp3
[2026-09-16T05:21:12] [INFO] [chunk=7.0s 339/385] rec_audio_call_426322019_audio_1788967195267.mp3
[2026-09-16T05:21:15] [INFO] [chunk=7.0s 340/385] rec_default_423505352_audio_1788703352920.mp3
[2026-09-16T05:21:18] [INFO] [chunk=7.0s 341/385] rec_default_423562532_audio_1788709014492.mp3
[2026-09-16T05:21:21] [INFO] [chunk=7.0s 342/385] rec_default_425939252_audio_1788935280682.mp3
[2026-09-16T05:21:31] [INFO] [chunk=7.0s 343/385] rec_default_425971422_audio_1788937802743.mp3
[2026-09-16T05:21:36] [INFO] [chunk=7.0s 344/385] rec_default_426438311_audio_1788975608857.mp3
[2026-09-16T05:21:42] [INFO] [chunk=7.0s 345/385] rec_audio_call_425205242_audio_1788862499869.mp3
[2026-09-16T05:21:44] [INFO] [chunk=7.0s 346/385] rec_audio_call_426339629_audio_1788968889098.mp3
[2026-09-16T05:21:45] [INFO] [chunk=7.0s 347/385] rec_default_426480223_audio_1788977664177.mp3
[2026-09-16T05:21:49] [INFO] [chunk=7.0s 348/385] rec_default_426608730_audio_1788985842618.mp3
[2026-09-16T05:21:49] [INFO] [chunk=7.0s 349/385] rec_audio_call_426565068_audio_1788982358963.mp3
[2026-09-16T05:22:04] [INFO] [chunk=7.0s 350/385] rec_default_426460304_audio_1788976707317.mp3
[2026-09-16T05:22:05] [INFO] [chunk=7.0s 351/385] rec_default_426537197_audio_1788980611266.mp3
[2026-09-16T05:22:07] [INFO] [chunk=7.0s 352/385] rec_default_426565486_audio_1788982385911.mp3
[2026-09-16T05:22:16] [INFO] [chunk=7.0s 353/385] rec_default_426573512_audio_1788982942725.mp3
[2026-09-16T05:22:17] [INFO] [chunk=7.0s 354/385] rec_default_426591403_audio_1788984361913.mp3
[2026-09-16T05:22:20] [INFO] [chunk=7.0s 355/385] rec_default_426604065_audio_1788985417369.mp3
[2026-09-16T05:22:22] [INFO] [chunk=7.0s 356/385] rec_audio_call_426339629_audio_1788968889098.mp3
[2026-09-16T05:22:23] [INFO] [chunk=7.0s 357/385] rec_default_426606195_audio_1788985611722.mp3
[2026-09-16T05:22:31] [INFO] [chunk=7.0s 358/385] rec_default_426610860_audio_1788986032726.mp3
[2026-09-16T05:22:33] [INFO] [chunk=7.0s 359/385] rec_audio_call_425348262_audio_1788874390379.mp3
[2026-09-16T05:22:42] [INFO] [chunk=7.0s 360/385] rec_audio_call_425360795_audio_1788875574199.mp3
[2026-09-16T05:22:45] [INFO] [chunk=7.0s 361/385] rec_audio_call_425384170_audio_1788877922101.mp3
[2026-09-16T05:22:58] [INFO] [chunk=7.0s 362/385] rec_audio_call_426189476_audio_1788954198708.mp3
[2026-09-16T05:23:09] [INFO] [chunk=7.0s 363/385] rec_default_423219318_audio_1788679354453.mp3
[2026-09-16T05:23:21] [INFO] [chunk=7.0s 364/385] rec_default_423662590_audio_1788716156245.mp3
[2026-09-16T05:23:39] [INFO] [chunk=7.0s 365/385] rec_default_426600174_audio_1788985087863.mp3
[2026-09-16T05:23:44] [INFO] [chunk=7.0s 366/385] rec_audio_call_427000661_audio_1789031852494.mp3
[2026-09-16T05:23:56] [INFO] [chunk=7.0s 367/385] rec_audio_call_427012298_audio_1789032612558.mp3
[2026-09-16T05:23:59] [INFO] [chunk=7.0s 368/385] rec_audio_call_427013211_audio_1789032669332.mp3
[2026-09-16T05:24:00] [INFO] [chunk=7.0s 369/385] rec_audio_call_427027152_audio_1789033559289.mp3
[2026-09-16T05:24:19] [INFO] [chunk=7.0s 370/385] rec_audio_call_427027250_audio_1789033566943.mp3
[2026-09-16T05:24:21] [INFO] [chunk=7.0s 371/385] rec_audio_call_427038731_audio_1789034322684.mp3
[2026-09-16T05:24:22] [INFO] [chunk=7.0s 372/385] rec_default_426107989_audio_1788948054504.mp3
[2026-09-16T05:24:22] [INFO] [chunk=7.0s 373/385] rec_default_426108348_audio_1788948073644.mp3
[2026-09-16T05:24:23] [INFO] [chunk=7.0s 374/385] rec_default_426108689_audio_1788948098669.mp3
[2026-09-16T05:24:24] [INFO] [chunk=7.0s 375/385] rec_default_426850375_audio_1789020775029.mp3
[2026-09-16T05:24:25] [INFO] [chunk=7.0s 376/385] rec_default_427000374_audio_1789031836869.mp3
[2026-09-16T05:24:26] [INFO] [chunk=7.0s 377/385] rec_default_427012375_audio_1789032614721.mp3
[2026-09-16T05:24:26] [INFO] [chunk=7.0s 378/385] rec_default_427012537_audio_1789032626712.mp3
[2026-09-16T05:24:28] [INFO] [chunk=7.0s 379/385] rec_default_427012589_audio_1789032630677.mp3
[2026-09-16T05:24:29] [INFO] [chunk=7.0s 380/385] rec_default_427012755_audio_1789032638070.mp3
[2026-09-16T05:24:33] [INFO] [chunk=7.0s 381/385] rec_default_427018157_audio_1789032985293.mp3
[2026-09-16T05:24:35] [INFO] [chunk=7.0s 382/385] rec_default_427030481_audio_1789033781981.mp3
[2026-09-16T05:24:36] [INFO] [chunk=7.0s 383/385] rec_default_427035680_audio_1789034118532.mp3
[2026-09-16T05:24:39] [INFO] [chunk=7.0s 384/385] rec_default_427037139_audio_1789034210020.mp3
[2026-09-16T05:24:40] [INFO] [chunk=7.0s 385/385] rec_default_427038996_audio_1789034340803.mp3
[2026-09-16T05:24:41] [INFO] chunk_seconds=7.0 done in 1765.3s — success=385 error=0
[2026-09-16T05:24:41] [INFO] chunk_seconds=10.0: skipping 0 already-done file(s)
[2026-09-16T05:24:41] [INFO] [chunk=10.0s 1/385] rec_audio_call_392603926_audio_1785858184285.mp3
[2026-09-16T05:24:42] [INFO] [chunk=10.0s 2/385] rec_audio_call_392607690_audio_1785858500937.mp3
[2026-09-16T05:24:44] [INFO] [chunk=10.0s 3/385] rec_audio_call_392643395_audio_1785861202288.mp3
[2026-09-16T05:24:53] [INFO] [chunk=10.0s 4/385] rec_audio_call_425736604_audio_1788905083156.mp3
[2026-09-16T05:24:54] [INFO] [chunk=10.0s 5/385] rec_audio_call_425748748_audio_1788908276475.mp3
[2026-09-16T05:24:55] [INFO] [chunk=10.0s 6/385] rec_audio_call_425749256_audio_1788908432017.mp3
[2026-09-16T05:24:56] [INFO] [chunk=10.0s 7/385] rec_default_426610557_audio_1788986010552.mp3
[2026-09-16T05:24:56] [INFO] [chunk=10.0s 8/385] rec_audio_call_425655492_audio_1788895962923.mp3
[2026-09-16T05:25:00] [INFO] [chunk=10.0s 9/385] rec_audio_call_425656293_audio_1788896013602.mp3
[2026-09-16T05:25:01] [INFO] [chunk=10.0s 10/385] rec_audio_call_425679391_audio_1788897730000.mp3
[2026-09-16T05:25:04] [INFO] [chunk=10.0s 11/385] rec_audio_call_425691838_audio_1788898819143.mp3
[2026-09-16T05:25:05] [INFO] [chunk=10.0s 12/385] rec_default_426593829_audio_1788984553610.mp3
[2026-09-16T05:25:08] [INFO] [chunk=10.0s 13/385] rec_audio_call_419965552_audio_1788369990564.mp3
[2026-09-16T05:25:09] [INFO] [chunk=10.0s 14/385] rec_audio_call_421071310_audio_1788465787061.mp3
[2026-09-16T05:25:16] [INFO] [chunk=10.0s 15/385] rec_audio_call_421768524_audio_1788539479106.mp3
[2026-09-16T05:25:17] [INFO] [chunk=10.0s 16/385] rec_audio_call_421835569_audio_1788543699379.mp3
[2026-09-16T05:25:18] [INFO] [chunk=10.0s 17/385] rec_audio_call_421997101_audio_1788553909604.mp3
[2026-09-16T05:25:26] [INFO] [chunk=10.0s 18/385] rec_audio_call_423610988_audio_1788712982461.mp3
[2026-09-16T05:25:27] [INFO] [chunk=10.0s 19/385] rec_audio_call_425656431_audio_1788896027178.mp3
[2026-09-16T05:25:28] [INFO] [chunk=10.0s 20/385] rec_default_420147298_audio_1788380486702.mp3
[2026-09-16T05:25:35] [INFO] [chunk=10.0s 21/385] rec_default_420599099_audio_1788430532077.mp3
[2026-09-16T05:25:39] [INFO] [chunk=10.0s 22/385] rec_default_421888258_audio_1788546625741.mp3
[2026-09-16T05:25:39] [INFO] [chunk=10.0s 23/385] rec_default_423958539_audio_1788751477018.mp3
[2026-09-16T05:25:42] [INFO] [chunk=10.0s 24/385] rec_audio_call_421981200_audio_1788552638354.mp3
[2026-09-16T05:25:44] [INFO] [chunk=10.0s 25/385] rec_audio_call_422812035_audio_1788633064712.mp3
[2026-09-16T05:25:45] [INFO] [chunk=10.0s 26/385] rec_audio_call_423872491_audio_1788731676125.mp3
[2026-09-16T05:25:46] [INFO] [chunk=10.0s 27/385] rec_audio_call_424735559_audio_1788811052808.mp3
[2026-09-16T05:25:47] [INFO] [chunk=10.0s 28/385] rec_audio_call_425051281_audio_1788851621695.mp3
[2026-09-16T05:25:54] [INFO] [chunk=10.0s 29/385] rec_default_422797054_audio_1788632206019.mp3
[2026-09-16T05:25:58] [INFO] [chunk=10.0s 30/385] rec_audio_call_421865395_audio_1788545383247.mp3
[2026-09-16T05:25:58] [INFO] [chunk=10.0s 31/385] rec_audio_call_425933838_audio_1788934868635.mp3
[2026-09-16T05:26:03] [INFO] [chunk=10.0s 32/385] rec_audio_call_426596251_audio_1788984756063.mp3
[2026-09-16T05:26:03] [INFO] [chunk=10.0s 33/385] rec_audio_call_426599617_audio_1788985040466.mp3
[2026-09-16T05:26:06] [INFO] [chunk=10.0s 34/385] rec_default_423978016_audio_1788753648923.mp3
[2026-09-16T05:26:08] [INFO] [chunk=10.0s 35/385] rec_default_425396309_audio_1788879180076.mp3
[2026-09-16T05:26:10] [INFO] [chunk=10.0s 36/385] rec_default_425778316_audio_1788916552817.mp3
[2026-09-16T05:26:11] [INFO] [chunk=10.0s 37/385] rec_audio_call_424867062_audio_1788834834877.mp3
[2026-09-16T05:26:14] [INFO] [chunk=10.0s 38/385] rec_audio_call_425730841_audio_1788903925979.mp3
[2026-09-16T05:26:14] [INFO] [chunk=10.0s 39/385] rec_audio_call_425744236_audio_1788906883727.mp3
[2026-09-16T05:26:24] [INFO] [chunk=10.0s 40/385] rec_audio_call_426409268_audio_1788973959169.mp3
[2026-09-16T05:26:26] [INFO] [chunk=10.0s 41/385] rec_default_424880310_audio_1788836667926.mp3
[2026-09-16T05:26:35] [INFO] [chunk=10.0s 42/385] rec_default_425134890_audio_1788857770816.mp3
[2026-09-16T05:26:40] [INFO] [chunk=10.0s 43/385] rec_default_425141339_audio_1788858189163.mp3
[2026-09-16T05:26:47] [INFO] [chunk=10.0s 44/385] rec_audio_call_424610503_audio_1788803501320.mp3
[2026-09-16T05:26:48] [INFO] [chunk=10.0s 45/385] rec_audio_call_424798751_audio_1788818609448.mp3
[2026-09-16T05:26:50] [INFO] [chunk=10.0s 46/385] rec_audio_call_425147890_audio_1788858642964.mp3
[2026-09-16T05:26:51] [INFO] [chunk=10.0s 47/385] rec_audio_call_425713085_audio_1788901236624.mp3
[2026-09-16T05:26:52] [INFO] [chunk=10.0s 48/385] rec_audio_call_419508797_audio_1788334367395.mp3
[2026-09-16T05:26:52] [INFO] [chunk=10.0s 49/385] rec_audio_call_421677953_audio_1788530753328.mp3
[2026-09-16T05:26:53] [INFO] [chunk=10.0s 50/385] rec_audio_call_423351802_audio_1788689747483.mp3
[2026-09-16T05:26:54] [INFO] [chunk=10.0s 51/385] rec_audio_call_423591955_audio_1788711572217.mp3
[2026-09-16T05:26:56] [INFO] [chunk=10.0s 52/385] rec_audio_call_423629370_audio_1788714233340.mp3
[2026-09-16T05:27:14] [INFO] [chunk=10.0s 53/385] rec_audio_call_426565546_audio_1788982388939.mp3
[2026-09-16T05:27:15] [INFO] [chunk=10.0s 54/385] rec_default_419887388_audio_1788364981482.mp3
[2026-09-16T05:27:19] [INFO] [chunk=10.0s 55/385] rec_default_421661435_audio_1788529081993.mp3
[2026-09-16T05:27:20] [INFO] [chunk=10.0s 56/385] rec_default_421956667_audio_1788550846403.mp3
[2026-09-16T05:27:21] [INFO] [chunk=10.0s 57/385] rec_default_423887482_audio_1788735128862.mp3
[2026-09-16T05:27:25] [INFO] [chunk=10.0s 58/385] rec_default_424793843_audio_1788817690775.mp3
[2026-09-16T05:27:28] [INFO] [chunk=10.0s 59/385] rec_default_425627452_audio_1788894258639.mp3
[2026-09-16T05:27:29] [INFO] [chunk=10.0s 60/385] rec_audio_call_426099993_audio_1788947488901.mp3
[2026-09-16T05:27:34] [INFO] [chunk=10.0s 61/385] rec_audio_call_426101059_audio_1788947560284.mp3
[2026-09-16T05:27:42] [INFO] [chunk=10.0s 62/385] rec_audio_call_426107984_audio_1788948053829.mp3
[2026-09-16T05:27:43] [INFO] [chunk=10.0s 63/385] rec_audio_call_426107995_audio_1788948050780.mp3
[2026-09-16T05:27:45] [INFO] [chunk=10.0s 64/385] rec_audio_call_426108129_audio_1788948057694.mp3
[2026-09-16T05:27:46] [INFO] [chunk=10.0s 65/385] rec_audio_call_426119888_audio_1788948897495.mp3
[2026-09-16T05:27:46] [INFO] [chunk=10.0s 66/385] rec_audio_call_426127774_audio_1788949477698.mp3
[2026-09-16T05:27:49] [INFO] [chunk=10.0s 67/385] rec_audio_call_426194933_audio_1788954682604.mp3
[2026-09-16T05:27:53] [INFO] [chunk=10.0s 68/385] rec_audio_call_426195125_audio_1788954700286.mp3
[2026-09-16T05:27:56] [INFO] [chunk=10.0s 69/385] rec_audio_call_426201717_audio_1788955277234.mp3
[2026-09-16T05:27:57] [INFO] [chunk=10.0s 70/385] rec_audio_call_426201848_audio_1788955284435.mp3
[2026-09-16T05:27:59] [INFO] [chunk=10.0s 71/385] rec_audio_call_426202468_audio_1788955343920.mp3
[2026-09-16T05:28:02] [INFO] [chunk=10.0s 72/385] rec_audio_call_426202822_audio_1788955375114.mp3
[2026-09-16T05:28:04] [INFO] [chunk=10.0s 73/385] rec_audio_call_426202958_audio_1788955393853.mp3
[2026-09-16T05:28:06] [INFO] [chunk=10.0s 74/385] rec_audio_call_426203219_audio_1788955405537.mp3
[2026-09-16T05:28:07] [INFO] [chunk=10.0s 75/385] rec_audio_call_426203802_audio_1788955464104.mp3
[2026-09-16T05:28:12] [INFO] [chunk=10.0s 76/385] rec_audio_call_426204124_audio_1788955491095.mp3
[2026-09-16T05:28:14] [INFO] [chunk=10.0s 77/385] rec_audio_call_426204404_audio_1788955515816.mp3
[2026-09-16T05:28:16] [INFO] [chunk=10.0s 78/385] rec_audio_call_426204463_audio_1788955521517.mp3
[2026-09-16T05:28:21] [INFO] [chunk=10.0s 79/385] rec_audio_call_426847860_audio_1789020585952.mp3
[2026-09-16T05:28:22] [INFO] [chunk=10.0s 80/385] rec_audio_call_426848290_audio_1789020619592.mp3
[2026-09-16T05:28:23] [INFO] [chunk=10.0s 81/385] rec_audio_call_426848321_audio_1789020622237.mp3
[2026-09-16T05:28:26] [INFO] [chunk=10.0s 82/385] rec_audio_call_426848355_audio_1789020625114.mp3
[2026-09-16T05:28:27] [INFO] [chunk=10.0s 83/385] rec_audio_call_426848440_audio_1789020630279.mp3
[2026-09-16T05:28:28] [INFO] [chunk=10.0s 84/385] rec_audio_call_426848640_audio_1789020645122.mp3
[2026-09-16T05:28:29] [INFO] [chunk=10.0s 85/385] rec_audio_call_426848943_audio_1789020668404.mp3
[2026-09-16T05:28:31] [INFO] [chunk=10.0s 86/385] rec_audio_call_426849624_audio_1789020718433.mp3
[2026-09-16T05:28:35] [INFO] [chunk=10.0s 87/385] rec_audio_call_426849843_audio_1789020732404.mp3
[2026-09-16T05:28:50] [INFO] [chunk=10.0s 88/385] rec_audio_call_426850383_audio_1789020772255.mp3
[2026-09-16T05:28:51] [INFO] [chunk=10.0s 89/385] rec_audio_call_426851323_audio_1789020846081.mp3
[2026-09-16T05:28:53] [INFO] [chunk=10.0s 90/385] rec_audio_call_426851772_audio_1789020879921.mp3
[2026-09-16T05:28:56] [INFO] [chunk=10.0s 91/385] rec_audio_call_426851856_audio_1789020892000.mp3
[2026-09-16T05:29:00] [INFO] [chunk=10.0s 92/385] rec_audio_call_426854007_audio_1789021052086.mp3
[2026-09-16T05:29:01] [INFO] [chunk=10.0s 93/385] rec_audio_call_426854157_audio_1789021067058.mp3
[2026-09-16T05:29:02] [INFO] [chunk=10.0s 94/385] rec_audio_call_426883755_audio_1789023272654.mp3
[2026-09-16T05:29:02] [INFO] [chunk=10.0s 95/385] rec_audio_call_427029817_audio_1789033741551.mp3
[2026-09-16T05:29:03] [INFO] [chunk=10.0s 96/385] rec_audio_call_427302258_audio_1789057958698.mp3
[2026-09-16T05:29:03] [INFO] [chunk=10.0s 97/385] rec_audio_call_427307060_audio_1789058304926.mp3
[2026-09-16T05:29:04] [INFO] [chunk=10.0s 98/385] rec_audio_call_427311569_audio_1789058616356.mp3
[2026-09-16T05:29:05] [INFO] [chunk=10.0s 99/385] rec_audio_call_427314953_audio_1789058839016.mp3
[2026-09-16T05:29:05] [INFO] [chunk=10.0s 100/385] rec_default_426100823_audio_1788947551748.mp3
[2026-09-16T05:29:06] [INFO] [chunk=10.0s 101/385] rec_default_426107316_audio_1788948009635.mp3
[2026-09-16T05:29:06] [INFO] [chunk=10.0s 102/385] rec_default_426107744_audio_1788948040810.mp3
[2026-09-16T05:29:10] [INFO] [chunk=10.0s 103/385] rec_default_426108828_audio_1788948111282.mp3
[2026-09-16T05:29:12] [INFO] [chunk=10.0s 104/385] rec_default_426126463_audio_1788949378147.mp3
[2026-09-16T05:29:12] [INFO] [chunk=10.0s 105/385] rec_default_426126833_audio_1788949400904.mp3
[2026-09-16T05:29:12] [INFO] [chunk=10.0s 106/385] rec_default_426127716_audio_1788949472727.mp3
[2026-09-16T05:29:14] [INFO] [chunk=10.0s 107/385] rec_default_426194323_audio_1788954640272.mp3
[2026-09-16T05:29:15] [INFO] [chunk=10.0s 108/385] rec_default_426195344_audio_1788954727902.mp3
[2026-09-16T05:29:16] [INFO] [chunk=10.0s 109/385] rec_default_426202313_audio_1788955333217.mp3
[2026-09-16T05:29:16] [INFO] [chunk=10.0s 110/385] rec_default_426204264_audio_1788955509025.mp3
[2026-09-16T05:29:17] [INFO] [chunk=10.0s 111/385] rec_default_426204318_audio_1788955517179.mp3
[2026-09-16T05:29:19] [INFO] [chunk=10.0s 112/385] rec_default_426848660_audio_1789020643588.mp3
[2026-09-16T05:29:26] [INFO] [chunk=10.0s 113/385] rec_default_426851955_audio_1789020893146.mp3
[2026-09-16T05:29:26] [INFO] [chunk=10.0s 114/385] rec_default_426853539_audio_1789021025445.mp3
[2026-09-16T05:29:27] [INFO] [chunk=10.0s 115/385] rec_default_427012373_audio_1789032615035.mp3
[2026-09-16T05:29:28] [INFO] [chunk=10.0s 116/385] rec_default_427038720_audio_1789034321734.mp3
[2026-09-16T05:29:28] [INFO] [chunk=10.0s 117/385] rec_default_427305556_audio_1789058198302.mp3
[2026-09-16T05:29:30] [INFO] [chunk=10.0s 118/385] rec_audio_call_426576577_audio_1788983168675.mp3
[2026-09-16T05:29:53] [INFO] [chunk=10.0s 119/385] rec_audio_call_426580380_audio_1788983454564.mp3
[2026-09-16T05:29:56] [INFO] [chunk=10.0s 120/385] rec_audio_call_426601291_audio_1788985175536.mp3
[2026-09-16T05:29:56] [INFO] [chunk=10.0s 121/385] rec_default_426573210_audio_1788982914417.mp3
[2026-09-16T05:30:01] [INFO] [chunk=10.0s 122/385] rec_default_426597928_audio_1788984899162.mp3
[2026-09-16T05:30:09] [INFO] [chunk=10.0s 123/385] rec_default_426662883_audio_1788994670065.mp3
[2026-09-16T05:30:15] [INFO] [chunk=10.0s 124/385] rec_audio_call_426604675_audio_1788985474412.mp3
[2026-09-16T05:30:17] [INFO] [chunk=10.0s 125/385] rec_audio_call_426613454_audio_1788986291945.mp3
[2026-09-16T05:30:19] [INFO] [chunk=10.0s 126/385] rec_default_426634262_audio_1788988662985.mp3
[2026-09-16T05:30:20] [INFO] [chunk=10.0s 127/385] rec_default_426647598_audio_1788990955665.mp3
[2026-09-16T05:30:26] [INFO] [chunk=10.0s 128/385] rec_audio_call_421223616_audio_1788491953131.mp3
[2026-09-16T05:30:27] [INFO] [chunk=10.0s 129/385] rec_audio_call_421566156_audio_1788520297969.mp3
[2026-09-16T05:30:29] [INFO] [chunk=10.0s 130/385] rec_audio_call_423645324_audio_1788715186440.mp3
[2026-09-16T05:30:32] [INFO] [chunk=10.0s 131/385] rec_audio_call_424378148_audio_1788784557326.mp3
[2026-09-16T05:30:35] [INFO] [chunk=10.0s 132/385] rec_audio_call_424416192_audio_1788788125311.mp3
[2026-09-16T05:30:39] [INFO] [chunk=10.0s 133/385] rec_audio_call_425918552_audio_1788933686610.mp3
[2026-09-16T05:30:41] [INFO] [chunk=10.0s 134/385] rec_default_425656790_audio_1788896051031.mp3
[2026-09-16T05:30:43] [INFO] [chunk=10.0s 135/385] rec_audio_call_420847903_audio_1788453013104.mp3
[2026-09-16T05:31:03] [INFO] [chunk=10.0s 136/385] rec_audio_call_424557037_audio_1788800497337.mp3
[2026-09-16T05:31:05] [INFO] [chunk=10.0s 137/385] rec_audio_call_424970880_audio_1788845652480.mp3
[2026-09-16T05:31:05] [INFO] [chunk=10.0s 138/385] rec_audio_call_425207957_audio_1788862678382.mp3
[2026-09-16T05:31:12] [INFO] [chunk=10.0s 139/385] rec_audio_call_426372327_audio_1788971567973.mp3
[2026-09-16T05:31:13] [INFO] [chunk=10.0s 140/385] rec_default_423104500_audio_1788669374178.mp3
[2026-09-16T05:31:18] [INFO] [chunk=10.0s 141/385] rec_default_423163427_audio_1788674918154.mp3
[2026-09-16T05:31:19] [INFO] [chunk=10.0s 142/385] rec_default_426023290_audio_1788941856621.mp3
[2026-09-16T05:31:20] [INFO] [chunk=10.0s 143/385] rec_audio_call_426570103_audio_1788982695863.mp3
[2026-09-16T05:31:46] [INFO] [chunk=10.0s 144/385] rec_audio_call_426580224_audio_1788983439239.mp3
[2026-09-16T05:31:47] [INFO] [chunk=10.0s 145/385] rec_audio_call_426626261_audio_1788987652206.mp3
[2026-09-16T05:31:52] [INFO] [chunk=10.0s 146/385] rec_audio_call_426634717_audio_1788988729707.mp3
[2026-09-16T05:31:54] [INFO] [chunk=10.0s 147/385] rec_default_426593601_audio_1788984536403.mp3
[2026-09-16T05:31:57] [INFO] [chunk=10.0s 148/385] rec_default_426620137_audio_1788986984372.mp3
[2026-09-16T05:32:01] [INFO] [chunk=10.0s 149/385] rec_default_426633368_audio_1788988531170.mp3
[2026-09-16T05:32:04] [INFO] [chunk=10.0s 150/385] rec_audio_call_426416419_audio_1788974369340.mp3
[2026-09-16T05:32:06] [INFO] [chunk=10.0s 151/385] rec_audio_call_426613454_audio_1788986291945.mp3
[2026-09-16T05:32:08] [INFO] [chunk=10.0s 152/385] rec_audio_call_420358272_audio_1788412834216.mp3
[2026-09-16T05:32:11] [INFO] [chunk=10.0s 153/385] rec_audio_call_420511856_audio_1788424457087.mp3
[2026-09-16T05:32:14] [INFO] [chunk=10.0s 154/385] rec_audio_call_420632008_audio_1788432977108.mp3
[2026-09-16T05:32:26] [INFO] [chunk=10.0s 155/385] rec_audio_call_425129217_audio_1788857364836.mp3
[2026-09-16T05:32:37] [INFO] [chunk=10.0s 156/385] rec_audio_call_426104039_audio_1788947773748.mp3
[2026-09-16T05:32:42] [INFO] [chunk=10.0s 157/385] rec_default_421372353_audio_1788505796052.mp3
[2026-09-16T05:33:01] [INFO] [chunk=10.0s 158/385] rec_default_421961206_audio_1788551169146.mp3
[2026-09-16T05:33:05] [INFO] [chunk=10.0s 159/385] rec_default_424950341_audio_1788843964859.mp3
[2026-09-16T05:33:07] [INFO] [chunk=10.0s 160/385] rec_default_425392837_audio_1788878842788.mp3
[2026-09-16T05:33:08] [INFO] [chunk=10.0s 161/385] rec_default_426076857_audio_1788945867967.mp3
[2026-09-16T05:33:17] [INFO] [chunk=10.0s 162/385] rec_audio_call_427301394_audio_1789057897529.mp3
[2026-09-16T05:33:17] [INFO] [chunk=10.0s 163/385] rec_audio_call_427304995_audio_1789058153813.mp3
[2026-09-16T05:33:19] [INFO] [chunk=10.0s 164/385] rec_audio_call_427305229_audio_1789058170052.mp3
[2026-09-16T05:33:20] [INFO] [chunk=10.0s 165/385] rec_audio_call_427305426_audio_1789058184851.mp3
[2026-09-16T05:33:20] [INFO] [chunk=10.0s 166/385] rec_audio_call_427305578_audio_1789058200155.mp3
[2026-09-16T05:33:20] [INFO] [chunk=10.0s 167/385] rec_audio_call_427305579_audio_1789058197575.mp3
[2026-09-16T05:33:21] [INFO] [chunk=10.0s 168/385] rec_audio_call_427309343_audio_1789058465241.mp3
[2026-09-16T05:33:21] [INFO] [chunk=10.0s 169/385] rec_audio_call_427310164_audio_1789058518972.mp3
[2026-09-16T05:33:22] [INFO] [chunk=10.0s 170/385] rec_audio_call_427312372_audio_1789058676733.mp3
[2026-09-16T05:33:29] [INFO] [chunk=10.0s 171/385] rec_audio_call_427313310_audio_1789058737356.mp3
[2026-09-16T05:33:40] [INFO] [chunk=10.0s 172/385] rec_audio_call_427313337_audio_1789058738019.mp3
[2026-09-16T05:33:43] [INFO] [chunk=10.0s 173/385] rec_audio_call_427315026_audio_1789058843014.mp3
[2026-09-16T05:33:44] [INFO] [chunk=10.0s 174/385] rec_audio_call_427316125_audio_1789058922687.mp3
[2026-09-16T05:33:46] [INFO] [chunk=10.0s 175/385] rec_audio_call_427316431_audio_1789058946312.mp3
[2026-09-16T05:33:48] [INFO] [chunk=10.0s 176/385] rec_default_427302623_audio_1789057989394.mp3
[2026-09-16T05:33:49] [INFO] [chunk=10.0s 177/385] rec_default_427303915_audio_1789058082453.mp3
[2026-09-16T05:33:50] [INFO] [chunk=10.0s 178/385] rec_default_427307746_audio_1789058356862.mp3
[2026-09-16T05:33:52] [INFO] [chunk=10.0s 179/385] rec_default_427308167_audio_1789058388570.mp3
[2026-09-16T05:33:59] [INFO] [chunk=10.0s 180/385] rec_default_427310161_audio_1789058524351.mp3
[2026-09-16T05:34:00] [INFO] [chunk=10.0s 181/385] rec_default_427312501_audio_1789058683465.mp3
[2026-09-16T05:34:00] [INFO] [chunk=10.0s 182/385] rec_default_427313073_audio_1789058722144.mp3
[2026-09-16T05:34:02] [INFO] [chunk=10.0s 183/385] rec_default_427314573_audio_1789058813038.mp3
[2026-09-16T05:34:04] [INFO] [chunk=10.0s 184/385] rec_audio_call_426641897_audio_1788989870691.mp3
[2026-09-16T05:34:06] [INFO] [chunk=10.0s 185/385] rec_audio_call_426641906_audio_1788989875034.mp3
[2026-09-16T05:34:11] [INFO] [chunk=10.0s 186/385] rec_audio_call_426647851_audio_1788991002681.mp3
[2026-09-16T05:34:30] [INFO] [chunk=10.0s 187/385] rec_audio_call_426655391_audio_1788992749491.mp3
[2026-09-16T05:34:33] [INFO] [chunk=10.0s 188/385] rec_audio_call_426669176_audio_1788996452632.mp3
[2026-09-16T05:34:34] [INFO] [chunk=10.0s 189/385] rec_default_426642159_audio_1788989918579.mp3
[2026-09-16T05:34:37] [INFO] [chunk=10.0s 190/385] rec_audio_call_426646095_audio_1788990649220.mp3
[2026-09-16T05:34:39] [INFO] [chunk=10.0s 191/385] rec_audio_call_426665213_audio_1788995377531.mp3
[2026-09-16T05:34:41] [INFO] [chunk=10.0s 192/385] rec_default_426639345_audio_1788989459421.mp3
[2026-09-16T05:34:43] [INFO] [chunk=10.0s 193/385] rec_default_426645015_audio_1788990433927.mp3
[2026-09-16T05:34:47] [INFO] [chunk=10.0s 194/385] rec_audio_call_426149164_audio_1788951056501.mp3
[2026-09-16T05:34:50] [INFO] [chunk=10.0s 195/385] rec_audio_call_426151853_audio_1788951260489.mp3
[2026-09-16T05:35:07] [INFO] [chunk=10.0s 196/385] rec_audio_call_426180101_audio_1788953436912.mp3
[2026-09-16T05:35:08] [INFO] [chunk=10.0s 197/385] rec_audio_call_426279116_audio_1788962727515.mp3
[2026-09-16T05:35:10] [INFO] [chunk=10.0s 198/385] rec_audio_call_426299827_audio_1788964873398.mp3
[2026-09-16T05:35:14] [INFO] [chunk=10.0s 199/385] rec_audio_call_426313681_audio_1788966303052.mp3
[2026-09-16T05:35:16] [INFO] [chunk=10.0s 200/385] rec_audio_call_426339758_audio_1788968901990.mp3
[2026-09-16T05:35:22] [INFO] [chunk=10.0s 201/385] rec_default_426226216_audio_1788957468242.mp3
[2026-09-16T05:35:22] [INFO] [chunk=10.0s 202/385] rec_default_426252346_audio_1788960080824.mp3
[2026-09-16T05:35:31] [INFO] [chunk=10.0s 203/385] rec_default_426303789_audio_1788965281521.mp3
[2026-09-16T05:35:41] [INFO] [chunk=10.0s 204/385] rec_audio_call_423101838_audio_1788669053059.mp3
[2026-09-16T05:35:42] [INFO] [chunk=10.0s 205/385] rec_audio_call_426127729_audio_1788949472560.mp3
[2026-09-16T05:35:43] [INFO] [chunk=10.0s 206/385] rec_audio_call_426621209_audio_1788987102942.mp3
[2026-09-16T05:35:44] [INFO] [chunk=10.0s 207/385] rec_audio_call_425861520_audio_1788928521393.mp3
[2026-09-16T05:35:45] [INFO] [chunk=10.0s 208/385] rec_audio_call_425877181_audio_1788930106387.mp3
[2026-09-16T05:35:46] [INFO] [chunk=10.0s 209/385] rec_audio_call_426020111_audio_1788941616667.mp3
[2026-09-16T05:35:47] [INFO] [chunk=10.0s 210/385] rec_audio_call_426030765_audio_1788942418731.mp3
[2026-09-16T05:35:49] [INFO] [chunk=10.0s 211/385] rec_audio_call_426035272_audio_1788942782972.mp3
[2026-09-16T05:35:50] [INFO] [chunk=10.0s 212/385] rec_audio_call_426185479_audio_1788953866828.mp3
[2026-09-16T05:35:53] [INFO] [chunk=10.0s 213/385] rec_audio_call_426259277_audio_1788960796344.mp3
[2026-09-16T05:35:54] [INFO] [chunk=10.0s 214/385] rec_audio_call_426355800_audio_1788970288176.mp3
[2026-09-16T05:35:55] [INFO] [chunk=10.0s 215/385] rec_audio_call_426594019_audio_1788984570393.mp3
[2026-09-16T05:36:02] [INFO] [chunk=10.0s 216/385] rec_audio_call_426664156_audio_1788995059123.mp3
[2026-09-16T05:36:14] [INFO] [chunk=10.0s 217/385] rec_default_426582734_audio_1788983647126.mp3
[2026-09-16T05:36:26] [INFO] [chunk=10.0s 218/385] rec_default_426649193_audio_1788991280922.mp3
[2026-09-16T05:36:28] [INFO] [chunk=10.0s 219/385] rec_default_426652242_audio_1788991956749.mp3
[2026-09-16T05:36:31] [INFO] [chunk=10.0s 220/385] rec_default_426363836_audio_1788970922202.mp3
[2026-09-16T05:36:33] [INFO] [chunk=10.0s 221/385] rec_default_426408577_audio_1788973914993.mp3
[2026-09-16T05:36:48] [INFO] [chunk=10.0s 222/385] rec_default_426439325_audio_1788975665682.mp3
[2026-09-16T05:36:49] [INFO] [chunk=10.0s 223/385] rec_default_426534420_audio_1788980458455.mp3
[2026-09-16T05:36:50] [INFO] [chunk=10.0s 224/385] rec_audio_call_424886004_audio_1788837418505.mp3
[2026-09-16T05:36:55] [INFO] [chunk=10.0s 225/385] rec_audio_call_425905210_audio_1788932612192.mp3
[2026-09-16T05:37:08] [INFO] [chunk=10.0s 226/385] rec_audio_call_425905294_audio_1788932619839.mp3
[2026-09-16T05:37:10] [INFO] [chunk=10.0s 227/385] rec_audio_call_425936126_audio_1788935044155.mp3
[2026-09-16T05:37:20] [INFO] [chunk=10.0s 228/385] rec_audio_call_426014372_audio_1788941177871.mp3
[2026-09-16T05:37:30] [INFO] [chunk=10.0s 229/385] rec_default_403690174_audio_1786828494349.mp3
[2026-09-16T05:37:30] [INFO] [chunk=10.0s 230/385] rec_default_425908372_audio_1788932864052.mp3
[2026-09-16T05:37:50] [INFO] [chunk=10.0s 231/385] rec_default_425912424_audio_1788933213081.mp3
[2026-09-16T05:37:54] [INFO] [chunk=10.0s 232/385] rec_default_426252346_audio_1788960080824.mp3
[2026-09-16T05:38:04] [INFO] [chunk=10.0s 233/385] rec_default_426578327_audio_1788983295448.mp3
[2026-09-16T05:38:05] [INFO] [chunk=10.0s 234/385] rec_audio_call_426195960_audio_1788954780321.mp3
[2026-09-16T05:38:06] [INFO] [chunk=10.0s 235/385] rec_audio_call_427305933_audio_1789058224440.mp3
[2026-09-16T05:38:47] [INFO] [chunk=10.0s 236/385] rec_audio_call_427305950_audio_1789058224627.mp3
[2026-09-16T05:38:54] [INFO] [chunk=10.0s 237/385] rec_audio_call_427306161_audio_1789058236274.mp3
[2026-09-16T05:39:04] [INFO] [chunk=10.0s 238/385] rec_audio_call_427306380_audio_1789058253191.mp3
[2026-09-16T05:39:05] [INFO] [chunk=10.0s 239/385] rec_audio_call_427306773_audio_1789058284652.mp3
[2026-09-16T05:39:07] [INFO] [chunk=10.0s 240/385] rec_audio_call_427306864_audio_1789058288911.mp3
[2026-09-16T05:39:14] [INFO] [chunk=10.0s 241/385] rec_audio_call_427307036_audio_1789058302393.mp3
[2026-09-16T05:39:16] [INFO] [chunk=10.0s 242/385] rec_audio_call_427307087_audio_1789058314132.mp3
[2026-09-16T05:40:08] [INFO] [chunk=10.0s 243/385] rec_audio_call_427307162_audio_1789058316356.mp3
[2026-09-16T05:40:42] [INFO] [chunk=10.0s 244/385] rec_default_426848544_audio_1789020636084.mp3
[2026-09-16T05:41:07] [INFO] [chunk=10.0s 245/385] rec_default_426857244_audio_1789021306090.mp3
[2026-09-16T05:41:14] [INFO] [chunk=10.0s 246/385] rec_default_427305871_audio_1789058217561.mp3
[2026-09-16T05:41:23] [INFO] [chunk=10.0s 247/385] rec_default_427305885_audio_1789058218067.mp3
[2026-09-16T05:41:34] [INFO] [chunk=10.0s 248/385] rec_default_427305984_audio_1789058228017.mp3
[2026-09-16T05:41:39] [INFO] [chunk=10.0s 249/385] rec_default_427306227_audio_1789058240999.mp3
[2026-09-16T05:41:51] [INFO] [chunk=10.0s 250/385] rec_default_427306761_audio_1789058282525.mp3
[2026-09-16T05:42:02] [INFO] [chunk=10.0s 251/385] rec_default_427306879_audio_1789058296671.mp3
[2026-09-16T05:42:10] [INFO] [chunk=10.0s 252/385] rec_default_427306937_audio_1789058296620.mp3
[2026-09-16T05:42:15] [INFO] [chunk=10.0s 253/385] rec_default_427307000_audio_1789058300924.mp3
[2026-09-16T05:42:19] [INFO] [chunk=10.0s 254/385] rec_default_427307149_audio_1789058314884.mp3
[2026-09-16T05:42:29] [INFO] [chunk=10.0s 255/385] rec_default_427307153_audio_1789058314255.mp3
[2026-09-16T05:42:41] [INFO] [chunk=10.0s 256/385] rec_default_427307170_audio_1789058316339.mp3
[2026-09-16T05:42:46] [INFO] [chunk=10.0s 257/385] rec_default_427307263_audio_1789058328048.mp3
[2026-09-16T05:42:48] [INFO] [chunk=10.0s 258/385] rec_audio_call_426576117_audio_1788983135753.mp3
[2026-09-16T05:42:49] [INFO] [chunk=10.0s 259/385] rec_default_426583408_audio_1788983706194.mp3
[2026-09-16T05:44:00] [INFO] [chunk=10.0s 260/385] rec_default_426603278_audio_1788985350942.mp3
[2026-09-16T05:44:22] [INFO] [chunk=10.0s 261/385] rec_default_426609609_audio_1788985926405.mp3
[2026-09-16T05:44:27] [INFO] [chunk=10.0s 262/385] rec_default_426649926_audio_1788991429022.mp3
[2026-09-16T05:44:32] [INFO] [chunk=10.0s 263/385] rec_audio_call_426659403_audio_1788993755666.mp3
[2026-09-16T05:44:35] [INFO] [chunk=10.0s 264/385] rec_default_426594432_audio_1788984607250.mp3
[2026-09-16T05:44:37] [INFO] [chunk=10.0s 265/385] rec_default_426631751_audio_1788988322014.mp3
[2026-09-16T05:44:49] [INFO] [chunk=10.0s 266/385] rec_audio_call_424435289_audio_1788789932957.mp3
[2026-09-16T05:47:24] [INFO] [chunk=10.0s 267/385] rec_audio_call_425117061_audio_1788856492050.mp3
[2026-09-16T05:47:52] [INFO] [chunk=10.0s 268/385] rec_default_424610958_audio_1788803526314.mp3
[2026-09-16T05:48:14] [INFO] [chunk=10.0s 269/385] rec_default_426636576_audio_1788989005279.mp3
[2026-09-16T05:48:53] [INFO] [chunk=10.0s 270/385] rec_default_424154820_audio_1788768178955.mp3
[2026-09-16T05:48:55] [INFO] [chunk=10.0s 271/385] rec_audio_call_424355050_audio_1788782425826.mp3
[2026-09-16T05:49:05] [INFO] [chunk=10.0s 272/385] rec_audio_call_425887818_audio_1788931097237.mp3
[2026-09-16T05:49:10] [INFO] [chunk=10.0s 273/385] rec_audio_call_425981754_audio_1788938608293.mp3
[2026-09-16T10:20:24] [INFO] [chunk=10.0s 274/385] rec_audio_call_426306233_audio_1788965543370.mp3
[2026-09-16T10:20:27] [INFO] [chunk=10.0s 275/385] rec_default_422311857_audio_1788593947270.mp3
[2026-09-16T10:20:30] [INFO] [chunk=10.0s 276/385] rec_default_423336284_audio_1788688591351.mp3
[2026-09-16T10:20:32] [INFO] [chunk=10.0s 277/385] rec_default_424687669_audio_1788807599801.mp3
[2026-09-16T10:20:37] [INFO] [chunk=10.0s 278/385] rec_default_425476935_audio_1788886067609.mp3
[2026-09-16T10:20:38] [INFO] [chunk=10.0s 279/385] rec_default_426377718_audio_1788971973414.mp3
[2026-09-16T10:20:39] [INFO] [chunk=10.0s 280/385] rec_audio_call_426540516_audio_1788980804355.mp3
[2026-09-16T10:20:40] [INFO] [chunk=10.0s 281/385] rec_audio_call_426628134_audio_1788987862205.mp3
[2026-09-16T10:20:55] [INFO] [chunk=10.0s 282/385] rec_default_426432272_audio_1788975283995.mp3
[2026-09-16T10:20:57] [INFO] [chunk=10.0s 283/385] rec_default_426636424_audio_1788988982930.mp3
[2026-09-16T10:21:02] [INFO] [chunk=10.0s 284/385] rec_default_426648998_audio_1788991242054.mp3
[2026-09-16T10:21:04] [INFO] [chunk=10.0s 285/385] rec_audio_call_425981754_audio_1788938608293.mp3
[2026-09-16T10:21:07] [INFO] [chunk=10.0s 286/385] rec_default_425942168_audio_1788935504071.mp3
[2026-09-16T10:21:13] [INFO] [chunk=10.0s 287/385] rec_default_426538743_audio_1788980705149.mp3
[2026-09-16T10:22:12] [INFO] [chunk=10.0s 288/385] rec_default_426548691_audio_1788981313336.mp3
[2026-09-16T10:22:14] [INFO] [chunk=10.0s 289/385] rec_audio_call_403536354_audio_1786818099540.mp3
[2026-09-16T10:22:14] [INFO] [chunk=10.0s 290/385] rec_audio_call_403544174_audio_1786818489013.mp3
[2026-09-16T10:22:17] [INFO] [chunk=10.0s 291/385] rec_audio_call_403785250_audio_1786846993871.mp3
[2026-09-16T10:22:18] [INFO] [chunk=10.0s 292/385] rec_audio_call_421629115_audio_1788525839912.mp3
[2026-09-16T10:22:33] [INFO] [chunk=10.0s 293/385] rec_audio_call_424397178_audio_1788786285103.mp3
[2026-09-16T10:22:34] [INFO] [chunk=10.0s 294/385] rec_audio_call_425591249_audio_1788892319841.mp3
[2026-09-16T10:22:37] [INFO] [chunk=10.0s 295/385] rec_default_403927389_audio_1786861712369.mp3
[2026-09-16T10:22:50] [INFO] [chunk=10.0s 296/385] rec_default_420511327_audio_1788424417781.mp3
[2026-09-16T10:22:59] [INFO] [chunk=10.0s 297/385] rec_default_423324272_audio_1788687697269.mp3
[2026-09-16T10:23:04] [INFO] [chunk=10.0s 298/385] rec_audio_call_426100503_audio_1788947524083.mp3
[2026-09-16T10:23:05] [INFO] [chunk=10.0s 299/385] rec_audio_call_426855757_audio_1789021187400.mp3
[2026-09-16T10:23:05] [INFO] [chunk=10.0s 300/385] rec_audio_call_426855856_audio_1789021196066.mp3
[2026-09-16T10:23:08] [INFO] [chunk=10.0s 301/385] rec_audio_call_426856109_audio_1789021226515.mp3
[2026-09-16T10:23:09] [INFO] [chunk=10.0s 302/385] rec_audio_call_426857289_audio_1789021309748.mp3
[2026-09-16T10:23:09] [INFO] [chunk=10.0s 303/385] rec_audio_call_426857427_audio_1789021321811.mp3
[2026-09-16T10:23:24] [INFO] [chunk=10.0s 304/385] rec_audio_call_426864047_audio_1789021815416.mp3
[2026-09-16T10:23:44] [INFO] [chunk=10.0s 305/385] rec_audio_call_426864085_audio_1789021818783.mp3
[2026-09-16T10:23:47] [INFO] [chunk=10.0s 306/385] rec_audio_call_426864490_audio_1789021845136.mp3
[2026-09-16T10:23:54] [INFO] [chunk=10.0s 307/385] rec_audio_call_426864592_audio_1789021851330.mp3
[2026-09-16T10:23:58] [INFO] [chunk=10.0s 308/385] rec_audio_call_426864613_audio_1789021855826.mp3
[2026-09-16T10:24:02] [INFO] [chunk=10.0s 309/385] rec_audio_call_426864718_audio_1789021861946.mp3
[2026-09-16T10:24:03] [INFO] [chunk=10.0s 310/385] rec_audio_call_426864879_audio_1789021871603.mp3
[2026-09-16T10:24:05] [INFO] [chunk=10.0s 311/385] rec_audio_call_426865756_audio_1789021933370.mp3
[2026-09-16T10:24:07] [INFO] [chunk=10.0s 312/385] rec_audio_call_426866100_audio_1789021962100.mp3
[2026-09-16T10:24:08] [INFO] [chunk=10.0s 313/385] rec_audio_call_426871106_audio_1789022339887.mp3
[2026-09-16T10:24:13] [INFO] [chunk=10.0s 314/385] rec_audio_call_426881695_audio_1789023110536.mp3
[2026-09-16T10:24:14] [INFO] [chunk=10.0s 315/385] rec_audio_call_426882947_audio_1789023209263.mp3
[2026-09-16T10:24:14] [INFO] [chunk=10.0s 316/385] rec_default_426101552_audio_1788947595142.mp3
[2026-09-16T10:24:16] [INFO] [chunk=10.0s 317/385] rec_default_426855984_audio_1789021209994.mp3
[2026-09-16T10:24:23] [INFO] [chunk=10.0s 318/385] rec_default_426863933_audio_1789021808134.mp3
[2026-09-16T10:24:23] [INFO] [chunk=10.0s 319/385] rec_default_426864020_audio_1789021816720.mp3
[2026-09-16T10:24:25] [INFO] [chunk=10.0s 320/385] rec_default_426864282_audio_1789021827994.mp3
[2026-09-16T10:24:28] [INFO] [chunk=10.0s 321/385] rec_default_426864654_audio_1789021854639.mp3
[2026-09-16T10:24:28] [INFO] [chunk=10.0s 322/385] rec_default_426864666_audio_1789021861790.mp3
[2026-09-16T10:24:29] [INFO] [chunk=10.0s 323/385] rec_default_426865205_audio_1789021894193.mp3
[2026-09-16T10:24:30] [INFO] [chunk=10.0s 324/385] rec_default_426865726_audio_1789021930759.mp3
[2026-09-16T10:24:36] [INFO] [chunk=10.0s 325/385] rec_default_426865848_audio_1789021942575.mp3
[2026-09-16T10:24:39] [INFO] [chunk=10.0s 326/385] rec_default_426883317_audio_1789023235707.mp3
[2026-09-16T10:24:39] [INFO] [chunk=10.0s 327/385] rec_audio_call_426655931_audio_1788992894349.mp3
[2026-09-16T10:24:44] [INFO] [chunk=10.0s 328/385] rec_audio_call_426656676_audio_1788993082694.mp3
[2026-09-16T10:24:54] [INFO] [chunk=10.0s 329/385] rec_default_426656120_audio_1788992939200.mp3
[2026-09-16T10:24:59] [INFO] [chunk=10.0s 330/385] rec_default_426667318_audio_1788995960432.mp3
[2026-09-16T10:25:01] [INFO] [chunk=10.0s 331/385] rec_default_426669005_audio_1788996409641.mp3
[2026-09-16T10:25:02] [INFO] [chunk=10.0s 332/385] rec_audio_call_426652927_audio_1788992127130.mp3
[2026-09-16T10:25:07] [INFO] [chunk=10.0s 333/385] rec_audio_call_426658746_audio_1788993588302.mp3
[2026-09-16T10:25:08] [INFO] [chunk=10.0s 334/385] rec_audio_call_426664916_audio_1788995286548.mp3
[2026-09-16T10:25:35] [INFO] [chunk=10.0s 335/385] rec_default_426657127_audio_1788993186310.mp3
[2026-09-16T10:25:37] [INFO] [chunk=10.0s 336/385] rec_audio_call_422128803_audio_1788577048478.mp3
[2026-09-16T10:25:53] [INFO] [chunk=10.0s 337/385] rec_audio_call_425915592_audio_1788933460694.mp3
[2026-09-16T10:25:58] [INFO] [chunk=10.0s 338/385] rec_audio_call_426303042_audio_1788965197636.mp3
[2026-09-16T10:26:09] [INFO] [chunk=10.0s 339/385] rec_audio_call_426322019_audio_1788967195267.mp3
[2026-09-16T10:26:11] [INFO] [chunk=10.0s 340/385] rec_default_423505352_audio_1788703352920.mp3
[2026-09-16T10:26:15] [INFO] [chunk=10.0s 341/385] rec_default_423562532_audio_1788709014492.mp3
[2026-09-16T10:26:16] [INFO] [chunk=10.0s 342/385] rec_default_425939252_audio_1788935280682.mp3
[2026-09-16T10:26:24] [INFO] [chunk=10.0s 343/385] rec_default_425971422_audio_1788937802743.mp3
[2026-09-16T10:26:29] [INFO] [chunk=10.0s 344/385] rec_default_426438311_audio_1788975608857.mp3
[2026-09-16T10:26:34] [INFO] [chunk=10.0s 345/385] rec_audio_call_425205242_audio_1788862499869.mp3
[2026-09-16T10:26:37] [INFO] [chunk=10.0s 346/385] rec_audio_call_426339629_audio_1788968889098.mp3
[2026-09-16T10:26:38] [INFO] [chunk=10.0s 347/385] rec_default_426480223_audio_1788977664177.mp3
[2026-09-16T10:26:41] [INFO] [chunk=10.0s 348/385] rec_default_426608730_audio_1788985842618.mp3
[2026-09-16T10:26:42] [INFO] [chunk=10.0s 349/385] rec_audio_call_426565068_audio_1788982358963.mp3
[2026-09-16T10:26:55] [INFO] [chunk=10.0s 350/385] rec_default_426460304_audio_1788976707317.mp3
[2026-09-16T10:26:57] [INFO] [chunk=10.0s 351/385] rec_default_426537197_audio_1788980611266.mp3
[2026-09-16T10:26:58] [INFO] [chunk=10.0s 352/385] rec_default_426565486_audio_1788982385911.mp3
[2026-09-16T10:27:07] [INFO] [chunk=10.0s 353/385] rec_default_426573512_audio_1788982942725.mp3
[2026-09-16T10:27:08] [INFO] [chunk=10.0s 354/385] rec_default_426591403_audio_1788984361913.mp3
[2026-09-16T10:27:10] [INFO] [chunk=10.0s 355/385] rec_default_426604065_audio_1788985417369.mp3
[2026-09-16T10:27:12] [INFO] [chunk=10.0s 356/385] rec_audio_call_426339629_audio_1788968889098.mp3
[2026-09-16T10:27:13] [INFO] [chunk=10.0s 357/385] rec_default_426606195_audio_1788985611722.mp3
[2026-09-16T10:27:19] [INFO] [chunk=10.0s 358/385] rec_default_426610860_audio_1788986032726.mp3
[2026-09-16T10:27:22] [INFO] [chunk=10.0s 359/385] rec_audio_call_425348262_audio_1788874390379.mp3
[2026-09-16T10:27:31] [INFO] [chunk=10.0s 360/385] rec_audio_call_425360795_audio_1788875574199.mp3
[2026-09-16T10:27:34] [INFO] [chunk=10.0s 361/385] rec_audio_call_425384170_audio_1788877922101.mp3
[2026-09-16T10:27:45] [INFO] [chunk=10.0s 362/385] rec_audio_call_426189476_audio_1788954198708.mp3
[2026-09-16T10:27:54] [INFO] [chunk=10.0s 363/385] rec_default_423219318_audio_1788679354453.mp3
[2026-09-16T10:28:06] [INFO] [chunk=10.0s 364/385] rec_default_423662590_audio_1788716156245.mp3
[2026-09-16T10:28:20] [INFO] [chunk=10.0s 365/385] rec_default_426600174_audio_1788985087863.mp3
[2026-09-16T10:28:25] [INFO] [chunk=10.0s 366/385] rec_audio_call_427000661_audio_1789031852494.mp3
[2026-09-16T10:28:36] [INFO] [chunk=10.0s 367/385] rec_audio_call_427012298_audio_1789032612558.mp3
[2026-09-16T10:28:38] [INFO] [chunk=10.0s 368/385] rec_audio_call_427013211_audio_1789032669332.mp3
[2026-09-16T10:28:39] [INFO] [chunk=10.0s 369/385] rec_audio_call_427027152_audio_1789033559289.mp3
[2026-09-16T10:28:54] [INFO] [chunk=10.0s 370/385] rec_audio_call_427027250_audio_1789033566943.mp3
[2026-09-16T10:28:56] [INFO] [chunk=10.0s 371/385] rec_audio_call_427038731_audio_1789034322684.mp3
[2026-09-16T10:28:57] [INFO] [chunk=10.0s 372/385] rec_default_426107989_audio_1788948054504.mp3
[2026-09-16T10:28:57] [INFO] [chunk=10.0s 373/385] rec_default_426108348_audio_1788948073644.mp3
[2026-09-16T10:28:58] [INFO] [chunk=10.0s 374/385] rec_default_426108689_audio_1788948098669.mp3
[2026-09-16T10:28:59] [INFO] [chunk=10.0s 375/385] rec_default_426850375_audio_1789020775029.mp3
[2026-09-16T10:28:59] [INFO] [chunk=10.0s 376/385] rec_default_427000374_audio_1789031836869.mp3
[2026-09-16T10:29:00] [INFO] [chunk=10.0s 377/385] rec_default_427012375_audio_1789032614721.mp3
[2026-09-16T10:29:01] [INFO] [chunk=10.0s 378/385] rec_default_427012537_audio_1789032626712.mp3
[2026-09-16T10:29:02] [INFO] [chunk=10.0s 379/385] rec_default_427012589_audio_1789032630677.mp3
[2026-09-16T10:29:02] [INFO] [chunk=10.0s 380/385] rec_default_427012755_audio_1789032638070.mp3
[2026-09-16T10:29:06] [INFO] [chunk=10.0s 381/385] rec_default_427018157_audio_1789032985293.mp3
[2026-09-16T10:29:08] [INFO] [chunk=10.0s 382/385] rec_default_427030481_audio_1789033781981.mp3
[2026-09-16T10:29:09] [INFO] [chunk=10.0s 383/385] rec_default_427035680_audio_1789034118532.mp3
[2026-09-16T10:29:12] [INFO] [chunk=10.0s 384/385] rec_default_427037139_audio_1789034210020.mp3
[2026-09-16T10:29:13] [INFO] [chunk=10.0s 385/385] rec_default_427038996_audio_1789034340803.mp3
[2026-09-16T10:29:13] [INFO] chunk_seconds=10.0 done in 18272.4s — success=385 error=0
