[2026-09-17T23:42:06] [INFO] Loading bodhan-ai/indic-transcribe-core...
Fetching 22 files:   0%|          | 0/22 [00:00<?, ?it/s]Fetching 22 files: 100%|██████████| 22/22 [00:00<00:00, 3865.72it/s]
Loading weights:   0%|          | 0/1923 [00:00<?, ?it/s]Loading weights: 100%|██████████| 1923/1923 [00:00<00:00, 22447.35it/s]
[transformers] Both `max_new_tokens` (=512) and `max_length`(=1024) seem to have been set. `max_new_tokens` will take precedence. Please refer to the documentation for more information. (https://huggingface.co/docs/transformers/main/en/main_classes/text_generation)
[transformers] Both `max_new_tokens` (=512) and `max_length`(=1024) seem to have been set. `max_new_tokens` will take precedence. Please refer to the documentation for more information. (https://huggingface.co/docs/transformers/main/en/main_classes/text_generation)
[transformers] Both `max_new_tokens` (=512) and `max_length`(=1024) seem to have been set. `max_new_tokens` will take precedence. Please refer to the documentation for more information. (https://huggingface.co/docs/transformers/main/en/main_classes/text_generation)
[transformers] Both `max_new_tokens` (=512) and `max_length`(=1024) seem to have been set. `max_new_tokens` will take precedence. Please refer to the documentation for more information. (https://huggingface.co/docs/transformers/main/en/main_classes/text_generation)
[transformers] Both `max_new_tokens` (=512) and `max_length`(=1024) seem to have been set. `max_new_tokens` will take precedence. Please refer to the documentation for more information. (https://huggingface.co/docs/transformers/main/en/main_classes/text_generation)
[transformers] Both `max_new_tokens` (=512) and `max_length`(=1024) seem to have been set. `max_new_tokens` will take precedence. Please refer to the documentation for more information. (https://huggingface.co/docs/transformers/main/en/main_classes/text_generation)
[transformers] Both `max_new_tokens` (=512) and `max_length`(=1024) seem to have been set. `max_new_tokens` will take precedence. Please refer to the documentation for more information. (https://huggingface.co/docs/transformers/main/en/main_classes/text_generation)
[transformers] Both `max_new_tokens` (=512) and `max_length`(=1024) seem to have been set. `max_new_tokens` will take precedence. Please refer to the documentation for more information. (https://huggingface.co/docs/transformers/main/en/main_classes/text_generation)
[transformers] Both `max_new_tokens` (=512) and `max_length`(=1024) seem to have been set. `max_new_tokens` will take precedence. Please refer to the documentation for more information. (https://huggingface.co/docs/transformers/main/en/main_classes/text_generation)
[transformers] Both `max_new_tokens` (=512) and `max_length`(=1024) seem to have been set. `max_new_tokens` will take precedence. Please refer to the documentation for more information. (https://huggingface.co/docs/transformers/main/en/main_classes/text_generation)
[transformers] Both `max_new_tokens` (=512) and `max_length`(=1024) seem to have been set. `max_new_tokens` will take precedence. Please refer to the documentation for more information. (https://huggingface.co/docs/transformers/main/en/main_classes/text_generation)
[transformers] Both `max_new_tokens` (=512) and `max_length`(=1024) seem to have been set. `max_new_tokens` will take precedence. Please refer to the documentation for more information. (https://huggingface.co/docs/transformers/main/en/main_classes/text_generation)
[transformers] Both `max_new_tokens` (=512) and `max_length`(=1024) seem to have been set. `max_new_tokens` will take precedence. Please refer to the documentation for more information. (https://huggingface.co/docs/transformers/main/en/main_classes/text_generation)
[transformers] Both `max_new_tokens` (=512) and `max_length`(=1024) seem to have been set. `max_new_tokens` will take precedence. Please refer to the documentation for more information. (https://huggingface.co/docs/transformers/main/en/main_classes/text_generation)
[transformers] Both `max_new_tokens` (=512) and `max_length`(=1024) seem to have been set. `max_new_tokens` will take precedence. Please refer to the documentation for more information. (https://huggingface.co/docs/transformers/main/en/main_classes/text_generation)
[transformers] Both `max_new_tokens` (=512) and `max_length`(=1024) seem to have been set. `max_new_tokens` will take precedence. Please refer to the documentation for more information. (https://huggingface.co/docs/transformers/main/en/main_classes/text_generation)
[transformers] Both `max_new_tokens` (=512) and `max_length`(=1024) seem to have been set. `max_new_tokens` will take precedence. Please refer to the documentation for more information. (https://huggingface.co/docs/transformers/main/en/main_classes/text_generation)
[transformers] Both `max_new_tokens` (=512) and `max_length`(=1024) seem to have been set. `max_new_tokens` will take precedence. Please refer to the documentation for more information. (https://huggingface.co/docs/transformers/main/en/main_classes/text_generation)
[transformers] Both `max_new_tokens` (=512) and `max_length`(=1024) seem to have been set. `max_new_tokens` will take precedence. Please refer to the documentation for more information. (https://huggingface.co/docs/transformers/main/en/main_classes/text_generation)
[transformers] Both `max_new_tokens` (=512) and `max_length`(=1024) seem to have been set. `max_new_tokens` will take precedence. Please refer to the documentation for more information. (https://huggingface.co/docs/transformers/main/en/main_classes/text_generation)
[transformers] Both `max_new_tokens` (=512) and `max_length`(=1024) seem to have been set. `max_new_tokens` will take precedence. Please refer to the documentation for more information. (https://huggingface.co/docs/transformers/main/en/main_classes/text_generation)
[transformers] Both `max_new_tokens` (=512) and `max_length`(=1024) seem to have been set. `max_new_tokens` will take precedence. Please refer to the documentation for more information. (https://huggingface.co/docs/transformers/main/en/main_classes/text_generation)
[transformers] Both `max_new_tokens` (=512) and `max_length`(=1024) seem to have been set. `max_new_tokens` will take precedence. Please refer to the documentation for more information. (https://huggingface.co/docs/transformers/main/en/main_classes/text_generation)
[transformers] Both `max_new_tokens` (=512) and `max_length`(=1024) seem to have been set. `max_new_tokens` will take precedence. Please refer to the documentation for more information. (https://huggingface.co/docs/transformers/main/en/main_classes/text_generation)
[transformers] Both `max_new_tokens` (=512) and `max_length`(=1024) seem to have been set. `max_new_tokens` will take precedence. Please refer to the documentation for more information. (https://huggingface.co/docs/transformers/main/en/main_classes/text_generation)
[transformers] Both `max_new_tokens` (=512) and `max_length`(=1024) seem to have been set. `max_new_tokens` will take precedence. Please refer to the documentation for more information. (https://huggingface.co/docs/transformers/main/en/main_classes/text_generation)
[transformers] Both `max_new_tokens` (=512) and `max_length`(=1024) seem to have been set. `max_new_tokens` will take precedence. Please refer to the documentation for more information. (https://huggingface.co/docs/transformers/main/en/main_classes/text_generation)
[transformers] Both `max_new_tokens` (=512) and `max_length`(=1024) seem to have been set. `max_new_tokens` will take precedence. Please refer to the documentation for more information. (https://huggingface.co/docs/transformers/main/en/main_classes/text_generation)
[transformers] Both `max_new_tokens` (=512) and `max_length`(=1024) seem to have been set. `max_new_tokens` will take precedence. Please refer to the documentation for more information. (https://huggingface.co/docs/transformers/main/en/main_classes/text_generation)
[transformers] Both `max_new_tokens` (=512) and `max_length`(=1024) seem to have been set. `max_new_tokens` will take precedence. Please refer to the documentation for more information. (https://huggingface.co/docs/transformers/main/en/main_classes/text_generation)
[transformers] Both `max_new_tokens` (=512) and `max_length`(=1024) seem to have been set. `max_new_tokens` will take precedence. Please refer to the documentation for more information. (https://huggingface.co/docs/transformers/main/en/main_classes/text_generation)
[transformers] Both `max_new_tokens` (=512) and `max_length`(=1024) seem to have been set. `max_new_tokens` will take precedence. Please refer to the documentation for more information. (https://huggingface.co/docs/transformers/main/en/main_classes/text_generation)
[transformers] Both `max_new_tokens` (=512) and `max_length`(=1024) seem to have been set. `max_new_tokens` will take precedence. Please refer to the documentation for more information. (https://huggingface.co/docs/transformers/main/en/main_classes/text_generation)
[transformers] Both `max_new_tokens` (=512) and `max_length`(=1024) seem to have been set. `max_new_tokens` will take precedence. Please refer to the documentation for more information. (https://huggingface.co/docs/transformers/main/en/main_classes/text_generation)
[transformers] Both `max_new_tokens` (=512) and `max_length`(=1024) seem to have been set. `max_new_tokens` will take precedence. Please refer to the documentation for more information. (https://huggingface.co/docs/transformers/main/en/main_classes/text_generation)
[transformers] Both `max_new_tokens` (=512) and `max_length`(=1024) seem to have been set. `max_new_tokens` will take precedence. Please refer to the documentation for more information. (https://huggingface.co/docs/transformers/main/en/main_classes/text_generation)
[transformers] Both `max_new_tokens` (=512) and `max_length`(=1024) seem to have been set. `max_new_tokens` will take precedence. Please refer to the documentation for more information. (https://huggingface.co/docs/transformers/main/en/main_classes/text_generation)
[transformers] Both `max_new_tokens` (=512) and `max_length`(=1024) seem to have been set. `max_new_tokens` will take precedence. Please refer to the documentation for more information. (https://huggingface.co/docs/transformers/main/en/main_classes/text_generation)
[transformers] Both `max_new_tokens` (=512) and `max_length`(=1024) seem to have been set. `max_new_tokens` will take precedence. Please refer to the documentation for more information. (https://huggingface.co/docs/transformers/main/en/main_classes/text_generation)
[transformers] Both `max_new_tokens` (=512) and `max_length`(=1024) seem to have been set. `max_new_tokens` will take precedence. Please refer to the documentation for more information. (https://huggingface.co/docs/transformers/main/en/main_classes/text_generation)
[transformers] Both `max_new_tokens` (=512) and `max_length`(=1024) seem to have been set. `max_new_tokens` will take precedence. Please refer to the documentation for more information. (https://huggingface.co/docs/transformers/main/en/main_classes/text_generation)
[transformers] Both `max_new_tokens` (=512) and `max_length`(=1024) seem to have been set. `max_new_tokens` will take precedence. Please refer to the documentation for more information. (https://huggingface.co/docs/transformers/main/en/main_classes/text_generation)
[transformers] Both `max_new_tokens` (=512) and `max_length`(=1024) seem to have been set. `max_new_tokens` will take precedence. Please refer to the documentation for more information. (https://huggingface.co/docs/transformers/main/en/main_classes/text_generation)
[transformers] Both `max_new_tokens` (=512) and `max_length`(=1024) seem to have been set. `max_new_tokens` will take precedence. Please refer to the documentation for more information. (https://huggingface.co/docs/transformers/main/en/main_classes/text_generation)
[transformers] Both `max_new_tokens` (=512) and `max_length`(=1024) seem to have been set. `max_new_tokens` will take precedence. Please refer to the documentation for more information. (https://huggingface.co/docs/transformers/main/en/main_classes/text_generation)
[2026-09-17T23:42:09] [INFO] Model loaded.
[2026-09-17T23:42:09] [INFO] chunk_seconds=2.0: skipping 381 already-done file(s)
[2026-09-17T23:42:09] [INFO] chunk_seconds=2.0 done in 0.0s — success=0 error=0
[2026-09-17T23:42:09] [INFO] chunk_seconds=5.0: skipping 323 already-done file(s)
[2026-09-17T23:42:09] [INFO] [chunk=5.0s 1/58] rec_default_426583408_audio_1788983706194.mp3
[2026-09-17T23:42:09] [INFO] [chunk=5.0s 2/58] rec_audio_call_424435289_audio_1788789932957.mp3
[2026-09-17T23:42:09] [INFO] [chunk=5.0s 3/58] rec_default_426636576_audio_1788989005279.mp3
[2026-09-17T23:42:09] [INFO] [chunk=5.0s 4/58] rec_audio_call_426628134_audio_1788987862205.mp3
[2026-09-17T23:50:01] [INFO] [chunk=5.0s 5/58] rec_default_426538743_audio_1788980705149.mp3
[2026-09-17T23:52:30] [INFO] [chunk=5.0s 6/58] rec_audio_call_421629115_audio_1788525839912.mp3
[2026-09-17T23:54:53] [INFO] [chunk=5.0s 7/58] rec_default_403927389_audio_1786861712369.mp3
[2026-09-18T00:00:32] [INFO] [chunk=5.0s 8/58] rec_audio_call_426855757_audio_1789021187400.mp3
[2026-09-18T00:02:35] [INFO] [chunk=5.0s 9/58] rec_audio_call_426857427_audio_1789021321811.mp3
[2026-09-18T00:04:19] [INFO] [chunk=5.0s 10/58] rec_audio_call_426864047_audio_1789021815416.mp3
[2026-09-18T00:04:49] [INFO] [chunk=5.0s 11/58] rec_audio_call_426864490_audio_1789021845136.mp3
[2026-09-18T00:10:03] [INFO] [chunk=5.0s 12/58] rec_default_426855984_audio_1789021209994.mp3
[2026-09-18T00:11:48] [INFO] [chunk=5.0s 13/58] rec_default_426865726_audio_1789021930759.mp3
[2026-09-18T00:13:20] [INFO] [chunk=5.0s 14/58] rec_audio_call_426656676_audio_1788993082694.mp3
[2026-09-18T00:15:16] [INFO] [chunk=5.0s 15/58] rec_audio_call_426664916_audio_1788995286548.mp3
[2026-09-18T00:15:19] [INFO] [chunk=5.0s 16/58] rec_audio_call_422128803_audio_1788577048478.mp3
[2026-09-18T00:16:16] [INFO] [chunk=5.0s 17/58] rec_audio_call_426303042_audio_1788965197636.mp3
[2026-09-18T00:18:44] [INFO] [chunk=5.0s 18/58] rec_default_425939252_audio_1788935280682.mp3
[2026-09-18T00:21:09] [INFO] [chunk=5.0s 19/58] rec_default_425971422_audio_1788937802743.mp3
[2026-09-18T00:22:20] [INFO] [chunk=5.0s 20/58] rec_default_426438311_audio_1788975608857.mp3
[2026-09-18T00:23:00] [INFO] [chunk=5.0s 21/58] rec_audio_call_425205242_audio_1788862499869.mp3
[2026-09-18T00:23:26] [INFO] [chunk=5.0s 22/58] rec_default_426480223_audio_1788977664177.mp3
[2026-09-18T00:23:35] [INFO] [chunk=5.0s 23/58] rec_audio_call_426565068_audio_1788982358963.mp3
[2026-09-18T00:24:44] [INFO] [chunk=5.0s 24/58] rec_default_426460304_audio_1788976707317.mp3
[2026-09-18T00:25:18] [INFO] [chunk=5.0s 25/58] rec_default_426537197_audio_1788980611266.mp3
[2026-09-18T00:25:39] [INFO] [chunk=5.0s 26/58] rec_default_426565486_audio_1788982385911.mp3
[2026-09-18T00:25:47] [INFO] [chunk=5.0s 27/58] rec_default_426573512_audio_1788982942725.mp3
[2026-09-18T00:26:09] [INFO] [chunk=5.0s 28/58] rec_default_426591403_audio_1788984361913.mp3
[2026-09-18T00:27:02] [INFO] [chunk=5.0s 29/58] rec_default_426604065_audio_1788985417369.mp3
[2026-09-18T00:27:22] [INFO] [chunk=5.0s 30/58] rec_default_426606195_audio_1788985611722.mp3
[2026-09-18T00:28:16] [INFO] [chunk=5.0s 31/58] rec_default_426610860_audio_1788986032726.mp3
[2026-09-18T00:29:13] [INFO] [chunk=5.0s 32/58] rec_audio_call_425348262_audio_1788874390379.mp3
[2026-09-18T00:30:30] [INFO] [chunk=5.0s 33/58] rec_audio_call_425360795_audio_1788875574199.mp3
[2026-09-18T00:31:09] [INFO] [chunk=5.0s 34/58] rec_audio_call_425384170_audio_1788877922101.mp3
[2026-09-18T00:31:18] [INFO] [chunk=5.0s 35/58] rec_audio_call_426189476_audio_1788954198708.mp3
[2026-09-18T00:32:26] [INFO] [chunk=5.0s 36/58] rec_default_423219318_audio_1788679354453.mp3
[2026-09-18T00:34:08] [INFO] [chunk=5.0s 37/58] rec_default_423662590_audio_1788716156245.mp3
[2026-09-18T00:37:05] [INFO] [chunk=5.0s 38/58] rec_default_426600174_audio_1788985087863.mp3
[2026-09-18T00:37:16] [INFO] [chunk=5.0s 39/58] rec_audio_call_427000661_audio_1789031852494.mp3
[2026-09-18T00:38:50] [INFO] [chunk=5.0s 40/58] rec_audio_call_427012298_audio_1789032612558.mp3
[2026-09-18T00:40:09] [INFO] [chunk=5.0s 41/58] rec_audio_call_427013211_audio_1789032669332.mp3
[2026-09-18T00:40:28] [INFO] [chunk=5.0s 42/58] rec_audio_call_427027152_audio_1789033559289.mp3
[2026-09-18T00:40:47] [INFO] [chunk=5.0s 43/58] rec_audio_call_427027250_audio_1789033566943.mp3
[2026-09-18T00:41:54] [INFO] [chunk=5.0s 44/58] rec_audio_call_427038731_audio_1789034322684.mp3
[2026-09-18T00:42:21] [INFO] [chunk=5.0s 45/58] rec_default_426107989_audio_1788948054504.mp3
[2026-09-18T00:42:31] [INFO] [chunk=5.0s 46/58] rec_default_426108348_audio_1788948073644.mp3
[2026-09-18T00:42:47] [INFO] [chunk=5.0s 47/58] rec_default_426108689_audio_1788948098669.mp3
[2026-09-18T00:43:15] [INFO] [chunk=5.0s 48/58] rec_default_426850375_audio_1789020775029.mp3
[2026-09-18T00:43:18] [INFO] [chunk=5.0s 49/58] rec_default_427000374_audio_1789031836869.mp3
[2026-09-18T00:43:32] [INFO] [chunk=5.0s 50/58] rec_default_427012375_audio_1789032614721.mp3
[2026-09-18T00:43:46] [INFO] [chunk=5.0s 51/58] rec_default_427012537_audio_1789032626712.mp3
[2026-09-18T00:44:04] [INFO] [chunk=5.0s 52/58] rec_default_427012589_audio_1789032630677.mp3
[2026-09-18T00:44:13] [INFO] [chunk=5.0s 53/58] rec_default_427012755_audio_1789032638070.mp3
[2026-09-18T00:44:24] [INFO] [chunk=5.0s 54/58] rec_default_427018157_audio_1789032985293.mp3
[2026-09-18T00:44:38] [INFO] [chunk=5.0s 55/58] rec_default_427030481_audio_1789033781981.mp3
[2026-09-18T00:45:28] [INFO] [chunk=5.0s 56/58] rec_default_427035680_audio_1789034118532.mp3
[2026-09-18T00:45:42] [INFO] [chunk=5.0s 57/58] rec_default_427037139_audio_1789034210020.mp3
[2026-09-18T00:46:07] [INFO] [chunk=5.0s 58/58] rec_default_427038996_audio_1789034340803.mp3
[2026-09-18T00:48:06] [INFO] chunk_seconds=5.0 done in 3957.3s — success=58 error=0
[2026-09-18T00:48:06] [INFO] chunk_seconds=7.0: skipping 0 already-done file(s)
[2026-09-18T00:48:06] [INFO] [chunk=7.0s 1/381] rec_audio_call_392603926_audio_1785858184285.mp3
[2026-09-18T00:48:06] [INFO] [chunk=7.0s 2/381] rec_audio_call_392607690_audio_1785858500937.mp3
[2026-09-18T00:48:06] [INFO] [chunk=7.0s 3/381] rec_audio_call_392643395_audio_1785861202288.mp3
[2026-09-18T00:48:06] [INFO] [chunk=7.0s 4/381] rec_audio_call_425736604_audio_1788905083156.mp3
[2026-09-18T00:48:28] [INFO] [chunk=7.0s 5/381] rec_audio_call_425748748_audio_1788908276475.mp3
[2026-09-18T00:48:42] [INFO] [chunk=7.0s 6/381] rec_audio_call_425749256_audio_1788908432017.mp3
[2026-09-18T00:48:57] [INFO] [chunk=7.0s 7/381] rec_default_426610557_audio_1788986010552.mp3
[2026-09-18T00:49:03] [INFO] [chunk=7.0s 8/381] rec_audio_call_425655492_audio_1788895962923.mp3
[2026-09-18T00:49:08] [INFO] [chunk=7.0s 9/381] rec_audio_call_425656293_audio_1788896013602.mp3
[2026-09-18T00:49:17] [INFO] [chunk=7.0s 10/381] rec_audio_call_425679391_audio_1788897730000.mp3
[2026-09-18T00:49:43] [INFO] [chunk=7.0s 11/381] rec_audio_call_425691838_audio_1788898819143.mp3
[2026-09-18T00:50:13] [INFO] [chunk=7.0s 12/381] rec_default_426593829_audio_1788984553610.mp3
[2026-09-18T00:50:28] [INFO] [chunk=7.0s 13/381] rec_audio_call_419965552_audio_1788369990564.mp3
[2026-09-18T00:50:51] [INFO] [chunk=7.0s 14/381] rec_audio_call_421071310_audio_1788465787061.mp3
[2026-09-18T00:50:59] [INFO] [chunk=7.0s 15/381] rec_audio_call_421768524_audio_1788539479106.mp3
[2026-09-18T00:51:12] [INFO] [chunk=7.0s 16/381] rec_audio_call_421835569_audio_1788543699379.mp3
[2026-09-18T00:51:54] [INFO] [chunk=7.0s 17/381] rec_audio_call_421997101_audio_1788553909604.mp3
[2026-09-18T00:51:56] [INFO] [chunk=7.0s 18/381] rec_audio_call_423610988_audio_1788712982461.mp3
[2026-09-18T00:52:13] [INFO] [chunk=7.0s 19/381] rec_audio_call_425656431_audio_1788896027178.mp3
[2026-09-18T00:52:39] [INFO] [chunk=7.0s 20/381] rec_default_420147298_audio_1788380486702.mp3
[2026-09-18T00:52:46] [INFO] [chunk=7.0s 21/381] rec_default_420599099_audio_1788430532077.mp3
[2026-09-18T00:54:22] [INFO] [chunk=7.0s 22/381] rec_default_421888258_audio_1788546625741.mp3
[2026-09-18T00:54:38] [INFO] [chunk=7.0s 23/381] rec_default_423958539_audio_1788751477018.mp3[transformers] Both `max_new_tokens` (=512) and `max_length`(=1024) seem to have been set. `max_new_tokens` will take precedence. Please refer to the documentation for more information. (https://huggingface.co/docs/transformers/main/en/main_classes/text_generation)
[transformers] Both `max_new_tokens` (=512) and `max_length`(=1024) seem to have been set. `max_new_tokens` will take precedence. Please refer to the documentation for more information. (https://huggingface.co/docs/transformers/main/en/main_classes/text_generation)
[transformers] Both `max_new_tokens` (=512) and `max_length`(=1024) seem to have been set. `max_new_tokens` will take precedence. Please refer to the documentation for more information. (https://huggingface.co/docs/transformers/main/en/main_classes/text_generation)
[transformers] Both `max_new_tokens` (=512) and `max_length`(=1024) seem to have been set. `max_new_tokens` will take precedence. Please refer to the documentation for more information. (https://huggingface.co/docs/transformers/main/en/main_classes/text_generation)
[transformers] Both `max_new_tokens` (=512) and `max_length`(=1024) seem to have been set. `max_new_tokens` will take precedence. Please refer to the documentation for more information. (https://huggingface.co/docs/transformers/main/en/main_classes/text_generation)
[transformers] Both `max_new_tokens` (=512) and `max_length`(=1024) seem to have been set. `max_new_tokens` will take precedence. Please refer to the documentation for more information. (https://huggingface.co/docs/transformers/main/en/main_classes/text_generation)
[transformers] Both `max_new_tokens` (=512) and `max_length`(=1024) seem to have been set. `max_new_tokens` will take precedence. Please refer to the documentation for more information. (https://huggingface.co/docs/transformers/main/en/main_classes/text_generation)
[transformers] Both `max_new_tokens` (=512) and `max_length`(=1024) seem to have been set. `max_new_tokens` will take precedence. Please refer to the documentation for more information. (https://huggingface.co/docs/transformers/main/en/main_classes/text_generation)
[transformers] Both `max_new_tokens` (=512) and `max_length`(=1024) seem to have been set. `max_new_tokens` will take precedence. Please refer to the documentation for more information. (https://huggingface.co/docs/transformers/main/en/main_classes/text_generation)
[transformers] Both `max_new_tokens` (=512) and `max_length`(=1024) seem to have been set. `max_new_tokens` will take precedence. Please refer to the documentation for more information. (https://huggingface.co/docs/transformers/main/en/main_classes/text_generation)
[transformers] Both `max_new_tokens` (=512) and `max_length`(=1024) seem to have been set. `max_new_tokens` will take precedence. Please refer to the documentation for more information. (https://huggingface.co/docs/transformers/main/en/main_classes/text_generation)
[transformers] Both `max_new_tokens` (=512) and `max_length`(=1024) seem to have been set. `max_new_tokens` will take precedence. Please refer to the documentation for more information. (https://huggingface.co/docs/transformers/main/en/main_classes/text_generation)
[transformers] Both `max_new_tokens` (=512) and `max_length`(=1024) seem to have been set. `max_new_tokens` will take precedence. Please refer to the documentation for more information. (https://huggingface.co/docs/transformers/main/en/main_classes/text_generation)
[transformers] Both `max_new_tokens` (=512) and `max_length`(=1024) seem to have been set. `max_new_tokens` will take precedence. Please refer to the documentation for more information. (https://huggingface.co/docs/transformers/main/en/main_classes/text_generation)
[transformers] Both `max_new_tokens` (=512) and `max_length`(=1024) seem to have been set. `max_new_tokens` will take precedence. Please refer to the documentation for more information. (https://huggingface.co/docs/transformers/main/en/main_classes/text_generation)
[transformers] Both `max_new_tokens` (=512) and `max_length`(=1024) seem to have been set. `max_new_tokens` will take precedence. Please refer to the documentation for more information. (https://huggingface.co/docs/transformers/main/en/main_classes/text_generation)
[transformers] Both `max_new_tokens` (=512) and `max_length`(=1024) seem to have been set. `max_new_tokens` will take precedence. Please refer to the documentation for more information. (https://huggingface.co/docs/transformers/main/en/main_classes/text_generation)
[transformers] Both `max_new_tokens` (=512) and `max_length`(=1024) seem to have been set. `max_new_tokens` will take precedence. Please refer to the documentation for more information. (https://huggingface.co/docs/transformers/main/en/main_classes/text_generation)
[transformers] Both `max_new_tokens` (=512) and `max_length`(=1024) seem to have been set. `max_new_tokens` will take precedence. Please refer to the documentation for more information. (https://huggingface.co/docs/transformers/main/en/main_classes/text_generation)
[transformers] Both `max_new_tokens` (=512) and `max_length`(=1024) seem to have been set. `max_new_tokens` will take precedence. Please refer to the documentation for more information. (https://huggingface.co/docs/transformers/main/en/main_classes/text_generation)
[transformers] Both `max_new_tokens` (=512) and `max_length`(=1024) seem to have been set. `max_new_tokens` will take precedence. Please refer to the documentation for more information. (https://huggingface.co/docs/transformers/main/en/main_classes/text_generation)
[transformers] Both `max_new_tokens` (=512) and `max_length`(=1024) seem to have been set. `max_new_tokens` will take precedence. Please refer to the documentation for more information. (https://huggingface.co/docs/transformers/main/en/main_classes/text_generation)
[transformers] Both `max_new_tokens` (=512) and `max_length`(=1024) seem to have been set. `max_new_tokens` will take precedence. Please refer to the documentation for more information. (https://huggingface.co/docs/transformers/main/en/main_classes/text_generation)
[transformers] Both `max_new_tokens` (=512) and `max_length`(=1024) seem to have been set. `max_new_tokens` will take precedence. Please refer to the documentation for more information. (https://huggingface.co/docs/transformers/main/en/main_classes/text_generation)
[transformers] Both `max_new_tokens` (=512) and `max_length`(=1024) seem to have been set. `max_new_tokens` will take precedence. Please refer to the documentation for more information. (https://huggingface.co/docs/transformers/main/en/main_classes/text_generation)
[transformers] Both `max_new_tokens` (=512) and `max_length`(=1024) seem to have been set. `max_new_tokens` will take precedence. Please refer to the documentation for more information. (https://huggingface.co/docs/transformers/main/en/main_classes/text_generation)
[transformers] Both `max_new_tokens` (=512) and `max_length`(=1024) seem to have been set. `max_new_tokens` will take precedence. Please refer to the documentation for more information. (https://huggingface.co/docs/transformers/main/en/main_classes/text_generation)

[2026-09-18T00:54:48] [INFO] [chunk=7.0s 24/381] rec_audio_call_421981200_audio_1788552638354.mp3
[2026-09-18T00:55:36] [INFO] [chunk=7.0s 25/381] rec_audio_call_422812035_audio_1788633064712.mp3
[2026-09-18T00:55:37] [INFO] [chunk=7.0s 26/381] rec_audio_call_423872491_audio_1788731676125.mp3
[2026-09-18T00:56:05] [INFO] [chunk=7.0s 27/381] rec_audio_call_424735559_audio_1788811052808.mp3
[2026-09-18T00:56:06] [INFO] [chunk=7.0s 28/381] rec_audio_call_425051281_audio_1788851621695.mp3
[2026-09-18T00:56:07] [INFO] [chunk=7.0s 29/381] rec_default_422797054_audio_1788632206019.mp3
[2026-09-18T00:56:22] [INFO] [chunk=7.0s 30/381] rec_audio_call_421865395_audio_1788545383247.mp3
[2026-09-18T00:56:23] [INFO] [chunk=7.0s 31/381] rec_audio_call_425933838_audio_1788934868635.mp3
[2026-09-18T00:56:42] [INFO] [chunk=7.0s 32/381] rec_audio_call_426596251_audio_1788984756063.mp3
[2026-09-18T00:57:04] [INFO] [chunk=7.0s 33/381] rec_audio_call_426599617_audio_1788985040466.mp3
[2026-09-18T00:57:55] [INFO] [chunk=7.0s 34/381] rec_default_423978016_audio_1788753648923.mp3
[2026-09-18T00:58:14] [INFO] [chunk=7.0s 35/381] rec_default_425396309_audio_1788879180076.mp3
[2026-09-18T00:58:20] [INFO] [chunk=7.0s 36/381] rec_default_425778316_audio_1788916552817.mp3
[2026-09-18T00:58:49] [INFO] [chunk=7.0s 37/381] rec_audio_call_424867062_audio_1788834834877.mp3
[2026-09-18T00:58:58] [INFO] [chunk=7.0s 38/381] rec_audio_call_425730841_audio_1788903925979.mp3
[2026-09-18T00:59:05] [INFO] [chunk=7.0s 39/381] rec_audio_call_425744236_audio_1788906883727.mp3
[2026-09-18T00:59:12] [INFO] [chunk=7.0s 40/381] rec_audio_call_426409268_audio_1788973959169.mp3
[2026-09-18T00:59:53] [INFO] [chunk=7.0s 41/381] rec_default_424880310_audio_1788836667926.mp3
[2026-09-18T00:59:58] [INFO] [chunk=7.0s 42/381] rec_default_425134890_audio_1788857770816.mp3
[2026-09-18T01:00:09] [INFO] [chunk=7.0s 43/381] rec_default_425141339_audio_1788858189163.mp3
[2026-09-18T01:02:08] [INFO] [chunk=7.0s 44/381] rec_audio_call_424610503_audio_1788803501320.mp3
[2026-09-18T01:02:34] [INFO] [chunk=7.0s 45/381] rec_audio_call_424798751_audio_1788818609448.mp3
[2026-09-18T01:03:16] [INFO] [chunk=7.0s 46/381] rec_audio_call_425147890_audio_1788858642964.mp3
[2026-09-18T01:03:16] [INFO] [chunk=7.0s 47/381] rec_audio_call_425713085_audio_1788901236624.mp3
[2026-09-18T01:03:35] [INFO] [chunk=7.0s 48/381] rec_audio_call_419508797_audio_1788334367395.mp3
[2026-09-18T01:03:40] [INFO] [chunk=7.0s 49/381] rec_audio_call_421677953_audio_1788530753328.mp3
[2026-09-18T01:03:40] [INFO] [chunk=7.0s 50/381] rec_audio_call_423351802_audio_1788689747483.mp3
[2026-09-18T01:03:49] [INFO] [chunk=7.0s 51/381] rec_audio_call_423591955_audio_1788711572217.mp3
[2026-09-18T01:03:53] [INFO] [chunk=7.0s 52/381] rec_audio_call_423629370_audio_1788714233340.mp3
[2026-09-18T01:03:57] [INFO] [chunk=7.0s 53/381] rec_audio_call_426565546_audio_1788982388939.mp3
[2026-09-18T01:04:10] [INFO] [chunk=7.0s 54/381] rec_default_419887388_audio_1788364981482.mp3
[2026-09-18T01:04:19] [INFO] [chunk=7.0s 55/381] rec_default_421661435_audio_1788529081993.mp3
[2026-09-18T01:04:44] [INFO] [chunk=7.0s 56/381] rec_default_421956667_audio_1788550846403.mp3
[2026-09-18T01:04:58] [INFO] [chunk=7.0s 57/381] rec_default_423887482_audio_1788735128862.mp3
[2026-09-18T01:05:16] [INFO] [chunk=7.0s 58/381] rec_default_424793843_audio_1788817690775.mp3
[2026-09-18T01:06:05] [INFO] [chunk=7.0s 59/381] rec_default_425627452_audio_1788894258639.mp3
[2026-09-18T01:06:20] [INFO] [chunk=7.0s 60/381] rec_audio_call_426099993_audio_1788947488901.mp3
[2026-09-18T01:06:21] [INFO] [chunk=7.0s 61/381] rec_audio_call_426101059_audio_1788947560284.mp3
[2026-09-18T01:07:15] [INFO] [chunk=7.0s 62/381] rec_audio_call_426107984_audio_1788948053829.mp3
[2026-09-18T01:07:38] [INFO] [chunk=7.0s 63/381] rec_audio_call_426107995_audio_1788948050780.mp3
[2026-09-18T01:08:42] [INFO] [chunk=7.0s 64/381] rec_audio_call_426108129_audio_1788948057694.mp3
[2026-09-18T01:08:49] [INFO] [chunk=7.0s 65/381] rec_audio_call_426119888_audio_1788948897495.mp3
[2026-09-18T01:08:56] [INFO] [chunk=7.0s 66/381] rec_audio_call_426127774_audio_1788949477698.mp3
[2026-09-18T01:09:14] [INFO] [chunk=7.0s 67/381] rec_audio_call_426194933_audio_1788954682604.mp3
[2026-09-18T01:10:05] [INFO] [chunk=7.0s 68/381] rec_audio_call_426195125_audio_1788954700286.mp3
[2026-09-18T01:10:27] [INFO] [chunk=7.0s 69/381] rec_audio_call_426201717_audio_1788955277234.mp3
[2026-09-18T01:10:50] [INFO] [chunk=7.0s 70/381] rec_audio_call_426201848_audio_1788955284435.mp3
[2026-09-18T01:11:14] [INFO] [chunk=7.0s 71/381] rec_audio_call_426202468_audio_1788955343920.mp3
[2026-09-18T01:11:26] [INFO] [chunk=7.0s 72/381] rec_audio_call_426202822_audio_1788955375114.mp3
[2026-09-18T01:11:46] [INFO] [chunk=7.0s 73/381] rec_audio_call_426202958_audio_1788955393853.mp3
[2026-09-18T01:11:54] [INFO] [chunk=7.0s 74/381] rec_audio_call_426203219_audio_1788955405537.mp3
[2026-09-18T01:12:17] [INFO] [chunk=7.0s 75/381] rec_audio_call_426203802_audio_1788955464104.mp3
[2026-09-18T01:12:18] [INFO] [chunk=7.0s 76/381] rec_audio_call_426204124_audio_1788955491095.mp3
[2026-09-18T01:12:42] [INFO] [chunk=7.0s 77/381] rec_audio_call_426204404_audio_1788955515816.mp3
[2026-09-18T01:12:44] [INFO] [chunk=7.0s 78/381] rec_audio_call_426204463_audio_1788955521517.mp3
[2026-09-18T01:13:18] [INFO] [chunk=7.0s 79/381] rec_audio_call_426847860_audio_1789020585952.mp3
[2026-09-18T01:13:40] [INFO] [chunk=7.0s 80/381] rec_audio_call_426848290_audio_1789020619592.mp3
[2026-09-18T01:13:57] [INFO] [chunk=7.0s 81/381] rec_audio_call_426848321_audio_1789020622237.mp3
[2026-09-18T01:14:14] [INFO] [chunk=7.0s 82/381] rec_audio_call_426848355_audio_1789020625114.mp3
[2026-09-18T01:14:42] [INFO] [chunk=7.0s 83/381] rec_audio_call_426848440_audio_1789020630279.mp3
[2026-09-18T01:14:48] [INFO] [chunk=7.0s 84/381] rec_audio_call_426848640_audio_1789020645122.mp3
[2026-09-18T01:14:49] [INFO] [chunk=7.0s 85/381] rec_audio_call_426848943_audio_1789020668404.mp3
[2026-09-18T01:14:59] [INFO] [chunk=7.0s 86/381] rec_audio_call_426849624_audio_1789020718433.mp3
[2026-09-18T01:15:08] [INFO] [chunk=7.0s 87/381] rec_audio_call_426849843_audio_1789020732404.mp3
[2026-09-18T01:15:26] [INFO] [chunk=7.0s 88/381] rec_audio_call_426850383_audio_1789020772255.mp3
[2026-09-18T01:15:42] [INFO] [chunk=7.0s 89/381] rec_audio_call_426851323_audio_1789020846081.mp3
[2026-09-18T01:15:55] [INFO] [chunk=7.0s 90/381] rec_audio_call_426851772_audio_1789020879921.mp3
[2026-09-18T01:16:27] [INFO] [chunk=7.0s 91/381] rec_audio_call_426851856_audio_1789020892000.mp3
[2026-09-18T01:16:28] [INFO] [chunk=7.0s 92/381] rec_audio_call_426854007_audio_1789021052086.mp3
[2026-09-18T01:17:07] [INFO] [chunk=7.0s 93/381] rec_audio_call_426854157_audio_1789021067058.mp3
[2026-09-18T01:17:17] [INFO] [chunk=7.0s 94/381] rec_audio_call_426883755_audio_1789023272654.mp3
[2026-09-18T01:17:30] [INFO] [chunk=7.0s 95/381] rec_audio_call_427029817_audio_1789033741551.mp3
[2026-09-18T01:17:38] [INFO] [chunk=7.0s 96/381] rec_audio_call_427302258_audio_1789057958698.mp3
[2026-09-18T01:17:47] [INFO] [chunk=7.0s 97/381] rec_audio_call_427307060_audio_1789058304926.mp3
[2026-09-18T01:17:58] [INFO] [chunk=7.0s 98/381] rec_audio_call_427311569_audio_1789058616356.mp3
[2026-09-18T01:18:06] [INFO] [chunk=7.0s 99/381] rec_audio_call_427314953_audio_1789058839016.mp3
[2026-09-18T01:18:08] [INFO] [chunk=7.0s 100/381] rec_default_426100823_audio_1788947551748.mp3
[2026-09-18T01:18:14] [INFO] [chunk=7.0s 101/381] rec_default_426107316_audio_1788948009635.mp3
[2026-09-18T01:18:25] [INFO] [chunk=7.0s 102/381] rec_default_426107744_audio_1788948040810.mp3
[2026-09-18T01:18:26] [INFO] [chunk=7.0s 103/381] rec_default_426108828_audio_1788948111282.mp3
[2026-09-18T01:18:30] [INFO] [chunk=7.0s 104/381] rec_default_426126463_audio_1788949378147.mp3
[2026-09-18T01:18:36] [INFO] [chunk=7.0s 105/381] rec_default_426126833_audio_1788949400904.mp3
[2026-09-18T01:18:53] [INFO] [chunk=7.0s 106/381] rec_default_426127716_audio_1788949472727.mp3
[2026-09-18T01:19:15] [INFO] [chunk=7.0s 107/381] rec_default_426194323_audio_1788954640272.mp3
[2026-09-18T01:19:34] [INFO] [chunk=7.0s 108/381] rec_default_426195344_audio_1788954727902.mp3[transformers] Both `max_new_tokens` (=512) and `max_length`(=1024) seem to have been set. `max_new_tokens` will take precedence. Please refer to the documentation for more information. (https://huggingface.co/docs/transformers/main/en/main_classes/text_generation)
[transformers] Both `max_new_tokens` (=512) and `max_length`(=1024) seem to have been set. `max_new_tokens` will take precedence. Please refer to the documentation for more information. (https://huggingface.co/docs/transformers/main/en/main_classes/text_generation)
[transformers] Both `max_new_tokens` (=512) and `max_length`(=1024) seem to have been set. `max_new_tokens` will take precedence. Please refer to the documentation for more information. (https://huggingface.co/docs/transformers/main/en/main_classes/text_generation)
[transformers] Both `max_new_tokens` (=512) and `max_length`(=1024) seem to have been set. `max_new_tokens` will take precedence. Please refer to the documentation for more information. (https://huggingface.co/docs/transformers/main/en/main_classes/text_generation)
[transformers] Both `max_new_tokens` (=512) and `max_length`(=1024) seem to have been set. `max_new_tokens` will take precedence. Please refer to the documentation for more information. (https://huggingface.co/docs/transformers/main/en/main_classes/text_generation)
[transformers] Both `max_new_tokens` (=512) and `max_length`(=1024) seem to have been set. `max_new_tokens` will take precedence. Please refer to the documentation for more information. (https://huggingface.co/docs/transformers/main/en/main_classes/text_generation)
[transformers] Both `max_new_tokens` (=512) and `max_length`(=1024) seem to have been set. `max_new_tokens` will take precedence. Please refer to the documentation for more information. (https://huggingface.co/docs/transformers/main/en/main_classes/text_generation)
[transformers] Both `max_new_tokens` (=512) and `max_length`(=1024) seem to have been set. `max_new_tokens` will take precedence. Please refer to the documentation for more information. (https://huggingface.co/docs/transformers/main/en/main_classes/text_generation)
[transformers] Both `max_new_tokens` (=512) and `max_length`(=1024) seem to have been set. `max_new_tokens` will take precedence. Please refer to the documentation for more information. (https://huggingface.co/docs/transformers/main/en/main_classes/text_generation)
[transformers] Both `max_new_tokens` (=512) and `max_length`(=1024) seem to have been set. `max_new_tokens` will take precedence. Please refer to the documentation for more information. (https://huggingface.co/docs/transformers/main/en/main_classes/text_generation)
[transformers] Both `max_new_tokens` (=512) and `max_length`(=1024) seem to have been set. `max_new_tokens` will take precedence. Please refer to the documentation for more information. (https://huggingface.co/docs/transformers/main/en/main_classes/text_generation)
[transformers] Both `max_new_tokens` (=512) and `max_length`(=1024) seem to have been set. `max_new_tokens` will take precedence. Please refer to the documentation for more information. (https://huggingface.co/docs/transformers/main/en/main_classes/text_generation)
[transformers] Both `max_new_tokens` (=512) and `max_length`(=1024) seem to have been set. `max_new_tokens` will take precedence. Please refer to the documentation for more information. (https://huggingface.co/docs/transformers/main/en/main_classes/text_generation)
[transformers] Both `max_new_tokens` (=512) and `max_length`(=1024) seem to have been set. `max_new_tokens` will take precedence. Please refer to the documentation for more information. (https://huggingface.co/docs/transformers/main/en/main_classes/text_generation)
[transformers] Both `max_new_tokens` (=512) and `max_length`(=1024) seem to have been set. `max_new_tokens` will take precedence. Please refer to the documentation for more information. (https://huggingface.co/docs/transformers/main/en/main_classes/text_generation)
[transformers] Both `max_new_tokens` (=512) and `max_length`(=1024) seem to have been set. `max_new_tokens` will take precedence. Please refer to the documentation for more information. (https://huggingface.co/docs/transformers/main/en/main_classes/text_generation)
[transformers] Both `max_new_tokens` (=512) and `max_length`(=1024) seem to have been set. `max_new_tokens` will take precedence. Please refer to the documentation for more information. (https://huggingface.co/docs/transformers/main/en/main_classes/text_generation)
[transformers] Both `max_new_tokens` (=512) and `max_length`(=1024) seem to have been set. `max_new_tokens` will take precedence. Please refer to the documentation for more information. (https://huggingface.co/docs/transformers/main/en/main_classes/text_generation)
[transformers] Both `max_new_tokens` (=512) and `max_length`(=1024) seem to have been set. `max_new_tokens` will take precedence. Please refer to the documentation for more information. (https://huggingface.co/docs/transformers/main/en/main_classes/text_generation)
[transformers] Both `max_new_tokens` (=512) and `max_length`(=1024) seem to have been set. `max_new_tokens` will take precedence. Please refer to the documentation for more information. (https://huggingface.co/docs/transformers/main/en/main_classes/text_generation)
[transformers] Both `max_new_tokens` (=512) and `max_length`(=1024) seem to have been set. `max_new_tokens` will take precedence. Please refer to the documentation for more information. (https://huggingface.co/docs/transformers/main/en/main_classes/text_generation)
[transformers] Both `max_new_tokens` (=512) and `max_length`(=1024) seem to have been set. `max_new_tokens` will take precedence. Please refer to the documentation for more information. (https://huggingface.co/docs/transformers/main/en/main_classes/text_generation)
[transformers] Both `max_new_tokens` (=512) and `max_length`(=1024) seem to have been set. `max_new_tokens` will take precedence. Please refer to the documentation for more information. (https://huggingface.co/docs/transformers/main/en/main_classes/text_generation)
[transformers] Both `max_new_tokens` (=512) and `max_length`(=1024) seem to have been set. `max_new_tokens` will take precedence. Please refer to the documentation for more information. (https://huggingface.co/docs/transformers/main/en/main_classes/text_generation)
[transformers] Both `max_new_tokens` (=512) and `max_length`(=1024) seem to have been set. `max_new_tokens` will take precedence. Please refer to the documentation for more information. (https://huggingface.co/docs/transformers/main/en/main_classes/text_generation)
[transformers] Both `max_new_tokens` (=512) and `max_length`(=1024) seem to have been set. `max_new_tokens` will take precedence. Please refer to the documentation for more information. (https://huggingface.co/docs/transformers/main/en/main_classes/text_generation)
[transformers] Both `max_new_tokens` (=512) and `max_length`(=1024) seem to have been set. `max_new_tokens` will take precedence. Please refer to the documentation for more information. (https://huggingface.co/docs/transformers/main/en/main_classes/text_generation)
[transformers] Both `max_new_tokens` (=512) and `max_length`(=1024) seem to have been set. `max_new_tokens` will take precedence. Please refer to the documentation for more information. (https://huggingface.co/docs/transformers/main/en/main_classes/text_generation)
[transformers] Both `max_new_tokens` (=512) and `max_length`(=1024) seem to have been set. `max_new_tokens` will take precedence. Please refer to the documentation for more information. (https://huggingface.co/docs/transformers/main/en/main_classes/text_generation)
[transformers] Both `max_new_tokens` (=512) and `max_length`(=1024) seem to have been set. `max_new_tokens` will take precedence. Please refer to the documentation for more information. (https://huggingface.co/docs/transformers/main/en/main_classes/text_generation)
[transformers] Both `max_new_tokens` (=512) and `max_length`(=1024) seem to have been set. `max_new_tokens` will take precedence. Please refer to the documentation for more information. (https://huggingface.co/docs/transformers/main/en/main_classes/text_generation)
[transformers] Both `max_new_tokens` (=512) and `max_length`(=1024) seem to have been set. `max_new_tokens` will take precedence. Please refer to the documentation for more information. (https://huggingface.co/docs/transformers/main/en/main_classes/text_generation)
[transformers] Both `max_new_tokens` (=512) and `max_length`(=1024) seem to have been set. `max_new_tokens` will take precedence. Please refer to the documentation for more information. (https://huggingface.co/docs/transformers/main/en/main_classes/text_generation)
[transformers] Both `max_new_tokens` (=512) and `max_length`(=1024) seem to have been set. `max_new_tokens` will take precedence. Please refer to the documentation for more information. (https://huggingface.co/docs/transformers/main/en/main_classes/text_generation)
[transformers] Both `max_new_tokens` (=512) and `max_length`(=1024) seem to have been set. `max_new_tokens` will take precedence. Please refer to the documentation for more information. (https://huggingface.co/docs/transformers/main/en/main_classes/text_generation)
[transformers] Both `max_new_tokens` (=512) and `max_length`(=1024) seem to have been set. `max_new_tokens` will take precedence. Please refer to the documentation for more information. (https://huggingface.co/docs/transformers/main/en/main_classes/text_generation)

[2026-09-18T01:19:57] [INFO] [chunk=7.0s 109/381] rec_default_426202313_audio_1788955333217.mp3
[2026-09-18T01:19:58] [INFO] [chunk=7.0s 110/381] rec_default_426204264_audio_1788955509025.mp3
[2026-09-18T01:20:31] [INFO] [chunk=7.0s 111/381] rec_default_426204318_audio_1788955517179.mp3
[2026-09-18T01:20:49] [INFO] [chunk=7.0s 112/381] rec_default_426848660_audio_1789020643588.mp3
[2026-09-18T01:21:10] [INFO] [chunk=7.0s 113/381] rec_default_426851955_audio_1789020893146.mp3
[2026-09-18T01:21:11] [INFO] [chunk=7.0s 114/381] rec_default_426853539_audio_1789021025445.mp3
[2026-09-18T01:21:31] [INFO] [chunk=7.0s 115/381] rec_default_427012373_audio_1789032615035.mp3
[2026-09-18T01:21:31] [INFO] [chunk=7.0s 116/381] rec_default_427038720_audio_1789034321734.mp3
[2026-09-18T01:21:37] [INFO] [chunk=7.0s 117/381] rec_default_427305556_audio_1789058198302.mp3
[2026-09-18T01:21:38] [INFO] [chunk=7.0s 118/381] rec_audio_call_426576577_audio_1788983168675.mp3
[2026-09-18T01:22:05] [INFO] [chunk=7.0s 119/381] rec_audio_call_426580380_audio_1788983454564.mp3
[2026-09-18T01:22:22] [INFO] [chunk=7.0s 120/381] rec_audio_call_426601291_audio_1788985175536.mp3
[2026-09-18T01:22:41] [INFO] [chunk=7.0s 121/381] rec_default_426573210_audio_1788982914417.mp3
[2026-09-18T01:22:57] [INFO] [chunk=7.0s 122/381] rec_default_426597928_audio_1788984899162.mp3
[2026-09-18T01:24:00] [INFO] [chunk=7.0s 123/381] rec_default_426662883_audio_1788994670065.mp3
[2026-09-18T01:25:00] [INFO] [chunk=7.0s 124/381] rec_audio_call_426604675_audio_1788985474412.mp3
[2026-09-18T01:25:49] [INFO] [chunk=7.0s 125/381] rec_audio_call_426613454_audio_1788986291945.mp3
[2026-09-18T01:26:37] [INFO] [chunk=7.0s 126/381] rec_default_426634262_audio_1788988662985.mp3
[2026-09-18T01:26:54] [INFO] [chunk=7.0s 127/381] rec_default_426647598_audio_1788990955665.mp3
[2026-09-18T01:27:00] [INFO] [chunk=7.0s 128/381] rec_audio_call_421223616_audio_1788491953131.mp3
[2026-09-18T01:27:14] [INFO] [chunk=7.0s 129/381] rec_audio_call_421566156_audio_1788520297969.mp3
[2026-09-18T01:27:35] [INFO] [chunk=7.0s 130/381] rec_audio_call_423645324_audio_1788715186440.mp3
[2026-09-18T01:27:43] [INFO] [chunk=7.0s 131/381] rec_audio_call_424378148_audio_1788784557326.mp3
[2026-09-18T01:28:53] [INFO] [chunk=7.0s 132/381] rec_audio_call_424416192_audio_1788788125311.mp3
[2026-09-18T01:28:54] [INFO] [chunk=7.0s 133/381] rec_audio_call_425918552_audio_1788933686610.mp3
[2026-09-18T01:30:01] [INFO] [chunk=7.0s 134/381] rec_default_425656790_audio_1788896051031.mp3
[2026-09-18T01:30:30] [INFO] [chunk=7.0s 135/381] rec_audio_call_420847903_audio_1788453013104.mp3
[2026-09-18T01:30:33] [INFO] [chunk=7.0s 136/381] rec_audio_call_424557037_audio_1788800497337.mp3
[2026-09-18T01:30:47] [INFO] [chunk=7.0s 137/381] rec_audio_call_424970880_audio_1788845652480.mp3
[2026-09-18T01:31:19] [INFO] [chunk=7.0s 138/381] rec_audio_call_425207957_audio_1788862678382.mp3
[2026-09-18T01:31:21] [INFO] [chunk=7.0s 139/381] rec_audio_call_426372327_audio_1788971567973.mp3
[2026-09-18T01:31:43] [INFO] [chunk=7.0s 140/381] rec_default_423104500_audio_1788669374178.mp3
[2026-09-18T01:32:06] [INFO] [chunk=7.0s 141/381] rec_default_423163427_audio_1788674918154.mp3
[2026-09-18T01:32:35] [INFO] [chunk=7.0s 142/381] rec_default_426023290_audio_1788941856621.mp3
[2026-09-18T01:32:57] [INFO] [chunk=7.0s 143/381] rec_audio_call_426570103_audio_1788982695863.mp3
[2026-09-18T01:34:21] [INFO] [chunk=7.0s 144/381] rec_audio_call_426580224_audio_1788983439239.mp3
[2026-09-18T01:34:33] [INFO] [chunk=7.0s 145/381] rec_audio_call_426626261_audio_1788987652206.mp3
[2026-09-18T01:35:05] [INFO] [chunk=7.0s 146/381] rec_audio_call_426634717_audio_1788988729707.mp3
[2026-09-18T01:36:07] [INFO] [chunk=7.0s 147/381] rec_default_426593601_audio_1788984536403.mp3
[2026-09-18T01:36:44] [INFO] [chunk=7.0s 148/381] rec_default_426620137_audio_1788986984372.mp3
[2026-09-18T01:37:29] [INFO] [chunk=7.0s 149/381] rec_default_426633368_audio_1788988531170.mp3
[2026-09-18T01:38:30] [INFO] [chunk=7.0s 150/381] rec_audio_call_426416419_audio_1788974369340.mp3
[2026-09-18T01:38:44] [INFO] [chunk=7.0s 151/381] rec_audio_call_420358272_audio_1788412834216.mp3
[2026-09-18T01:38:48] [INFO] [chunk=7.0s 152/381] rec_audio_call_420511856_audio_1788424457087.mp3
[2026-09-18T01:39:27] [INFO] [chunk=7.0s 153/381] rec_audio_call_420632008_audio_1788432977108.mp3
[2026-09-18T01:40:22] [INFO] [chunk=7.0s 154/381] rec_audio_call_425129217_audio_1788857364836.mp3
[2026-09-18T01:40:29] [INFO] [chunk=7.0s 155/381] rec_audio_call_426104039_audio_1788947773748.mp3
[2026-09-18T01:42:33] [INFO] [chunk=7.0s 156/381] rec_default_421372353_audio_1788505796052.mp3
[2026-09-18T01:43:43] [INFO] [chunk=7.0s 157/381] rec_default_421961206_audio_1788551169146.mp3
[2026-09-18T01:44:26] [INFO] [chunk=7.0s 158/381] rec_default_424950341_audio_1788843964859.mp3
[2026-09-18T01:44:50] [INFO] [chunk=7.0s 159/381] rec_default_425392837_audio_1788878842788.mp3
[2026-09-18T01:45:16] [INFO] [chunk=7.0s 160/381] rec_default_426076857_audio_1788945867967.mp3
[2026-09-18T01:45:17] [INFO] [chunk=7.0s 161/381] rec_audio_call_427301394_audio_1789057897529.mp3
[2026-09-18T01:45:45] [INFO] [chunk=7.0s 162/381] rec_audio_call_427304995_audio_1789058153813.mp3
[2026-09-18T01:45:45] [INFO] [chunk=7.0s 163/381] rec_audio_call_427305229_audio_1789058170052.mp3
[2026-09-18T01:46:20] [INFO] [chunk=7.0s 164/381] rec_audio_call_427305426_audio_1789058184851.mp3
[2026-09-18T01:46:27] [INFO] [chunk=7.0s 165/381] rec_audio_call_427305578_audio_1789058200155.mp3
[2026-09-18T01:46:33] [INFO] [chunk=7.0s 166/381] rec_audio_call_427305579_audio_1789058197575.mp3
[2026-09-18T01:46:37] [INFO] [chunk=7.0s 167/381] rec_audio_call_427309343_audio_1789058465241.mp3
[2026-09-18T01:46:40] [INFO] [chunk=7.0s 168/381] rec_audio_call_427310164_audio_1789058518972.mp3
[2026-09-18T01:46:52] [INFO] [chunk=7.0s 169/381] rec_audio_call_427312372_audio_1789058676733.mp3
[2026-09-18T01:46:53] [INFO] [chunk=7.0s 170/381] rec_audio_call_427313310_audio_1789058737356.mp3
[2026-09-18T01:49:15] [INFO] [chunk=7.0s 171/381] rec_audio_call_427313337_audio_1789058738019.mp3
[2026-09-18T01:49:41] [INFO] [chunk=7.0s 172/381] rec_audio_call_427315026_audio_1789058843014.mp3
[2026-09-18T01:49:45] [INFO] [chunk=7.0s 173/381] rec_audio_call_427316125_audio_1789058922687.mp3
[2026-09-18T01:49:56] [INFO] [chunk=7.0s 174/381] rec_audio_call_427316431_audio_1789058946312.mp3
[2026-09-18T01:50:21] [INFO] [chunk=7.0s 175/381] rec_default_427302623_audio_1789057989394.mp3
[2026-09-18T01:50:22] [INFO] [chunk=7.0s 176/381] rec_default_427303915_audio_1789058082453.mp3
[2026-09-18T01:50:48] [INFO] [chunk=7.0s 177/381] rec_default_427307746_audio_1789058356862.mp3
[2026-09-18T01:50:51] [INFO] [chunk=7.0s 178/381] rec_default_427308167_audio_1789058388570.mp3
[2026-09-18T01:50:59] [INFO] [chunk=7.0s 179/381] rec_default_427310161_audio_1789058524351.mp3
[2026-09-18T01:51:12] [INFO] [chunk=7.0s 180/381] rec_default_427312501_audio_1789058683465.mp3
[2026-09-18T01:51:24] [INFO] [chunk=7.0s 181/381] rec_default_427313073_audio_1789058722144.mp3
[2026-09-18T01:51:47] [INFO] [chunk=7.0s 182/381] rec_default_427314573_audio_1789058813038.mp3
[2026-09-18T01:52:17] [INFO] [chunk=7.0s 183/381] rec_audio_call_426641897_audio_1788989870691.mp3
[2026-09-18T01:52:40] [INFO] [chunk=7.0s 184/381] rec_audio_call_426641906_audio_1788989875034.mp3
[2026-09-18T01:52:53] [INFO] [chunk=7.0s 185/381] rec_audio_call_426647851_audio_1788991002681.mp3
[2026-09-18T01:53:24] [INFO] [chunk=7.0s 186/381] rec_audio_call_426655391_audio_1788992749491.mp3
[2026-09-18T01:54:24] [INFO] [chunk=7.0s 187/381] rec_audio_call_426669176_audio_1788996452632.mp3
[2026-09-18T01:54:38] [INFO] [chunk=7.0s 188/381] rec_default_426642159_audio_1788989918579.mp3
[2026-09-18T01:54:52] [INFO] [chunk=7.0s 189/381] rec_audio_call_426646095_audio_1788990649220.mp3
[2026-09-18T01:55:12] [INFO] [chunk=7.0s 190/381] rec_audio_call_426665213_audio_1788995377531.mp3
[2026-09-18T01:56:05] [INFO] [chunk=7.0s 191/381] rec_default_426639345_audio_1788989459421.mp3
[2026-09-18T01:56:07] [INFO] [chunk=7.0s 192/381] rec_default_426645015_audio_1788990433927.mp3[transformers] Both `max_new_tokens` (=512) and `max_length`(=1024) seem to have been set. `max_new_tokens` will take precedence. Please refer to the documentation for more information. (https://huggingface.co/docs/transformers/main/en/main_classes/text_generation)
[transformers] Both `max_new_tokens` (=512) and `max_length`(=1024) seem to have been set. `max_new_tokens` will take precedence. Please refer to the documentation for more information. (https://huggingface.co/docs/transformers/main/en/main_classes/text_generation)
[transformers] Both `max_new_tokens` (=512) and `max_length`(=1024) seem to have been set. `max_new_tokens` will take precedence. Please refer to the documentation for more information. (https://huggingface.co/docs/transformers/main/en/main_classes/text_generation)
[transformers] Both `max_new_tokens` (=512) and `max_length`(=1024) seem to have been set. `max_new_tokens` will take precedence. Please refer to the documentation for more information. (https://huggingface.co/docs/transformers/main/en/main_classes/text_generation)
[transformers] Both `max_new_tokens` (=512) and `max_length`(=1024) seem to have been set. `max_new_tokens` will take precedence. Please refer to the documentation for more information. (https://huggingface.co/docs/transformers/main/en/main_classes/text_generation)
[transformers] Both `max_new_tokens` (=512) and `max_length`(=1024) seem to have been set. `max_new_tokens` will take precedence. Please refer to the documentation for more information. (https://huggingface.co/docs/transformers/main/en/main_classes/text_generation)
[transformers] Both `max_new_tokens` (=512) and `max_length`(=1024) seem to have been set. `max_new_tokens` will take precedence. Please refer to the documentation for more information. (https://huggingface.co/docs/transformers/main/en/main_classes/text_generation)
[transformers] Both `max_new_tokens` (=512) and `max_length`(=1024) seem to have been set. `max_new_tokens` will take precedence. Please refer to the documentation for more information. (https://huggingface.co/docs/transformers/main/en/main_classes/text_generation)
[transformers] Both `max_new_tokens` (=512) and `max_length`(=1024) seem to have been set. `max_new_tokens` will take precedence. Please refer to the documentation for more information. (https://huggingface.co/docs/transformers/main/en/main_classes/text_generation)
[transformers] Both `max_new_tokens` (=512) and `max_length`(=1024) seem to have been set. `max_new_tokens` will take precedence. Please refer to the documentation for more information. (https://huggingface.co/docs/transformers/main/en/main_classes/text_generation)
[transformers] Both `max_new_tokens` (=512) and `max_length`(=1024) seem to have been set. `max_new_tokens` will take precedence. Please refer to the documentation for more information. (https://huggingface.co/docs/transformers/main/en/main_classes/text_generation)
[transformers] Both `max_new_tokens` (=512) and `max_length`(=1024) seem to have been set. `max_new_tokens` will take precedence. Please refer to the documentation for more information. (https://huggingface.co/docs/transformers/main/en/main_classes/text_generation)
[transformers] Both `max_new_tokens` (=512) and `max_length`(=1024) seem to have been set. `max_new_tokens` will take precedence. Please refer to the documentation for more information. (https://huggingface.co/docs/transformers/main/en/main_classes/text_generation)
[transformers] Both `max_new_tokens` (=512) and `max_length`(=1024) seem to have been set. `max_new_tokens` will take precedence. Please refer to the documentation for more information. (https://huggingface.co/docs/transformers/main/en/main_classes/text_generation)
[transformers] Both `max_new_tokens` (=512) and `max_length`(=1024) seem to have been set. `max_new_tokens` will take precedence. Please refer to the documentation for more information. (https://huggingface.co/docs/transformers/main/en/main_classes/text_generation)
[transformers] Both `max_new_tokens` (=512) and `max_length`(=1024) seem to have been set. `max_new_tokens` will take precedence. Please refer to the documentation for more information. (https://huggingface.co/docs/transformers/main/en/main_classes/text_generation)
[transformers] Both `max_new_tokens` (=512) and `max_length`(=1024) seem to have been set. `max_new_tokens` will take precedence. Please refer to the documentation for more information. (https://huggingface.co/docs/transformers/main/en/main_classes/text_generation)
[transformers] Both `max_new_tokens` (=512) and `max_length`(=1024) seem to have been set. `max_new_tokens` will take precedence. Please refer to the documentation for more information. (https://huggingface.co/docs/transformers/main/en/main_classes/text_generation)
[transformers] Both `max_new_tokens` (=512) and `max_length`(=1024) seem to have been set. `max_new_tokens` will take precedence. Please refer to the documentation for more information. (https://huggingface.co/docs/transformers/main/en/main_classes/text_generation)
[transformers] Both `max_new_tokens` (=512) and `max_length`(=1024) seem to have been set. `max_new_tokens` will take precedence. Please refer to the documentation for more information. (https://huggingface.co/docs/transformers/main/en/main_classes/text_generation)
[transformers] Both `max_new_tokens` (=512) and `max_length`(=1024) seem to have been set. `max_new_tokens` will take precedence. Please refer to the documentation for more information. (https://huggingface.co/docs/transformers/main/en/main_classes/text_generation)
[transformers] Both `max_new_tokens` (=512) and `max_length`(=1024) seem to have been set. `max_new_tokens` will take precedence. Please refer to the documentation for more information. (https://huggingface.co/docs/transformers/main/en/main_classes/text_generation)
[transformers] Both `max_new_tokens` (=512) and `max_length`(=1024) seem to have been set. `max_new_tokens` will take precedence. Please refer to the documentation for more information. (https://huggingface.co/docs/transformers/main/en/main_classes/text_generation)
[transformers] Both `max_new_tokens` (=512) and `max_length`(=1024) seem to have been set. `max_new_tokens` will take precedence. Please refer to the documentation for more information. (https://huggingface.co/docs/transformers/main/en/main_classes/text_generation)
[transformers] Both `max_new_tokens` (=512) and `max_length`(=1024) seem to have been set. `max_new_tokens` will take precedence. Please refer to the documentation for more information. (https://huggingface.co/docs/transformers/main/en/main_classes/text_generation)
[transformers] Both `max_new_tokens` (=512) and `max_length`(=1024) seem to have been set. `max_new_tokens` will take precedence. Please refer to the documentation for more information. (https://huggingface.co/docs/transformers/main/en/main_classes/text_generation)

[2026-09-18T01:56:14] [INFO] [chunk=7.0s 193/381] rec_audio_call_426149164_audio_1788951056501.mp3
[2026-09-18T01:57:07] [INFO] [chunk=7.0s 194/381] rec_audio_call_426151853_audio_1788951260489.mp3
[2026-09-18T01:57:16] [INFO] [chunk=7.0s 195/381] rec_audio_call_426180101_audio_1788953436912.mp3
[2026-09-18T01:57:41] [INFO] [chunk=7.0s 196/381] rec_audio_call_426279116_audio_1788962727515.mp3
[2026-09-18T01:58:27] [INFO] [chunk=7.0s 197/381] rec_audio_call_426299827_audio_1788964873398.mp3
[2026-09-18T01:58:45] [INFO] [chunk=7.0s 198/381] rec_audio_call_426313681_audio_1788966303052.mp3
[2026-09-18T01:59:43] [INFO] [chunk=7.0s 199/381] rec_audio_call_426339758_audio_1788968901990.mp3
[2026-09-18T02:00:32] [INFO] [chunk=7.0s 200/381] rec_default_426226216_audio_1788957468242.mp3
[2026-09-18T02:00:53] [INFO] [chunk=7.0s 201/381] rec_default_426252346_audio_1788960080824.mp3
[2026-09-18T02:01:01] [INFO] [chunk=7.0s 202/381] rec_default_426303789_audio_1788965281521.mp3
[2026-09-18T02:02:31] [INFO] [chunk=7.0s 203/381] rec_audio_call_423101838_audio_1788669053059.mp3
[2026-09-18T02:02:59] [INFO] [chunk=7.0s 204/381] rec_audio_call_426127729_audio_1788949472560.mp3
[2026-09-18T02:03:20] [INFO] [chunk=7.0s 205/381] rec_audio_call_426621209_audio_1788987102942.mp3
[2026-09-18T02:03:45] [INFO] [chunk=7.0s 206/381] rec_audio_call_425861520_audio_1788928521393.mp3
[2026-09-18T02:04:21] [INFO] [chunk=7.0s 207/381] rec_audio_call_425877181_audio_1788930106387.mp3
[2026-09-18T02:04:41] [INFO] [chunk=7.0s 208/381] rec_audio_call_426020111_audio_1788941616667.mp3
[2026-09-18T02:04:57] [INFO] [chunk=7.0s 209/381] rec_audio_call_426030765_audio_1788942418731.mp3
[2026-09-18T02:05:10] [INFO] [chunk=7.0s 210/381] rec_audio_call_426035272_audio_1788942782972.mp3
[2026-09-18T02:05:15] [INFO] [chunk=7.0s 211/381] rec_audio_call_426185479_audio_1788953866828.mp3
[2026-09-18T02:05:34] [INFO] [chunk=7.0s 212/381] rec_audio_call_426259277_audio_1788960796344.mp3
[2026-09-18T02:05:43] [INFO] [chunk=7.0s 213/381] rec_audio_call_426355800_audio_1788970288176.mp3
[2026-09-18T02:05:54] [INFO] [chunk=7.0s 214/381] rec_audio_call_426594019_audio_1788984570393.mp3
[2026-09-18T02:06:02] [INFO] [chunk=7.0s 215/381] rec_audio_call_426664156_audio_1788995059123.mp3
[2026-09-18T02:06:39] [INFO] [chunk=7.0s 216/381] rec_default_426582734_audio_1788983647126.mp3
[2026-09-18T02:06:49] [INFO] [chunk=7.0s 217/381] rec_default_426649193_audio_1788991280922.mp3
[2026-09-18T02:07:17] [INFO] [chunk=7.0s 218/381] rec_default_426652242_audio_1788991956749.mp3
[2026-09-18T02:08:38] [INFO] [chunk=7.0s 219/381] rec_default_426363836_audio_1788970922202.mp3
[2026-09-18T02:09:10] [INFO] [chunk=7.0s 220/381] rec_default_426408577_audio_1788973914993.mp3
[2026-09-18T02:09:39] [INFO] [chunk=7.0s 221/381] rec_default_426439325_audio_1788975665682.mp3
[2026-09-18T02:10:07] [INFO] [chunk=7.0s 222/381] rec_default_426534420_audio_1788980458455.mp3
[2026-09-18T02:10:24] [INFO] [chunk=7.0s 223/381] rec_audio_call_424886004_audio_1788837418505.mp3
[2026-09-18T02:11:05] [INFO] [chunk=7.0s 224/381] rec_audio_call_425905210_audio_1788932612192.mp3
[2026-09-18T02:12:23] [INFO] [chunk=7.0s 225/381] rec_audio_call_425905294_audio_1788932619839.mp3
[2026-09-18T02:13:18] [INFO] [chunk=7.0s 226/381] rec_audio_call_425936126_audio_1788935044155.mp3
[2026-09-18T02:13:31] [INFO] [chunk=7.0s 227/381] rec_audio_call_426014372_audio_1788941177871.mp3
[2026-09-18T02:15:45] [INFO] [chunk=7.0s 228/381] rec_default_403690174_audio_1786828494349.mp3
[2026-09-18T02:16:01] [INFO] [chunk=7.0s 229/381] rec_default_425908372_audio_1788932864052.mp3
[2026-09-18T02:16:46] [INFO] [chunk=7.0s 230/381] rec_default_425912424_audio_1788933213081.mp3
[2026-09-18T02:17:44] [INFO] [chunk=7.0s 231/381] rec_default_426578327_audio_1788983295448.mp3
[2026-09-18T02:17:53] [INFO] [chunk=7.0s 232/381] rec_audio_call_426195960_audio_1788954780321.mp3
[2026-09-18T02:18:10] [INFO] [chunk=7.0s 233/381] rec_audio_call_427305933_audio_1789058224440.mp3
[2026-09-18T02:18:35] [INFO] [chunk=7.0s 234/381] rec_audio_call_427305950_audio_1789058224627.mp3
[2026-09-18T02:18:37] [INFO] [chunk=7.0s 235/381] rec_audio_call_427306161_audio_1789058236274.mp3
[2026-09-18T02:19:45] [INFO] [chunk=7.0s 236/381] rec_audio_call_427306380_audio_1789058253191.mp3
[2026-09-18T02:20:03] [INFO] [chunk=7.0s 237/381] rec_audio_call_427306773_audio_1789058284652.mp3
[2026-09-18T02:20:10] [INFO] [chunk=7.0s 238/381] rec_audio_call_427306864_audio_1789058288911.mp3
[2026-09-18T02:20:28] [INFO] [chunk=7.0s 239/381] rec_audio_call_427307036_audio_1789058302393.mp3
[2026-09-18T02:20:53] [INFO] [chunk=7.0s 240/381] rec_audio_call_427307087_audio_1789058314132.mp3
[2026-09-18T02:21:08] [INFO] [chunk=7.0s 241/381] rec_audio_call_427307162_audio_1789058316356.mp3
[2026-09-18T02:24:36] [INFO] [chunk=7.0s 242/381] rec_default_426848544_audio_1789020636084.mp3
[2026-09-18T02:25:50] [INFO] [chunk=7.0s 243/381] rec_default_426857244_audio_1789021306090.mp3
[2026-09-18T02:26:13] [INFO] [chunk=7.0s 244/381] rec_default_427305871_audio_1789058217561.mp3
[2026-09-18T02:26:42] [INFO] [chunk=7.0s 245/381] rec_default_427305885_audio_1789058218067.mp3
[2026-09-18T02:26:53] [INFO] [chunk=7.0s 246/381] rec_default_427305984_audio_1789058228017.mp3
[2026-09-18T02:27:14] [INFO] [chunk=7.0s 247/381] rec_default_427306227_audio_1789058240999.mp3
[2026-09-18T02:27:18] [INFO] [chunk=7.0s 248/381] rec_default_427306761_audio_1789058282525.mp3
[2026-09-18T02:27:39] [INFO] [chunk=7.0s 249/381] rec_default_427306879_audio_1789058296671.mp3
[2026-09-18T02:28:17] [INFO] [chunk=7.0s 250/381] rec_default_427306937_audio_1789058296620.mp3
[2026-09-18T02:28:30] [INFO] [chunk=7.0s 251/381] rec_default_427307000_audio_1789058300924.mp3
[2026-09-18T02:28:35] [INFO] [chunk=7.0s 252/381] rec_default_427307149_audio_1789058314884.mp3
[2026-09-18T02:28:44] [INFO] [chunk=7.0s 253/381] rec_default_427307153_audio_1789058314255.mp3
[2026-09-18T02:28:48] [INFO] [chunk=7.0s 254/381] rec_default_427307170_audio_1789058316339.mp3
[2026-09-18T02:29:15] [INFO] [chunk=7.0s 255/381] rec_default_427307263_audio_1789058328048.mp3
[2026-09-18T02:29:17] [INFO] [chunk=7.0s 256/381] rec_audio_call_426576117_audio_1788983135753.mp3
[2026-09-18T02:29:28] [INFO] [chunk=7.0s 257/381] rec_default_426583408_audio_1788983706194.mp3
[2026-09-18T02:29:30] [INFO] [chunk=7.0s 258/381] rec_default_426603278_audio_1788985350942.mp3
[2026-09-18T02:30:13] [INFO] [chunk=7.0s 259/381] rec_default_426609609_audio_1788985926405.mp3
[2026-09-18T02:30:19] [INFO] [chunk=7.0s 260/381] rec_default_426649926_audio_1788991429022.mp3
[2026-09-18T02:31:00] [INFO] [chunk=7.0s 261/381] rec_audio_call_426659403_audio_1788993755666.mp3
[2026-09-18T02:31:05] [INFO] [chunk=7.0s 262/381] rec_default_426594432_audio_1788984607250.mp3
[2026-09-18T02:31:22] [INFO] [chunk=7.0s 263/381] rec_default_426631751_audio_1788988322014.mp3
[2026-09-18T02:31:29] [INFO] [chunk=7.0s 264/381] rec_audio_call_424435289_audio_1788789932957.mp3
[2026-09-18T02:32:30] [INFO] [chunk=7.0s 265/381] rec_audio_call_425117061_audio_1788856492050.mp3
[2026-09-18T02:33:04] [INFO] [chunk=7.0s 266/381] rec_default_424610958_audio_1788803526314.mp3
[2026-09-18T02:33:59] [INFO] [chunk=7.0s 267/381] rec_default_426636576_audio_1788989005279.mp3
[2026-09-18T02:35:53] [INFO] [chunk=7.0s 268/381] rec_default_424154820_audio_1788768178955.mp3
[2026-09-18T02:36:09] [INFO] [chunk=7.0s 269/381] rec_audio_call_424355050_audio_1788782425826.mp3
[2026-09-18T02:37:29] [INFO] [chunk=7.0s 270/381] rec_audio_call_425887818_audio_1788931097237.mp3
[2026-09-18T02:37:54] [INFO] [chunk=7.0s 271/381] rec_audio_call_425981754_audio_1788938608293.mp3
[2026-09-18T02:38:47] [INFO] [chunk=7.0s 272/381] rec_audio_call_426306233_audio_1788965543370.mp3
[2026-09-18T02:39:07] [INFO] [chunk=7.0s 273/381] rec_default_422311857_audio_1788593947270.mp3
[2026-09-18T02:39:33] [INFO] [chunk=7.0s 274/381] rec_default_423336284_audio_1788688591351.mp3
[2026-09-18T02:40:06] [INFO] [chunk=7.0s 275/381] rec_default_424687669_audio_1788807599801.mp3
[2026-09-18T02:40:09] [INFO] [chunk=7.0s 276/381] rec_default_425476935_audio_1788886067609.mp3[transformers] Both `max_new_tokens` (=512) and `max_length`(=1024) seem to have been set. `max_new_tokens` will take precedence. Please refer to the documentation for more information. (https://huggingface.co/docs/transformers/main/en/main_classes/text_generation)
[transformers] Both `max_new_tokens` (=512) and `max_length`(=1024) seem to have been set. `max_new_tokens` will take precedence. Please refer to the documentation for more information. (https://huggingface.co/docs/transformers/main/en/main_classes/text_generation)
[transformers] Both `max_new_tokens` (=512) and `max_length`(=1024) seem to have been set. `max_new_tokens` will take precedence. Please refer to the documentation for more information. (https://huggingface.co/docs/transformers/main/en/main_classes/text_generation)
[transformers] Both `max_new_tokens` (=512) and `max_length`(=1024) seem to have been set. `max_new_tokens` will take precedence. Please refer to the documentation for more information. (https://huggingface.co/docs/transformers/main/en/main_classes/text_generation)
[transformers] Both `max_new_tokens` (=512) and `max_length`(=1024) seem to have been set. `max_new_tokens` will take precedence. Please refer to the documentation for more information. (https://huggingface.co/docs/transformers/main/en/main_classes/text_generation)
[transformers] Both `max_new_tokens` (=512) and `max_length`(=1024) seem to have been set. `max_new_tokens` will take precedence. Please refer to the documentation for more information. (https://huggingface.co/docs/transformers/main/en/main_classes/text_generation)
[transformers] Both `max_new_tokens` (=512) and `max_length`(=1024) seem to have been set. `max_new_tokens` will take precedence. Please refer to the documentation for more information. (https://huggingface.co/docs/transformers/main/en/main_classes/text_generation)
[transformers] Both `max_new_tokens` (=512) and `max_length`(=1024) seem to have been set. `max_new_tokens` will take precedence. Please refer to the documentation for more information. (https://huggingface.co/docs/transformers/main/en/main_classes/text_generation)
[transformers] Both `max_new_tokens` (=512) and `max_length`(=1024) seem to have been set. `max_new_tokens` will take precedence. Please refer to the documentation for more information. (https://huggingface.co/docs/transformers/main/en/main_classes/text_generation)
[transformers] Both `max_new_tokens` (=512) and `max_length`(=1024) seem to have been set. `max_new_tokens` will take precedence. Please refer to the documentation for more information. (https://huggingface.co/docs/transformers/main/en/main_classes/text_generation)
[transformers] Both `max_new_tokens` (=512) and `max_length`(=1024) seem to have been set. `max_new_tokens` will take precedence. Please refer to the documentation for more information. (https://huggingface.co/docs/transformers/main/en/main_classes/text_generation)
[transformers] Both `max_new_tokens` (=512) and `max_length`(=1024) seem to have been set. `max_new_tokens` will take precedence. Please refer to the documentation for more information. (https://huggingface.co/docs/transformers/main/en/main_classes/text_generation)
[transformers] Both `max_new_tokens` (=512) and `max_length`(=1024) seem to have been set. `max_new_tokens` will take precedence. Please refer to the documentation for more information. (https://huggingface.co/docs/transformers/main/en/main_classes/text_generation)
[transformers] Both `max_new_tokens` (=512) and `max_length`(=1024) seem to have been set. `max_new_tokens` will take precedence. Please refer to the documentation for more information. (https://huggingface.co/docs/transformers/main/en/main_classes/text_generation)
[transformers] Both `max_new_tokens` (=512) and `max_length`(=1024) seem to have been set. `max_new_tokens` will take precedence. Please refer to the documentation for more information. (https://huggingface.co/docs/transformers/main/en/main_classes/text_generation)

[2026-09-18T02:40:28] [INFO] [chunk=7.0s 277/381] rec_default_426377718_audio_1788971973414.mp3
[2026-09-18T02:40:41] [INFO] [chunk=7.0s 278/381] rec_audio_call_426540516_audio_1788980804355.mp3
[2026-09-18T02:40:57] [INFO] [chunk=7.0s 279/381] rec_audio_call_426628134_audio_1788987862205.mp3
[2026-09-18T02:41:08] [INFO] [chunk=7.0s 280/381] rec_default_426432272_audio_1788975283995.mp3
[2026-09-18T02:41:49] [INFO] [chunk=7.0s 281/381] rec_default_426636424_audio_1788988982930.mp3
[2026-09-18T02:42:11] [INFO] [chunk=7.0s 282/381] rec_default_426648998_audio_1788991242054.mp3
[2026-09-18T02:43:17] [INFO] [chunk=7.0s 283/381] rec_default_425942168_audio_1788935504071.mp3
[2026-09-18T02:44:19] [INFO] [chunk=7.0s 284/381] rec_default_426538743_audio_1788980705149.mp3
[2026-09-18T02:45:48] [INFO] [chunk=7.0s 285/381] rec_default_426548691_audio_1788981313336.mp3
[2026-09-18T02:46:17] [INFO] [chunk=7.0s 286/381] rec_audio_call_403536354_audio_1786818099540.mp3
[2026-09-18T02:46:34] [INFO] [chunk=7.0s 287/381] rec_audio_call_403544174_audio_1786818489013.mp3
[2026-09-18T02:48:12] [INFO] [chunk=7.0s 288/381] rec_audio_call_403785250_audio_1786846993871.mp3
[2026-09-18T02:48:30] [INFO] [chunk=7.0s 289/381] rec_audio_call_421629115_audio_1788525839912.mp3
[2026-09-18T02:48:36] [INFO] [chunk=7.0s 290/381] rec_audio_call_424397178_audio_1788786285103.mp3
[2026-09-18T02:48:58] [INFO] [chunk=7.0s 291/381] rec_audio_call_425591249_audio_1788892319841.mp3
[2026-09-18T02:49:45] [INFO] [chunk=7.0s 292/381] rec_default_403927389_audio_1786861712369.mp3
[2026-09-18T02:51:01] [INFO] [chunk=7.0s 293/381] rec_default_420511327_audio_1788424417781.mp3
[2026-09-18T02:54:51] [INFO] [chunk=7.0s 294/381] rec_default_423324272_audio_1788687697269.mp3
[2026-09-18T02:55:27] [INFO] [chunk=7.0s 295/381] rec_audio_call_426100503_audio_1788947524083.mp3
[2026-09-18T02:55:48] [INFO] [chunk=7.0s 296/381] rec_audio_call_426855757_audio_1789021187400.mp3
[2026-09-18T02:56:49] [INFO] [chunk=7.0s 297/381] rec_audio_call_426855856_audio_1789021196066.mp3
[2026-09-18T02:57:04] [INFO] [chunk=7.0s 298/381] rec_audio_call_426856109_audio_1789021226515.mp3
[2026-09-18T02:57:19] [INFO] [chunk=7.0s 299/381] rec_audio_call_426857289_audio_1789021309748.mp3
[2026-09-18T02:57:27] [INFO] [chunk=7.0s 300/381] rec_audio_call_426857427_audio_1789021321811.mp3
[2026-09-18T02:57:46] [INFO] [chunk=7.0s 301/381] rec_audio_call_426864047_audio_1789021815416.mp3
[2026-09-18T02:58:07] [INFO] [chunk=7.0s 302/381] rec_audio_call_426864085_audio_1789021818783.mp3
[2026-09-18T02:59:17] [INFO] [chunk=7.0s 303/381] rec_audio_call_426864490_audio_1789021845136.mp3
[2026-09-18T03:02:28] [INFO] [chunk=7.0s 304/381] rec_audio_call_426864592_audio_1789021851330.mp3
[2026-09-18T03:03:18] [INFO] [chunk=7.0s 305/381] rec_audio_call_426864613_audio_1789021855826.mp3
[2026-09-18T03:03:39] [INFO] [chunk=7.0s 306/381] rec_audio_call_426864718_audio_1789021861946.mp3
[2026-09-18T03:03:57] [INFO] [chunk=7.0s 307/381] rec_audio_call_426864879_audio_1789021871603.mp3
[2026-09-18T03:04:41] [INFO] [chunk=7.0s 308/381] rec_audio_call_426865756_audio_1789021933370.mp3
[2026-09-18T03:04:48] [INFO] [chunk=7.0s 309/381] rec_audio_call_426866100_audio_1789021962100.mp3
[2026-09-18T03:04:56] [INFO] [chunk=7.0s 310/381] rec_audio_call_426871106_audio_1789022339887.mp3
[2026-09-18T03:05:33] [INFO] [chunk=7.0s 311/381] rec_audio_call_426881695_audio_1789023110536.mp3
[2026-09-18T03:05:35] [INFO] [chunk=7.0s 312/381] rec_audio_call_426882947_audio_1789023209263.mp3
[2026-09-18T03:05:46] [INFO] [chunk=7.0s 313/381] rec_default_426101552_audio_1788947595142.mp3
[2026-09-18T03:05:47] [INFO] [chunk=7.0s 314/381] rec_default_426855984_audio_1789021209994.mp3
[2026-09-18T03:06:38] [INFO] [chunk=7.0s 315/381] rec_default_426863933_audio_1789021808134.mp3
[2026-09-18T03:06:58] [INFO] [chunk=7.0s 316/381] rec_default_426864020_audio_1789021816720.mp3
[2026-09-18T03:07:07] [INFO] [chunk=7.0s 317/381] rec_default_426864282_audio_1789021827994.mp3
[2026-09-18T03:07:42] [INFO] [chunk=7.0s 318/381] rec_default_426864654_audio_1789021854639.mp3
[2026-09-18T03:07:59] [INFO] [chunk=7.0s 319/381] rec_default_426864666_audio_1789021861790.mp3
[2026-09-18T03:08:09] [INFO] [chunk=7.0s 320/381] rec_default_426865205_audio_1789021894193.mp3
[2026-09-18T03:08:18] [INFO] [chunk=7.0s 321/381] rec_default_426865726_audio_1789021930759.mp3
[2026-09-18T03:08:29] [INFO] [chunk=7.0s 322/381] rec_default_426865848_audio_1789021942575.mp3
[2026-09-18T03:08:30] [INFO] [chunk=7.0s 323/381] rec_default_426883317_audio_1789023235707.mp3
[2026-09-18T03:08:41] [INFO] [chunk=7.0s 324/381] rec_audio_call_426655931_audio_1788992894349.mp3
[2026-09-18T03:09:06] [INFO] [chunk=7.0s 325/381] rec_audio_call_426656676_audio_1788993082694.mp3
[2026-09-18T03:10:02] [INFO] [chunk=7.0s 326/381] rec_default_426656120_audio_1788992939200.mp3
[2026-09-18T03:10:12] [INFO] [chunk=7.0s 327/381] rec_default_426667318_audio_1788995960432.mp3
[2026-09-18T03:10:30] [INFO] [chunk=7.0s 328/381] rec_default_426669005_audio_1788996409641.mp3
[2026-09-18T03:11:00] [INFO] [chunk=7.0s 329/381] rec_audio_call_426652927_audio_1788992127130.mp3
[2026-09-18T03:11:10] [INFO] [chunk=7.0s 330/381] rec_audio_call_426658746_audio_1788993588302.mp3
[2026-09-18T03:11:32] [INFO] [chunk=7.0s 331/381] rec_audio_call_426664916_audio_1788995286548.mp3
[2026-09-18T03:11:58] [INFO] [chunk=7.0s 332/381] rec_default_426657127_audio_1788993186310.mp3
[2026-09-18T03:12:42] [INFO] [chunk=7.0s 333/381] rec_audio_call_422128803_audio_1788577048478.mp3
[2026-09-18T03:12:55] [INFO] [chunk=7.0s 334/381] rec_audio_call_425915592_audio_1788933460694.mp3
[2026-09-18T03:13:14] [INFO] [chunk=7.0s 335/381] rec_audio_call_426303042_audio_1788965197636.mp3
[2026-09-18T03:14:39] [INFO] [chunk=7.0s 336/381] rec_audio_call_426322019_audio_1788967195267.mp3
[2026-09-18T03:15:23] [INFO] [chunk=7.0s 337/381] rec_default_423505352_audio_1788703352920.mp3
[2026-09-18T03:16:57] [INFO] [chunk=7.0s 338/381] rec_default_423562532_audio_1788709014492.mp3
[2026-09-18T03:17:11] [INFO] [chunk=7.0s 339/381] rec_default_425939252_audio_1788935280682.mp3
[2026-09-18T03:17:28] [INFO] [chunk=7.0s 340/381] rec_default_425971422_audio_1788937802743.mp3
[2026-09-18T03:18:06] [INFO] [chunk=7.0s 341/381] rec_default_426438311_audio_1788975608857.mp3
[2026-09-18T03:18:08] [INFO] [chunk=7.0s 342/381] rec_audio_call_425205242_audio_1788862499869.mp3
[2026-09-18T03:19:18] [INFO] [chunk=7.0s 343/381] rec_audio_call_426339629_audio_1788968889098.mp3
[2026-09-18T03:19:26] [INFO] [chunk=7.0s 344/381] rec_default_426480223_audio_1788977664177.mp3
[2026-09-18T03:19:48] [INFO] [chunk=7.0s 345/381] rec_default_426608730_audio_1788985842618.mp3
[2026-09-18T03:19:59] [INFO] [chunk=7.0s 346/381] rec_audio_call_426565068_audio_1788982358963.mp3
[2026-09-18T03:20:42] [INFO] [chunk=7.0s 347/381] rec_default_426460304_audio_1788976707317.mp3
[2026-09-18T03:20:51] [INFO] [chunk=7.0s 348/381] rec_default_426537197_audio_1788980611266.mp3
[2026-09-18T03:21:03] [INFO] [chunk=7.0s 349/381] rec_default_426565486_audio_1788982385911.mp3
[2026-09-18T03:21:25] [INFO] [chunk=7.0s 350/381] rec_default_426573512_audio_1788982942725.mp3
[2026-09-18T03:21:30] [INFO] [chunk=7.0s 351/381] rec_default_426591403_audio_1788984361913.mp3
[2026-09-18T03:22:19] [INFO] [chunk=7.0s 352/381] rec_default_426604065_audio_1788985417369.mp3
[2026-09-18T03:22:22] [INFO] [chunk=7.0s 353/381] rec_default_426606195_audio_1788985611722.mp3
[2026-09-18T03:23:16] [INFO] [chunk=7.0s 354/381] rec_default_426610860_audio_1788986032726.mp3
[2026-09-18T03:24:00] [INFO] [chunk=7.0s 355/381] rec_audio_call_425348262_audio_1788874390379.mp3
[2026-09-18T03:24:51] [INFO] [chunk=7.0s 356/381] rec_audio_call_425360795_audio_1788875574199.mp3
[2026-09-18T03:25:14] [INFO] [chunk=7.0s 357/381] rec_audio_call_425384170_audio_1788877922101.mp3
[2026-09-18T03:25:53] [INFO] [chunk=7.0s 358/381] rec_audio_call_426189476_audio_1788954198708.mp3
[2026-09-18T03:26:23] [INFO] [chunk=7.0s 359/381] rec_default_423219318_audio_1788679354453.mp3
[2026-09-18T03:27:52] [INFO] [chunk=7.0s 360/381] rec_default_423662590_audio_1788716156245.mp3
[2026-09-18T03:30:06] [INFO] [chunk=7.0s 361/381] rec_default_426600174_audio_1788985087863.mp3[transformers] Both `max_new_tokens` (=512) and `max_length`(=1024) seem to have been set. `max_new_tokens` will take precedence. Please refer to the documentation for more information. (https://huggingface.co/docs/transformers/main/en/main_classes/text_generation)
[transformers] Both `max_new_tokens` (=512) and `max_length`(=1024) seem to have been set. `max_new_tokens` will take precedence. Please refer to the documentation for more information. (https://huggingface.co/docs/transformers/main/en/main_classes/text_generation)
[transformers] Both `max_new_tokens` (=512) and `max_length`(=1024) seem to have been set. `max_new_tokens` will take precedence. Please refer to the documentation for more information. (https://huggingface.co/docs/transformers/main/en/main_classes/text_generation)
[transformers] Both `max_new_tokens` (=512) and `max_length`(=1024) seem to have been set. `max_new_tokens` will take precedence. Please refer to the documentation for more information. (https://huggingface.co/docs/transformers/main/en/main_classes/text_generation)
[transformers] Both `max_new_tokens` (=512) and `max_length`(=1024) seem to have been set. `max_new_tokens` will take precedence. Please refer to the documentation for more information. (https://huggingface.co/docs/transformers/main/en/main_classes/text_generation)
[transformers] Both `max_new_tokens` (=512) and `max_length`(=1024) seem to have been set. `max_new_tokens` will take precedence. Please refer to the documentation for more information. (https://huggingface.co/docs/transformers/main/en/main_classes/text_generation)
[transformers] Both `max_new_tokens` (=512) and `max_length`(=1024) seem to have been set. `max_new_tokens` will take precedence. Please refer to the documentation for more information. (https://huggingface.co/docs/transformers/main/en/main_classes/text_generation)
[transformers] Both `max_new_tokens` (=512) and `max_length`(=1024) seem to have been set. `max_new_tokens` will take precedence. Please refer to the documentation for more information. (https://huggingface.co/docs/transformers/main/en/main_classes/text_generation)
[transformers] Both `max_new_tokens` (=512) and `max_length`(=1024) seem to have been set. `max_new_tokens` will take precedence. Please refer to the documentation for more information. (https://huggingface.co/docs/transformers/main/en/main_classes/text_generation)

[2026-09-18T03:30:16] [INFO] [chunk=7.0s 362/381] rec_audio_call_427000661_audio_1789031852494.mp3
[2026-09-18T03:31:15] [INFO] [chunk=7.0s 363/381] rec_audio_call_427012298_audio_1789032612558.mp3
[2026-09-18T03:32:27] [INFO] [chunk=7.0s 364/381] rec_audio_call_427013211_audio_1789032669332.mp3
[2026-09-18T03:32:31] [INFO] [chunk=7.0s 365/381] rec_audio_call_427027152_audio_1789033559289.mp3
[2026-09-18T03:32:58] [INFO] [chunk=7.0s 366/381] rec_audio_call_427027250_audio_1789033566943.mp3
[2026-09-18T03:33:49] [INFO] [chunk=7.0s 367/381] rec_audio_call_427038731_audio_1789034322684.mp3
[2026-09-18T03:34:10] [INFO] [chunk=7.0s 368/381] rec_default_426107989_audio_1788948054504.mp3
[2026-09-18T03:34:27] [INFO] [chunk=7.0s 369/381] rec_default_426108348_audio_1788948073644.mp3
[2026-09-18T03:34:43] [INFO] [chunk=7.0s 370/381] rec_default_426108689_audio_1788948098669.mp3
[2026-09-18T03:34:58] [INFO] [chunk=7.0s 371/381] rec_default_426850375_audio_1789020775029.mp3
[2026-09-18T03:35:05] [INFO] [chunk=7.0s 372/381] rec_default_427000374_audio_1789031836869.mp3
[2026-09-18T03:35:11] [INFO] [chunk=7.0s 373/381] rec_default_427012375_audio_1789032614721.mp3
[2026-09-18T03:35:31] [INFO] [chunk=7.0s 374/381] rec_default_427012537_audio_1789032626712.mp3
[2026-09-18T03:35:45] [INFO] [chunk=7.0s 375/381] rec_default_427012589_audio_1789032630677.mp3
[2026-09-18T03:35:46] [INFO] [chunk=7.0s 376/381] rec_default_427012755_audio_1789032638070.mp3
[2026-09-18T03:36:03] [INFO] [chunk=7.0s 377/381] rec_default_427018157_audio_1789032985293.mp3
[2026-09-18T03:36:08] [INFO] [chunk=7.0s 378/381] rec_default_427030481_audio_1789033781981.mp3
[2026-09-18T03:36:46] [INFO] [chunk=7.0s 379/381] rec_default_427035680_audio_1789034118532.mp3
[2026-09-18T03:36:57] [INFO] [chunk=7.0s 380/381] rec_default_427037139_audio_1789034210020.mp3
[2026-09-18T03:37:20] [INFO] [chunk=7.0s 381/381] rec_default_427038996_audio_1789034340803.mp3
[2026-09-18T03:38:45] [INFO] chunk_seconds=7.0 done in 10238.1s — success=381 error=0
[2026-09-18T03:38:45] [INFO] chunk_seconds=10.0: skipping 0 already-done file(s)
[2026-09-18T03:38:45] [INFO] [chunk=10.0s 1/381] rec_audio_call_392603926_audio_1785858184285.mp3
[2026-09-18T03:38:45] [INFO] [chunk=10.0s 2/381] rec_audio_call_392607690_audio_1785858500937.mp3
[2026-09-18T03:38:45] [INFO] [chunk=10.0s 3/381] rec_audio_call_392643395_audio_1785861202288.mp3
[2026-09-18T03:38:45] [INFO] [chunk=10.0s 4/381] rec_audio_call_425736604_audio_1788905083156.mp3
[2026-09-18T03:38:59] [INFO] [chunk=10.0s 5/381] rec_audio_call_425748748_audio_1788908276475.mp3
[2026-09-18T03:39:11] [INFO] [chunk=10.0s 6/381] rec_audio_call_425749256_audio_1788908432017.mp3
[2026-09-18T03:39:23] [INFO] [chunk=10.0s 7/381] rec_default_426610557_audio_1788986010552.mp3
[2026-09-18T03:39:26] [INFO] [chunk=10.0s 8/381] rec_audio_call_425655492_audio_1788895962923.mp3
[2026-09-18T03:39:29] [INFO] [chunk=10.0s 9/381] rec_audio_call_425656293_audio_1788896013602.mp3
[2026-09-18T03:39:37] [INFO] [chunk=10.0s 10/381] rec_audio_call_425679391_audio_1788897730000.mp3
[2026-09-18T03:39:56] [INFO] [chunk=10.0s 11/381] rec_audio_call_425691838_audio_1788898819143.mp3
[2026-09-18T03:40:18] [INFO] [chunk=10.0s 12/381] rec_default_426593829_audio_1788984553610.mp3
[2026-09-18T03:40:28] [INFO] [chunk=10.0s 13/381] rec_audio_call_419965552_audio_1788369990564.mp3
[2026-09-18T03:40:36] [INFO] [chunk=10.0s 14/381] rec_audio_call_421071310_audio_1788465787061.mp3
[2026-09-18T03:40:53] [INFO] [chunk=10.0s 15/381] rec_audio_call_421768524_audio_1788539479106.mp3
[2026-09-18T03:41:03] [INFO] [chunk=10.0s 16/381] rec_audio_call_421835569_audio_1788543699379.mp3
[2026-09-18T03:41:33] [INFO] [chunk=10.0s 17/381] rec_audio_call_421997101_audio_1788553909604.mp3
[2026-09-18T03:41:37] [INFO] [chunk=10.0s 18/381] rec_audio_call_423610988_audio_1788712982461.mp3
[2026-09-18T03:41:51] [INFO] [chunk=10.0s 19/381] rec_audio_call_425656431_audio_1788896027178.mp3
[2026-09-18T03:42:00] [INFO] [chunk=10.0s 20/381] rec_default_420147298_audio_1788380486702.mp3
[2026-09-18T03:42:15] [INFO] [chunk=10.0s 21/381] rec_default_420599099_audio_1788430532077.mp3
[2026-09-18T03:43:13] [INFO] [chunk=10.0s 22/381] rec_default_421888258_audio_1788546625741.mp3
[2026-09-18T03:43:24] [INFO] [chunk=10.0s 23/381] rec_default_423958539_audio_1788751477018.mp3
[2026-09-18T03:43:42] [INFO] [chunk=10.0s 24/381] rec_audio_call_421981200_audio_1788552638354.mp3
[2026-09-18T03:44:18] [INFO] [chunk=10.0s 25/381] rec_audio_call_422812035_audio_1788633064712.mp3
[2026-09-18T03:44:19] [INFO] [chunk=10.0s 26/381] rec_audio_call_423872491_audio_1788731676125.mp3
[2026-09-18T03:44:24] [INFO] [chunk=10.0s 27/381] rec_audio_call_424735559_audio_1788811052808.mp3
[2026-09-18T03:44:39] [INFO] [chunk=10.0s 28/381] rec_audio_call_425051281_audio_1788851621695.mp3
[2026-09-18T03:44:40] [INFO] [chunk=10.0s 29/381] rec_default_422797054_audio_1788632206019.mp3
[2026-09-18T03:44:40] [INFO] [chunk=10.0s 30/381] rec_audio_call_421865395_audio_1788545383247.mp3
[2026-09-18T03:44:52] [INFO] [chunk=10.0s 31/381] rec_audio_call_425933838_audio_1788934868635.mp3
[2026-09-18T03:44:58] [INFO] [chunk=10.0s 32/381] rec_audio_call_426596251_audio_1788984756063.mp3
[2026-09-18T03:45:14] [INFO] [chunk=10.0s 33/381] rec_audio_call_426599617_audio_1788985040466.mp3
[2026-09-18T03:46:03] [INFO] [chunk=10.0s 34/381] rec_default_423978016_audio_1788753648923.mp3
[2026-09-18T03:46:06] [INFO] [chunk=10.0s 35/381] rec_default_425396309_audio_1788879180076.mp3
[2026-09-18T03:46:18] [INFO] [chunk=10.0s 36/381] rec_default_425778316_audio_1788916552817.mp3
[2026-09-18T03:46:39] [INFO] [chunk=10.0s 37/381] rec_audio_call_424867062_audio_1788834834877.mp3
[2026-09-18T03:46:44] [INFO] [chunk=10.0s 38/381] rec_audio_call_425730841_audio_1788903925979.mp3
[2026-09-18T03:46:51] [INFO] [chunk=10.0s 39/381] rec_audio_call_425744236_audio_1788906883727.mp3
[2026-09-18T03:46:55] [INFO] [chunk=10.0s 40/381] rec_audio_call_426409268_audio_1788973959169.mp3
[2026-09-18T03:47:26] [INFO] [chunk=10.0s 41/381] rec_default_424880310_audio_1788836667926.mp3
[2026-09-18T03:47:27] [INFO] [chunk=10.0s 42/381] rec_default_425134890_audio_1788857770816.mp3
[2026-09-18T03:47:38] [INFO] [chunk=10.0s 43/381] rec_default_425141339_audio_1788858189163.mp3
[2026-09-18T03:49:03] [INFO] [chunk=10.0s 44/381] rec_audio_call_424610503_audio_1788803501320.mp3
[2026-09-18T03:49:25] [INFO] [chunk=10.0s 45/381] rec_audio_call_424798751_audio_1788818609448.mp3
[2026-09-18T03:49:51] [INFO] [chunk=10.0s 46/381] rec_audio_call_425147890_audio_1788858642964.mp3
[2026-09-18T03:49:55] [INFO] [chunk=10.0s 47/381] rec_audio_call_425713085_audio_1788901236624.mp3
[2026-09-18T03:50:09] [INFO] [chunk=10.0s 48/381] rec_audio_call_419508797_audio_1788334367395.mp3
[2026-09-18T03:50:11] [INFO] [chunk=10.0s 49/381] rec_audio_call_421677953_audio_1788530753328.mp3
[2026-09-18T03:50:12] [INFO] [chunk=10.0s 50/381] rec_audio_call_423351802_audio_1788689747483.mp3
[2026-09-18T03:50:15] [INFO] [chunk=10.0s 51/381] rec_audio_call_423591955_audio_1788711572217.mp3
[2026-09-18T03:50:22] [INFO] [chunk=10.0s 52/381] rec_audio_call_423629370_audio_1788714233340.mp3
[2026-09-18T03:50:23] [INFO] [chunk=10.0s 53/381] rec_audio_call_426565546_audio_1788982388939.mp3
[2026-09-18T03:50:32] [INFO] [chunk=10.0s 54/381] rec_default_419887388_audio_1788364981482.mp3
[2026-09-18T03:50:41] [INFO] [chunk=10.0s 55/381] rec_default_421661435_audio_1788529081993.mp3
[2026-09-18T03:50:54] [INFO] [chunk=10.0s 56/381] rec_default_421956667_audio_1788550846403.mp3
[2026-09-18T03:51:08] [INFO] [chunk=10.0s 57/381] rec_default_423887482_audio_1788735128862.mp3
[2026-09-18T03:51:16] [INFO] [chunk=10.0s 58/381] rec_default_424793843_audio_1788817690775.mp3
[2026-09-18T03:51:58] [INFO] [chunk=10.0s 59/381] rec_default_425627452_audio_1788894258639.mp3
[2026-09-18T03:52:06] [INFO] [chunk=10.0s 60/381] rec_audio_call_426099993_audio_1788947488901.mp3
[2026-09-18T03:52:11] [INFO] [chunk=10.0s 61/381] rec_audio_call_426101059_audio_1788947560284.mp3
[2026-09-18T03:52:50] [INFO] [chunk=10.0s 62/381] rec_audio_call_426107984_audio_1788948053829.mp3
[2026-09-18T03:53:07] [INFO] [chunk=10.0s 63/381] rec_audio_call_426107995_audio_1788948050780.mp3[transformers] Both `max_new_tokens` (=512) and `max_length`(=1024) seem to have been set. `max_new_tokens` will take precedence. Please refer to the documentation for more information. (https://huggingface.co/docs/transformers/main/en/main_classes/text_generation)
[transformers] Both `max_new_tokens` (=512) and `max_length`(=1024) seem to have been set. `max_new_tokens` will take precedence. Please refer to the documentation for more information. (https://huggingface.co/docs/transformers/main/en/main_classes/text_generation)
[transformers] Both `max_new_tokens` (=512) and `max_length`(=1024) seem to have been set. `max_new_tokens` will take precedence. Please refer to the documentation for more information. (https://huggingface.co/docs/transformers/main/en/main_classes/text_generation)
[transformers] Both `max_new_tokens` (=512) and `max_length`(=1024) seem to have been set. `max_new_tokens` will take precedence. Please refer to the documentation for more information. (https://huggingface.co/docs/transformers/main/en/main_classes/text_generation)
[transformers] Both `max_new_tokens` (=512) and `max_length`(=1024) seem to have been set. `max_new_tokens` will take precedence. Please refer to the documentation for more information. (https://huggingface.co/docs/transformers/main/en/main_classes/text_generation)
[transformers] Both `max_new_tokens` (=512) and `max_length`(=1024) seem to have been set. `max_new_tokens` will take precedence. Please refer to the documentation for more information. (https://huggingface.co/docs/transformers/main/en/main_classes/text_generation)
[transformers] Both `max_new_tokens` (=512) and `max_length`(=1024) seem to have been set. `max_new_tokens` will take precedence. Please refer to the documentation for more information. (https://huggingface.co/docs/transformers/main/en/main_classes/text_generation)
[transformers] Both `max_new_tokens` (=512) and `max_length`(=1024) seem to have been set. `max_new_tokens` will take precedence. Please refer to the documentation for more information. (https://huggingface.co/docs/transformers/main/en/main_classes/text_generation)
[transformers] Both `max_new_tokens` (=512) and `max_length`(=1024) seem to have been set. `max_new_tokens` will take precedence. Please refer to the documentation for more information. (https://huggingface.co/docs/transformers/main/en/main_classes/text_generation)
[transformers] Both `max_new_tokens` (=512) and `max_length`(=1024) seem to have been set. `max_new_tokens` will take precedence. Please refer to the documentation for more information. (https://huggingface.co/docs/transformers/main/en/main_classes/text_generation)
[transformers] Both `max_new_tokens` (=512) and `max_length`(=1024) seem to have been set. `max_new_tokens` will take precedence. Please refer to the documentation for more information. (https://huggingface.co/docs/transformers/main/en/main_classes/text_generation)
[transformers] Both `max_new_tokens` (=512) and `max_length`(=1024) seem to have been set. `max_new_tokens` will take precedence. Please refer to the documentation for more information. (https://huggingface.co/docs/transformers/main/en/main_classes/text_generation)
[transformers] Both `max_new_tokens` (=512) and `max_length`(=1024) seem to have been set. `max_new_tokens` will take precedence. Please refer to the documentation for more information. (https://huggingface.co/docs/transformers/main/en/main_classes/text_generation)
[transformers] Both `max_new_tokens` (=512) and `max_length`(=1024) seem to have been set. `max_new_tokens` will take precedence. Please refer to the documentation for more information. (https://huggingface.co/docs/transformers/main/en/main_classes/text_generation)
[transformers] Both `max_new_tokens` (=512) and `max_length`(=1024) seem to have been set. `max_new_tokens` will take precedence. Please refer to the documentation for more information. (https://huggingface.co/docs/transformers/main/en/main_classes/text_generation)
[transformers] Both `max_new_tokens` (=512) and `max_length`(=1024) seem to have been set. `max_new_tokens` will take precedence. Please refer to the documentation for more information. (https://huggingface.co/docs/transformers/main/en/main_classes/text_generation)
[transformers] Both `max_new_tokens` (=512) and `max_length`(=1024) seem to have been set. `max_new_tokens` will take precedence. Please refer to the documentation for more information. (https://huggingface.co/docs/transformers/main/en/main_classes/text_generation)
[transformers] Both `max_new_tokens` (=512) and `max_length`(=1024) seem to have been set. `max_new_tokens` will take precedence. Please refer to the documentation for more information. (https://huggingface.co/docs/transformers/main/en/main_classes/text_generation)
[transformers] Both `max_new_tokens` (=512) and `max_length`(=1024) seem to have been set. `max_new_tokens` will take precedence. Please refer to the documentation for more information. (https://huggingface.co/docs/transformers/main/en/main_classes/text_generation)
[transformers] Both `max_new_tokens` (=512) and `max_length`(=1024) seem to have been set. `max_new_tokens` will take precedence. Please refer to the documentation for more information. (https://huggingface.co/docs/transformers/main/en/main_classes/text_generation)
[transformers] Both `max_new_tokens` (=512) and `max_length`(=1024) seem to have been set. `max_new_tokens` will take precedence. Please refer to the documentation for more information. (https://huggingface.co/docs/transformers/main/en/main_classes/text_generation)
[transformers] Both `max_new_tokens` (=512) and `max_length`(=1024) seem to have been set. `max_new_tokens` will take precedence. Please refer to the documentation for more information. (https://huggingface.co/docs/transformers/main/en/main_classes/text_generation)
[transformers] Both `max_new_tokens` (=512) and `max_length`(=1024) seem to have been set. `max_new_tokens` will take precedence. Please refer to the documentation for more information. (https://huggingface.co/docs/transformers/main/en/main_classes/text_generation)
[transformers] Both `max_new_tokens` (=512) and `max_length`(=1024) seem to have been set. `max_new_tokens` will take precedence. Please refer to the documentation for more information. (https://huggingface.co/docs/transformers/main/en/main_classes/text_generation)
[transformers] Both `max_new_tokens` (=512) and `max_length`(=1024) seem to have been set. `max_new_tokens` will take precedence. Please refer to the documentation for more information. (https://huggingface.co/docs/transformers/main/en/main_classes/text_generation)

[2026-09-18T03:53:42] [INFO] [chunk=10.0s 64/381] rec_audio_call_426108129_audio_1788948057694.mp3
[2026-09-18T03:53:55] [INFO] [chunk=10.0s 65/381] rec_audio_call_426119888_audio_1788948897495.mp3
[2026-09-18T03:53:58] [INFO] [chunk=10.0s 66/381] rec_audio_call_426127774_audio_1788949477698.mp3
[2026-09-18T03:54:04] [INFO] [chunk=10.0s 67/381] rec_audio_call_426194933_audio_1788954682604.mp3
[2026-09-18T03:55:01] [INFO] [chunk=10.0s 68/381] rec_audio_call_426195125_audio_1788954700286.mp3
[2026-09-18T03:55:09] [INFO] [chunk=10.0s 69/381] rec_audio_call_426201717_audio_1788955277234.mp3
[2026-09-18T03:55:26] [INFO] [chunk=10.0s 70/381] rec_audio_call_426201848_audio_1788955284435.mp3
[2026-09-18T03:55:44] [INFO] [chunk=10.0s 71/381] rec_audio_call_426202468_audio_1788955343920.mp3
[2026-09-18T03:55:59] [INFO] [chunk=10.0s 72/381] rec_audio_call_426202822_audio_1788955375114.mp3
[2026-09-18T03:56:13] [INFO] [chunk=10.0s 73/381] rec_audio_call_426202958_audio_1788955393853.mp3
[2026-09-18T03:56:18] [INFO] [chunk=10.0s 74/381] rec_audio_call_426203219_audio_1788955405537.mp3
[2026-09-18T03:56:32] [INFO] [chunk=10.0s 75/381] rec_audio_call_426203802_audio_1788955464104.mp3
[2026-09-18T03:56:35] [INFO] [chunk=10.0s 76/381] rec_audio_call_426204124_audio_1788955491095.mp3
[2026-09-18T03:56:53] [INFO] [chunk=10.0s 77/381] rec_audio_call_426204404_audio_1788955515816.mp3
[2026-09-18T03:56:56] [INFO] [chunk=10.0s 78/381] rec_audio_call_426204463_audio_1788955521517.mp3
[2026-09-18T03:57:20] [INFO] [chunk=10.0s 79/381] rec_audio_call_426847860_audio_1789020585952.mp3
[2026-09-18T03:57:34] [INFO] [chunk=10.0s 80/381] rec_audio_call_426848290_audio_1789020619592.mp3
[2026-09-18T03:57:49] [INFO] [chunk=10.0s 81/381] rec_audio_call_426848321_audio_1789020622237.mp3
[2026-09-18T03:57:58] [INFO] [chunk=10.0s 82/381] rec_audio_call_426848355_audio_1789020625114.mp3
[2026-09-18T03:58:22] [INFO] [chunk=10.0s 83/381] rec_audio_call_426848440_audio_1789020630279.mp3
[2026-09-18T03:58:27] [INFO] [chunk=10.0s 84/381] rec_audio_call_426848640_audio_1789020645122.mp3
[2026-09-18T03:58:29] [INFO] [chunk=10.0s 85/381] rec_audio_call_426848943_audio_1789020668404.mp3
[2026-09-18T03:58:35] [INFO] [chunk=10.0s 86/381] rec_audio_call_426849624_audio_1789020718433.mp3
[2026-09-18T03:58:43] [INFO] [chunk=10.0s 87/381] rec_audio_call_426849843_audio_1789020732404.mp3
[2026-09-18T03:58:57] [INFO] [chunk=10.0s 88/381] rec_audio_call_426850383_audio_1789020772255.mp3
[2026-09-18T03:59:10] [INFO] [chunk=10.0s 89/381] rec_audio_call_426851323_audio_1789020846081.mp3
[2026-09-18T03:59:14] [INFO] [chunk=10.0s 90/381] rec_audio_call_426851772_audio_1789020879921.mp3
[2026-09-18T03:59:39] [INFO] [chunk=10.0s 91/381] rec_audio_call_426851856_audio_1789020892000.mp3
[2026-09-18T03:59:43] [INFO] [chunk=10.0s 92/381] rec_audio_call_426854007_audio_1789021052086.mp3
[2026-09-18T04:00:12] [INFO] [chunk=10.0s 93/381] rec_audio_call_426854157_audio_1789021067058.mp3
[2026-09-18T04:00:15] [INFO] [chunk=10.0s 94/381] rec_audio_call_426883755_audio_1789023272654.mp3
[2026-09-18T04:00:25] [INFO] [chunk=10.0s 95/381] rec_audio_call_427029817_audio_1789033741551.mp3
[2026-09-18T04:00:33] [INFO] [chunk=10.0s 96/381] rec_audio_call_427302258_audio_1789057958698.mp3
[2026-09-18T04:00:38] [INFO] [chunk=10.0s 97/381] rec_audio_call_427307060_audio_1789058304926.mp3
[2026-09-18T04:00:46] [INFO] [chunk=10.0s 98/381] rec_audio_call_427311569_audio_1789058616356.mp3
[2026-09-18T04:00:51] [INFO] [chunk=10.0s 99/381] rec_audio_call_427314953_audio_1789058839016.mp3
[2026-09-18T04:00:55] [INFO] [chunk=10.0s 100/381] rec_default_426100823_audio_1788947551748.mp3
[2026-09-18T04:00:59] [INFO] [chunk=10.0s 101/381] rec_default_426107316_audio_1788948009635.mp3
[2026-09-18T04:01:04] [INFO] [chunk=10.0s 102/381] rec_default_426107744_audio_1788948040810.mp3
[2026-09-18T04:01:09] [INFO] [chunk=10.0s 103/381] rec_default_426108828_audio_1788948111282.mp3
[2026-09-18T04:01:12] [INFO] [chunk=10.0s 104/381] rec_default_426126463_audio_1788949378147.mp3
[2026-09-18T04:01:18] [INFO] [chunk=10.0s 105/381] rec_default_426126833_audio_1788949400904.mp3
[2026-09-18T04:01:31] [INFO] [chunk=10.0s 106/381] rec_default_426127716_audio_1788949472727.mp3
[2026-09-18T04:01:46] [INFO] [chunk=10.0s 107/381] rec_default_426194323_audio_1788954640272.mp3
[2026-09-18T04:01:59] [INFO] [chunk=10.0s 108/381] rec_default_426195344_audio_1788954727902.mp3
[2026-09-18T04:02:17] [INFO] [chunk=10.0s 109/381] rec_default_426202313_audio_1788955333217.mp3
[2026-09-18T04:02:18] [INFO] [chunk=10.0s 110/381] rec_default_426204264_audio_1788955509025.mp3
[2026-09-18T04:02:26] [INFO] [chunk=10.0s 111/381] rec_default_426204318_audio_1788955517179.mp3
[2026-09-18T04:02:39] [INFO] [chunk=10.0s 112/381] rec_default_426848660_audio_1789020643588.mp3
[2026-09-18T04:02:44] [INFO] [chunk=10.0s 113/381] rec_default_426851955_audio_1789020893146.mp3
[2026-09-18T04:02:57] [INFO] [chunk=10.0s 114/381] rec_default_426853539_audio_1789021025445.mp3
[2026-09-18T04:03:01] [INFO] [chunk=10.0s 115/381] rec_default_427012373_audio_1789032615035.mp3
[2026-09-18T04:03:10] [INFO] [chunk=10.0s 116/381] rec_default_427038720_audio_1789034321734.mp3
[2026-09-18T04:03:17] [INFO] [chunk=10.0s 117/381] rec_default_427305556_audio_1789058198302.mp3
[2026-09-18T04:03:25] [INFO] [chunk=10.0s 118/381] rec_audio_call_426576577_audio_1788983168675.mp3
[2026-09-18T04:03:33] [INFO] [chunk=10.0s 119/381] rec_audio_call_426580380_audio_1788983454564.mp3
[2026-09-18T04:03:53] [INFO] [chunk=10.0s 120/381] rec_audio_call_426601291_audio_1788985175536.mp3
[2026-09-18T04:04:09] [INFO] [chunk=10.0s 121/381] rec_default_426573210_audio_1788982914417.mp3
[2026-09-18T04:04:12] [INFO] [chunk=10.0s 122/381] rec_default_426597928_audio_1788984899162.mp3
[2026-09-18T04:04:57] [INFO] [chunk=10.0s 123/381] rec_default_426662883_audio_1788994670065.mp3
[2026-09-18T04:05:48] [INFO] [chunk=10.0s 124/381] rec_audio_call_426604675_audio_1788985474412.mp3
[2026-09-18T04:06:28] [INFO] [chunk=10.0s 125/381] rec_audio_call_426613454_audio_1788986291945.mp3
[2026-09-18T04:06:50] [INFO] [chunk=10.0s 126/381] rec_default_426634262_audio_1788988662985.mp3
[2026-09-18T04:07:07] [INFO] [chunk=10.0s 127/381] rec_default_426647598_audio_1788990955665.mp3
[2026-09-18T04:07:19] [INFO] [chunk=10.0s 128/381] rec_audio_call_421223616_audio_1788491953131.mp3
[2026-09-18T04:07:36] [INFO] [chunk=10.0s 129/381] rec_audio_call_421566156_audio_1788520297969.mp3
[2026-09-18T04:07:44] [INFO] [chunk=10.0s 130/381] rec_audio_call_423645324_audio_1788715186440.mp3
[2026-09-18T04:07:59] [INFO] [chunk=10.0s 131/381] rec_audio_call_424378148_audio_1788784557326.mp3
[2026-09-18T04:08:41] [INFO] [chunk=10.0s 132/381] rec_audio_call_424416192_audio_1788788125311.mp3
[2026-09-18T04:08:54] [INFO] [chunk=10.0s 133/381] rec_audio_call_425918552_audio_1788933686610.mp3
[2026-09-18T04:09:37] [INFO] [chunk=10.0s 134/381] rec_default_425656790_audio_1788896051031.mp3
[2026-09-18T04:10:00] [INFO] [chunk=10.0s 135/381] rec_audio_call_420847903_audio_1788453013104.mp3
[2026-09-18T04:10:16] [INFO] [chunk=10.0s 136/381] rec_audio_call_424557037_audio_1788800497337.mp3
[2026-09-18T04:10:17] [INFO] [chunk=10.0s 137/381] rec_audio_call_424970880_audio_1788845652480.mp3
[2026-09-18T04:10:37] [INFO] [chunk=10.0s 138/381] rec_audio_call_425207957_audio_1788862678382.mp3
[2026-09-18T04:11:08] [INFO] [chunk=10.0s 139/381] rec_audio_call_426372327_audio_1788971567973.mp3
[2026-09-18T04:11:16] [INFO] [chunk=10.0s 140/381] rec_default_423104500_audio_1788669374178.mp3
[2026-09-18T04:11:42] [INFO] [chunk=10.0s 141/381] rec_default_423163427_audio_1788674918154.mp3
[2026-09-18T04:12:04] [INFO] [chunk=10.0s 142/381] rec_default_426023290_audio_1788941856621.mp3
[2026-09-18T04:12:23] [INFO] [chunk=10.0s 143/381] rec_audio_call_426570103_audio_1788982695863.mp3
[2026-09-18T04:13:04] [INFO] [chunk=10.0s 144/381] rec_audio_call_426580224_audio_1788983439239.mp3
[2026-09-18T04:13:14] [INFO] [chunk=10.0s 145/381] rec_audio_call_426626261_audio_1788987652206.mp3
[2026-09-18T04:13:36] [INFO] [chunk=10.0s 146/381] rec_audio_call_426634717_audio_1788988729707.mp3
[2026-09-18T04:14:24] [INFO] [chunk=10.0s 147/381] rec_default_426593601_audio_1788984536403.mp3[transformers] Both `max_new_tokens` (=512) and `max_length`(=1024) seem to have been set. `max_new_tokens` will take precedence. Please refer to the documentation for more information. (https://huggingface.co/docs/transformers/main/en/main_classes/text_generation)
[transformers] Both `max_new_tokens` (=512) and `max_length`(=1024) seem to have been set. `max_new_tokens` will take precedence. Please refer to the documentation for more information. (https://huggingface.co/docs/transformers/main/en/main_classes/text_generation)
[transformers] Both `max_new_tokens` (=512) and `max_length`(=1024) seem to have been set. `max_new_tokens` will take precedence. Please refer to the documentation for more information. (https://huggingface.co/docs/transformers/main/en/main_classes/text_generation)
[transformers] Both `max_new_tokens` (=512) and `max_length`(=1024) seem to have been set. `max_new_tokens` will take precedence. Please refer to the documentation for more information. (https://huggingface.co/docs/transformers/main/en/main_classes/text_generation)
[transformers] Both `max_new_tokens` (=512) and `max_length`(=1024) seem to have been set. `max_new_tokens` will take precedence. Please refer to the documentation for more information. (https://huggingface.co/docs/transformers/main/en/main_classes/text_generation)
[transformers] Both `max_new_tokens` (=512) and `max_length`(=1024) seem to have been set. `max_new_tokens` will take precedence. Please refer to the documentation for more information. (https://huggingface.co/docs/transformers/main/en/main_classes/text_generation)
[transformers] Both `max_new_tokens` (=512) and `max_length`(=1024) seem to have been set. `max_new_tokens` will take precedence. Please refer to the documentation for more information. (https://huggingface.co/docs/transformers/main/en/main_classes/text_generation)
[transformers] Both `max_new_tokens` (=512) and `max_length`(=1024) seem to have been set. `max_new_tokens` will take precedence. Please refer to the documentation for more information. (https://huggingface.co/docs/transformers/main/en/main_classes/text_generation)
[transformers] Both `max_new_tokens` (=512) and `max_length`(=1024) seem to have been set. `max_new_tokens` will take precedence. Please refer to the documentation for more information. (https://huggingface.co/docs/transformers/main/en/main_classes/text_generation)
[transformers] Both `max_new_tokens` (=512) and `max_length`(=1024) seem to have been set. `max_new_tokens` will take precedence. Please refer to the documentation for more information. (https://huggingface.co/docs/transformers/main/en/main_classes/text_generation)
[transformers] Both `max_new_tokens` (=512) and `max_length`(=1024) seem to have been set. `max_new_tokens` will take precedence. Please refer to the documentation for more information. (https://huggingface.co/docs/transformers/main/en/main_classes/text_generation)
[transformers] Both `max_new_tokens` (=512) and `max_length`(=1024) seem to have been set. `max_new_tokens` will take precedence. Please refer to the documentation for more information. (https://huggingface.co/docs/transformers/main/en/main_classes/text_generation)
[transformers] Both `max_new_tokens` (=512) and `max_length`(=1024) seem to have been set. `max_new_tokens` will take precedence. Please refer to the documentation for more information. (https://huggingface.co/docs/transformers/main/en/main_classes/text_generation)
[transformers] Both `max_new_tokens` (=512) and `max_length`(=1024) seem to have been set. `max_new_tokens` will take precedence. Please refer to the documentation for more information. (https://huggingface.co/docs/transformers/main/en/main_classes/text_generation)
[transformers] Both `max_new_tokens` (=512) and `max_length`(=1024) seem to have been set. `max_new_tokens` will take precedence. Please refer to the documentation for more information. (https://huggingface.co/docs/transformers/main/en/main_classes/text_generation)
[transformers] Both `max_new_tokens` (=512) and `max_length`(=1024) seem to have been set. `max_new_tokens` will take precedence. Please refer to the documentation for more information. (https://huggingface.co/docs/transformers/main/en/main_classes/text_generation)
[transformers] Both `max_new_tokens` (=512) and `max_length`(=1024) seem to have been set. `max_new_tokens` will take precedence. Please refer to the documentation for more information. (https://huggingface.co/docs/transformers/main/en/main_classes/text_generation)
[transformers] Both `max_new_tokens` (=512) and `max_length`(=1024) seem to have been set. `max_new_tokens` will take precedence. Please refer to the documentation for more information. (https://huggingface.co/docs/transformers/main/en/main_classes/text_generation)
[transformers] Both `max_new_tokens` (=512) and `max_length`(=1024) seem to have been set. `max_new_tokens` will take precedence. Please refer to the documentation for more information. (https://huggingface.co/docs/transformers/main/en/main_classes/text_generation)
[transformers] Both `max_new_tokens` (=512) and `max_length`(=1024) seem to have been set. `max_new_tokens` will take precedence. Please refer to the documentation for more information. (https://huggingface.co/docs/transformers/main/en/main_classes/text_generation)
[transformers] Both `max_new_tokens` (=512) and `max_length`(=1024) seem to have been set. `max_new_tokens` will take precedence. Please refer to the documentation for more information. (https://huggingface.co/docs/transformers/main/en/main_classes/text_generation)
[transformers] Both `max_new_tokens` (=512) and `max_length`(=1024) seem to have been set. `max_new_tokens` will take precedence. Please refer to the documentation for more information. (https://huggingface.co/docs/transformers/main/en/main_classes/text_generation)
[transformers] Both `max_new_tokens` (=512) and `max_length`(=1024) seem to have been set. `max_new_tokens` will take precedence. Please refer to the documentation for more information. (https://huggingface.co/docs/transformers/main/en/main_classes/text_generation)
[transformers] Both `max_new_tokens` (=512) and `max_length`(=1024) seem to have been set. `max_new_tokens` will take precedence. Please refer to the documentation for more information. (https://huggingface.co/docs/transformers/main/en/main_classes/text_generation)

[2026-09-18T04:14:50] [INFO] [chunk=10.0s 148/381] rec_default_426620137_audio_1788986984372.mp3
[2026-09-18T04:15:23] [INFO] [chunk=10.0s 149/381] rec_default_426633368_audio_1788988531170.mp3
[2026-09-18T04:16:07] [INFO] [chunk=10.0s 150/381] rec_audio_call_426416419_audio_1788974369340.mp3
[2026-09-18T04:16:22] [INFO] [chunk=10.0s 151/381] rec_audio_call_420358272_audio_1788412834216.mp3
[2026-09-18T04:16:23] [INFO] [chunk=10.0s 152/381] rec_audio_call_420511856_audio_1788424457087.mp3
[2026-09-18T04:16:50] [INFO] [chunk=10.0s 153/381] rec_audio_call_420632008_audio_1788432977108.mp3
[2026-09-18T04:17:41] [INFO] [chunk=10.0s 154/381] rec_audio_call_425129217_audio_1788857364836.mp3
[2026-09-18T04:17:42] [INFO] [chunk=10.0s 155/381] rec_audio_call_426104039_audio_1788947773748.mp3
[2026-09-18T04:19:15] [INFO] [chunk=10.0s 156/381] rec_default_421372353_audio_1788505796052.mp3
[2026-09-18T04:20:07] [INFO] [chunk=10.0s 157/381] rec_default_421961206_audio_1788551169146.mp3
[2026-09-18T04:20:44] [INFO] [chunk=10.0s 158/381] rec_default_424950341_audio_1788843964859.mp3
[2026-09-18T04:21:06] [INFO] [chunk=10.0s 159/381] rec_default_425392837_audio_1788878842788.mp3
[2026-09-18T04:21:13] [INFO] [chunk=10.0s 160/381] rec_default_426076857_audio_1788945867967.mp3
[2026-09-18T04:21:26] [INFO] [chunk=10.0s 161/381] rec_audio_call_427301394_audio_1789057897529.mp3
[2026-09-18T04:21:42] [INFO] [chunk=10.0s 162/381] rec_audio_call_427304995_audio_1789058153813.mp3
[2026-09-18T04:21:46] [INFO] [chunk=10.0s 163/381] rec_audio_call_427305229_audio_1789058170052.mp3
[2026-09-18T04:22:12] [INFO] [chunk=10.0s 164/381] rec_audio_call_427305426_audio_1789058184851.mp3
[2026-09-18T04:22:18] [INFO] [chunk=10.0s 165/381] rec_audio_call_427305578_audio_1789058200155.mp3
[2026-09-18T04:22:24] [INFO] [chunk=10.0s 166/381] rec_audio_call_427305579_audio_1789058197575.mp3
[2026-09-18T04:22:31] [INFO] [chunk=10.0s 167/381] rec_audio_call_427309343_audio_1789058465241.mp3
[2026-09-18T04:22:34] [INFO] [chunk=10.0s 168/381] rec_audio_call_427310164_audio_1789058518972.mp3
[2026-09-18T04:22:44] [INFO] [chunk=10.0s 169/381] rec_audio_call_427312372_audio_1789058676733.mp3
[2026-09-18T04:22:44] [INFO] [chunk=10.0s 170/381] rec_audio_call_427313310_audio_1789058737356.mp3
[2026-09-18T04:24:17] [INFO] [chunk=10.0s 171/381] rec_audio_call_427313337_audio_1789058738019.mp3
[2026-09-18T04:24:36] [INFO] [chunk=10.0s 172/381] rec_audio_call_427315026_audio_1789058843014.mp3
[2026-09-18T04:24:42] [INFO] [chunk=10.0s 173/381] rec_audio_call_427316125_audio_1789058922687.mp3
[2026-09-18T04:24:48] [INFO] [chunk=10.0s 174/381] rec_audio_call_427316431_audio_1789058946312.mp3
[2026-09-18T04:25:13] [INFO] [chunk=10.0s 175/381] rec_default_427302623_audio_1789057989394.mp3
[2026-09-18T04:25:13] [INFO] [chunk=10.0s 176/381] rec_default_427303915_audio_1789058082453.mp3
[2026-09-18T04:25:25] [INFO] [chunk=10.0s 177/381] rec_default_427307746_audio_1789058356862.mp3
[2026-09-18T04:25:34] [INFO] [chunk=10.0s 178/381] rec_default_427308167_audio_1789058388570.mp3
[2026-09-18T04:25:40] [INFO] [chunk=10.0s 179/381] rec_default_427310161_audio_1789058524351.mp3
[2026-09-18T04:25:50] [INFO] [chunk=10.0s 180/381] rec_default_427312501_audio_1789058683465.mp3
[2026-09-18T04:26:00] [INFO] [chunk=10.0s 181/381] rec_default_427313073_audio_1789058722144.mp3
[2026-09-18T04:26:08] [INFO] [chunk=10.0s 182/381] rec_default_427314573_audio_1789058813038.mp3
[2026-09-18T04:26:43] [INFO] [chunk=10.0s 183/381] rec_audio_call_426641897_audio_1788989870691.mp3
[2026-09-18T04:26:54] [INFO] [chunk=10.0s 184/381] rec_audio_call_426641906_audio_1788989875034.mp3
[2026-09-18T04:27:18] [INFO] [chunk=10.0s 185/381] rec_audio_call_426647851_audio_1788991002681.mp3
[2026-09-18T04:27:33] [INFO] [chunk=10.0s 186/381] rec_audio_call_426655391_audio_1788992749491.mp3
[2026-09-18T04:28:21] [INFO] [chunk=10.0s 187/381] rec_audio_call_426669176_audio_1788996452632.mp3
[2026-09-18T04:28:32] [INFO] [chunk=10.0s 188/381] rec_default_426642159_audio_1788989918579.mp3
[2026-09-18T04:28:36] [INFO] [chunk=10.0s 189/381] rec_audio_call_426646095_audio_1788990649220.mp3
[2026-09-18T04:28:52] [INFO] [chunk=10.0s 190/381] rec_audio_call_426665213_audio_1788995377531.mp3
[2026-09-18T04:29:34] [INFO] [chunk=10.0s 191/381] rec_default_426639345_audio_1788989459421.mp3
[2026-09-18T04:29:42] [INFO] [chunk=10.0s 192/381] rec_default_426645015_audio_1788990433927.mp3
[2026-09-18T04:29:43] [INFO] [chunk=10.0s 193/381] rec_audio_call_426149164_audio_1788951056501.mp3
[2026-09-18T04:30:20] [INFO] [chunk=10.0s 194/381] rec_audio_call_426151853_audio_1788951260489.mp3
[2026-09-18T04:30:31] [INFO] [chunk=10.0s 195/381] rec_audio_call_426180101_audio_1788953436912.mp3
[2026-09-18T04:30:50] [INFO] [chunk=10.0s 196/381] rec_audio_call_426279116_audio_1788962727515.mp3
[2026-09-18T04:31:23] [INFO] [chunk=10.0s 197/381] rec_audio_call_426299827_audio_1788964873398.mp3
[2026-09-18T04:31:39] [INFO] [chunk=10.0s 198/381] rec_audio_call_426313681_audio_1788966303052.mp3
[2026-09-18T04:32:22] [INFO] [chunk=10.0s 199/381] rec_audio_call_426339758_audio_1788968901990.mp3
[2026-09-18T04:32:55] [INFO] [chunk=10.0s 200/381] rec_default_426226216_audio_1788957468242.mp3
[2026-09-18T04:33:16] [INFO] [chunk=10.0s 201/381] rec_default_426252346_audio_1788960080824.mp3
[2026-09-18T04:33:20] [INFO] [chunk=10.0s 202/381] rec_default_426303789_audio_1788965281521.mp3
[2026-09-18T04:34:29] [INFO] [chunk=10.0s 203/381] rec_audio_call_423101838_audio_1788669053059.mp3
[2026-09-18T04:34:49] [INFO] [chunk=10.0s 204/381] rec_audio_call_426127729_audio_1788949472560.mp3
[2026-09-18T04:35:04] [INFO] [chunk=10.0s 205/381] rec_audio_call_426621209_audio_1788987102942.mp3
[2026-09-18T04:35:23] [INFO] [chunk=10.0s 206/381] rec_audio_call_425861520_audio_1788928521393.mp3
[2026-09-18T04:35:48] [INFO] [chunk=10.0s 207/381] rec_audio_call_425877181_audio_1788930106387.mp3
[2026-09-18T04:36:09] [INFO] [chunk=10.0s 208/381] rec_audio_call_426020111_audio_1788941616667.mp3
[2026-09-18T04:36:18] [INFO] [chunk=10.0s 209/381] rec_audio_call_426030765_audio_1788942418731.mp3
[2026-09-18T04:36:31] [INFO] [chunk=10.0s 210/381] rec_audio_call_426035272_audio_1788942782972.mp3
[2026-09-18T04:36:35] [INFO] [chunk=10.0s 211/381] rec_audio_call_426185479_audio_1788953866828.mp3
[2026-09-18T04:36:39] [INFO] [chunk=10.0s 212/381] rec_audio_call_426259277_audio_1788960796344.mp3
[2026-09-18T04:36:55] [INFO] [chunk=10.0s 213/381] rec_audio_call_426355800_audio_1788970288176.mp3
[2026-09-18T04:37:02] [INFO] [chunk=10.0s 214/381] rec_audio_call_426594019_audio_1788984570393.mp3
[2026-09-18T04:37:03] [INFO] [chunk=10.0s 215/381] rec_audio_call_426664156_audio_1788995059123.mp3
[2026-09-18T04:37:41] [INFO] [chunk=10.0s 216/381] rec_default_426582734_audio_1788983647126.mp3
[2026-09-18T04:37:46] [INFO] [chunk=10.0s 217/381] rec_default_426649193_audio_1788991280922.mp3
[2026-09-18T04:38:08] [INFO] [chunk=10.0s 218/381] rec_default_426652242_audio_1788991956749.mp3
[2026-09-18T04:39:09] [INFO] [chunk=10.0s 219/381] rec_default_426363836_audio_1788970922202.mp3
[2026-09-18T04:39:35] [INFO] [chunk=10.0s 220/381] rec_default_426408577_audio_1788973914993.mp3
[2026-09-18T04:39:54] [INFO] [chunk=10.0s 221/381] rec_default_426439325_audio_1788975665682.mp3
[2026-09-18T04:40:17] [INFO] [chunk=10.0s 222/381] rec_default_426534420_audio_1788980458455.mp3
[2026-09-18T04:40:32] [INFO] [chunk=10.0s 223/381] rec_audio_call_424886004_audio_1788837418505.mp3
[2026-09-18T04:40:52] [INFO] [chunk=10.0s 224/381] rec_audio_call_425905210_audio_1788932612192.mp3
[2026-09-18T04:41:55] [INFO] [chunk=10.0s 225/381] rec_audio_call_425905294_audio_1788932619839.mp3
[2026-09-18T04:42:35] [INFO] [chunk=10.0s 226/381] rec_audio_call_425936126_audio_1788935044155.mp3
[2026-09-18T04:42:55] [INFO] [chunk=10.0s 227/381] rec_audio_call_426014372_audio_1788941177871.mp3
[2026-09-18T04:44:30] [INFO] [chunk=10.0s 228/381] rec_default_403690174_audio_1786828494349.mp3
[2026-09-18T04:44:44] [INFO] [chunk=10.0s 229/381] rec_default_425908372_audio_1788932864052.mp3
[2026-09-18T04:45:09] [INFO] [chunk=10.0s 230/381] rec_default_425912424_audio_1788933213081.mp3[transformers] Both `max_new_tokens` (=512) and `max_length`(=1024) seem to have been set. `max_new_tokens` will take precedence. Please refer to the documentation for more information. (https://huggingface.co/docs/transformers/main/en/main_classes/text_generation)
[transformers] Both `max_new_tokens` (=512) and `max_length`(=1024) seem to have been set. `max_new_tokens` will take precedence. Please refer to the documentation for more information. (https://huggingface.co/docs/transformers/main/en/main_classes/text_generation)
[transformers] Both `max_new_tokens` (=512) and `max_length`(=1024) seem to have been set. `max_new_tokens` will take precedence. Please refer to the documentation for more information. (https://huggingface.co/docs/transformers/main/en/main_classes/text_generation)
[transformers] Both `max_new_tokens` (=512) and `max_length`(=1024) seem to have been set. `max_new_tokens` will take precedence. Please refer to the documentation for more information. (https://huggingface.co/docs/transformers/main/en/main_classes/text_generation)
[transformers] Both `max_new_tokens` (=512) and `max_length`(=1024) seem to have been set. `max_new_tokens` will take precedence. Please refer to the documentation for more information. (https://huggingface.co/docs/transformers/main/en/main_classes/text_generation)
[transformers] Both `max_new_tokens` (=512) and `max_length`(=1024) seem to have been set. `max_new_tokens` will take precedence. Please refer to the documentation for more information. (https://huggingface.co/docs/transformers/main/en/main_classes/text_generation)
[transformers] Both `max_new_tokens` (=512) and `max_length`(=1024) seem to have been set. `max_new_tokens` will take precedence. Please refer to the documentation for more information. (https://huggingface.co/docs/transformers/main/en/main_classes/text_generation)
[transformers] Both `max_new_tokens` (=512) and `max_length`(=1024) seem to have been set. `max_new_tokens` will take precedence. Please refer to the documentation for more information. (https://huggingface.co/docs/transformers/main/en/main_classes/text_generation)
[transformers] Both `max_new_tokens` (=512) and `max_length`(=1024) seem to have been set. `max_new_tokens` will take precedence. Please refer to the documentation for more information. (https://huggingface.co/docs/transformers/main/en/main_classes/text_generation)
[transformers] Both `max_new_tokens` (=512) and `max_length`(=1024) seem to have been set. `max_new_tokens` will take precedence. Please refer to the documentation for more information. (https://huggingface.co/docs/transformers/main/en/main_classes/text_generation)
[transformers] Both `max_new_tokens` (=512) and `max_length`(=1024) seem to have been set. `max_new_tokens` will take precedence. Please refer to the documentation for more information. (https://huggingface.co/docs/transformers/main/en/main_classes/text_generation)
[transformers] Both `max_new_tokens` (=512) and `max_length`(=1024) seem to have been set. `max_new_tokens` will take precedence. Please refer to the documentation for more information. (https://huggingface.co/docs/transformers/main/en/main_classes/text_generation)
[transformers] Both `max_new_tokens` (=512) and `max_length`(=1024) seem to have been set. `max_new_tokens` will take precedence. Please refer to the documentation for more information. (https://huggingface.co/docs/transformers/main/en/main_classes/text_generation)
[transformers] Both `max_new_tokens` (=512) and `max_length`(=1024) seem to have been set. `max_new_tokens` will take precedence. Please refer to the documentation for more information. (https://huggingface.co/docs/transformers/main/en/main_classes/text_generation)
[transformers] Both `max_new_tokens` (=512) and `max_length`(=1024) seem to have been set. `max_new_tokens` will take precedence. Please refer to the documentation for more information. (https://huggingface.co/docs/transformers/main/en/main_classes/text_generation)
[transformers] Both `max_new_tokens` (=512) and `max_length`(=1024) seem to have been set. `max_new_tokens` will take precedence. Please refer to the documentation for more information. (https://huggingface.co/docs/transformers/main/en/main_classes/text_generation)
[transformers] Both `max_new_tokens` (=512) and `max_length`(=1024) seem to have been set. `max_new_tokens` will take precedence. Please refer to the documentation for more information. (https://huggingface.co/docs/transformers/main/en/main_classes/text_generation)
[transformers] Both `max_new_tokens` (=512) and `max_length`(=1024) seem to have been set. `max_new_tokens` will take precedence. Please refer to the documentation for more information. (https://huggingface.co/docs/transformers/main/en/main_classes/text_generation)
[transformers] Both `max_new_tokens` (=512) and `max_length`(=1024) seem to have been set. `max_new_tokens` will take precedence. Please refer to the documentation for more information. (https://huggingface.co/docs/transformers/main/en/main_classes/text_generation)
[transformers] Both `max_new_tokens` (=512) and `max_length`(=1024) seem to have been set. `max_new_tokens` will take precedence. Please refer to the documentation for more information. (https://huggingface.co/docs/transformers/main/en/main_classes/text_generation)
[transformers] Both `max_new_tokens` (=512) and `max_length`(=1024) seem to have been set. `max_new_tokens` will take precedence. Please refer to the documentation for more information. (https://huggingface.co/docs/transformers/main/en/main_classes/text_generation)

[2026-09-18T04:46:04] [INFO] [chunk=10.0s 231/381] rec_default_426578327_audio_1788983295448.mp3
[2026-09-18T04:46:05] [INFO] [chunk=10.0s 232/381] rec_audio_call_426195960_audio_1788954780321.mp3
[2026-09-18T04:46:16] [INFO] [chunk=10.0s 233/381] rec_audio_call_427305933_audio_1789058224440.mp3
[2026-09-18T04:46:35] [INFO] [chunk=10.0s 234/381] rec_audio_call_427305950_audio_1789058224627.mp3
[2026-09-18T04:46:44] [INFO] [chunk=10.0s 235/381] rec_audio_call_427306161_audio_1789058236274.mp3
[2026-09-18T04:47:28] [INFO] [chunk=10.0s 236/381] rec_audio_call_427306380_audio_1789058253191.mp3
[2026-09-18T04:47:42] [INFO] [chunk=10.0s 237/381] rec_audio_call_427306773_audio_1789058284652.mp3
[2026-09-18T04:47:52] [INFO] [chunk=10.0s 238/381] rec_audio_call_427306864_audio_1789058288911.mp3
[2026-09-18T04:48:01] [INFO] [chunk=10.0s 239/381] rec_audio_call_427307036_audio_1789058302393.mp3
[2026-09-18T04:48:11] [INFO] [chunk=10.0s 240/381] rec_audio_call_427307087_audio_1789058314132.mp3
[2026-09-18T04:48:35] [INFO] [chunk=10.0s 241/381] rec_audio_call_427307162_audio_1789058316356.mp3
[2026-09-18T04:51:16] [INFO] [chunk=10.0s 242/381] rec_default_426848544_audio_1789020636084.mp3
[2026-09-18T04:52:03] [INFO] [chunk=10.0s 243/381] rec_default_426857244_audio_1789021306090.mp3
[2026-09-18T04:52:19] [INFO] [chunk=10.0s 244/381] rec_default_427305871_audio_1789058217561.mp3
[2026-09-18T04:52:42] [INFO] [chunk=10.0s 245/381] rec_default_427305885_audio_1789058218067.mp3
[2026-09-18T04:52:56] [INFO] [chunk=10.0s 246/381] rec_default_427305984_audio_1789058228017.mp3
[2026-09-18T04:53:02] [INFO] [chunk=10.0s 247/381] rec_default_427306227_audio_1789058240999.mp3
[2026-09-18T04:53:09] [INFO] [chunk=10.0s 248/381] rec_default_427306761_audio_1789058282525.mp3
[2026-09-18T04:53:29] [INFO] [chunk=10.0s 249/381] rec_default_427306879_audio_1789058296671.mp3
[2026-09-18T04:53:55] [INFO] [chunk=10.0s 250/381] rec_default_427306937_audio_1789058296620.mp3
[2026-09-18T04:54:05] [INFO] [chunk=10.0s 251/381] rec_default_427307000_audio_1789058300924.mp3
[2026-09-18T04:54:06] [INFO] [chunk=10.0s 252/381] rec_default_427307149_audio_1789058314884.mp3
[2026-09-18T04:54:09] [INFO] [chunk=10.0s 253/381] rec_default_427307153_audio_1789058314255.mp3
[2026-09-18T04:54:15] [INFO] [chunk=10.0s 254/381] rec_default_427307170_audio_1789058316339.mp3
[2026-09-18T04:54:35] [INFO] [chunk=10.0s 255/381] rec_default_427307263_audio_1789058328048.mp3
[2026-09-18T04:54:37] [INFO] [chunk=10.0s 256/381] rec_audio_call_426576117_audio_1788983135753.mp3
[2026-09-18T04:54:44] [INFO] [chunk=10.0s 257/381] rec_default_426583408_audio_1788983706194.mp3
[2026-09-18T04:54:47] [INFO] [chunk=10.0s 258/381] rec_default_426603278_audio_1788985350942.mp3
[2026-09-18T04:55:21] [INFO] [chunk=10.0s 259/381] rec_default_426609609_audio_1788985926405.mp3
[2026-09-18T04:55:25] [INFO] [chunk=10.0s 260/381] rec_default_426649926_audio_1788991429022.mp3
[2026-09-18T04:55:47] [INFO] [chunk=10.0s 261/381] rec_audio_call_426659403_audio_1788993755666.mp3
[2026-09-18T04:55:56] [INFO] [chunk=10.0s 262/381] rec_default_426594432_audio_1788984607250.mp3
[2026-09-18T04:56:06] [INFO] [chunk=10.0s 263/381] rec_default_426631751_audio_1788988322014.mp3
[2026-09-18T04:56:10] [INFO] [chunk=10.0s 264/381] rec_audio_call_424435289_audio_1788789932957.mp3
[2026-09-18T04:57:09] [INFO] [chunk=10.0s 265/381] rec_audio_call_425117061_audio_1788856492050.mp3
[2026-09-18T04:57:24] [INFO] [chunk=10.0s 266/381] rec_default_424610958_audio_1788803526314.mp3
[2026-09-18T04:58:18] [INFO] [chunk=10.0s 267/381] rec_default_426636576_audio_1788989005279.mp3
[2026-09-18T04:59:33] [INFO] [chunk=10.0s 268/381] rec_default_424154820_audio_1788768178955.mp3
[2026-09-18T04:59:43] [INFO] [chunk=10.0s 269/381] rec_audio_call_424355050_audio_1788782425826.mp3
[2026-09-18T05:00:45] [INFO] [chunk=10.0s 270/381] rec_audio_call_425887818_audio_1788931097237.mp3
[2026-09-18T05:01:04] [INFO] [chunk=10.0s 271/381] rec_audio_call_425981754_audio_1788938608293.mp3
[2026-09-18T05:01:56] [INFO] [chunk=10.0s 272/381] rec_audio_call_426306233_audio_1788965543370.mp3
[2026-09-18T05:02:09] [INFO] [chunk=10.0s 273/381] rec_default_422311857_audio_1788593947270.mp3
[2026-09-18T05:02:39] [INFO] [chunk=10.0s 274/381] rec_default_423336284_audio_1788688591351.mp3
[2026-09-18T05:02:53] [INFO] [chunk=10.0s 275/381] rec_default_424687669_audio_1788807599801.mp3
[2026-09-18T05:03:13] [INFO] [chunk=10.0s 276/381] rec_default_425476935_audio_1788886067609.mp3
[2026-09-18T05:03:22] [INFO] [chunk=10.0s 277/381] rec_default_426377718_audio_1788971973414.mp3
[2026-09-18T05:03:38] [INFO] [chunk=10.0s 278/381] rec_audio_call_426540516_audio_1788980804355.mp3
[2026-09-18T05:03:46] [INFO] [chunk=10.0s 279/381] rec_audio_call_426628134_audio_1788987862205.mp3
[2026-09-18T05:03:58] [INFO] [chunk=10.0s 280/381] rec_default_426432272_audio_1788975283995.mp3
[2026-09-18T05:04:34] [INFO] [chunk=10.0s 281/381] rec_default_426636424_audio_1788988982930.mp3
[2026-09-18T05:04:45] [INFO] [chunk=10.0s 282/381] rec_default_426648998_audio_1788991242054.mp3
[2026-09-18T05:05:35] [INFO] [chunk=10.0s 283/381] rec_default_425942168_audio_1788935504071.mp3
[2026-09-18T05:06:29] [INFO] [chunk=10.0s 284/381] rec_default_426538743_audio_1788980705149.mp3
[2026-09-18T05:07:24] [INFO] [chunk=10.0s 285/381] rec_default_426548691_audio_1788981313336.mp3
[2026-09-18T05:07:47] [INFO] [chunk=10.0s 286/381] rec_audio_call_403536354_audio_1786818099540.mp3
[2026-09-18T05:08:01] [INFO] [chunk=10.0s 287/381] rec_audio_call_403544174_audio_1786818489013.mp3
[2026-09-18T05:09:19] [INFO] [chunk=10.0s 288/381] rec_audio_call_403785250_audio_1786846993871.mp3
[2026-09-18T05:09:29] [INFO] [chunk=10.0s 289/381] rec_audio_call_421629115_audio_1788525839912.mp3
[2026-09-18T05:09:31] [INFO] [chunk=10.0s 290/381] rec_audio_call_424397178_audio_1788786285103.mp3
[2026-09-18T05:10:02] [INFO] [chunk=10.0s 291/381] rec_audio_call_425591249_audio_1788892319841.mp3
[2026-09-18T05:10:13] [INFO] [chunk=10.0s 292/381] rec_default_403927389_audio_1786861712369.mp3
[2026-09-18T05:11:17] [INFO] [chunk=10.0s 293/381] rec_default_420511327_audio_1788424417781.mp3
[2026-09-18T05:14:01] [INFO] [chunk=10.0s 294/381] rec_default_423324272_audio_1788687697269.mp3
[2026-09-18T05:15:04] [INFO] [chunk=10.0s 295/381] rec_audio_call_426100503_audio_1788947524083.mp3
[2026-09-18T05:15:20] [INFO] [chunk=10.0s 296/381] rec_audio_call_426855757_audio_1789021187400.mp3
[2026-09-18T05:15:41] [INFO] [chunk=10.0s 297/381] rec_audio_call_426855856_audio_1789021196066.mp3
[2026-09-18T05:15:47] [INFO] [chunk=10.0s 298/381] rec_audio_call_426856109_audio_1789021226515.mp3
[2026-09-18T05:16:02] [INFO] [chunk=10.0s 299/381] rec_audio_call_426857289_audio_1789021309748.mp3
[2026-09-18T05:16:21] [INFO] [chunk=10.0s 300/381] rec_audio_call_426857427_audio_1789021321811.mp3
[2026-09-18T05:16:27] [INFO] [chunk=10.0s 301/381] rec_audio_call_426864047_audio_1789021815416.mp3
[2026-09-18T05:16:40] [INFO] [chunk=10.0s 302/381] rec_audio_call_426864085_audio_1789021818783.mp3
[2026-09-18T05:17:34] [INFO] [chunk=10.0s 303/381] rec_audio_call_426864490_audio_1789021845136.mp3
[2026-09-18T05:20:39] [INFO] [chunk=10.0s 304/381] rec_audio_call_426864592_audio_1789021851330.mp3
[2026-09-18T05:20:43] [INFO] [chunk=10.0s 305/381] rec_audio_call_426864613_audio_1789021855826.mp3
[2026-09-18T05:21:37] [INFO] [chunk=10.0s 306/381] rec_audio_call_426864718_audio_1789021861946.mp3
[2026-09-18T05:21:53] [INFO] [chunk=10.0s 307/381] rec_audio_call_426864879_audio_1789021871603.mp3
[2026-09-18T05:21:55] [INFO] [chunk=10.0s 308/381] rec_audio_call_426865756_audio_1789021933370.mp3
[2026-09-18T05:22:03] [INFO] [chunk=10.0s 309/381] rec_audio_call_426866100_audio_1789021962100.mp3
[2026-09-18T05:22:37] [INFO] [chunk=10.0s 310/381] rec_audio_call_426871106_audio_1789022339887.mp3
[2026-09-18T05:22:51] [INFO] [chunk=10.0s 311/381] rec_audio_call_426881695_audio_1789023110536.mp3
[2026-09-18T05:22:58] [INFO] [chunk=10.0s 312/381] rec_audio_call_426882947_audio_1789023209263.mp3
[2026-09-18T05:23:01] [INFO] [chunk=10.0s 313/381] rec_default_426101552_audio_1788947595142.mp3
[2026-09-18T05:23:08] [INFO] [chunk=10.0s 314/381] rec_default_426855984_audio_1789021209994.mp3
[2026-09-18T05:23:40] [INFO] [chunk=10.0s 315/381] rec_default_426863933_audio_1789021808134.mp3
[2026-09-18T05:23:45] [INFO] [chunk=10.0s 316/381] rec_default_426864020_audio_1789021816720.mp3
[2026-09-18T05:23:55] [INFO] [chunk=10.0s 317/381] rec_default_426864282_audio_1789021827994.mp3
[2026-09-18T05:24:33] [INFO] [chunk=10.0s 318/381] rec_default_426864654_audio_1789021854639.mp3
[2026-09-18T05:24:43] [INFO] [chunk=10.0s 319/381] rec_default_426864666_audio_1789021861790.mp3
[2026-09-18T05:24:53] [INFO] [chunk=10.0s 320/381] rec_default_426865205_audio_1789021894193.mp3
[2026-09-18T05:25:04] [INFO] [chunk=10.0s 321/381] rec_default_426865726_audio_1789021930759.mp3
[2026-09-18T05:25:06] [INFO] [chunk=10.0s 322/381] rec_default_426865848_audio_1789021942575.mp3
[2026-09-18T05:25:08] [INFO] [chunk=10.0s 323/381] rec_default_426883317_audio_1789023235707.mp3
[2026-09-18T05:25:16] [INFO] [chunk=10.0s 324/381] rec_audio_call_426655931_audio_1788992894349.mp3
[2026-09-18T05:25:41] [INFO] [chunk=10.0s 325/381] rec_audio_call_426656676_audio_1788993082694.mp3
[2026-09-18T05:26:17] [INFO] [chunk=10.0s 326/381] rec_default_426656120_audio_1788992939200.mp3
[2026-09-18T05:26:25] [INFO] [chunk=10.0s 327/381] rec_default_426667318_audio_1788995960432.mp3
[2026-09-18T05:26:29] [INFO] [chunk=10.0s 328/381] rec_default_426669005_audio_1788996409641.mp3
[2026-09-18T05:26:50] [INFO] [chunk=10.0s 329/381] rec_audio_call_426652927_audio_1788992127130.mp3
[2026-09-18T05:27:11] [INFO] [chunk=10.0s 330/381] rec_audio_call_426658746_audio_1788993588302.mp3
[2026-09-18T05:27:28] [INFO] [chunk=10.0s 331/381] rec_audio_call_426664916_audio_1788995286548.mp3
[2026-09-18T05:27:47] [INFO] [chunk=10.0s 332/381] rec_default_426657127_audio_1788993186310.mp3
[2026-09-18T05:28:18] [INFO] [chunk=10.0s 333/381] rec_audio_call_422128803_audio_1788577048478.mp3
[2026-09-18T05:28:24] [INFO] [chunk=10.0s 334/381] rec_audio_call_425915592_audio_1788933460694.mp3
[2026-09-18T05:28:47] [INFO] [chunk=10.0s 335/381] rec_audio_call_426303042_audio_1788965197636.mp3
[2026-09-18T05:29:44] [INFO] [chunk=10.0s 336/381] rec_audio_call_426322019_audio_1788967195267.mp3
[2026-09-18T05:30:17] [INFO] [chunk=10.0s 337/381] rec_default_423505352_audio_1788703352920.mp3
[2026-09-18T05:31:27] [INFO] [chunk=10.0s 338/381] rec_default_423562532_audio_1788709014492.mp3
[2026-09-18T05:31:32] [INFO] [chunk=10.0s 339/381] rec_default_425939252_audio_1788935280682.mp3
[2026-09-18T05:32:06] [INFO] [chunk=10.0s 340/381] rec_default_425971422_audio_1788937802743.mp3
[2026-09-18T05:32:21] [INFO] [chunk=10.0s 341/381] rec_default_426438311_audio_1788975608857.mp3
[2026-09-18T05:32:41] [INFO] [chunk=10.0s 342/381] rec_audio_call_425205242_audio_1788862499869.mp3
[2026-09-18T05:33:30] [INFO] [chunk=10.0s 343/381] rec_audio_call_426339629_audio_1788968889098.mp3
[2026-09-18T05:33:40] [INFO] [chunk=10.0s 344/381] rec_default_426480223_audio_1788977664177.mp3
[2026-09-18T05:33:56] [INFO] [chunk=10.0s 345/381] rec_default_426608730_audio_1788985842618.mp3
[2026-09-18T05:34:03] [INFO] [chunk=10.0s 346/381] rec_audio_call_426565068_audio_1788982358963.mp3
[2026-09-18T05:34:27] [INFO] [chunk=10.0s 347/381] rec_default_426460304_audio_1788976707317.mp3
[2026-09-18T05:34:32] [INFO] [chunk=10.0s 348/381] rec_default_426537197_audio_1788980611266.mp3
[2026-09-18T05:34:46] [INFO] [chunk=10.0s 349/381] rec_default_426565486_audio_1788982385911.mp3
[2026-09-18T05:35:00] [INFO] [chunk=10.0s 350/381] rec_default_426573512_audio_1788982942725.mp3
[2026-09-18T05:35:02] [INFO] [chunk=10.0s 351/381] rec_default_426591403_audio_1788984361913.mp3
[2026-09-18T05:35:43] [INFO] [chunk=10.0s 352/381] rec_default_426604065_audio_1788985417369.mp3
[2026-09-18T05:36:00] [INFO] [chunk=10.0s 353/381] rec_default_426606195_audio_1788985611722.mp3
[2026-09-18T05:36:24] [INFO] [chunk=10.0s 354/381] rec_default_426610860_audio_1788986032726.mp3
[2026-09-18T05:36:59] [INFO] [chunk=10.0s 355/381] rec_audio_call_425348262_audio_1788874390379.mp3
[2026-09-18T05:37:31] [INFO] [chunk=10.0s 356/381] rec_audio_call_425360795_audio_1788875574199.mp3
[2026-09-18T05:38:11] [INFO] [chunk=10.0s 357/381] rec_audio_call_425384170_audio_1788877922101.mp3
[2026-09-18T05:38:20] [INFO] [chunk=10.0s 358/381] rec_audio_call_426189476_audio_1788954198708.mp3
[2026-09-18T05:38:39] [INFO] [chunk=10.0s 359/381] rec_default_423219318_audio_1788679354453.mp3
[2026-09-18T05:39:59] [INFO] [chunk=10.0s 360/381] rec_default_423662590_audio_1788716156245.mp3
[2026-09-18T05:41:38] [INFO] [chunk=10.0s 361/381] rec_default_426600174_audio_1788985087863.mp3
[2026-09-18T05:42:05] [INFO] [chunk=10.0s 362/381] rec_audio_call_427000661_audio_1789031852494.mp3
[2026-09-18T05:42:23] [INFO] [chunk=10.0s 363/381] rec_audio_call_427012298_audio_1789032612558.mp3
[2026-09-18T05:43:17] [INFO] [chunk=10.0s 364/381] rec_audio_call_427013211_audio_1789032669332.mp3
[2026-09-18T05:43:34] [INFO] [chunk=10.0s 365/381] rec_audio_call_427027152_audio_1789033559289.mp3
[2026-09-18T05:43:43] [INFO] [chunk=10.0s 366/381] rec_audio_call_427027250_audio_1789033566943.mp3
[2026-09-18T05:44:22] [INFO] [chunk=10.0s 367/381] rec_audio_call_427038731_audio_1789034322684.mp3
[2026-09-18T05:44:37] [INFO] [chunk=10.0s 368/381] rec_default_426107989_audio_1788948054504.mp3
[2026-09-18T05:44:50] [INFO] [chunk=10.0s 369/381] rec_default_426108348_audio_1788948073644.mp3
[2026-09-18T05:45:05] [INFO] [chunk=10.0s 370/381] rec_default_426108689_audio_1788948098669.mp3
[2026-09-18T05:45:14] [INFO] [chunk=10.0s 371/381] rec_default_426850375_audio_1789020775029.mp3
[2026-09-18T05:45:23] [INFO] [chunk=10.0s 372/381] rec_default_427000374_audio_1789031836869.mp3
[2026-09-18T05:45:28] [INFO] [chunk=10.0s 373/381] rec_default_427012375_audio_1789032614721.mp3
[2026-09-18T05:45:46] [INFO] [chunk=10.0s 374/381] rec_default_427012537_audio_1789032626712.mp3
[2026-09-18T05:45:49] [INFO] [chunk=10.0s 375/381] rec_default_427012589_audio_1789032630677.mp3
[2026-09-18T05:46:02] [INFO] [chunk=10.0s 376/381] rec_default_427012755_audio_1789032638070.mp3
[2026-09-18T05:46:10] [INFO] [chunk=10.0s 377/381] rec_default_427018157_audio_1789032985293.mp3
[2026-09-18T05:46:11] [INFO] [chunk=10.0s 378/381] rec_default_427030481_audio_1789033781981.mp3
[2026-09-18T05:46:40] [INFO] [chunk=10.0s 379/381] rec_default_427035680_audio_1789034118532.mp3
[2026-09-18T05:46:46] [INFO] [chunk=10.0s 380/381] rec_default_427037139_audio_1789034210020.mp3
[2026-09-18T05:47:08] [INFO] [chunk=10.0s 381/381] rec_default_427038996_audio_1789034340803.mp3
[2026-09-18T05:48:22] [INFO] chunk_seconds=10.0 done in 7777.0s — success=381 error=0

================================================================================
CHUNK SIZE COMPARISON
================================================================================
{'chunk_seconds': 2.0, 'n_files': 0, 'mean_wer': None, 'mean_cer': None, 'mean_boundary_corruption_rate': None, 'mean_policy_term_recall': None, 'mean_real_time_factor': None}
{'chunk_seconds': 5.0, 'n_files': 58, 'mean_wer': 2.0345170496793137, 'mean_cer': 0.6347409128231212, 'mean_boundary_corruption_rate': 0.5925830123545972, 'mean_policy_term_recall': 0.4722222222222222, 'mean_real_time_factor': 0.7751833123137882}
{'chunk_seconds': 7.0, 'n_files': 381, 'mean_wer': 4.403907148978128, 'mean_cer': 2.288758203674502, 'mean_boundary_corruption_rate': 0.6924251109385903, 'mean_policy_term_recall': 0.505179127725857, 'mean_real_time_factor': 0.5569128546935492}
{'chunk_seconds': 10.0, 'n_files': 381, 'mean_wer': 1.0119965232647363, 'mean_cer': 0.6799506360687867, 'mean_boundary_corruption_rate': 0.5853952940538322, 'mean_policy_term_recall': 0.5118120456905506, 'mean_real_time_factor': 0.42086453398231416}
